{"annotatable":{"parts":["s1v1"]},"anncomplete":false,"sources":[],"metas":{},"entities":[{"classId":"e_4","part":"s1v1","offsets":[{"start":59,"text":"Szép adatok, jó számok láttak napvilágot az utóbbi időszakban"}],"coordinates":[],"confidence":{"state":"pre-added","who":["user:gcsenge"],"prob":1},"fields":{},"normalizations":{}},{"classId":"e_14","part":"s1v1","offsets":[{"start":59,"text":"Szép adatok"}],"coordinates":[],"confidence":{"state":"pre-added","who":["user:gcsenge"],"prob":1},"fields":{},"normalizations":{}},{"classId":"e_13","part":"s1v1","offsets":[{"start":59,"text":"Szép"}],"coordinates":[],"confidence":{"state":"pre-added","who":["user:gcsenge"],"prob":1},"fields":{},"normalizations":{}},{"classId":"e_13","part":"s1v1","offsets":[{"start":72,"text":"jó"}],"coordinates":[],"confidence":{"state":"pre-added","who":["user:TarCintia"],"prob":1},"fields":{},"normalizations":{}},{"classId":"e_14","part":"s1v1","offsets":[{"start":72,"text":"jó számok"}],"coordinates":[],"confidence":{"state":"pre-added","who":["user:gcsenge"],"prob":1},"fields":{},"normalizations":{}},{"classId":"e_14","part":"s1v1","offsets":[{"start":100,"text":"az utóbbi időszakban"}],"coordinates":[],"confidence":{"state":"pre-added","who":["user:TarCintia"],"prob":1},"fields":{},"normalizations":{}},{"classId":"e_4","part":"s1v1","offsets":[{"start":122,"text":"Ezek az adatok az ország teljesítményét dicsérik."}],"coordinates":[],"confidence":{"state":"pre-added","who":["user:TarCintia"],"prob":1},"fields":{},"normalizations":{}},{"classId":"e_14","part":"s1v1","offsets":[{"start":122,"text":"Ezek az adatok"}],"coordinates":[],"confidence":{"state":"pre-added","who":["user:gcsenge"],"prob":1},"fields":{},"normalizations":{}},{"classId":"e_14","part":"s1v1","offsets":[{"start":137,"text":"az ország teljesítményét"}],"coordinates":[],"confidence":{"state":"pre-added","who":["user:TarCintia"],"prob":1},"fields":{},"normalizations":{}},{"classId":"e_13","part":"s1v1","offsets":[{"start":162,"text":"dicsérik"}],"coordinates":[],"confidence":{"state":"pre-added","who":["user:TarCintia"],"prob":1},"fields":{},"normalizations":{}},{"classId":"e_4","part":"s1v1","offsets":[{"start":172,"text":"3,2 százalékos növekedés lesz ebben az évben várhatóan"}],"coordinates":[],"confidence":{"state":"pre-added","who":["user:TarCintia"],"prob":1},"fields":{},"normalizations":{}},{"classId":"e_14","part":"s1v1","offsets":[{"start":172,"text":"3,2 százalékos növekedés"}],"coordinates":[],"confidence":{"state":"pre-added","who":["user:TarCintia"],"prob":1},"fields":{},"normalizations":{}},{"classId":"e_13","part":"s1v1","offsets":[{"start":187,"text":"növekedés"}],"coordinates":[],"confidence":{"state":"pre-added","who":["user:TarCintia"],"prob":1},"fields":{},"normalizations":{}},{"classId":"e_14","part":"s1v1","offsets":[{"start":202,"text":"ebben az évben"}],"coordinates":[],"confidence":{"state":"pre-added","who":["user:gcsenge"],"prob":1},"fields":{},"normalizations":{}},{"classId":"e_14","part":"s1v1","offsets":[{"start":247,"text":"az előző évi adatot"}],"coordinates":[],"confidence":{"state":"pre-added","who":["user:TarCintia"],"prob":1},"fields":{},"normalizations":{}},{"classId":"e_4","part":"s1v1","offsets":[{"start":268,"text":"az 1,8 százalékos növekedést"}],"coordinates":[],"confidence":{"state":"pre-added","who":["user:TarCintia"],"prob":1},"fields":{},"normalizations":{}},{"classId":"e_14","part":"s1v1","offsets":[{"start":271,"text":"1,8 százalékos növekedést"}],"coordinates":[],"confidence":{"state":"pre-added","who":["user:TarCintia"],"prob":1},"fields":{},"normalizations":{}},{"classId":"e_13","part":"s1v1","offsets":[{"start":286,"text":"növekedést"}],"coordinates":[],"confidence":{"state":"pre-added","who":["user:TarCintia"],"prob":1},"fields":{},"normalizations":{}},{"classId":"e_14","part":"s1v1","offsets":[{"start":307,"text":"a várható óvatos becslést"}],"coordinates":[],"confidence":{"state":"pre-added","who":["user:TarCintia"],"prob":1},"fields":{},"normalizations":{}},{"classId":"e_4","part":"s1v1","offsets":[{"start":334,"text":"egy 2,5 százalék körüli gazdasági növekedést, akkor ebben a három évben a következő évvel együtt már 7,5 százalék lesz az a gazdasági növekedés"}],"coordinates":[],"confidence":{"state":"pre-added","who":["user:TarCintia"],"prob":1},"fields":{},"normalizations":{}},{"classId":"e_14","part":"s1v1","offsets":[{"start":338,"text":"2,5 százalék körüli gazdasági növekedést"}],"coordinates":[],"confidence":{"state":"pre-added","who":["user:TarCintia"],"prob":1},"fields":{},"normalizations":{}},{"classId":"e_13","part":"s1v1","offsets":[{"start":358,"text":"gazdasági növekedést"}],"coordinates":[],"confidence":{"state":"pre-added","who":["user:TarCintia"],"prob":1},"fields":{},"normalizations":{}},{"classId":"e_14","part":"s1v1","offsets":[{"start":386,"text":"ebben a három évben"}],"coordinates":[],"confidence":{"state":"pre-added","who":["user:TarCintia"],"prob":1},"fields":{},"normalizations":{}},{"classId":"e_14","part":"s1v1","offsets":[{"start":406,"text":"a következő évvel együtt"}],"coordinates":[],"confidence":{"state":"pre-added","who":["user:TarCintia"],"prob":1},"fields":{},"normalizations":{}},{"classId":"e_14","part":"s1v1","offsets":[{"start":435,"text":"7,5 százalék"}],"coordinates":[],"confidence":{"state":"pre-added","who":["user:TarCintia"],"prob":1},"fields":{},"normalizations":{}},{"classId":"e_14","part":"s1v1","offsets":[{"start":456,"text":"a gazdasági növekedés"}],"coordinates":[],"confidence":{"state":"pre-added","who":["user:TarCintia"],"prob":1},"fields":{},"normalizations":{}},{"classId":"e_13","part":"s1v1","offsets":[{"start":458,"text":"gazdasági növekedés"}],"coordinates":[],"confidence":{"state":"pre-added","who":["user:TarCintia"],"prob":1},"fields":{},"normalizations":{}},{"classId":"e_4","part":"s1v1","offsets":[{"start":580,"text":"Az a fejlődés, ami elsősorban a termelőipar fejlődésének köszönhető, az egy jó út; jó úton indult el 2010-ben a magyar kormány, és jó út volt az, hogy befektettünk, csábítottuk ide azokat a vállalkozásokat"}],"coordinates":[],"confidence":{"state":"pre-added","who":["user:TarCintia"],"prob":1},"fields":{},"normalizations":{}},{"classId":"e_14","part":"s1v1","offsets":[{"start":583,"text":"a fejlődés"}],"coordinates":[],"confidence":{"state":"pre-added","who":["user:TarCintia"],"prob":1},"fields":{},"normalizations":{}},{"classId":"e_13","part":"s1v1","offsets":[{"start":585,"text":"fejlődés"}],"coordinates":[],"confidence":{"state":"pre-added","who":["user:TarCintia"],"prob":1},"fields":{},"normalizations":{}},{"classId":"e_14","part":"s1v1","offsets":[{"start":610,"text":"a termelőipar fejlődésének köszönhető"}],"coordinates":[],"confidence":{"state":"pre-added","who":["user:TarCintia"],"prob":1},"fields":{},"normalizations":{}},{"classId":"e_13","part":"s1v1","offsets":[{"start":612,"text":"termelőipar fejlődésének"}],"coordinates":[],"confidence":{"state":"pre-added","who":["user:TarCintia"],"prob":1},"fields":{},"normalizations":{}},{"classId":"e_13","part":"s1v1","offsets":[{"start":656,"text":"jó út"}],"coordinates":[],"confidence":{"state":"pre-added","who":["user:gcsenge"],"prob":1},"fields":{},"normalizations":{}},{"classId":"e_13","part":"s1v1","offsets":[{"start":663,"text":"jó úton indult el"}],"coordinates":[],"confidence":{"state":"pre-added","who":["user:gcsenge"],"prob":1},"fields":{},"normalizations":{}},{"classId":"e_14","part":"s1v1","offsets":[{"start":681,"text":"2010-ben"}],"coordinates":[],"confidence":{"state":"pre-added","who":["user:TarCintia"],"prob":1},"fields":{},"normalizations":{}},{"classId":"e_14","part":"s1v1","offsets":[{"start":690,"text":"a magyar kormány"}],"coordinates":[],"confidence":{"state":"pre-added","who":["user:TarCintia"],"prob":1},"fields":{},"normalizations":{}},{"classId":"e_13","part":"s1v1","offsets":[{"start":711,"text":"jó út"}],"coordinates":[],"confidence":{"state":"pre-added","who":["user:gcsenge"],"prob":1},"fields":{},"normalizations":{}},{"classId":"e_13","part":"s1v1","offsets":[{"start":731,"text":"befektettünk"}],"coordinates":[],"confidence":{"state":"pre-added","who":["user:TarCintia"],"prob":1},"fields":{},"normalizations":{}},{"classId":"e_13","part":"s1v1","offsets":[{"start":745,"text":"csábítottuk"}],"coordinates":[],"confidence":{"state":"pre-added","who":["user:TarCintia"],"prob":1},"fields":{},"normalizations":{}},{"classId":"e_14","part":"s1v1","offsets":[{"start":768,"text":"a vállalkozásokat"}],"coordinates":[],"confidence":{"state":"pre-added","who":["user:TarCintia"],"prob":1},"fields":{},"normalizations":{}},{"classId":"e_4","part":"s1v1","offsets":[{"start":844,"text":"hanem termelni akarnak Magyarországon, értéket előállítani"}],"coordinates":[],"confidence":{"state":"pre-added","who":["user:TarCintia"],"prob":1},"fields":{},"normalizations":{}},{"classId":"e_13","part":"s1v1","offsets":[{"start":850,"text":"termelni"}],"coordinates":[],"confidence":{"state":"pre-added","who":["user:TarCintia"],"prob":1},"fields":{},"normalizations":{}},{"classId":"e_14","part":"s1v1","offsets":[{"start":867,"text":"Magyarországon"}],"coordinates":[],"confidence":{"state":"pre-added","who":["user:TarCintia"],"prob":1},"fields":{},"normalizations":{}},{"classId":"e_14","part":"s1v1","offsets":[{"start":883,"text":"értéket"}],"coordinates":[],"confidence":{"state":"pre-added","who":["user:TarCintia"],"prob":1},"fields":{},"normalizations":{}},{"classId":"e_13","part":"s1v1","offsets":[{"start":891,"text":"előállítani"}],"coordinates":[],"confidence":{"state":"pre-added","who":["user:TarCintia"],"prob":1},"fields":{},"normalizations":{}},{"classId":"e_4","part":"s1v1","offsets":[{"start":904,"text":"Akkor juthatunk egyről kettőre, ha ezek a vállalkozások Magyarországon értéket állítanak elő, mert ez nemcsak munkahelyeket teremt"}],"coordinates":[],"confidence":{"state":"pre-added","who":["user:TarCintia"],"prob":1},"fields":{},"normalizations":{}},{"classId":"e_13","part":"s1v1","offsets":[{"start":910,"text":"juthatunk egyről kettőre"}],"coordinates":[],"confidence":{"state":"pre-added","who":["user:gcsenge"],"prob":1},"fields":{},"normalizations":{}},{"classId":"e_14","part":"s1v1","offsets":[{"start":939,"text":"ezek a vállalkozások"}],"coordinates":[],"confidence":{"state":"pre-added","who":["user:gcsenge"],"prob":1},"fields":{},"normalizations":{}},{"classId":"e_14","part":"s1v1","offsets":[{"start":960,"text":"Magyarországon"}],"coordinates":[],"confidence":{"state":"pre-added","who":["user:gcsenge"],"prob":1},"fields":{},"normalizations":{}},{"classId":"e_13","part":"s1v1","offsets":[{"start":975,"text":"értéket állítanak elő"}],"coordinates":[],"confidence":{"state":"pre-added","who":["user:gcsenge"],"prob":1},"fields":{},"normalizations":{}},{"classId":"e_14","part":"s1v1","offsets":[{"start":1014,"text":"munkahelyeket"}],"coordinates":[],"confidence":{"state":"pre-added","who":["user:TarCintia"],"prob":1},"fields":{},"normalizations":{}},{"classId":"e_13","part":"s1v1","offsets":[{"start":1028,"text":"teremt"}],"coordinates":[],"confidence":{"state":"pre-added","who":["user:TarCintia"],"prob":1},"fields":{},"normalizations":{}},{"classId":"e_4","part":"s1v1","offsets":[{"start":1066,"text":"de nemcsak munkahelyeket teremt, hanem a másik oldalon növeli a gazdaság teljesítményét, növeli a gazdaság exportját, így összességében hozzájárul a magyar gazdaság növekedéséhez"}],"coordinates":[],"confidence":{"state":"pre-added","who":["user:TarCintia"],"prob":1},"fields":{},"normalizations":{}},{"classId":"e_14","part":"s1v1","offsets":[{"start":1077,"text":"munkahelyeket"}],"coordinates":[],"confidence":{"state":"pre-added","who":["user:TarCintia"],"prob":1},"fields":{},"normalizations":{}},{"classId":"e_13","part":"s1v1","offsets":[{"start":1091,"text":"teremt"}],"coordinates":[],"confidence":{"state":"pre-added","who":["user:TarCintia"],"prob":1},"fields":{},"normalizations":{}},{"classId":"e_13","part":"s1v1","offsets":[{"start":1121,"text":"növeli"}],"coordinates":[],"confidence":{"state":"pre-added","who":["user:TarCintia"],"prob":1},"fields":{},"normalizations":{}},{"classId":"e_14","part":"s1v1","offsets":[{"start":1128,"text":"a gazdaság teljesítményét"}],"coordinates":[],"confidence":{"state":"pre-added","who":["user:TarCintia"],"prob":1},"fields":{},"normalizations":{}},{"classId":"e_13","part":"s1v1","offsets":[{"start":1155,"text":"növeli"}],"coordinates":[],"confidence":{"state":"pre-added","who":["user:TarCintia"],"prob":1},"fields":{},"normalizations":{}},{"classId":"e_14","part":"s1v1","offsets":[{"start":1162,"text":"a gazdaság exportját"}],"coordinates":[],"confidence":{"state":"pre-added","who":["user:TarCintia"],"prob":1},"fields":{},"normalizations":{}},{"classId":"e_13","part":"s1v1","offsets":[{"start":1202,"text":"hozzájárul"}],"coordinates":[],"confidence":{"state":"pre-added","who":["user:TarCintia"],"prob":1},"fields":{},"normalizations":{}},{"classId":"e_14","part":"s1v1","offsets":[{"start":1213,"text":"a magyar gazdaság növekedéséhez"}],"coordinates":[],"confidence":{"state":"pre-added","who":["user:TarCintia"],"prob":1},"fields":{},"normalizations":{}},{"classId":"e_13","part":"s1v1","offsets":[{"start":1231,"text":"növekedéséhez"}],"coordinates":[],"confidence":{"state":"pre-added","who":["user:TarCintia"],"prob":1},"fields":{},"normalizations":{}},{"classId":"e_4","part":"s1v1","offsets":[{"start":1339,"text":"aminek a teljesítménye igen fontos, és nagyban hozzájárul a gazdaság teljesítményéhez"}],"coordinates":[],"confidence":{"state":"pre-added","who":["user:TarCintia"],"prob":1},"fields":{},"normalizations":{}},{"classId":"e_14","part":"s1v1","offsets":[{"start":1346,"text":"a teljesítménye"}],"coordinates":[],"confidence":{"state":"pre-added","who":["user:TarCintia"],"prob":1},"fields":{},"normalizations":{}},{"classId":"e_13","part":"s1v1","offsets":[{"start":1367,"text":"fontos"}],"coordinates":[],"confidence":{"state":"pre-added","who":["user:TarCintia"],"prob":1},"fields":{},"normalizations":{}},{"classId":"e_13","part":"s1v1","offsets":[{"start":1386,"text":"hozzájárul"}],"coordinates":[],"confidence":{"state":"pre-added","who":["user:TarCintia"],"prob":1},"fields":{},"normalizations":{}},{"classId":"e_14","part":"s1v1","offsets":[{"start":1397,"text":"a gazdaság teljesítményéhez"}],"coordinates":[],"confidence":{"state":"pre-added","who":["user:TarCintia"],"prob":1},"fields":{},"normalizations":{}},{"classId":"e_13","part":"s1v1","offsets":[{"start":1399,"text":"gazdaság teljesítményéhez"}],"coordinates":[],"confidence":{"state":"pre-added","who":["user:TarCintia"],"prob":1},"fields":{},"normalizations":{}},{"classId":"e_14","part":"s1v1","offsets":[{"start":1426,"text":"Ma"}],"coordinates":[],"confidence":{"state":"pre-added","who":["user:TarCintia"],"prob":1},"fields":{},"normalizations":{}},{"classId":"e_14","part":"s1v1","offsets":[{"start":1433,"text":"700 olyan vállalkozás"}],"coordinates":[],"confidence":{"state":"pre-added","who":["user:gcsenge"],"prob":1},"fields":{},"normalizations":{}},{"classId":"e_14","part":"s1v1","offsets":[{"start":1459,"text":"Magyarországon"}],"coordinates":[],"confidence":{"state":"pre-added","who":["user:TarCintia"],"prob":1},"fields":{},"normalizations":{}},{"classId":"e_4","part":"s1v1","offsets":[{"start":1475,"text":"ami ebben a szektorban működik, és 125 ezer embernek ad munkát ez a terület"}],"coordinates":[],"confidence":{"state":"pre-added","who":["user:TarCintia"],"prob":1},"fields":{},"normalizations":{}},{"classId":"e_14","part":"s1v1","offsets":[{"start":1479,"text":"ebben a szektorban"}],"coordinates":[],"confidence":{"state":"pre-added","who":["user:gcsenge"],"prob":1},"fields":{},"normalizations":{}},{"classId":"e_13","part":"s1v1","offsets":[{"start":1498,"text":"működik"}],"coordinates":[],"confidence":{"state":"pre-added","who":["user:TarCintia"],"prob":1},"fields":{},"normalizations":{}},{"classId":"e_14","part":"s1v1","offsets":[{"start":1510,"text":"125 ezer embernek"}],"coordinates":[],"confidence":{"state":"pre-added","who":["user:TarCintia"],"prob":1},"fields":{},"normalizations":{}},{"classId":"e_13","part":"s1v1","offsets":[{"start":1528,"text":"ad munkát"}],"coordinates":[],"confidence":{"state":"pre-added","who":["user:gcsenge"],"prob":1},"fields":{},"normalizations":{}},{"classId":"e_14","part":"s1v1","offsets":[{"start":1531,"text":"munkát"}],"coordinates":[],"confidence":{"state":"pre-added","who":["user:TarCintia"],"prob":1},"fields":{},"normalizations":{}},{"classId":"e_14","part":"s1v1","offsets":[{"start":1538,"text":"ez a terület"}],"coordinates":[],"confidence":{"state":"pre-added","who":["user:gcsenge"],"prob":1},"fields":{},"normalizations":{}},{"classId":"e_4","part":"s1v1","offsets":[{"start":1552,"text":"Ez egy jó irány, és ebbe az irányba kell továbbmenni."}],"coordinates":[],"confidence":{"state":"pre-added","who":["user:TarCintia"],"prob":1},"fields":{},"normalizations":{}},{"classId":"e_14","part":"s1v1","offsets":[{"start":1552,"text":"Ez"}],"coordinates":[],"confidence":{"state":"pre-added","who":["user:gcsenge"],"prob":1},"fields":{},"normalizations":{}},{"classId":"e_14","part":"s1v1","offsets":[{"start":1555,"text":"egy jó irány"}],"coordinates":[],"confidence":{"state":"pre-added","who":["user:TarCintia"],"prob":1},"fields":{},"normalizations":{}},{"classId":"e_13","part":"s1v1","offsets":[{"start":1559,"text":"jó irány"}],"coordinates":[],"confidence":{"state":"pre-added","who":["user:gcsenge"],"prob":1},"fields":{},"normalizations":{}},{"classId":"e_14","part":"s1v1","offsets":[{"start":1572,"text":"ebbe az irányba"}],"coordinates":[],"confidence":{"state":"pre-added","who":["user:gcsenge"],"prob":1},"fields":{},"normalizations":{}},{"classId":"e_13","part":"s1v1","offsets":[{"start":1593,"text":"továbbmenni"}],"coordinates":[],"confidence":{"state":"pre-added","who":["user:TarCintia"],"prob":1},"fields":{},"normalizations":{}},{"classId":"e_4","part":"s1v1","offsets":[{"start":1715,"text":"Vannak olyan innovációk Magyarországon"}],"coordinates":[],"confidence":{"state":"pre-added","who":["user:TarCintia"],"prob":1},"fields":{},"normalizations":{}},{"classId":"e_14","part":"s1v1","offsets":[{"start":1722,"text":"olyan innovációk"}],"coordinates":[],"confidence":{"state":"pre-added","who":["user:gcsenge"],"prob":1},"fields":{},"normalizations":{}},{"classId":"e_13","part":"s1v1","offsets":[{"start":1728,"text":"innovációk"}],"coordinates":[],"confidence":{"state":"pre-added","who":["user:TarCintia"],"prob":1},"fields":{},"normalizations":{}},{"classId":"e_14","part":"s1v1","offsets":[{"start":1739,"text":"Magyarországon"}],"coordinates":[],"confidence":{"state":"pre-added","who":["user:TarCintia"],"prob":1},"fields":{},"normalizations":{}},{"classId":"e_14","part":"s1v1","offsets":[{"start":1755,"text":"magyar vállalkozások részéről"}],"coordinates":[],"confidence":{"state":"pre-added","who":["user:TarCintia"],"prob":1},"fields":{},"normalizations":{}},{"classId":"e_4","part":"s1v1","offsets":[{"start":1786,"text":"amiket érdemes felkarolni"}],"coordinates":[],"confidence":{"state":"pre-added","who":["user:TarCintia"],"prob":1},"fields":{},"normalizations":{}},{"classId":"e_13","part":"s1v1","offsets":[{"start":1801,"text":"felkarolni"}],"coordinates":[],"confidence":{"state":"pre-added","who":["user:TarCintia"],"prob":1},"fields":{},"normalizations":{}},{"classId":"e_4","part":"s1v1","offsets":[{"start":1813,"text":"Érdemes felkarolni azokat a kezdeményezéseket"}],"coordinates":[],"confidence":{"state":"pre-added","who":["user:TarCintia"],"prob":1},"fields":{},"normalizations":{}},{"classId":"e_13","part":"s1v1","offsets":[{"start":1821,"text":"felkarolni"}],"coordinates":[],"confidence":{"state":"pre-added","who":["user:TarCintia"],"prob":1},"fields":{},"normalizations":{}},{"classId":"e_14","part":"s1v1","offsets":[{"start":1839,"text":"a kezdeményezéseket"}],"coordinates":[],"confidence":{"state":"pre-added","who":["user:TarCintia"],"prob":1},"fields":{},"normalizations":{}},{"classId":"e_14","part":"s1v1","offsets":[{"start":1873,"text":"a buszgyártás"}],"coordinates":[],"confidence":{"state":"pre-added","who":["user:TarCintia"],"prob":1},"fields":{},"normalizations":{}},{"classId":"e_4","part":"s1v1","offsets":[{"start":1888,"text":"az egyébként nagy hagyományú magyar buszgyártás újraélesztésében vannak, és érdemes felkarolni azokat a kezdeményezéseket is"}],"coordinates":[],"confidence":{"state":"pre-added","who":["user:TarCintia"],"prob":1},"fields":{},"normalizations":{}},{"classId":"e_14","part":"s1v1","offsets":[{"start":1901,"text":"nagy hagyományú magyar buszgyártás újraélesztésében"}],"coordinates":[],"confidence":{"state":"pre-added","who":["user:TarCintia"],"prob":1},"fields":{},"normalizations":{}},{"classId":"e_13","part":"s1v1","offsets":[{"start":1936,"text":"újraélesztésében"}],"coordinates":[],"confidence":{"state":"pre-added","who":["user:TarCintia"],"prob":1},"fields":{},"normalizations":{}},{"classId":"e_13","part":"s1v1","offsets":[{"start":1972,"text":"felkarolni"}],"coordinates":[],"confidence":{"state":"pre-added","who":["user:TarCintia"],"prob":1},"fields":{},"normalizations":{}},{"classId":"e_14","part":"s1v1","offsets":[{"start":1990,"text":"a kezdeményezéseket"}],"coordinates":[],"confidence":{"state":"pre-added","who":["user:TarCintia"],"prob":1},"fields":{},"normalizations":{}},{"classId":"e_14","part":"s1v1","offsets":[{"start":2022,"text":"a vasútipar"}],"coordinates":[],"confidence":{"state":"pre-added","who":["user:TarCintia"],"prob":1},"fields":{},"normalizations":{}},{"classId":"e_14","part":"s1v1","offsets":[{"start":2037,"text":"az ottani vonat-, vasútgyártásban"}],"coordinates":[],"confidence":{"state":"pre-added","who":["user:TarCintia"],"prob":1},"fields":{},"normalizations":{}},{"classId":"e_14","part":"s1v1","offsets":[{"start":2072,"text":"a kötött pályás járművek gyártásában"}],"coordinates":[],"confidence":{"state":"pre-added","who":["user:TarCintia"],"prob":1},"fields":{},"normalizations":{}},{"classId":"e_4","part":"s1v1","offsets":[{"start":2128,"text":"ezen a területen is komoly előrelépések vannak"}],"coordinates":[],"confidence":{"state":"pre-added","who":["user:TarCintia"],"prob":1},"fields":{},"normalizations":{}},{"classId":"e_14","part":"s1v1","offsets":[{"start":2128,"text":"ezen a területen"}],"coordinates":[],"confidence":{"state":"pre-added","who":["user:TarCintia"],"prob":1},"fields":{},"normalizations":{}},{"classId":"e_13","part":"s1v1","offsets":[{"start":2155,"text":"előrelépések"}],"coordinates":[],"confidence":{"state":"pre-added","who":["user:TarCintia"],"prob":1},"fields":{},"normalizations":{}},{"classId":"e_14","part":"s1v1","offsets":[{"start":2188,"text":"az én választókerületemben"}],"coordinates":[],"confidence":{"state":"pre-added","who":["user:TarCintia"],"prob":1},"fields":{},"normalizations":{}},{"classId":"e_4","part":"s1v1","offsets":[{"start":2216,"text":"Dunakeszin vásárolt meg az állam egy üzemet"}],"coordinates":[],"confidence":{"state":"pre-added","who":["user:TarCintia"],"prob":1},"fields":{},"normalizations":{}},{"classId":"e_14","part":"s1v1","offsets":[{"start":2216,"text":"Dunakeszin"}],"coordinates":[],"confidence":{"state":"pre-added","who":["user:TarCintia"],"prob":1},"fields":{},"normalizations":{}},{"classId":"e_13","part":"s1v1","offsets":[{"start":2227,"text":"vásárolt meg"}],"coordinates":[],"confidence":{"state":"pre-added","who":["user:TarCintia"],"prob":1},"fields":{},"normalizations":{}},{"classId":"e_14","part":"s1v1","offsets":[{"start":2240,"text":"az állam"}],"coordinates":[],"confidence":{"state":"pre-added","who":["user:TarCintia"],"prob":1},"fields":{},"normalizations":{}},{"classId":"e_14","part":"s1v1","offsets":[{"start":2249,"text":"egy üzemet"}],"coordinates":[],"confidence":{"state":"pre-added","who":["user:TarCintia"],"prob":1},"fields":{},"normalizations":{}},{"classId":"e_14","part":"s1v1","offsets":[{"start":2261,"text":"a MÁV Bombardier üzemet"}],"coordinates":[],"confidence":{"state":"pre-added","who":["user:TarCintia"],"prob":1},"fields":{},"normalizations":{}},{"classId":"e_14","part":"s1v1","offsets":[{"start":2453,"text":"egy olyan nevet"}],"coordinates":[],"confidence":{"state":"pre-added","who":["user:TarCintia"],"prob":1},"fields":{},"normalizations":{}},{"classId":"e_4","part":"s1v1","offsets":[{"start":2476,"text":"ami méltó a vasúti járműgyártáshoz"}],"coordinates":[],"confidence":{"state":"pre-added","who":["user:TarCintia"],"prob":1},"fields":{},"normalizations":{}},{"classId":"e_13","part":"s1v1","offsets":[{"start":2480,"text":"méltó"}],"coordinates":[],"confidence":{"state":"pre-added","who":["user:TarCintia"],"prob":1},"fields":{},"normalizations":{}},{"classId":"e_14","part":"s1v1","offsets":[{"start":2486,"text":"a vasúti járműgyártáshoz"}],"coordinates":[],"confidence":{"state":"pre-added","who":["user:TarCintia"],"prob":1},"fields":{},"normalizations":{}},{"classId":"e_14","part":"s1v1","offsets":[{"start":2522,"text":"a Kandó nevet"}],"coordinates":[],"confidence":{"state":"pre-added","who":["user:TarCintia"],"prob":1},"fields":{},"normalizations":{}},{"classId":"e_14","part":"s1v1","offsets":[{"start":2561,"text":"a vasúti járműgyártásnak"}],"coordinates":[],"confidence":{"state":"pre-added","who":["user:TarCintia"],"prob":1},"fields":{},"normalizations":{}},{"classId":"e_14","part":"s1v1","offsets":[{"start":2593,"text":"a kötött pályás járművek gyártásának"}],"coordinates":[],"confidence":{"state":"pre-added","who":["user:TarCintia"],"prob":1},"fields":{},"normalizations":{}},{"classId":"e_4","part":"s1v1","offsets":[{"start":2632,"text":"a fellegvárává válhat Magyar­országon"}],"coordinates":[],"confidence":{"state":"pre-added","who":["user:gcsenge"],"prob":1},"fields":{},"normalizations":{}},{"classId":"e_13","part":"s1v1","offsets":[{"start":2634,"text":"fellegvárává válhat"}],"coordinates":[],"confidence":{"state":"pre-added","who":["user:gcsenge"],"prob":1},"fields":{},"normalizations":{}},{"classId":"e_14","part":"s1v1","offsets":[{"start":2654,"text":"Magyar­országon"}],"coordinates":[],"confidence":{"state":"pre-added","who":["user:TarCintia"],"prob":1},"fields":{},"normalizations":{}},{"classId":"e_4","part":"s1v1","offsets":[{"start":2671,"text":"Ebbe az irányba kell elindulni"}],"coordinates":[],"confidence":{"state":"pre-added","who":["user:TarCintia"],"prob":1},"fields":{},"normalizations":{}},{"classId":"e_14","part":"s1v1","offsets":[{"start":2671,"text":"Ebbe az irányba"}],"coordinates":[],"confidence":{"state":"pre-added","who":["user:TarCintia"],"prob":1},"fields":{},"normalizations":{}},{"classId":"e_13","part":"s1v1","offsets":[{"start":2692,"text":"elindulni"}],"coordinates":[],"confidence":{"state":"pre-added","who":["user:TarCintia"],"prob":1},"fields":{},"normalizations":{}},{"classId":"e_14","part":"s1v1","offsets":[{"start":2734,"text":"nagyon sok pénz"}],"coordinates":[],"confidence":{"state":"pre-added","who":["user:TarCintia"],"prob":1},"fields":{},"normalizations":{}},{"classId":"e_14","part":"s1v1","offsets":[{"start":2752,"text":"nagyon sok pénz"}],"coordinates":[],"confidence":{"state":"pre-added","who":["user:TarCintia"],"prob":1},"fields":{},"normalizations":{}},{"classId":"e_14","part":"s1v1","offsets":[{"start":2769,"text":"3400 milliárd forint"}],"coordinates":[],"confidence":{"state":"pre-added","who":["user:TarCintia"],"prob":1},"fields":{},"normalizations":{}},{"classId":"e_4","part":"s1v1","offsets":[{"start":2798,"text":"ami az utóbbi időszakban Magyarországra áramlott"}],"coordinates":[],"confidence":{"state":"pre-added","who":["user:TarCintia"],"prob":1},"fields":{},"normalizations":{}},{"classId":"e_14","part":"s1v1","offsets":[{"start":2802,"text":"az utóbbi időszakban"}],"coordinates":[],"confidence":{"state":"pre-added","who":["user:TarCintia"],"prob":1},"fields":{},"normalizations":{}},{"classId":"e_14","part":"s1v1","offsets":[{"start":2823,"text":"Magyarországra"}],"coordinates":[],"confidence":{"state":"pre-added","who":["user:TarCintia"],"prob":1},"fields":{},"normalizations":{}},{"classId":"e_13","part":"s1v1","offsets":[{"start":2838,"text":"áramlott"}],"coordinates":[],"confidence":{"state":"pre-added","who":["user:TarCintia"],"prob":1},"fields":{},"normalizations":{}},{"classId":"e_14","part":"s1v1","offsets":[{"start":2848,"text":"Ekkora"}],"coordinates":[],"confidence":{"state":"pre-added","who":["user:gcsenge"],"prob":1},"fields":{},"normalizations":{}},{"classId":"e_14","part":"s1v1","offsets":[{"start":2860,"text":"az az összeg"}],"coordinates":[],"confidence":{"state":"pre-added","who":["user:gcsenge"],"prob":1},"fields":{},"normalizations":{}},{"classId":"e_4","part":"s1v1","offsets":[{"start":2874,"text":"ami a legutóbbi háromnegyed évben Magyarországra bejött"}],"coordinates":[],"confidence":{"state":"pre-added","who":["user:TarCintia"],"prob":1},"fields":{},"normalizations":{}},{"classId":"e_14","part":"s1v1","offsets":[{"start":2878,"text":"a legutóbbi háromnegyed évben"}],"coordinates":[],"confidence":{"state":"pre-added","who":["user:TarCintia"],"prob":1},"fields":{},"normalizations":{}},{"classId":"e_14","part":"s1v1","offsets":[{"start":2908,"text":"Magyarországra"}],"coordinates":[],"confidence":{"state":"pre-added","who":["user:TarCintia"],"prob":1},"fields":{},"normalizations":{}},{"classId":"e_13","part":"s1v1","offsets":[{"start":2923,"text":"bejött"}],"coordinates":[],"confidence":{"state":"pre-added","who":["user:TarCintia"],"prob":1},"fields":{},"normalizations":{}},{"classId":"e_4","part":"s1v1","offsets":[{"start":2963,"text":"mert ez több, mint a Magyarországon a jövő évben várható áfabevétel"}],"coordinates":[],"confidence":{"state":"pre-added","who":["user:TarCintia"],"prob":1},"fields":{},"normalizations":{}},{"classId":"e_13","part":"s1v1","offsets":[{"start":2971,"text":"több"}],"coordinates":[],"confidence":{"state":"pre-added","who":["user:TarCintia"],"prob":1},"fields":{},"normalizations":{}},{"classId":"e_14","part":"s1v1","offsets":[{"start":2984,"text":"Magyarországon"}],"coordinates":[],"confidence":{"state":"pre-added","who":["user:TarCintia"],"prob":1},"fields":{},"normalizations":{}},{"classId":"e_14","part":"s1v1","offsets":[{"start":2999,"text":"a jövő évben várható áfabevétel"}],"coordinates":[],"confidence":{"state":"pre-added","who":["user:TarCintia"],"prob":1},"fields":{},"normalizations":{}},{"classId":"e_13","part":"s1v1","offsets":[{"start":3020,"text":"áfabevétel"}],"coordinates":[],"confidence":{"state":"pre-added","who":["user:TarCintia"],"prob":1},"fields":{},"normalizations":{}},{"classId":"e_2","part":"s1v1","offsets":[{"start":3119,"text":"hogy vannak bizony akadályok"}],"coordinates":[],"confidence":{"state":"pre-added","who":["user:TarCintia"],"prob":1},"fields":{},"normalizations":{}},{"classId":"e_13","part":"s1v1","offsets":[{"start":3138,"text":"akadályok"}],"coordinates":[],"confidence":{"state":"pre-added","who":["user:TarCintia"],"prob":1},"fields":{},"normalizations":{}},{"classId":"e_2","part":"s1v1","offsets":[{"start":3149,"text":"Vannak olyan akadályok, amelyek akadályozzák a teljesítményünket"}],"coordinates":[],"confidence":{"state":"pre-added","who":["user:TarCintia"],"prob":1},"fields":{},"normalizations":{}},{"classId":"e_13","part":"s1v1","offsets":[{"start":3162,"text":"akadályok"}],"coordinates":[],"confidence":{"state":"pre-added","who":["user:TarCintia"],"prob":1},"fields":{},"normalizations":{}},{"classId":"e_13","part":"s1v1","offsets":[{"start":3181,"text":"akadályozzák"}],"coordinates":[],"confidence":{"state":"pre-added","who":["user:TarCintia"],"prob":1},"fields":{},"normalizations":{}},{"classId":"e_14","part":"s1v1","offsets":[{"start":3194,"text":"a teljesítményünket"}],"coordinates":[],"confidence":{"state":"pre-added","who":["user:TarCintia"],"prob":1},"fields":{},"normalizations":{}},{"classId":"e_14","part":"s1v1","offsets":[{"start":3233,"text":"a múltban"}],"coordinates":[],"confidence":{"state":"pre-added","who":["user:TarCintia"],"prob":1},"fields":{},"normalizations":{}},{"classId":"e_5","part":"s1v1","offsets":[{"start":3263,"text":"csontvázak esnek ki a szekrényből"}],"coordinates":[],"confidence":{"state":"pre-added","who":["user:TarCintia"],"prob":1},"fields":{},"normalizations":{}},{"classId":"e_13","part":"s1v1","offsets":[{"start":3263,"text":"csontvázak esnek ki a szekrényből"}],"coordinates":[],"confidence":{"state":"pre-added","who":["user:gcsenge"],"prob":1},"fields":{},"normalizations":{}},{"classId":"e_5","part":"s1v1","offsets":[{"start":3304,"text":"az utóbbi időszakban megint egy ilyen csontvázzal találkozhattunk,"}],"coordinates":[],"confidence":{"state":"pre-added","who":["user:TarCintia"],"prob":1},"fields":{},"normalizations":{}},{"classId":"e_14","part":"s1v1","offsets":[{"start":3304,"text":"az utóbbi időszakban"}],"coordinates":[],"confidence":{"state":"pre-added","who":["user:TarCintia"],"prob":1},"fields":{},"normalizations":{}},{"classId":"e_13","part":"s1v1","offsets":[{"start":3342,"text":"csontvázzal találkozhattunk"}],"coordinates":[],"confidence":{"state":"pre-added","who":["user:gcsenge"],"prob":1},"fields":{},"normalizations":{}},{"classId":"e_3","part":"s1v1","offsets":[{"start":3399,"text":"nagymértékű áfacsalásra derült fény; egy olyan áfacsalásra"}],"coordinates":[],"confidence":{"state":"pre-added","who":["user:TarCintia"],"prob":1},"fields":{},"normalizations":{}},{"classId":"e_14","part":"s1v1","offsets":[{"start":3399,"text":"nagymértékű áfacsalásra"}],"coordinates":[],"confidence":{"state":"pre-added","who":["user:TarCintia"],"prob":1},"fields":{},"normalizations":{}},{"classId":"e_13","part":"s1v1","offsets":[{"start":3411,"text":"áfacsalásra"}],"coordinates":[],"confidence":{"state":"pre-added","who":["user:TarCintia"],"prob":1},"fields":{},"normalizations":{}},{"classId":"e_13","part":"s1v1","offsets":[{"start":3423,"text":"derült fény"}],"coordinates":[],"confidence":{"state":"pre-added","who":["user:TarCintia"],"prob":1},"fields":{},"normalizations":{}},{"classId":"e_13","part":"s1v1","offsets":[{"start":3446,"text":"áfacsalásra"}],"coordinates":[],"confidence":{"state":"pre-added","who":["user:TarCintia"],"prob":1},"fields":{},"normalizations":{}},{"classId":"e_14","part":"s1v1","offsets":[{"start":3446,"text":"áfacsalásra"}],"coordinates":[],"confidence":{"state":"pre-added","who":["user:TarCintia"],"prob":1},"fields":{},"normalizations":{}},{"classId":"e_5","part":"s1v1","offsets":[{"start":3459,"text":"ami minden idők legkorruptabb kormányzati időszakára"}],"coordinates":[],"confidence":{"state":"pre-added","who":["user:TarCintia"],"prob":1},"fields":{},"normalizations":{}},{"classId":"e_14","part":"s1v1","offsets":[{"start":3463,"text":"minden idők legkorruptabb kormányzati időszakára"}],"coordinates":[],"confidence":{"state":"pre-added","who":["user:TarCintia"],"prob":1},"fields":{},"normalizations":{}},{"classId":"e_13","part":"s1v1","offsets":[{"start":3475,"text":"legkorruptabb kormányzati időszakára"}],"coordinates":[],"confidence":{"state":"pre-added","who":["user:TarCintia"],"prob":1},"fields":{},"normalizations":{}},{"classId":"e_14","part":"s1v1","offsets":[{"start":3513,"text":"a Gyurcsány-Bajnai-kormány időszakára"}],"coordinates":[],"confidence":{"state":"pre-added","who":["user:TarCintia"],"prob":1},"fields":{},"normalizations":{}},{"classId":"e_3","part":"s1v1","offsets":[{"start":3638,"text":"Ebben az időszakban 18-20 milliárd forint volt az az áfacsalás"}],"coordinates":[],"confidence":{"state":"pre-added","who":["user:TarCintia"],"prob":1},"fields":{},"normalizations":{}},{"classId":"e_14","part":"s1v1","offsets":[{"start":3638,"text":"Ebben az időszakban"}],"coordinates":[],"confidence":{"state":"pre-added","who":["user:TarCintia"],"prob":1},"fields":{},"normalizations":{}},{"classId":"e_14","part":"s1v1","offsets":[{"start":3658,"text":"18-20 milliárd forint"}],"coordinates":[],"confidence":{"state":"pre-added","who":["user:TarCintia"],"prob":1},"fields":{},"normalizations":{}},{"classId":"e_14","part":"s1v1","offsets":[{"start":3688,"text":"az áfacsalás"}],"coordinates":[],"confidence":{"state":"pre-added","who":["user:TarCintia"],"prob":1},"fields":{},"normalizations":{}},{"classId":"e_13","part":"s1v1","offsets":[{"start":3691,"text":"áfacsalás"}],"coordinates":[],"confidence":{"state":"pre-added","who":["user:TarCintia"],"prob":1},"fields":{},"normalizations":{}},{"classId":"e_14","part":"s1v1","offsets":[{"start":3707,"text":"egy sorozattal"}],"coordinates":[],"confidence":{"state":"pre-added","who":["user:TarCintia"],"prob":1},"fields":{},"normalizations":{}},{"classId":"e_14","part":"s1v1","offsets":[{"start":3724,"text":"egy sorozattal"}],"coordinates":[],"confidence":{"state":"pre-added","who":["user:TarCintia"],"prob":1},"fields":{},"normalizations":{}},{"classId":"e_5","part":"s1v1","offsets":[{"start":3742,"text":"elvittek az államkasszából"}],"coordinates":[],"confidence":{"state":"pre-added","who":["user:TarCintia"],"prob":1},"fields":{},"normalizations":{}},{"classId":"e_13","part":"s1v1","offsets":[{"start":3742,"text":"elvittek"}],"coordinates":[],"confidence":{"state":"pre-added","who":["user:TarCintia"],"prob":1},"fields":{},"normalizations":{}},{"classId":"e_14","part":"s1v1","offsets":[{"start":3751,"text":"az államkasszából"}],"coordinates":[],"confidence":{"state":"pre-added","who":["user:TarCintia"],"prob":1},"fields":{},"normalizations":{}},{"classId":"e_4","part":"s1v1","offsets":[{"start":3808,"text":"és ezt a pénzt valamilyen formában vissza kell szerezni"}],"coordinates":[],"confidence":{"state":"pre-added","who":["user:TarCintia"],"prob":1},"fields":{},"normalizations":{}},{"classId":"e_14","part":"s1v1","offsets":[{"start":3811,"text":"ezt a pénzt"}],"coordinates":[],"confidence":{"state":"pre-added","who":["user:gcsenge"],"prob":1},"fields":{},"normalizations":{}},{"classId":"e_14","part":"s1v1","offsets":[{"start":3823,"text":"valamilyen formában"}],"coordinates":[],"confidence":{"state":"pre-added","who":["user:TarCintia"],"prob":1},"fields":{},"normalizations":{}},{"classId":"e_13","part":"s1v1","offsets":[{"start":3843,"text":"vissza kell szerezni"}],"coordinates":[],"confidence":{"state":"pre-added","who":["user:TarCintia"],"prob":1},"fields":{},"normalizations":{}},{"classId":"e_14","part":"s1v1","offsets":[{"start":3944,"text":"a szlovákiai vállalkozó"}],"coordinates":[],"confidence":{"state":"pre-added","who":["user:TarCintia"],"prob":1},"fields":{},"normalizations":{}},{"classId":"e_3","part":"s1v1","offsets":[{"start":3969,"text":"aki egyébként részt vett ebben az áfacsalásban"}],"coordinates":[],"confidence":{"state":"pre-added","who":["user:TarCintia"],"prob":1},"fields":{},"normalizations":{}},{"classId":"e_13","part":"s1v1","offsets":[{"start":3983,"text":"részt vett"}],"coordinates":[],"confidence":{"state":"pre-added","who":["user:TarCintia"],"prob":1},"fields":{},"normalizations":{}},{"classId":"e_14","part":"s1v1","offsets":[{"start":3994,"text":"ebben az áfacsalásban"}],"coordinates":[],"confidence":{"state":"pre-added","who":["user:gcsenge"],"prob":1},"fields":{},"normalizations":{}},{"classId":"e_13","part":"s1v1","offsets":[{"start":4003,"text":"áfacsalásban"}],"coordinates":[],"confidence":{"state":"pre-added","who":["user:TarCintia"],"prob":1},"fields":{},"normalizations":{}},{"classId":"e_5","part":"s1v1","offsets":[{"start":4117,"text":"ezekből a pénzekből bizony juthatott az MSZP pártkasszájába is"}],"coordinates":[],"confidence":{"state":"pre-added","who":["user:TarCintia"],"prob":1},"fields":{},"normalizations":{}},{"classId":"e_14","part":"s1v1","offsets":[{"start":4125,"text":"a pénzekből"}],"coordinates":[],"confidence":{"state":"pre-added","who":["user:TarCintia"],"prob":1},"fields":{},"normalizations":{}},{"classId":"e_13","part":"s1v1","offsets":[{"start":4144,"text":"juthatott"}],"coordinates":[],"confidence":{"state":"pre-added","who":["user:TarCintia"],"prob":1},"fields":{},"normalizations":{}},{"classId":"e_14","part":"s1v1","offsets":[{"start":4154,"text":"az MSZP pártkasszájába"}],"coordinates":[],"confidence":{"state":"pre-added","who":["user:TarCintia"],"prob":1},"fields":{},"normalizations":{}},{"classId":"e_2","part":"s1v1","offsets":[{"start":4569,"text":"aminek a tervezési helye ma is kétséges"}],"coordinates":[],"confidence":{"state":"pre-added","who":["user:TarCintia"],"prob":1},"fields":{},"normalizations":{}},{"classId":"e_14","part":"s1v1","offsets":[{"start":4576,"text":"a tervezési helye"}],"coordinates":[],"confidence":{"state":"pre-added","who":["user:TarCintia"],"prob":1},"fields":{},"normalizations":{}},{"classId":"e_14","part":"s1v1","offsets":[{"start":4594,"text":"ma"}],"coordinates":[],"confidence":{"state":"pre-added","who":["user:TarCintia"],"prob":1},"fields":{},"normalizations":{}},{"classId":"e_13","part":"s1v1","offsets":[{"start":4600,"text":"kétséges"}],"coordinates":[],"confidence":{"state":"pre-added","who":["user:TarCintia"],"prob":1},"fields":{},"normalizations":{}},{"classId":"e_14","part":"s1v1","offsets":[{"start":4600,"text":"kétséges"}],"coordinates":[],"confidence":{"state":"pre-added","who":["user:TarCintia"],"prob":1},"fields":{},"normalizations":{}},{"classId":"e_5","part":"s1v1","offsets":[{"start":4676,"text":"hogy ezt esetleg valamelyik pártiroda sötét kis zugában tervezték meg az egész áfacsalási folyamatot"}],"coordinates":[],"confidence":{"state":"pre-added","who":["user:TarCintia"],"prob":1},"fields":{},"normalizations":{}},{"classId":"e_14","part":"s1v1","offsets":[{"start":4693,"text":"valamelyik pártiroda sötét kis zugában"}],"coordinates":[],"confidence":{"state":"pre-added","who":["user:TarCintia"],"prob":1},"fields":{},"normalizations":{}},{"classId":"e_13","part":"s1v1","offsets":[{"start":4732,"text":"tervezték meg"}],"coordinates":[],"confidence":{"state":"pre-added","who":["user:TarCintia"],"prob":1},"fields":{},"normalizations":{}},{"classId":"e_14","part":"s1v1","offsets":[{"start":4746,"text":"az egész áfacsalási folyamatot"}],"coordinates":[],"confidence":{"state":"pre-added","who":["user:TarCintia"],"prob":1},"fields":{},"normalizations":{}},{"classId":"e_13","part":"s1v1","offsets":[{"start":4755,"text":"áfacsalási folyamatot"}],"coordinates":[],"confidence":{"state":"pre-added","who":["user:gcsenge"],"prob":1},"fields":{},"normalizations":{}},{"classId":"e_5","part":"s1v1","offsets":[{"start":5278,"text":"és fizessék vissza ezt a 20 milliárd forintot az államkasszába"}],"coordinates":[],"confidence":{"state":"pre-added","who":["user:TarCintia"],"prob":1},"fields":{},"normalizations":{}},{"classId":"e_13","part":"s1v1","offsets":[{"start":5281,"text":"fizessék vissza"}],"coordinates":[],"confidence":{"state":"pre-added","who":["user:TarCintia"],"prob":1},"fields":{},"normalizations":{}},{"classId":"e_14","part":"s1v1","offsets":[{"start":5301,"text":"a 20 milliárd forintot"}],"coordinates":[],"confidence":{"state":"pre-added","who":["user:TarCintia"],"prob":1},"fields":{},"normalizations":{}},{"classId":"e_14","part":"s1v1","offsets":[{"start":5324,"text":"az államkasszába"}],"coordinates":[],"confidence":{"state":"pre-added","who":["user:TarCintia"],"prob":1},"fields":{},"normalizations":{}},{"classId":"e_5","part":"s1v1","offsets":[{"start":5462,"text":"mert ez hiányzik mindenkinek"}],"coordinates":[],"confidence":{"state":"pre-added","who":["user:TarCintia"],"prob":1},"fields":{},"normalizations":{}},{"classId":"e_14","part":"s1v1","offsets":[{"start":5467,"text":"ez"}],"coordinates":[],"confidence":{"state":"pre-added","who":["user:gcsenge"],"prob":1},"fields":{},"normalizations":{}},{"classId":"e_13","part":"s1v1","offsets":[{"start":5470,"text":"hiányzik"}],"coordinates":[],"confidence":{"state":"pre-added","who":["user:TarCintia"],"prob":1},"fields":{},"normalizations":{}},{"classId":"e_14","part":"s1v1","offsets":[{"start":5479,"text":"mindenkinek"}],"coordinates":[],"confidence":{"state":"pre-added","who":["user:TarCintia"],"prob":1},"fields":{},"normalizations":{}},{"classId":"e_5","part":"s1v1","offsets":[{"start":5791,"text":"amit önök elvettek tőlük"}],"coordinates":[],"confidence":{"state":"pre-added","who":["user:TarCintia"],"prob":1},"fields":{},"normalizations":{}},{"classId":"e_14","part":"s1v1","offsets":[{"start":5796,"text":"önök"}],"coordinates":[],"confidence":{"state":"pre-added","who":["user:TarCintia"],"prob":1},"fields":{},"normalizations":{}},{"classId":"e_13","part":"s1v1","offsets":[{"start":5801,"text":"elvettek"}],"coordinates":[],"confidence":{"state":"pre-added","who":["user:TarCintia"],"prob":1},"fields":{},"normalizations":{}},{"classId":"e_14","part":"s1v1","offsets":[{"start":5810,"text":"tőlük"}],"coordinates":[],"confidence":{"state":"pre-added","who":["user:TarCintia"],"prob":1},"fields":{},"normalizations":{}}],"relations":[{"classId":"r_16","type":"linked","directed":false,"entities":["s1v1|e_14|3194,3212","s1v1|e_2|3149,3212"],"confidence":{"state":"pre-added","who":["user:TarCintia"],"prob":1}},{"classId":"r_16","type":"linked","directed":false,"entities":["s1v1|e_14|4576,4592","s1v1|e_2|4569,4607"],"confidence":{"state":"pre-added","who":["user:TarCintia"],"prob":1}},{"classId":"r_16","type":"linked","directed":false,"entities":["s1v1|e_14|4594,4595","s1v1|e_2|4569,4607"],"confidence":{"state":"pre-added","who":["user:TarCintia"],"prob":1}},{"classId":"r_16","type":"linked","directed":false,"entities":["s1v1|e_14|4600,4607","s1v1|e_2|4569,4607"],"confidence":{"state":"pre-added","who":["user:TarCintia"],"prob":1}},{"classId":"r_17","type":"linked","directed":false,"entities":["s1v1|e_14|3399,3421","s1v1|e_3|3399,3456"],"confidence":{"state":"pre-added","who":["user:TarCintia"],"prob":1}},{"classId":"r_17","type":"linked","directed":false,"entities":["s1v1|e_14|3446,3456","s1v1|e_3|3399,3456"],"confidence":{"state":"pre-added","who":["user:TarCintia"],"prob":1}},{"classId":"r_17","type":"linked","directed":false,"entities":["s1v1|e_14|3638,3656","s1v1|e_3|3638,3699"],"confidence":{"state":"pre-added","who":["user:TarCintia"],"prob":1}},{"classId":"r_17","type":"linked","directed":false,"entities":["s1v1|e_14|3658,3678","s1v1|e_3|3638,3699"],"confidence":{"state":"pre-added","who":["user:TarCintia"],"prob":1}},{"classId":"r_17","type":"linked","directed":false,"entities":["s1v1|e_14|3688,3699","s1v1|e_3|3638,3699"],"confidence":{"state":"pre-added","who":["user:TarCintia"],"prob":1}},{"classId":"r_17","type":"linked","directed":false,"entities":["s1v1|e_14|3944,3966","s1v1|e_3|3969,4014"],"confidence":{"state":"pre-added","who":["user:TarCintia"],"prob":1}},{"classId":"r_17","type":"linked","directed":false,"entities":["s1v1|e_14|3994,4014","s1v1|e_3|3969,4014"],"confidence":{"state":"pre-added","who":["user:gcsenge"],"prob":1}},{"classId":"r_18","type":"linked","directed":false,"entities":["s1v1|e_14|72,80","s1v1|e_4|59,119"],"confidence":{"state":"pre-added","who":["user:gcsenge"],"prob":1}},{"classId":"r_18","type":"linked","directed":false,"entities":["s1v1|e_14|122,135","s1v1|e_4|172,225"],"confidence":{"state":"pre-added","who":["user:gcsenge"],"prob":1}},{"classId":"r_18","type":"linked","directed":false,"entities":["s1v1|e_14|122,135","s1v1|e_4|122,170"],"confidence":{"state":"pre-added","who":["user:gcsenge"],"prob":1}},{"classId":"r_18","type":"linked","directed":false,"entities":["s1v1|e_14|137,160","s1v1|e_4|122,170"],"confidence":{"state":"pre-added","who":["user:TarCintia"],"prob":1}},{"classId":"r_18","type":"linked","directed":false,"entities":["s1v1|e_14|172,195","s1v1|e_4|172,225"],"confidence":{"state":"pre-added","who":["user:TarCintia"],"prob":1}},{"classId":"r_18","type":"linked","directed":false,"entities":["s1v1|e_14|202,215","s1v1|e_4|172,225"],"confidence":{"state":"pre-added","who":["user:gcsenge"],"prob":1}},{"classId":"r_18","type":"linked","directed":false,"entities":["s1v1|e_14|247,265","s1v1|e_4|268,295"],"confidence":{"state":"pre-added","who":["user:TarCintia"],"prob":1}},{"classId":"r_18","type":"linked","directed":false,"entities":["s1v1|e_14|271,295","s1v1|e_4|268,295"],"confidence":{"state":"pre-added","who":["user:TarCintia"],"prob":1}},{"classId":"r_18","type":"linked","directed":false,"entities":["s1v1|e_14|307,331","s1v1|e_4|334,476"],"confidence":{"state":"pre-added","who":["user:TarCintia"],"prob":1}},{"classId":"r_18","type":"linked","directed":false,"entities":["s1v1|e_14|338,377","s1v1|e_4|334,476"],"confidence":{"state":"pre-added","who":["user:TarCintia"],"prob":1}},{"classId":"r_18","type":"linked","directed":false,"entities":["s1v1|e_14|386,404","s1v1|e_4|334,476"],"confidence":{"state":"pre-added","who":["user:TarCintia"],"prob":1}},{"classId":"r_18","type":"linked","directed":false,"entities":["s1v1|e_14|406,429","s1v1|e_4|334,476"],"confidence":{"state":"pre-added","who":["user:TarCintia"],"prob":1}},{"classId":"r_18","type":"linked","directed":false,"entities":["s1v1|e_14|435,446","s1v1|e_4|334,476"],"confidence":{"state":"pre-added","who":["user:TarCintia"],"prob":1}},{"classId":"r_18","type":"linked","directed":false,"entities":["s1v1|e_14|583,592","s1v1|e_4|580,784"],"confidence":{"state":"pre-added","who":["user:TarCintia"],"prob":1}},{"classId":"r_18","type":"linked","directed":false,"entities":["s1v1|e_14|610,646","s1v1|e_4|580,784"],"confidence":{"state":"pre-added","who":["user:TarCintia"],"prob":1}},{"classId":"r_18","type":"linked","directed":false,"entities":["s1v1|e_14|681,688","s1v1|e_4|580,784"],"confidence":{"state":"pre-added","who":["user:TarCintia"],"prob":1}},{"classId":"r_18","type":"linked","directed":false,"entities":["s1v1|e_14|690,705","s1v1|e_4|580,784"],"confidence":{"state":"pre-added","who":["user:TarCintia"],"prob":1}},{"classId":"r_18","type":"linked","directed":false,"entities":["s1v1|e_14|768,784","s1v1|e_4|580,784"],"confidence":{"state":"pre-added","who":["user:TarCintia"],"prob":1}},{"classId":"r_18","type":"linked","directed":false,"entities":["s1v1|e_14|867,880","s1v1|e_4|844,901"],"confidence":{"state":"pre-added","who":["user:TarCintia"],"prob":1}},{"classId":"r_18","type":"linked","directed":false,"entities":["s1v1|e_14|883,889","s1v1|e_4|844,901"],"confidence":{"state":"pre-added","who":["user:TarCintia"],"prob":1}},{"classId":"r_18","type":"linked","directed":false,"entities":["s1v1|e_14|939,958","s1v1|e_4|904,1033"],"confidence":{"state":"pre-added","who":["user:gcsenge"],"prob":1}},{"classId":"r_18","type":"linked","directed":false,"entities":["s1v1|e_14|960,973","s1v1|e_4|904,1033"],"confidence":{"state":"pre-added","who":["user:gcsenge"],"prob":1}},{"classId":"r_18","type":"linked","directed":false,"entities":["s1v1|e_14|1014,1026","s1v1|e_4|904,1033"],"confidence":{"state":"pre-added","who":["user:TarCintia"],"prob":1}},{"classId":"r_18","type":"linked","directed":false,"entities":["s1v1|e_14|1077,1089","s1v1|e_4|1066,1243"],"confidence":{"state":"pre-added","who":["user:TarCintia"],"prob":1}},{"classId":"r_18","type":"linked","directed":false,"entities":["s1v1|e_14|1128,1152","s1v1|e_4|1066,1243"],"confidence":{"state":"pre-added","who":["user:TarCintia"],"prob":1}},{"classId":"r_18","type":"linked","directed":false,"entities":["s1v1|e_14|1162,1181","s1v1|e_4|1066,1243"],"confidence":{"state":"pre-added","who":["user:TarCintia"],"prob":1}},{"classId":"r_18","type":"linked","directed":false,"entities":["s1v1|e_14|1213,1243","s1v1|e_4|1066,1243"],"confidence":{"state":"pre-added","who":["user:TarCintia"],"prob":1}},{"classId":"r_18","type":"linked","directed":false,"entities":["s1v1|e_14|1346,1360","s1v1|e_4|1339,1423"],"confidence":{"state":"pre-added","who":["user:TarCintia"],"prob":1}},{"classId":"r_18","type":"linked","directed":false,"entities":["s1v1|e_14|1397,1423","s1v1|e_4|1339,1423"],"confidence":{"state":"pre-added","who":["user:TarCintia"],"prob":1}},{"classId":"r_18","type":"linked","directed":false,"entities":["s1v1|e_14|1426,1427","s1v1|e_4|1475,1549"],"confidence":{"state":"pre-added","who":["user:TarCintia"],"prob":1}},{"classId":"r_18","type":"linked","directed":false,"entities":["s1v1|e_14|1433,1453","s1v1|e_4|1475,1549"],"confidence":{"state":"pre-added","who":["user:gcsenge"],"prob":1}},{"classId":"r_18","type":"linked","directed":false,"entities":["s1v1|e_14|1459,1472","s1v1|e_4|1475,1549"],"confidence":{"state":"pre-added","who":["user:TarCintia"],"prob":1}},{"classId":"r_18","type":"linked","directed":false,"entities":["s1v1|e_14|1479,1496","s1v1|e_4|1475,1549"],"confidence":{"state":"pre-added","who":["user:gcsenge"],"prob":1}},{"classId":"r_18","type":"linked","directed":false,"entities":["s1v1|e_14|1510,1526","s1v1|e_4|1475,1549"],"confidence":{"state":"pre-added","who":["user:TarCintia"],"prob":1}},{"classId":"r_18","type":"linked","directed":false,"entities":["s1v1|e_14|1531,1536","s1v1|e_4|1475,1549"],"confidence":{"state":"pre-added","who":["user:TarCintia"],"prob":1}},{"classId":"r_18","type":"linked","directed":false,"entities":["s1v1|e_14|1538,1549","s1v1|e_4|1475,1549"],"confidence":{"state":"pre-added","who":["user:gcsenge"],"prob":1}},{"classId":"r_18","type":"linked","directed":false,"entities":["s1v1|e_14|1552,1553","s1v1|e_4|1552,1604"],"confidence":{"state":"pre-added","who":["user:gcsenge"],"prob":1}},{"classId":"r_18","type":"linked","directed":false,"entities":["s1v1|e_14|1555,1566","s1v1|e_4|1552,1604"],"confidence":{"state":"pre-added","who":["user:TarCintia"],"prob":1}},{"classId":"r_18","type":"linked","directed":false,"entities":["s1v1|e_14|1572,1586","s1v1|e_4|1552,1604"],"confidence":{"state":"pre-added","who":["user:gcsenge"],"prob":1}},{"classId":"r_18","type":"linked","directed":false,"entities":["s1v1|e_14|1722,1737","s1v1|e_4|1715,1752"],"confidence":{"state":"pre-added","who":["user:gcsenge"],"prob":1}},{"classId":"r_18","type":"linked","directed":false,"entities":["s1v1|e_14|1739,1752","s1v1|e_4|1715,1752"],"confidence":{"state":"pre-added","who":["user:TarCintia"],"prob":1}},{"classId":"r_18","type":"linked","directed":false,"entities":["s1v1|e_14|1755,1783","s1v1|e_4|1715,1752"],"confidence":{"state":"pre-added","who":["user:TarCintia"],"prob":1}},{"classId":"r_18","type":"linked","directed":false,"entities":["s1v1|e_14|1839,1857","s1v1|e_4|1813,1857"],"confidence":{"state":"pre-added","who":["user:TarCintia"],"prob":1}},{"classId":"r_18","type":"linked","directed":false,"entities":["s1v1|e_14|1873,1885","s1v1|e_4|1813,1857"],"confidence":{"state":"pre-added","who":["user:TarCintia"],"prob":1}},{"classId":"r_18","type":"linked","directed":false,"entities":["s1v1|e_14|1901,1951","s1v1|e_4|1888,2011"],"confidence":{"state":"pre-added","who":["user:TarCintia"],"prob":1}},{"classId":"r_18","type":"linked","directed":false,"entities":["s1v1|e_14|1990,2008","s1v1|e_4|1888,2011"],"confidence":{"state":"pre-added","who":["user:TarCintia"],"prob":1}},{"classId":"r_18","type":"linked","directed":false,"entities":["s1v1|e_14|2022,2032","s1v1|e_4|1888,2011"],"confidence":{"state":"pre-added","who":["user:TarCintia"],"prob":1}},{"classId":"r_18","type":"linked","directed":false,"entities":["s1v1|e_14|2037,2069","s1v1|e_4|1888,2011"],"confidence":{"state":"pre-added","who":["user:TarCintia"],"prob":1}},{"classId":"r_18","type":"linked","directed":false,"entities":["s1v1|e_14|2072,2107","s1v1|e_4|1888,2011"],"confidence":{"state":"pre-added","who":["user:TarCintia"],"prob":1}},{"classId":"r_18","type":"linked","directed":false,"entities":["s1v1|e_14|2128,2143","s1v1|e_4|2128,2173"],"confidence":{"state":"pre-added","who":["user:TarCintia"],"prob":1}},{"classId":"r_18","type":"linked","directed":false,"entities":["s1v1|e_14|2216,2225","s1v1|e_4|2216,2258"],"confidence":{"state":"pre-added","who":["user:TarCintia"],"prob":1}},{"classId":"r_18","type":"linked","directed":false,"entities":["s1v1|e_14|2240,2247","s1v1|e_4|2216,2258"],"confidence":{"state":"pre-added","who":["user:TarCintia"],"prob":1}},{"classId":"r_18","type":"linked","directed":false,"entities":["s1v1|e_14|2249,2258","s1v1|e_4|2216,2258"],"confidence":{"state":"pre-added","who":["user:TarCintia"],"prob":1}},{"classId":"r_18","type":"linked","directed":false,"entities":["s1v1|e_14|2261,2283","s1v1|e_4|2216,2258"],"confidence":{"state":"pre-added","who":["user:TarCintia"],"prob":1}},{"classId":"r_18","type":"linked","directed":false,"entities":["s1v1|e_14|2453,2467","s1v1|e_4|2476,2509"],"confidence":{"state":"pre-added","who":["user:TarCintia"],"prob":1}},{"classId":"r_18","type":"linked","directed":false,"entities":["s1v1|e_14|2522,2534","s1v1|e_4|2476,2509"],"confidence":{"state":"pre-added","who":["user:TarCintia"],"prob":1}},{"classId":"r_18","type":"linked","directed":false,"entities":["s1v1|e_14|2654,2668","s1v1|e_4|2632,2668"],"confidence":{"state":"pre-added","who":["user:gcsenge"],"prob":1}},{"classId":"r_18","type":"linked","directed":false,"entities":["s1v1|e_14|2671,2685","s1v1|e_4|2671,2700"],"confidence":{"state":"pre-added","who":["user:TarCintia"],"prob":1}},{"classId":"r_18","type":"linked","directed":false,"entities":["s1v1|e_14|2734,2748","s1v1|e_4|2798,2845"],"confidence":{"state":"pre-added","who":["user:TarCintia"],"prob":1}},{"classId":"r_18","type":"linked","directed":false,"entities":["s1v1|e_14|2752,2766","s1v1|e_4|2798,2845"],"confidence":{"state":"pre-added","who":["user:TarCintia"],"prob":1}},{"classId":"r_18","type":"linked","directed":false,"entities":["s1v1|e_14|2769,2788","s1v1|e_4|2798,2845"],"confidence":{"state":"pre-added","who":["user:TarCintia"],"prob":1}},{"classId":"r_18","type":"linked","directed":false,"entities":["s1v1|e_14|2802,2821","s1v1|e_4|2798,2845"],"confidence":{"state":"pre-added","who":["user:TarCintia"],"prob":1}},{"classId":"r_18","type":"linked","directed":false,"entities":["s1v1|e_14|2823,2836","s1v1|e_4|2798,2845"],"confidence":{"state":"pre-added","who":["user:TarCintia"],"prob":1}},{"classId":"r_18","type":"linked","directed":false,"entities":["s1v1|e_14|2848,2853","s1v1|e_4|2874,2928"],"confidence":{"state":"pre-added","who":["user:gcsenge"],"prob":1}},{"classId":"r_18","type":"linked","directed":false,"entities":["s1v1|e_14|2860,2871","s1v1|e_4|2874,2928"],"confidence":{"state":"pre-added","who":["user:gcsenge"],"prob":1}},{"classId":"r_18","type":"linked","directed":false,"entities":["s1v1|e_14|2878,2906","s1v1|e_4|2874,2928"],"confidence":{"state":"pre-added","who":["user:TarCintia"],"prob":1}},{"classId":"r_18","type":"linked","directed":false,"entities":["s1v1|e_14|2908,2921","s1v1|e_4|2874,2928"],"confidence":{"state":"pre-added","who":["user:TarCintia"],"prob":1}},{"classId":"r_18","type":"linked","directed":false,"entities":["s1v1|e_14|2984,2997","s1v1|e_4|2963,3029"],"confidence":{"state":"pre-added","who":["user:TarCintia"],"prob":1}},{"classId":"r_18","type":"linked","directed":false,"entities":["s1v1|e_14|2999,3029","s1v1|e_4|2963,3029"],"confidence":{"state":"pre-added","who":["user:TarCintia"],"prob":1}},{"classId":"r_18","type":"linked","directed":false,"entities":["s1v1|e_14|3811,3821","s1v1|e_4|3808,3862"],"confidence":{"state":"pre-added","who":["user:gcsenge"],"prob":1}},{"classId":"r_18","type":"linked","directed":false,"entities":["s1v1|e_14|3823,3841","s1v1|e_4|3808,3862"],"confidence":{"state":"pre-added","who":["user:TarCintia"],"prob":1}},{"classId":"r_19","type":"linked","directed":false,"entities":["s1v1|e_14|3233,3241","s1v1|e_5|3263,3295"],"confidence":{"state":"pre-added","who":["user:TarCintia"],"prob":1}},{"classId":"r_19","type":"linked","directed":false,"entities":["s1v1|e_14|3304,3323","s1v1|e_5|3304,3369"],"confidence":{"state":"pre-added","who":["user:TarCintia"],"prob":1}},{"classId":"r_19","type":"linked","directed":false,"entities":["s1v1|e_14|3463,3510","s1v1|e_5|3459,3510"],"confidence":{"state":"pre-added","who":["user:TarCintia"],"prob":1}},{"classId":"r_19","type":"linked","directed":false,"entities":["s1v1|e_14|3513,3549","s1v1|e_5|3459,3510"],"confidence":{"state":"pre-added","who":["user:TarCintia"],"prob":1}},{"classId":"r_19","type":"linked","directed":false,"entities":["s1v1|e_14|3707,3720","s1v1|e_5|3742,3767"],"confidence":{"state":"pre-added","who":["user:TarCintia"],"prob":1}},{"classId":"r_19","type":"linked","directed":false,"entities":["s1v1|e_14|3724,3737","s1v1|e_5|3742,3767"],"confidence":{"state":"pre-added","who":["user:TarCintia"],"prob":1}},{"classId":"r_19","type":"linked","directed":false,"entities":["s1v1|e_14|3751,3767","s1v1|e_5|3742,3767"],"confidence":{"state":"pre-added","who":["user:TarCintia"],"prob":1}},{"classId":"r_19","type":"linked","directed":false,"entities":["s1v1|e_14|4125,4135","s1v1|e_5|4117,4178"],"confidence":{"state":"pre-added","who":["user:TarCintia"],"prob":1}},{"classId":"r_19","type":"linked","directed":false,"entities":["s1v1|e_14|4154,4175","s1v1|e_5|4117,4178"],"confidence":{"state":"pre-added","who":["user:TarCintia"],"prob":1}},{"classId":"r_19","type":"linked","directed":false,"entities":["s1v1|e_14|4693,4730","s1v1|e_5|4676,4775"],"confidence":{"state":"pre-added","who":["user:TarCintia"],"prob":1}},{"classId":"r_19","type":"linked","directed":false,"entities":["s1v1|e_14|4746,4775","s1v1|e_5|4676,4775"],"confidence":{"state":"pre-added","who":["user:TarCintia"],"prob":1}},{"classId":"r_19","type":"linked","directed":false,"entities":["s1v1|e_14|5301,5322","s1v1|e_5|5278,5339"],"confidence":{"state":"pre-added","who":["user:TarCintia"],"prob":1}},{"classId":"r_19","type":"linked","directed":false,"entities":["s1v1|e_14|5324,5339","s1v1|e_5|5278,5339"],"confidence":{"state":"pre-added","who":["user:TarCintia"],"prob":1}},{"classId":"r_19","type":"linked","directed":false,"entities":["s1v1|e_14|5467,5468","s1v1|e_5|5462,5489"],"confidence":{"state":"pre-added","who":["user:gcsenge"],"prob":1}},{"classId":"r_19","type":"linked","directed":false,"entities":["s1v1|e_14|5479,5489","s1v1|e_5|5462,5489"],"confidence":{"state":"pre-added","who":["user:TarCintia"],"prob":1}},{"classId":"r_19","type":"linked","directed":false,"entities":["s1v1|e_14|5796,5799","s1v1|e_5|5791,5814"],"confidence":{"state":"pre-added","who":["user:TarCintia"],"prob":1}},{"classId":"r_19","type":"linked","directed":false,"entities":["s1v1|e_14|5810,5814","s1v1|e_5|5791,5814"],"confidence":{"state":"pre-added","who":["user:TarCintia"],"prob":1}}]}