{"annotatable":{"parts":["s1v1"]},"anncomplete":false,"sources":[],"metas":{},"entities":[{"classId":"e_14","part":"s1v1","offsets":[{"start":76,"text":"a magyar kormány"}],"coordinates":[],"confidence":{"state":"pre-added","who":["user:gcsenge"],"prob":1},"fields":{},"normalizations":{}},{"classId":"e_14","part":"s1v1","offsets":[{"start":93,"text":"október 27-én"}],"coordinates":[],"confidence":{"state":"pre-added","who":["user:gcsenge"],"prob":1},"fields":{},"normalizations":{}},{"classId":"e_5","part":"s1v1","offsets":[{"start":158,"text":"az emberek kizárásával, de multinacionális cégek bevonásával 2014 szeptemberére elkészült, Kanada-EU közötti szabadkereskedelmi egyezményt"}],"coordinates":[],"confidence":{"state":"pre-added","who":["user:bernidam"],"prob":1},"fields":{},"normalizations":{}},{"classId":"e_14","part":"s1v1","offsets":[{"start":158,"text":"az emberek kizárásával"}],"coordinates":[],"confidence":{"state":"pre-added","who":["user:bernidam"],"prob":1},"fields":{},"normalizations":{}},{"classId":"e_13","part":"s1v1","offsets":[{"start":161,"text":"emberek kizárásával"}],"coordinates":[],"confidence":{"state":"pre-added","who":["user:bernidam"],"prob":1},"fields":{},"normalizations":{}},{"classId":"e_14","part":"s1v1","offsets":[{"start":185,"text":"multinacionális cégek bevonásával"}],"coordinates":[],"confidence":{"state":"pre-added","who":["user:bernidam"],"prob":1},"fields":{},"normalizations":{}},{"classId":"e_13","part":"s1v1","offsets":[{"start":185,"text":"multinacionális cégek bevonásával"}],"coordinates":[],"confidence":{"state":"pre-added","who":["user:bernidam"],"prob":1},"fields":{},"normalizations":{}},{"classId":"e_14","part":"s1v1","offsets":[{"start":219,"text":"2014 szeptemberére elkészült, Kanada-EU közötti szabadkereskedelmi egyezményt"}],"coordinates":[],"confidence":{"state":"pre-added","who":["user:bernidam"],"prob":1},"fields":{},"normalizations":{}},{"classId":"e_14","part":"s1v1","offsets":[{"start":298,"text":"Az LMP álláspontja"}],"coordinates":[],"confidence":{"state":"pre-added","who":["user:gcsenge"],"prob":1},"fields":{},"normalizations":{}},{"classId":"e_5","part":"s1v1","offsets":[{"start":329,"text":"az Országgyűlés és a kormány mondjon nemet a CETA-ra"}],"coordinates":[],"confidence":{"state":"pre-added","who":["user:bernidam"],"prob":1},"fields":{},"normalizations":{}},{"classId":"e_14","part":"s1v1","offsets":[{"start":329,"text":"az Országgyűlés"}],"coordinates":[],"confidence":{"state":"pre-added","who":["user:bernidam"],"prob":1},"fields":{},"normalizations":{}},{"classId":"e_14","part":"s1v1","offsets":[{"start":348,"text":"a kormány"}],"coordinates":[],"confidence":{"state":"pre-added","who":["user:bernidam"],"prob":1},"fields":{},"normalizations":{}},{"classId":"e_13","part":"s1v1","offsets":[{"start":358,"text":"mondjon nemet"}],"coordinates":[],"confidence":{"state":"pre-added","who":["user:bernidam"],"prob":1},"fields":{},"normalizations":{}},{"classId":"e_14","part":"s1v1","offsets":[{"start":372,"text":"a CETA-ra"}],"coordinates":[],"confidence":{"state":"pre-added","who":["user:bernidam"],"prob":1},"fields":{},"normalizations":{}},{"classId":"e_5","part":"s1v1","offsets":[{"start":383,"text":"Az LMP szerint a kormány nem beszélhet többet nemzeti érdekérvényesítésről és nemzeti érdekről"}],"coordinates":[],"confidence":{"state":"pre-added","who":["user:bernidam"],"prob":1},"fields":{},"normalizations":{}},{"classId":"e_14","part":"s1v1","offsets":[{"start":383,"text":"Az LMP"}],"coordinates":[],"confidence":{"state":"pre-added","who":["user:bernidam"],"prob":1},"fields":{},"normalizations":{}},{"classId":"e_14","part":"s1v1","offsets":[{"start":398,"text":"a kormány"}],"coordinates":[],"confidence":{"state":"pre-added","who":["user:bernidam"],"prob":1},"fields":{},"normalizations":{}},{"classId":"e_13","part":"s1v1","offsets":[{"start":408,"text":"nem beszélhet többet nemzeti érdekérvényesítésről és nemzeti érdekről"}],"coordinates":[],"confidence":{"state":"pre-added","who":["user:bernidam"],"prob":1},"fields":{},"normalizations":{}},{"classId":"e_14","part":"s1v1","offsets":[{"start":429,"text":"nemzeti érdekérvényesítésről"}],"coordinates":[],"confidence":{"state":"pre-added","who":["user:bernidam"],"prob":1},"fields":{},"normalizations":{}},{"classId":"e_14","part":"s1v1","offsets":[{"start":461,"text":"nemzeti érdekről"}],"coordinates":[],"confidence":{"state":"pre-added","who":["user:bernidam"],"prob":1},"fields":{},"normalizations":{}},{"classId":"e_5","part":"s1v1","offsets":[{"start":522,"text":"a CETA nem érdeke a magyar dolgozóknak, és nem érdeke egyetlen magyar állampolgárnak sem"}],"coordinates":[],"confidence":{"state":"pre-added","who":["user:bernidam"],"prob":1},"fields":{},"normalizations":{}},{"classId":"e_14","part":"s1v1","offsets":[{"start":522,"text":"a CETA"}],"coordinates":[],"confidence":{"state":"pre-added","who":["user:bernidam"],"prob":1},"fields":{},"normalizations":{}},{"classId":"e_13","part":"s1v1","offsets":[{"start":529,"text":"nem érdeke"}],"coordinates":[],"confidence":{"state":"pre-added","who":["user:bernidam"],"prob":1},"fields":{},"normalizations":{}},{"classId":"e_14","part":"s1v1","offsets":[{"start":533,"text":"érdeke"}],"coordinates":[],"confidence":{"state":"pre-added","who":["user:bernidam"],"prob":1},"fields":{},"normalizations":{}},{"classId":"e_14","part":"s1v1","offsets":[{"start":540,"text":"a magyar dolgozóknak"}],"coordinates":[],"confidence":{"state":"pre-added","who":["user:bernidam"],"prob":1},"fields":{},"normalizations":{}},{"classId":"e_13","part":"s1v1","offsets":[{"start":565,"text":"nem érdeke"}],"coordinates":[],"confidence":{"state":"pre-added","who":["user:bernidam"],"prob":1},"fields":{},"normalizations":{}},{"classId":"e_14","part":"s1v1","offsets":[{"start":569,"text":"érdeke"}],"coordinates":[],"confidence":{"state":"pre-added","who":["user:bernidam"],"prob":1},"fields":{},"normalizations":{}},{"classId":"e_14","part":"s1v1","offsets":[{"start":576,"text":"egyetlen magyar állampolgárnak"}],"coordinates":[],"confidence":{"state":"pre-added","who":["user:bernidam"],"prob":1},"fields":{},"normalizations":{}},{"classId":"e_5","part":"s1v1","offsets":[{"start":612,"text":"A CETA csak és kizárólag a külföldi nagyvállalatok érdekeit szolgálja."}],"coordinates":[],"confidence":{"state":"pre-added","who":["user:bernidam"],"prob":1},"fields":{},"normalizations":{}},{"classId":"e_14","part":"s1v1","offsets":[{"start":612,"text":"A CETA"}],"coordinates":[],"confidence":{"state":"pre-added","who":["user:bernidam"],"prob":1},"fields":{},"normalizations":{}},{"classId":"e_13","part":"s1v1","offsets":[{"start":637,"text":"a külföldi nagyvállalatok érdekeit szolgálja"}],"coordinates":[],"confidence":{"state":"pre-added","who":["user:bernidam"],"prob":1},"fields":{},"normalizations":{}},{"classId":"e_14","part":"s1v1","offsets":[{"start":637,"text":"a külföldi nagyvállalatok érdekeit"}],"coordinates":[],"confidence":{"state":"pre-added","who":["user:bernidam"],"prob":1},"fields":{},"normalizations":{}},{"classId":"e_14","part":"s1v1","offsets":[{"start":683,"text":"Ennek a szabadkereskedelmi egyezménynek"}],"coordinates":[],"confidence":{"state":"pre-added","who":["user:gcsenge"],"prob":1},"fields":{},"normalizations":{}},{"classId":"e_14","part":"s1v1","offsets":[{"start":729,"text":"a fő célja"}],"coordinates":[],"confidence":{"state":"pre-added","who":["user:gcsenge"],"prob":1},"fields":{},"normalizations":{}},{"classId":"e_4","part":"s1v1","offsets":[{"start":741,"text":"hogy minden akadályt lebontson a profitmaximalizálás előtt"}],"coordinates":[],"confidence":{"state":"pre-added","who":["user:bernidam"],"prob":1},"fields":{},"normalizations":{}},{"classId":"e_13","part":"s1v1","offsets":[{"start":746,"text":"minden akadályt lebontson"}],"coordinates":[],"confidence":{"state":"pre-added","who":["user:bernidam"],"prob":1},"fields":{},"normalizations":{}},{"classId":"e_14","part":"s1v1","offsets":[{"start":746,"text":"minden akadályt"}],"coordinates":[],"confidence":{"state":"pre-added","who":["user:bernidam"],"prob":1},"fields":{},"normalizations":{}},{"classId":"e_14","part":"s1v1","offsets":[{"start":772,"text":"a profitmaximalizálás"}],"coordinates":[],"confidence":{"state":"pre-added","who":["user:bernidam"],"prob":1},"fields":{},"normalizations":{}},{"classId":"e_5","part":"s1v1","offsets":[{"start":832,"text":"hogy a külföldi nagyvállalatok a Magyarországon megtermelt profitot kiviszik az országból"}],"coordinates":[],"confidence":{"state":"pre-added","who":["user:bernidam"],"prob":1},"fields":{},"normalizations":{}},{"classId":"e_14","part":"s1v1","offsets":[{"start":837,"text":"a külföldi nagyvállalatok"}],"coordinates":[],"confidence":{"state":"pre-added","who":["user:bernidam"],"prob":1},"fields":{},"normalizations":{}},{"classId":"e_14","part":"s1v1","offsets":[{"start":863,"text":"a Magyarországon megtermelt profitot"}],"coordinates":[],"confidence":{"state":"pre-added","who":["user:bernidam"],"prob":1},"fields":{},"normalizations":{}},{"classId":"e_13","part":"s1v1","offsets":[{"start":891,"text":"profitot kiviszik az országból"}],"coordinates":[],"confidence":{"state":"pre-added","who":["user:bernidam"],"prob":1},"fields":{},"normalizations":{}},{"classId":"e_14","part":"s1v1","offsets":[{"start":909,"text":"az országból"}],"coordinates":[],"confidence":{"state":"pre-added","who":["user:bernidam"],"prob":1},"fields":{},"normalizations":{}},{"classId":"e_14","part":"s1v1","offsets":[{"start":923,"text":"A kormány"}],"coordinates":[],"confidence":{"state":"pre-added","who":["user:gcsenge"],"prob":1},"fields":{},"normalizations":{}},{"classId":"e_4","part":"s1v1","offsets":[{"start":946,"text":"hogy a CETA majd hozzájárul a magyar gazdaság növekedéséhez"}],"coordinates":[],"confidence":{"state":"pre-added","who":["user:bernidam"],"prob":1},"fields":{},"normalizations":{}},{"classId":"e_14","part":"s1v1","offsets":[{"start":951,"text":"a CETA"}],"coordinates":[],"confidence":{"state":"pre-added","who":["user:bernidam"],"prob":1},"fields":{},"normalizations":{}},{"classId":"e_13","part":"s1v1","offsets":[{"start":963,"text":"hozzájárul a magyar gazdaság növekedéséhez"}],"coordinates":[],"confidence":{"state":"pre-added","who":["user:bernidam"],"prob":1},"fields":{},"normalizations":{}},{"classId":"e_14","part":"s1v1","offsets":[{"start":974,"text":"a magyar gazdaság növekedéséhez"}],"coordinates":[],"confidence":{"state":"pre-added","who":["user:bernidam"],"prob":1},"fields":{},"normalizations":{}},{"classId":"e_6","part":"s1v1","offsets":[{"start":1007,"text":"de ez csak zsigeri megközelítés"}],"coordinates":[],"confidence":{"state":"pre-added","who":["user:bernidam"],"prob":1},"fields":{},"normalizations":{}},{"classId":"e_14","part":"s1v1","offsets":[{"start":1010,"text":"ez"}],"coordinates":[],"confidence":{"state":"pre-added","who":["user:gcsenge"],"prob":1},"fields":{},"normalizations":{}},{"classId":"e_13","part":"s1v1","offsets":[{"start":1013,"text":"csak zsigeri megközelítés"}],"coordinates":[],"confidence":{"state":"pre-added","who":["user:bernidam"],"prob":1},"fields":{},"normalizations":{}},{"classId":"e_14","part":"s1v1","offsets":[{"start":1018,"text":"zsigeri megközelítés"}],"coordinates":[],"confidence":{"state":"pre-added","who":["user:bernidam"],"prob":1},"fields":{},"normalizations":{}},{"classId":"e_2","part":"s1v1","offsets":[{"start":1040,"text":"semmilyen konkrét számítással ezt nem tudja alátámasztani"}],"coordinates":[],"confidence":{"state":"pre-added","who":["user:bernidam"],"prob":1},"fields":{},"normalizations":{}},{"classId":"e_14","part":"s1v1","offsets":[{"start":1040,"text":"semmilyen konkrét számítással"}],"coordinates":[],"confidence":{"state":"pre-added","who":["user:bernidam"],"prob":1},"fields":{},"normalizations":{}},{"classId":"e_14","part":"s1v1","offsets":[{"start":1070,"text":"ezt"}],"coordinates":[],"confidence":{"state":"pre-added","who":["user:gcsenge"],"prob":1},"fields":{},"normalizations":{}},{"classId":"e_13","part":"s1v1","offsets":[{"start":1074,"text":"nem tudja alátámasztani"}],"coordinates":[],"confidence":{"state":"pre-added","who":["user:bernidam"],"prob":1},"fields":{},"normalizations":{}},{"classId":"e_14","part":"s1v1","offsets":[{"start":1128,"text":"független tanulmányok"}],"coordinates":[],"confidence":{"state":"pre-added","who":["user:bernidam"],"prob":1},"fields":{},"normalizations":{}},{"classId":"e_5","part":"s1v1","offsets":[{"start":1151,"text":"de ezek az ellenkezőjét mutatják"}],"coordinates":[],"confidence":{"state":"pre-added","who":["user:bernidam"],"prob":1},"fields":{},"normalizations":{}},{"classId":"e_14","part":"s1v1","offsets":[{"start":1154,"text":"ezek"}],"coordinates":[],"confidence":{"state":"pre-added","who":["user:gcsenge"],"prob":1},"fields":{},"normalizations":{}},{"classId":"e_13","part":"s1v1","offsets":[{"start":1159,"text":"az ellenkezőjét mutatják"}],"coordinates":[],"confidence":{"state":"pre-added","who":["user:bernidam"],"prob":1},"fields":{},"normalizations":{}},{"classId":"e_2","part":"s1v1","offsets":[{"start":1185,"text":"A CETA hatására az Európai Unióban csökkenhet a GDP-növekedés, és munkahelyek szűnhetnek meg."}],"coordinates":[],"confidence":{"state":"pre-added","who":["user:bernidam"],"prob":1},"fields":{},"normalizations":{}},{"classId":"e_14","part":"s1v1","offsets":[{"start":1185,"text":"A CETA hatására"}],"coordinates":[],"confidence":{"state":"pre-added","who":["user:bernidam"],"prob":1},"fields":{},"normalizations":{}},{"classId":"e_14","part":"s1v1","offsets":[{"start":1201,"text":"az Európai Unióban"}],"coordinates":[],"confidence":{"state":"pre-added","who":["user:bernidam"],"prob":1},"fields":{},"normalizations":{}},{"classId":"e_13","part":"s1v1","offsets":[{"start":1220,"text":"csökkenhet a GDP-növekedés"}],"coordinates":[],"confidence":{"state":"pre-added","who":["user:bernidam"],"prob":1},"fields":{},"normalizations":{}},{"classId":"e_14","part":"s1v1","offsets":[{"start":1231,"text":"a GDP-növekedés"}],"coordinates":[],"confidence":{"state":"pre-added","who":["user:bernidam"],"prob":1},"fields":{},"normalizations":{}},{"classId":"e_13","part":"s1v1","offsets":[{"start":1251,"text":"munkahelyek szűnhetnek meg"}],"coordinates":[],"confidence":{"state":"pre-added","who":["user:bernidam"],"prob":1},"fields":{},"normalizations":{}},{"classId":"e_14","part":"s1v1","offsets":[{"start":1251,"text":"munkahelyek"}],"coordinates":[],"confidence":{"state":"pre-added","who":["user:bernidam"],"prob":1},"fields":{},"normalizations":{}},{"classId":"e_5","part":"s1v1","offsets":[{"start":1279,"text":"A CETA árt a magyar vállalatoknak"}],"coordinates":[],"confidence":{"state":"pre-added","who":["user:bernidam"],"prob":1},"fields":{},"normalizations":{}},{"classId":"e_14","part":"s1v1","offsets":[{"start":1279,"text":"A CETA"}],"coordinates":[],"confidence":{"state":"pre-added","who":["user:bernidam"],"prob":1},"fields":{},"normalizations":{}},{"classId":"e_13","part":"s1v1","offsets":[{"start":1286,"text":"árt"}],"coordinates":[],"confidence":{"state":"pre-added","who":["user:bernidam"],"prob":1},"fields":{},"normalizations":{}},{"classId":"e_14","part":"s1v1","offsets":[{"start":1290,"text":"a magyar vállalatoknak"}],"coordinates":[],"confidence":{"state":"pre-added","who":["user:bernidam"],"prob":1},"fields":{},"normalizations":{}},{"classId":"e_14","part":"s1v1","offsets":[{"start":1324,"text":"a kis- és középvállalkozásoknak"}],"coordinates":[],"confidence":{"state":"pre-added","who":["user:gcsenge"],"prob":1},"fields":{},"normalizations":{}},{"classId":"e_2","part":"s1v1","offsets":[{"start":1357,"text":"mert nagyobb versenyhátrányba kerülnek a saját országukban"}],"coordinates":[],"confidence":{"state":"pre-added","who":["user:bernidam"],"prob":1},"fields":{},"normalizations":{}},{"classId":"e_14","part":"s1v1","offsets":[{"start":1362,"text":"nagyobb versenyhátrányba"}],"coordinates":[],"confidence":{"state":"pre-added","who":["user:bernidam"],"prob":1},"fields":{},"normalizations":{}},{"classId":"e_13","part":"s1v1","offsets":[{"start":1370,"text":"versenyhátrányba kerülnek"}],"coordinates":[],"confidence":{"state":"pre-added","who":["user:bernidam"],"prob":1},"fields":{},"normalizations":{}},{"classId":"e_14","part":"s1v1","offsets":[{"start":1396,"text":"a saját országukban"}],"coordinates":[],"confidence":{"state":"pre-added","who":["user:bernidam"],"prob":1},"fields":{},"normalizations":{}},{"classId":"e_14","part":"s1v1","offsets":[{"start":1417,"text":"A Fidesz-kormány"}],"coordinates":[],"confidence":{"state":"pre-added","who":["user:gcsenge"],"prob":1},"fields":{},"normalizations":{}},{"classId":"e_14","part":"s1v1","offsets":[{"start":1474,"text":"a külföldi nagyvállalatokkal kötött stratégiai partnerségek"}],"coordinates":[],"confidence":{"state":"pre-added","who":["user:gcsenge"],"prob":1},"fields":{},"normalizations":{}},{"classId":"e_5","part":"s1v1","offsets":[{"start":1535,"text":"a támogatások elosztása és a szakképzés átalakítása sem a kis- és középvállalkozásokat szolgálta"}],"coordinates":[],"confidence":{"state":"pre-added","who":["user:bernidam"],"prob":1},"fields":{},"normalizations":{}},{"classId":"e_14","part":"s1v1","offsets":[{"start":1535,"text":"a támogatások elosztása"}],"coordinates":[],"confidence":{"state":"pre-added","who":["user:bernidam"],"prob":1},"fields":{},"normalizations":{}},{"classId":"e_14","part":"s1v1","offsets":[{"start":1562,"text":"a szakképzés átalakítása"}],"coordinates":[],"confidence":{"state":"pre-added","who":["user:bernidam"],"prob":1},"fields":{},"normalizations":{}},{"classId":"e_13","part":"s1v1","offsets":[{"start":1587,"text":"sem a kis- és középvállalkozásokat szolgálta"}],"coordinates":[],"confidence":{"state":"pre-added","who":["user:bernidam"],"prob":1},"fields":{},"normalizations":{}},{"classId":"e_14","part":"s1v1","offsets":[{"start":1591,"text":"a kis- és középvállalkozásokat"}],"coordinates":[],"confidence":{"state":"pre-added","who":["user:bernidam"],"prob":1},"fields":{},"normalizations":{}},{"classId":"e_14","part":"s1v1","offsets":[{"start":1633,"text":"A CETA támogatásával"}],"coordinates":[],"confidence":{"state":"pre-added","who":["user:gcsenge"],"prob":1},"fields":{},"normalizations":{}},{"classId":"e_2","part":"s1v1","offsets":[{"start":1672,"text":"a kormány az utolsó szöget is beveri a magyar kis- és középvállalkozások koporsójába"}],"coordinates":[],"confidence":{"state":"pre-added","who":["user:bernidam"],"prob":1},"fields":{},"normalizations":{}},{"classId":"e_14","part":"s1v1","offsets":[{"start":1672,"text":"a kormány"}],"coordinates":[],"confidence":{"state":"pre-added","who":["user:bernidam"],"prob":1},"fields":{},"normalizations":{}},{"classId":"e_13","part":"s1v1","offsets":[{"start":1682,"text":"az utolsó szöget is beveri a magyar kis- és középvállalkozások koporsójába"}],"coordinates":[],"confidence":{"state":"pre-added","who":["user:bernidam"],"prob":1},"fields":{},"normalizations":{}},{"classId":"e_14","part":"s1v1","offsets":[{"start":1709,"text":"a magyar kis- és középvállalkozások"}],"coordinates":[],"confidence":{"state":"pre-added","who":["user:bernidam"],"prob":1},"fields":{},"normalizations":{}},{"classId":"e_5","part":"s1v1","offsets":[{"start":1758,"text":"A CETA árt a magyar dolgozóknak."}],"coordinates":[],"confidence":{"state":"pre-added","who":["user:bernidam"],"prob":1},"fields":{},"normalizations":{}},{"classId":"e_14","part":"s1v1","offsets":[{"start":1758,"text":"A CETA"}],"coordinates":[],"confidence":{"state":"pre-added","who":["user:bernidam"],"prob":1},"fields":{},"normalizations":{}},{"classId":"e_13","part":"s1v1","offsets":[{"start":1765,"text":"árt"}],"coordinates":[],"confidence":{"state":"pre-added","who":["user:bernidam"],"prob":1},"fields":{},"normalizations":{}},{"classId":"e_14","part":"s1v1","offsets":[{"start":1769,"text":"a magyar dolgozóknak"}],"coordinates":[],"confidence":{"state":"pre-added","who":["user:bernidam"],"prob":1},"fields":{},"normalizations":{}},{"classId":"e_2","part":"s1v1","offsets":[{"start":1798,"text":"hogy az egyezmény gazdasági szinten teljesen kiszolgáltatottá teszi az országot, nem lesz esély kilépni a lefelé tartó bérversenyből"}],"coordinates":[],"confidence":{"state":"pre-added","who":["user:bernidam"],"prob":1},"fields":{},"normalizations":{}},{"classId":"e_14","part":"s1v1","offsets":[{"start":1803,"text":"az egyezmény"}],"coordinates":[],"confidence":{"state":"pre-added","who":["user:bernidam"],"prob":1},"fields":{},"normalizations":{}},{"classId":"e_14","part":"s1v1","offsets":[{"start":1816,"text":"gazdasági szinten"}],"coordinates":[],"confidence":{"state":"pre-added","who":["user:bernidam"],"prob":1},"fields":{},"normalizations":{}},{"classId":"e_13","part":"s1v1","offsets":[{"start":1843,"text":"kiszolgáltatottá teszi"}],"coordinates":[],"confidence":{"state":"pre-added","who":["user:bernidam"],"prob":1},"fields":{},"normalizations":{}},{"classId":"e_14","part":"s1v1","offsets":[{"start":1866,"text":"az országot"}],"coordinates":[],"confidence":{"state":"pre-added","who":["user:bernidam"],"prob":1},"fields":{},"normalizations":{}},{"classId":"e_13","part":"s1v1","offsets":[{"start":1879,"text":"nem lesz esély"}],"coordinates":[],"confidence":{"state":"pre-added","who":["user:bernidam"],"prob":1},"fields":{},"normalizations":{}},{"classId":"e_14","part":"s1v1","offsets":[{"start":1888,"text":"esély"}],"coordinates":[],"confidence":{"state":"pre-added","who":["user:bernidam"],"prob":1},"fields":{},"normalizations":{}},{"classId":"e_14","part":"s1v1","offsets":[{"start":1902,"text":"a lefelé tartó bérversenyből"}],"coordinates":[],"confidence":{"state":"pre-added","who":["user:bernidam"],"prob":1},"fields":{},"normalizations":{}},{"classId":"e_5","part":"s1v1","offsets":[{"start":1932,"text":"A CETA elfogadása után tovább fogja erősíteni a társadalom szétszakítását"}],"coordinates":[],"confidence":{"state":"pre-added","who":["user:bernidam"],"prob":1},"fields":{},"normalizations":{}},{"classId":"e_14","part":"s1v1","offsets":[{"start":1932,"text":"A CETA"}],"coordinates":[],"confidence":{"state":"pre-added","who":["user:bernidam"],"prob":1},"fields":{},"normalizations":{}},{"classId":"e_14","part":"s1v1","offsets":[{"start":1939,"text":"elfogadása"}],"coordinates":[],"confidence":{"state":"pre-added","who":["user:bernidam"],"prob":1},"fields":{},"normalizations":{}},{"classId":"e_13","part":"s1v1","offsets":[{"start":1978,"text":"a társadalom szétszakítását"}],"coordinates":[],"confidence":{"state":"pre-added","who":["user:bernidam"],"prob":1},"fields":{},"normalizations":{}},{"classId":"e_14","part":"s1v1","offsets":[{"start":1978,"text":"a társadalom szétszakítását"}],"coordinates":[],"confidence":{"state":"pre-added","who":["user:bernidam"],"prob":1},"fields":{},"normalizations":{}},{"classId":"e_2","part":"s1v1","offsets":[{"start":2007,"text":"növelni fogja a dolgozói szegénységet, és a mostaninál magasabb szintre emeli a kivándorlást"}],"coordinates":[],"confidence":{"state":"pre-added","who":["user:bernidam"],"prob":1},"fields":{},"normalizations":{}},{"classId":"e_13","part":"s1v1","offsets":[{"start":2007,"text":"növelni fogja a dolgozói szegénységet"}],"coordinates":[],"confidence":{"state":"pre-added","who":["user:bernidam"],"prob":1},"fields":{},"normalizations":{}},{"classId":"e_14","part":"s1v1","offsets":[{"start":2021,"text":"a dolgozói szegénységet"}],"coordinates":[],"confidence":{"state":"pre-added","who":["user:bernidam"],"prob":1},"fields":{},"normalizations":{}},{"classId":"e_14","part":"s1v1","offsets":[{"start":2049,"text":"a mostaninál magasabb szintre"}],"coordinates":[],"confidence":{"state":"pre-added","who":["user:bernidam"],"prob":1},"fields":{},"normalizations":{}},{"classId":"e_13","part":"s1v1","offsets":[{"start":2062,"text":"magasabb szintre emeli a kivándorlást"}],"coordinates":[],"confidence":{"state":"pre-added","who":["user:bernidam"],"prob":1},"fields":{},"normalizations":{}},{"classId":"e_14","part":"s1v1","offsets":[{"start":2085,"text":"a kivándorlást"}],"coordinates":[],"confidence":{"state":"pre-added","who":["user:bernidam"],"prob":1},"fields":{},"normalizations":{}},{"classId":"e_5","part":"s1v1","offsets":[{"start":2101,"text":"A CETA árt a magyar embernek."}],"coordinates":[],"confidence":{"state":"pre-added","who":["user:bernidam"],"prob":1},"fields":{},"normalizations":{}},{"classId":"e_14","part":"s1v1","offsets":[{"start":2101,"text":"A CETA"}],"coordinates":[],"confidence":{"state":"pre-added","who":["user:bernidam"],"prob":1},"fields":{},"normalizations":{}},{"classId":"e_13","part":"s1v1","offsets":[{"start":2108,"text":"árt"}],"coordinates":[],"confidence":{"state":"pre-added","who":["user:bernidam"],"prob":1},"fields":{},"normalizations":{}},{"classId":"e_14","part":"s1v1","offsets":[{"start":2112,"text":"a magyar embernek"}],"coordinates":[],"confidence":{"state":"pre-added","who":["user:bernidam"],"prob":1},"fields":{},"normalizations":{}},{"classId":"e_2","part":"s1v1","offsets":[{"start":2151,"text":"hogy megszűnjön Magyarország GMO-mentessége"}],"coordinates":[],"confidence":{"state":"pre-added","who":["user:bernidam"],"prob":1},"fields":{},"normalizations":{}},{"classId":"e_13","part":"s1v1","offsets":[{"start":2156,"text":"megszűnjön Magyarország GMO-mentessége"}],"coordinates":[],"confidence":{"state":"pre-added","who":["user:bernidam"],"prob":1},"fields":{},"normalizations":{}},{"classId":"e_14","part":"s1v1","offsets":[{"start":2167,"text":"Magyarország GMO-mentessége"}],"coordinates":[],"confidence":{"state":"pre-added","who":["user:bernidam"],"prob":1},"fields":{},"normalizations":{}},{"classId":"e_2","part":"s1v1","offsets":[{"start":2229,"text":"hogy bármelyik magyar család asztalára rossz minőségű, egészségtelen élelmiszer kerüljön"}],"coordinates":[],"confidence":{"state":"pre-added","who":["user:bernidam"],"prob":1},"fields":{},"normalizations":{}},{"classId":"e_14","part":"s1v1","offsets":[{"start":2234,"text":"bármelyik magyar család asztalára"}],"coordinates":[],"confidence":{"state":"pre-added","who":["user:bernidam"],"prob":1},"fields":{},"normalizations":{}},{"classId":"e_13","part":"s1v1","offsets":[{"start":2268,"text":"rossz minőségű, egészségtelen élelmiszer"}],"coordinates":[],"confidence":{"state":"pre-added","who":["user:bernidam"],"prob":1},"fields":{},"normalizations":{}},{"classId":"e_14","part":"s1v1","offsets":[{"start":2268,"text":"rossz minőségű, egészségtelen élelmiszer"}],"coordinates":[],"confidence":{"state":"pre-added","who":["user:bernidam"],"prob":1},"fields":{},"normalizations":{}},{"classId":"e_1","part":"s1v1","offsets":[{"start":2319,"text":"Veszélyezteti az élelmiszer-biztonságot és a környezetvédelmi normákat"}],"coordinates":[],"confidence":{"state":"pre-added","who":["user:bernidam"],"prob":1},"fields":{},"normalizations":{}},{"classId":"e_13","part":"s1v1","offsets":[{"start":2319,"text":"Veszélyezteti"}],"coordinates":[],"confidence":{"state":"pre-added","who":["user:bernidam"],"prob":1},"fields":{},"normalizations":{}},{"classId":"e_14","part":"s1v1","offsets":[{"start":2333,"text":"az élelmiszer-biztonságot"}],"coordinates":[],"confidence":{"state":"pre-added","who":["user:bernidam"],"prob":1},"fields":{},"normalizations":{}},{"classId":"e_14","part":"s1v1","offsets":[{"start":2362,"text":"a környezetvédelmi normákat"}],"coordinates":[],"confidence":{"state":"pre-added","who":["user:bernidam"],"prob":1},"fields":{},"normalizations":{}},{"classId":"e_6","part":"s1v1","offsets":[{"start":2391,"text":"fittyet hány az Európai Unió egyik fő alapelvére"}],"coordinates":[],"confidence":{"state":"pre-added","who":["user:bernidam"],"prob":1},"fields":{},"normalizations":{}},{"classId":"e_13","part":"s1v1","offsets":[{"start":2391,"text":"fittyet hány"}],"coordinates":[],"confidence":{"state":"pre-added","who":["user:bernidam"],"prob":1},"fields":{},"normalizations":{}},{"classId":"e_14","part":"s1v1","offsets":[{"start":2404,"text":"az Európai Unió egyik fő alapelvére"}],"coordinates":[],"confidence":{"state":"pre-added","who":["user:bernidam"],"prob":1},"fields":{},"normalizations":{}},{"classId":"e_14","part":"s1v1","offsets":[{"start":2441,"text":"az elővigyázatosság elvére"}],"coordinates":[],"confidence":{"state":"pre-added","who":["user:gcsenge"],"prob":1},"fields":{},"normalizations":{}},{"classId":"e_2","part":"s1v1","offsets":[{"start":2469,"text":"A CETA elfogadásával a magyar kormány végső soron lemond a nemzeti önrendelkezésről is."}],"coordinates":[],"confidence":{"state":"pre-added","who":["user:bernidam"],"prob":1},"fields":{},"normalizations":{}},{"classId":"e_14","part":"s1v1","offsets":[{"start":2469,"text":"A CETA elfogadásával"}],"coordinates":[],"confidence":{"state":"pre-added","who":["user:bernidam"],"prob":1},"fields":{},"normalizations":{}},{"classId":"e_14","part":"s1v1","offsets":[{"start":2490,"text":"a magyar kormány"}],"coordinates":[],"confidence":{"state":"pre-added","who":["user:bernidam"],"prob":1},"fields":{},"normalizations":{}},{"classId":"e_13","part":"s1v1","offsets":[{"start":2519,"text":"lemond a nemzeti önrendelkezésről"}],"coordinates":[],"confidence":{"state":"pre-added","who":["user:bernidam"],"prob":1},"fields":{},"normalizations":{}},{"classId":"e_14","part":"s1v1","offsets":[{"start":2526,"text":"a nemzeti önrendelkezésről"}],"coordinates":[],"confidence":{"state":"pre-added","who":["user:bernidam"],"prob":1},"fields":{},"normalizations":{}},{"classId":"e_5","part":"s1v1","offsets":[{"start":2557,"text":"A Kanada-EU aláírásra váró egyezmény tartalmazza az antidemokratikus befektető-állam vitarendezési mechanizmust"}],"coordinates":[],"confidence":{"state":"pre-added","who":["user:bernidam"],"prob":1},"fields":{},"normalizations":{}},{"classId":"e_14","part":"s1v1","offsets":[{"start":2557,"text":"A Kanada-EU aláírásra váró egyezmény"}],"coordinates":[],"confidence":{"state":"pre-added","who":["user:bernidam"],"prob":1},"fields":{},"normalizations":{}},{"classId":"e_13","part":"s1v1","offsets":[{"start":2606,"text":"az antidemokratikus befektető-állam vitarendezési mechanizmust"}],"coordinates":[],"confidence":{"state":"pre-added","who":["user:bernidam"],"prob":1},"fields":{},"normalizations":{}},{"classId":"e_14","part":"s1v1","offsets":[{"start":2606,"text":"az antidemokratikus befektető-állam vitarendezési mechanizmust"}],"coordinates":[],"confidence":{"state":"pre-added","who":["user:bernidam"],"prob":1},"fields":{},"normalizations":{}},{"classId":"e_14","part":"s1v1","offsets":[{"start":2714,"text":"befektetési bírósági rendszert"}],"coordinates":[],"confidence":{"state":"pre-added","who":["user:gcsenge"],"prob":1},"fields":{},"normalizations":{}},{"classId":"e_5","part":"s1v1","offsets":[{"start":2746,"text":"Ezzel tovább perelhetők lesznek a kormányok"}],"coordinates":[],"confidence":{"state":"pre-added","who":["user:bernidam"],"prob":1},"fields":{},"normalizations":{}},{"classId":"e_14","part":"s1v1","offsets":[{"start":2746,"text":"Ezzel"}],"coordinates":[],"confidence":{"state":"pre-added","who":["user:gcsenge"],"prob":1},"fields":{},"normalizations":{}},{"classId":"e_13","part":"s1v1","offsets":[{"start":2759,"text":"perelhetők lesznek"}],"coordinates":[],"confidence":{"state":"pre-added","who":["user:bernidam"],"prob":1},"fields":{},"normalizations":{}},{"classId":"e_14","part":"s1v1","offsets":[{"start":2778,"text":"a kormányok"}],"coordinates":[],"confidence":{"state":"pre-added","who":["user:bernidam"],"prob":1},"fields":{},"normalizations":{}},{"classId":"e_5","part":"s1v1","offsets":[{"start":2816,"text":"hogy a jövőbeni profitját bizonyos egészségvédelmi vagy környezetvédelmi szabályok veszélyeztetik"}],"coordinates":[],"confidence":{"state":"pre-added","who":["user:bernidam"],"prob":1},"fields":{},"normalizations":{}},{"classId":"e_14","part":"s1v1","offsets":[{"start":2821,"text":"a jövőbeni profitját"}],"coordinates":[],"confidence":{"state":"pre-added","who":["user:bernidam"],"prob":1},"fields":{},"normalizations":{}},{"classId":"e_13","part":"s1v1","offsets":[{"start":2832,"text":"profitját bizonyos egészségvédelmi vagy környezetvédelmi szabályok veszélyeztetik"}],"coordinates":[],"confidence":{"state":"pre-added","who":["user:bernidam"],"prob":1},"fields":{},"normalizations":{}},{"classId":"e_14","part":"s1v1","offsets":[{"start":2842,"text":"bizonyos egészségvédelmi vagy környezetvédelmi szabályok"}],"coordinates":[],"confidence":{"state":"pre-added","who":["user:bernidam"],"prob":1},"fields":{},"normalizations":{}},{"classId":"e_2","part":"s1v1","offsets":[{"start":2977,"text":"de ez rosszul definiált és szabadon értelmezhető az egyezményben"}],"coordinates":[],"confidence":{"state":"pre-added","who":["user:bernidam"],"prob":1},"fields":{},"normalizations":{}},{"classId":"e_13","part":"s1v1","offsets":[{"start":2980,"text":"ez rosszul definiált"}],"coordinates":[],"confidence":{"state":"pre-added","who":["user:bernidam"],"prob":1},"fields":{},"normalizations":{}},{"classId":"e_14","part":"s1v1","offsets":[{"start":3026,"text":"az egyezményben"}],"coordinates":[],"confidence":{"state":"pre-added","who":["user:bernidam"],"prob":1},"fields":{},"normalizations":{}},{"classId":"e_5","part":"s1v1","offsets":[{"start":3043,"text":"Szélesre tárja a kaput az indokolatlan pereskedés előtt „a befektetők jogos elvárása” fogalmának bevezetésével, ráadásul a döntőbírák nem az esetektől függetlenül fizetett állandó bírák lesznek."}],"coordinates":[],"confidence":{"state":"pre-added","who":["user:bernidam"],"prob":1},"fields":{},"normalizations":{}},{"classId":"e_14","part":"s1v1","offsets":[{"start":3066,"text":"az indokolatlan pereskedés"}],"coordinates":[],"confidence":{"state":"pre-added","who":["user:bernidam"],"prob":1},"fields":{},"normalizations":{}},{"classId":"e_13","part":"s1v1","offsets":[{"start":3069,"text":"indokolatlan pereskedés"}],"coordinates":[],"confidence":{"state":"pre-added","who":["user:bernidam"],"prob":1},"fields":{},"normalizations":{}},{"classId":"e_14","part":"s1v1","offsets":[{"start":3099,"text":"„a befektetők jogos elvárása” fogalmának bevezetésével"}],"coordinates":[],"confidence":{"state":"pre-added","who":["user:bernidam"],"prob":1},"fields":{},"normalizations":{}},{"classId":"e_14","part":"s1v1","offsets":[{"start":3164,"text":"a döntőbírák"}],"coordinates":[],"confidence":{"state":"pre-added","who":["user:bernidam"],"prob":1},"fields":{},"normalizations":{}},{"classId":"e_13","part":"s1v1","offsets":[{"start":3177,"text":"nem az esetektől függetlenül fizetett állandó bírák"}],"coordinates":[],"confidence":{"state":"pre-added","who":["user:bernidam"],"prob":1},"fields":{},"normalizations":{}},{"classId":"e_14","part":"s1v1","offsets":[{"start":3181,"text":"az esetektől függetlenül fizetett állandó bírák"}],"coordinates":[],"confidence":{"state":"pre-added","who":["user:bernidam"],"prob":1},"fields":{},"normalizations":{}},{"classId":"e_3","part":"s1v1","offsets":[{"start":3280,"text":"hogy a befektetési bírósági rendszer az európai és a hazai joggal is ellentétes"}],"coordinates":[],"confidence":{"state":"pre-added","who":["user:bernidam"],"prob":1},"fields":{},"normalizations":{}},{"classId":"e_14","part":"s1v1","offsets":[{"start":3285,"text":"a befektetési bírósági rendszer"}],"coordinates":[],"confidence":{"state":"pre-added","who":["user:bernidam"],"prob":1},"fields":{},"normalizations":{}},{"classId":"e_14","part":"s1v1","offsets":[{"start":3317,"text":"az európai és a hazai joggal"}],"coordinates":[],"confidence":{"state":"pre-added","who":["user:bernidam"],"prob":1},"fields":{},"normalizations":{}},{"classId":"e_13","part":"s1v1","offsets":[{"start":3331,"text":"a hazai joggal is ellentétes"}],"coordinates":[],"confidence":{"state":"pre-added","who":["user:bernidam"],"prob":1},"fields":{},"normalizations":{}},{"classId":"e_3","part":"s1v1","offsets":[{"start":3361,"text":"Jogellenes"}],"coordinates":[],"confidence":{"state":"pre-added","who":["user:bernidam"],"prob":1},"fields":{},"normalizations":{}},{"classId":"e_13","part":"s1v1","offsets":[{"start":3361,"text":"Jogellenes"}],"coordinates":[],"confidence":{"state":"pre-added","who":["user:bernidam"],"prob":1},"fields":{},"normalizations":{}},{"classId":"e_5","part":"s1v1","offsets":[{"start":3373,"text":"mivel diszkriminatívan különleges jogokat ad a Kanadában bejegyzett cégeknek az európai uniós cégekkel szemben, és kivezeti a bírósági eljárásokat az európai jogrendszerből, ezzel magasabb joghatóságot adva a döntőbíróknak az Európai Bíróságnál"}],"coordinates":[],"confidence":{"state":"pre-added","who":["user:bernidam"],"prob":1},"fields":{},"normalizations":{}},{"classId":"e_13","part":"s1v1","offsets":[{"start":3379,"text":"diszkriminatívan különleges jogokat ad"}],"coordinates":[],"confidence":{"state":"pre-added","who":["user:bernidam"],"prob":1},"fields":{},"normalizations":{}},{"classId":"e_14","part":"s1v1","offsets":[{"start":3379,"text":"diszkriminatívan különleges jogokat"}],"coordinates":[],"confidence":{"state":"pre-added","who":["user:bernidam"],"prob":1},"fields":{},"normalizations":{}},{"classId":"e_14","part":"s1v1","offsets":[{"start":3418,"text":"a Kanadában bejegyzett cégeknek"}],"coordinates":[],"confidence":{"state":"pre-added","who":["user:bernidam"],"prob":1},"fields":{},"normalizations":{}},{"classId":"e_13","part":"s1v1","offsets":[{"start":3450,"text":"az európai uniós cégekkel szemben"}],"coordinates":[],"confidence":{"state":"pre-added","who":["user:bernidam"],"prob":1},"fields":{},"normalizations":{}},{"classId":"e_14","part":"s1v1","offsets":[{"start":3450,"text":"az európai uniós cégekkel"}],"coordinates":[],"confidence":{"state":"pre-added","who":["user:bernidam"],"prob":1},"fields":{},"normalizations":{}},{"classId":"e_13","part":"s1v1","offsets":[{"start":3488,"text":"kivezeti a bírósági eljárásokat"}],"coordinates":[],"confidence":{"state":"pre-added","who":["user:bernidam"],"prob":1},"fields":{},"normalizations":{}},{"classId":"e_14","part":"s1v1","offsets":[{"start":3497,"text":"a bírósági eljárásokat"}],"coordinates":[],"confidence":{"state":"pre-added","who":["user:bernidam"],"prob":1},"fields":{},"normalizations":{}},{"classId":"e_14","part":"s1v1","offsets":[{"start":3520,"text":"az európai jogrendszerből"}],"coordinates":[],"confidence":{"state":"pre-added","who":["user:bernidam"],"prob":1},"fields":{},"normalizations":{}},{"classId":"e_13","part":"s1v1","offsets":[{"start":3553,"text":"magasabb joghatóságot adva a döntőbíróknak az Európai Bíróságnál"}],"coordinates":[],"confidence":{"state":"pre-added","who":["user:bernidam"],"prob":1},"fields":{},"normalizations":{}},{"classId":"e_14","part":"s1v1","offsets":[{"start":3553,"text":"magasabb joghatóságot"}],"coordinates":[],"confidence":{"state":"pre-added","who":["user:bernidam"],"prob":1},"fields":{},"normalizations":{}},{"classId":"e_14","part":"s1v1","offsets":[{"start":3580,"text":"a döntőbíróknak"}],"coordinates":[],"confidence":{"state":"pre-added","who":["user:bernidam"],"prob":1},"fields":{},"normalizations":{}},{"classId":"e_14","part":"s1v1","offsets":[{"start":3596,"text":"az Európai Bíróságnál"}],"coordinates":[],"confidence":{"state":"pre-added","who":["user:bernidam"],"prob":1},"fields":{},"normalizations":{}},{"classId":"e_5","part":"s1v1","offsets":[{"start":3619,"text":"Ennek értelmében a külföldi nagyvállalatok antidemokratikus bíróságokon kényszeríthetik majd rá az akaratukat a magyar államra."}],"coordinates":[],"confidence":{"state":"pre-added","who":["user:bernidam"],"prob":1},"fields":{},"normalizations":{}},{"classId":"e_14","part":"s1v1","offsets":[{"start":3619,"text":"Ennek értelmében"}],"coordinates":[],"confidence":{"state":"pre-added","who":["user:gcsenge"],"prob":1},"fields":{},"normalizations":{}},{"classId":"e_14","part":"s1v1","offsets":[{"start":3636,"text":"a külföldi nagyvállalatok"}],"coordinates":[],"confidence":{"state":"pre-added","who":["user:bernidam"],"prob":1},"fields":{},"normalizations":{}},{"classId":"e_14","part":"s1v1","offsets":[{"start":3662,"text":"antidemokratikus bíróságokon"}],"coordinates":[],"confidence":{"state":"pre-added","who":["user:bernidam"],"prob":1},"fields":{},"normalizations":{}},{"classId":"e_13","part":"s1v1","offsets":[{"start":3691,"text":"kényszeríthetik majd rá az akaratukat"}],"coordinates":[],"confidence":{"state":"pre-added","who":["user:bernidam"],"prob":1},"fields":{},"normalizations":{}},{"classId":"e_14","part":"s1v1","offsets":[{"start":3715,"text":"az akaratukat"}],"coordinates":[],"confidence":{"state":"pre-added","who":["user:bernidam"],"prob":1},"fields":{},"normalizations":{}},{"classId":"e_14","part":"s1v1","offsets":[{"start":3729,"text":"a magyar államra"}],"coordinates":[],"confidence":{"state":"pre-added","who":["user:bernidam"],"prob":1},"fields":{},"normalizations":{}},{"classId":"e_14","part":"s1v1","offsets":[{"start":3747,"text":"A magyar kormány"}],"coordinates":[],"confidence":{"state":"pre-added","who":["user:gcsenge"],"prob":1},"fields":{},"normalizations":{}},{"classId":"e_2","part":"s1v1","offsets":[{"start":3791,"text":"akkor lemond arról"}],"coordinates":[],"confidence":{"state":"pre-added","who":["user:bernidam"],"prob":1},"fields":{},"normalizations":{}},{"classId":"e_13","part":"s1v1","offsets":[{"start":3797,"text":"lemond"}],"coordinates":[],"confidence":{"state":"pre-added","who":["user:bernidam"],"prob":1},"fields":{},"normalizations":{}},{"classId":"e_4","part":"s1v1","offsets":[{"start":3811,"text":"hogy megvédje a magyar embereket és a magyar kis- és középvállalkozásokat a külföldi nagyvállalatokkal szemben"}],"coordinates":[],"confidence":{"state":"pre-added","who":["user:bernidam"],"prob":1},"fields":{},"normalizations":{}},{"classId":"e_13","part":"s1v1","offsets":[{"start":3816,"text":"megvédje"}],"coordinates":[],"confidence":{"state":"pre-added","who":["user:bernidam"],"prob":1},"fields":{},"normalizations":{}},{"classId":"e_14","part":"s1v1","offsets":[{"start":3825,"text":"a magyar embereket"}],"coordinates":[],"confidence":{"state":"pre-added","who":["user:bernidam"],"prob":1},"fields":{},"normalizations":{}},{"classId":"e_14","part":"s1v1","offsets":[{"start":3847,"text":"a magyar kis- és középvállalkozásokat"}],"coordinates":[],"confidence":{"state":"pre-added","who":["user:bernidam"],"prob":1},"fields":{},"normalizations":{}},{"classId":"e_14","part":"s1v1","offsets":[{"start":3885,"text":"a külföldi nagyvállalatokkal"}],"coordinates":[],"confidence":{"state":"pre-added","who":["user:bernidam"],"prob":1},"fields":{},"normalizations":{}},{"classId":"e_4","part":"s1v1","offsets":[{"start":3923,"text":"A kormány most tehet az önrendelkezésért, a magyar emberek jobb létéért."}],"coordinates":[],"confidence":{"state":"pre-added","who":["user:bernidam"],"prob":1},"fields":{},"normalizations":{}},{"classId":"e_14","part":"s1v1","offsets":[{"start":3923,"text":"A kormány"}],"coordinates":[],"confidence":{"state":"pre-added","who":["user:bernidam"],"prob":1},"fields":{},"normalizations":{}},{"classId":"e_14","part":"s1v1","offsets":[{"start":3933,"text":"most"}],"coordinates":[],"confidence":{"state":"pre-added","who":["user:gcsenge"],"prob":1},"fields":{},"normalizations":{}},{"classId":"e_13","part":"s1v1","offsets":[{"start":3938,"text":"tehet az önrendelkezésért"}],"coordinates":[],"confidence":{"state":"pre-added","who":["user:bernidam"],"prob":1},"fields":{},"normalizations":{}},{"classId":"e_14","part":"s1v1","offsets":[{"start":3944,"text":"az önrendelkezésért"}],"coordinates":[],"confidence":{"state":"pre-added","who":["user:bernidam"],"prob":1},"fields":{},"normalizations":{}},{"classId":"e_14","part":"s1v1","offsets":[{"start":3965,"text":"a magyar emberek jobb létéért"}],"coordinates":[],"confidence":{"state":"pre-added","who":["user:bernidam"],"prob":1},"fields":{},"normalizations":{}},{"classId":"e_13","part":"s1v1","offsets":[{"start":3982,"text":"jobb létéért"}],"coordinates":[],"confidence":{"state":"pre-added","who":["user:bernidam"],"prob":1},"fields":{},"normalizations":{}},{"classId":"e_5","part":"s1v1","offsets":[{"start":4006,"text":"hogy mondjon nemet a CETA-ra"}],"coordinates":[],"confidence":{"state":"pre-added","who":["user:bernidam"],"prob":1},"fields":{},"normalizations":{}},{"classId":"e_13","part":"s1v1","offsets":[{"start":4011,"text":"mondjon nemet"}],"coordinates":[],"confidence":{"state":"pre-added","who":["user:bernidam"],"prob":1},"fields":{},"normalizations":{}},{"classId":"e_14","part":"s1v1","offsets":[{"start":4025,"text":"a CETA-ra"}],"coordinates":[],"confidence":{"state":"pre-added","who":["user:bernidam"],"prob":1},"fields":{},"normalizations":{}}],"relations":[{"classId":"r_15","type":"linked","directed":false,"entities":["s1v1|e_14|2333,2357","s1v1|e_1|2319,2388"],"confidence":{"state":"pre-added","who":["user:bernidam"],"prob":1}},{"classId":"r_15","type":"linked","directed":false,"entities":["s1v1|e_14|2362,2388","s1v1|e_1|2319,2388"],"confidence":{"state":"pre-added","who":["user:bernidam"],"prob":1}},{"classId":"r_16","type":"linked","directed":false,"entities":["s1v1|e_14|1040,1068","s1v1|e_2|1040,1096"],"confidence":{"state":"pre-added","who":["user:bernidam"],"prob":1}},{"classId":"r_16","type":"linked","directed":false,"entities":["s1v1|e_14|1070,1072","s1v1|e_2|1040,1096"],"confidence":{"state":"pre-added","who":["user:gcsenge"],"prob":1}},{"classId":"r_16","type":"linked","directed":false,"entities":["s1v1|e_14|1185,1199","s1v1|e_2|1185,1277"],"confidence":{"state":"pre-added","who":["user:bernidam"],"prob":1}},{"classId":"r_16","type":"linked","directed":false,"entities":["s1v1|e_14|1201,1218","s1v1|e_2|1185,1277"],"confidence":{"state":"pre-added","who":["user:bernidam"],"prob":1}},{"classId":"r_16","type":"linked","directed":false,"entities":["s1v1|e_14|1231,1245","s1v1|e_2|1185,1277"],"confidence":{"state":"pre-added","who":["user:bernidam"],"prob":1}},{"classId":"r_16","type":"linked","directed":false,"entities":["s1v1|e_14|1251,1261","s1v1|e_2|1185,1277"],"confidence":{"state":"pre-added","who":["user:bernidam"],"prob":1}},{"classId":"r_16","type":"linked","directed":false,"entities":["s1v1|e_14|1362,1385","s1v1|e_2|1357,1414"],"confidence":{"state":"pre-added","who":["user:bernidam"],"prob":1}},{"classId":"r_16","type":"linked","directed":false,"entities":["s1v1|e_14|1396,1414","s1v1|e_2|1357,1414"],"confidence":{"state":"pre-added","who":["user:bernidam"],"prob":1}},{"classId":"r_16","type":"linked","directed":false,"entities":["s1v1|e_14|1633,1652","s1v1|e_2|1672,1755"],"confidence":{"state":"pre-added","who":["user:gcsenge"],"prob":1}},{"classId":"r_16","type":"linked","directed":false,"entities":["s1v1|e_14|1672,1680","s1v1|e_2|1672,1755"],"confidence":{"state":"pre-added","who":["user:bernidam"],"prob":1}},{"classId":"r_16","type":"linked","directed":false,"entities":["s1v1|e_14|1709,1743","s1v1|e_2|1672,1755"],"confidence":{"state":"pre-added","who":["user:bernidam"],"prob":1}},{"classId":"r_16","type":"linked","directed":false,"entities":["s1v1|e_14|1803,1814","s1v1|e_2|1798,1929"],"confidence":{"state":"pre-added","who":["user:bernidam"],"prob":1}},{"classId":"r_16","type":"linked","directed":false,"entities":["s1v1|e_14|1816,1832","s1v1|e_2|1798,1929"],"confidence":{"state":"pre-added","who":["user:bernidam"],"prob":1}},{"classId":"r_16","type":"linked","directed":false,"entities":["s1v1|e_14|1866,1876","s1v1|e_2|1798,1929"],"confidence":{"state":"pre-added","who":["user:bernidam"],"prob":1}},{"classId":"r_16","type":"linked","directed":false,"entities":["s1v1|e_14|1888,1892","s1v1|e_2|1798,1929"],"confidence":{"state":"pre-added","who":["user:bernidam"],"prob":1}},{"classId":"r_16","type":"linked","directed":false,"entities":["s1v1|e_14|1902,1929","s1v1|e_2|1798,1929"],"confidence":{"state":"pre-added","who":["user:bernidam"],"prob":1}},{"classId":"r_16","type":"linked","directed":false,"entities":["s1v1|e_14|2021,2043","s1v1|e_2|2007,2098"],"confidence":{"state":"pre-added","who":["user:bernidam"],"prob":1}},{"classId":"r_16","type":"linked","directed":false,"entities":["s1v1|e_14|2049,2077","s1v1|e_2|2007,2098"],"confidence":{"state":"pre-added","who":["user:bernidam"],"prob":1}},{"classId":"r_16","type":"linked","directed":false,"entities":["s1v1|e_14|2085,2098","s1v1|e_2|2007,2098"],"confidence":{"state":"pre-added","who":["user:bernidam"],"prob":1}},{"classId":"r_16","type":"linked","directed":false,"entities":["s1v1|e_14|2167,2193","s1v1|e_2|2151,2193"],"confidence":{"state":"pre-added","who":["user:bernidam"],"prob":1}},{"classId":"r_16","type":"linked","directed":false,"entities":["s1v1|e_14|2234,2266","s1v1|e_2|2229,2316"],"confidence":{"state":"pre-added","who":["user:bernidam"],"prob":1}},{"classId":"r_16","type":"linked","directed":false,"entities":["s1v1|e_14|2268,2307","s1v1|e_2|2229,2316"],"confidence":{"state":"pre-added","who":["user:bernidam"],"prob":1}},{"classId":"r_16","type":"linked","directed":false,"entities":["s1v1|e_14|2469,2488","s1v1|e_2|2469,2555"],"confidence":{"state":"pre-added","who":["user:bernidam"],"prob":1}},{"classId":"r_16","type":"linked","directed":false,"entities":["s1v1|e_14|2490,2505","s1v1|e_2|2469,2555"],"confidence":{"state":"pre-added","who":["user:bernidam"],"prob":1}},{"classId":"r_16","type":"linked","directed":false,"entities":["s1v1|e_14|2526,2551","s1v1|e_2|2469,2555"],"confidence":{"state":"pre-added","who":["user:bernidam"],"prob":1}},{"classId":"r_16","type":"linked","directed":false,"entities":["s1v1|e_14|3026,3040","s1v1|e_2|2977,3040"],"confidence":{"state":"pre-added","who":["user:bernidam"],"prob":1}},{"classId":"r_16","type":"linked","directed":false,"entities":["s1v1|e_14|3747,3762","s1v1|e_2|3791,3808"],"confidence":{"state":"pre-added","who":["user:gcsenge"],"prob":1}},{"classId":"r_17","type":"linked","directed":false,"entities":["s1v1|e_14|3285,3315","s1v1|e_3|3280,3358"],"confidence":{"state":"pre-added","who":["user:bernidam"],"prob":1}},{"classId":"r_17","type":"linked","directed":false,"entities":["s1v1|e_14|3317,3344","s1v1|e_3|3280,3358"],"confidence":{"state":"pre-added","who":["user:bernidam"],"prob":1}},{"classId":"r_18","type":"linked","directed":false,"entities":["s1v1|e_14|683,721","s1v1|e_4|741,798"],"confidence":{"state":"pre-added","who":["user:gcsenge"],"prob":1}},{"classId":"r_18","type":"linked","directed":false,"entities":["s1v1|e_14|729,738","s1v1|e_4|741,798"],"confidence":{"state":"pre-added","who":["user:gcsenge"],"prob":1}},{"classId":"r_18","type":"linked","directed":false,"entities":["s1v1|e_14|746,760","s1v1|e_4|741,798"],"confidence":{"state":"pre-added","who":["user:bernidam"],"prob":1}},{"classId":"r_18","type":"linked","directed":false,"entities":["s1v1|e_14|772,792","s1v1|e_4|741,798"],"confidence":{"state":"pre-added","who":["user:bernidam"],"prob":1}},{"classId":"r_18","type":"linked","directed":false,"entities":["s1v1|e_14|923,931","s1v1|e_4|946,1004"],"confidence":{"state":"pre-added","who":["user:gcsenge"],"prob":1}},{"classId":"r_18","type":"linked","directed":false,"entities":["s1v1|e_14|951,956","s1v1|e_4|946,1004"],"confidence":{"state":"pre-added","who":["user:bernidam"],"prob":1}},{"classId":"r_18","type":"linked","directed":false,"entities":["s1v1|e_14|974,1004","s1v1|e_4|946,1004"],"confidence":{"state":"pre-added","who":["user:bernidam"],"prob":1}},{"classId":"r_18","type":"linked","directed":false,"entities":["s1v1|e_14|3825,3842","s1v1|e_4|3811,3920"],"confidence":{"state":"pre-added","who":["user:bernidam"],"prob":1}},{"classId":"r_18","type":"linked","directed":false,"entities":["s1v1|e_14|3847,3883","s1v1|e_4|3811,3920"],"confidence":{"state":"pre-added","who":["user:bernidam"],"prob":1}},{"classId":"r_18","type":"linked","directed":false,"entities":["s1v1|e_14|3885,3912","s1v1|e_4|3811,3920"],"confidence":{"state":"pre-added","who":["user:bernidam"],"prob":1}},{"classId":"r_18","type":"linked","directed":false,"entities":["s1v1|e_14|3923,3931","s1v1|e_4|3923,3994"],"confidence":{"state":"pre-added","who":["user:bernidam"],"prob":1}},{"classId":"r_18","type":"linked","directed":false,"entities":["s1v1|e_14|3933,3936","s1v1|e_4|3923,3994"],"confidence":{"state":"pre-added","who":["user:gcsenge"],"prob":1}},{"classId":"r_18","type":"linked","directed":false,"entities":["s1v1|e_14|3944,3962","s1v1|e_4|3923,3994"],"confidence":{"state":"pre-added","who":["user:bernidam"],"prob":1}},{"classId":"r_18","type":"linked","directed":false,"entities":["s1v1|e_14|3965,3993","s1v1|e_4|3923,3994"],"confidence":{"state":"pre-added","who":["user:bernidam"],"prob":1}},{"classId":"r_19","type":"linked","directed":false,"entities":["s1v1|e_14|76,91","s1v1|e_5|158,295"],"confidence":{"state":"pre-added","who":["user:gcsenge"],"prob":1}},{"classId":"r_19","type":"linked","directed":false,"entities":["s1v1|e_14|93,105","s1v1|e_5|158,295"],"confidence":{"state":"pre-added","who":["user:gcsenge"],"prob":1}},{"classId":"r_19","type":"linked","directed":false,"entities":["s1v1|e_14|158,179","s1v1|e_5|158,295"],"confidence":{"state":"pre-added","who":["user:bernidam"],"prob":1}},{"classId":"r_19","type":"linked","directed":false,"entities":["s1v1|e_14|185,217","s1v1|e_5|158,295"],"confidence":{"state":"pre-added","who":["user:bernidam"],"prob":1}},{"classId":"r_19","type":"linked","directed":false,"entities":["s1v1|e_14|219,295","s1v1|e_5|158,295"],"confidence":{"state":"pre-added","who":["user:bernidam"],"prob":1}},{"classId":"r_19","type":"linked","directed":false,"entities":["s1v1|e_14|298,315","s1v1|e_5|329,380"],"confidence":{"state":"pre-added","who":["user:gcsenge"],"prob":1}},{"classId":"r_19","type":"linked","directed":false,"entities":["s1v1|e_14|329,343","s1v1|e_5|329,380"],"confidence":{"state":"pre-added","who":["user:bernidam"],"prob":1}},{"classId":"r_19","type":"linked","directed":false,"entities":["s1v1|e_14|348,356","s1v1|e_5|329,380"],"confidence":{"state":"pre-added","who":["user:bernidam"],"prob":1}},{"classId":"r_19","type":"linked","directed":false,"entities":["s1v1|e_14|372,380","s1v1|e_5|329,380"],"confidence":{"state":"pre-added","who":["user:bernidam"],"prob":1}},{"classId":"r_19","type":"linked","directed":false,"entities":["s1v1|e_14|383,388","s1v1|e_5|383,476"],"confidence":{"state":"pre-added","who":["user:bernidam"],"prob":1}},{"classId":"r_19","type":"linked","directed":false,"entities":["s1v1|e_14|398,406","s1v1|e_5|383,476"],"confidence":{"state":"pre-added","who":["user:bernidam"],"prob":1}},{"classId":"r_19","type":"linked","directed":false,"entities":["s1v1|e_14|429,456","s1v1|e_5|383,476"],"confidence":{"state":"pre-added","who":["user:bernidam"],"prob":1}},{"classId":"r_19","type":"linked","directed":false,"entities":["s1v1|e_14|461,476","s1v1|e_5|383,476"],"confidence":{"state":"pre-added","who":["user:bernidam"],"prob":1}},{"classId":"r_19","type":"linked","directed":false,"entities":["s1v1|e_14|522,527","s1v1|e_5|522,609"],"confidence":{"state":"pre-added","who":["user:bernidam"],"prob":1}},{"classId":"r_19","type":"linked","directed":false,"entities":["s1v1|e_14|533,538","s1v1|e_5|522,609"],"confidence":{"state":"pre-added","who":["user:bernidam"],"prob":1}},{"classId":"r_19","type":"linked","directed":false,"entities":["s1v1|e_14|540,559","s1v1|e_5|522,609"],"confidence":{"state":"pre-added","who":["user:bernidam"],"prob":1}},{"classId":"r_19","type":"linked","directed":false,"entities":["s1v1|e_14|569,574","s1v1|e_5|522,609"],"confidence":{"state":"pre-added","who":["user:bernidam"],"prob":1}},{"classId":"r_19","type":"linked","directed":false,"entities":["s1v1|e_14|576,605","s1v1|e_5|522,609"],"confidence":{"state":"pre-added","who":["user:bernidam"],"prob":1}},{"classId":"r_19","type":"linked","directed":false,"entities":["s1v1|e_14|612,617","s1v1|e_5|612,681"],"confidence":{"state":"pre-added","who":["user:bernidam"],"prob":1}},{"classId":"r_19","type":"linked","directed":false,"entities":["s1v1|e_14|637,670","s1v1|e_5|612,681"],"confidence":{"state":"pre-added","who":["user:bernidam"],"prob":1}},{"classId":"r_19","type":"linked","directed":false,"entities":["s1v1|e_14|837,861","s1v1|e_5|832,920"],"confidence":{"state":"pre-added","who":["user:bernidam"],"prob":1}},{"classId":"r_19","type":"linked","directed":false,"entities":["s1v1|e_14|863,898","s1v1|e_5|832,920"],"confidence":{"state":"pre-added","who":["user:bernidam"],"prob":1}},{"classId":"r_19","type":"linked","directed":false,"entities":["s1v1|e_14|909,920","s1v1|e_5|832,920"],"confidence":{"state":"pre-added","who":["user:bernidam"],"prob":1}},{"classId":"r_19","type":"linked","directed":false,"entities":["s1v1|e_14|1128,1148","s1v1|e_5|1151,1182"],"confidence":{"state":"pre-added","who":["user:bernidam"],"prob":1}},{"classId":"r_19","type":"linked","directed":false,"entities":["s1v1|e_14|1154,1157","s1v1|e_5|1151,1182"],"confidence":{"state":"pre-added","who":["user:gcsenge"],"prob":1}},{"classId":"r_19","type":"linked","directed":false,"entities":["s1v1|e_14|1279,1284","s1v1|e_5|1279,1311"],"confidence":{"state":"pre-added","who":["user:bernidam"],"prob":1}},{"classId":"r_19","type":"linked","directed":false,"entities":["s1v1|e_14|1290,1311","s1v1|e_5|1279,1311"],"confidence":{"state":"pre-added","who":["user:bernidam"],"prob":1}},{"classId":"r_19","type":"linked","directed":false,"entities":["s1v1|e_14|1324,1354","s1v1|e_5|1279,1311"],"confidence":{"state":"pre-added","who":["user:gcsenge"],"prob":1}},{"classId":"r_19","type":"linked","directed":false,"entities":["s1v1|e_14|1417,1432","s1v1|e_5|1535,1630"],"confidence":{"state":"pre-added","who":["user:gcsenge"],"prob":1}},{"classId":"r_19","type":"linked","directed":false,"entities":["s1v1|e_14|1474,1532","s1v1|e_5|1535,1630"],"confidence":{"state":"pre-added","who":["user:gcsenge"],"prob":1}},{"classId":"r_19","type":"linked","directed":false,"entities":["s1v1|e_14|1535,1557","s1v1|e_5|1535,1630"],"confidence":{"state":"pre-added","who":["user:bernidam"],"prob":1}},{"classId":"r_19","type":"linked","directed":false,"entities":["s1v1|e_14|1562,1585","s1v1|e_5|1535,1630"],"confidence":{"state":"pre-added","who":["user:bernidam"],"prob":1}},{"classId":"r_19","type":"linked","directed":false,"entities":["s1v1|e_14|1591,1620","s1v1|e_5|1535,1630"],"confidence":{"state":"pre-added","who":["user:bernidam"],"prob":1}},{"classId":"r_19","type":"linked","directed":false,"entities":["s1v1|e_14|1758,1763","s1v1|e_5|1758,1789"],"confidence":{"state":"pre-added","who":["user:bernidam"],"prob":1}},{"classId":"r_19","type":"linked","directed":false,"entities":["s1v1|e_14|1769,1788","s1v1|e_5|1758,1789"],"confidence":{"state":"pre-added","who":["user:bernidam"],"prob":1}},{"classId":"r_19","type":"linked","directed":false,"entities":["s1v1|e_14|1932,1937","s1v1|e_5|1932,2004"],"confidence":{"state":"pre-added","who":["user:bernidam"],"prob":1}},{"classId":"r_19","type":"linked","directed":false,"entities":["s1v1|e_14|1939,1948","s1v1|e_5|1932,2004"],"confidence":{"state":"pre-added","who":["user:bernidam"],"prob":1}},{"classId":"r_19","type":"linked","directed":false,"entities":["s1v1|e_14|1978,2004","s1v1|e_5|1932,2004"],"confidence":{"state":"pre-added","who":["user:bernidam"],"prob":1}},{"classId":"r_19","type":"linked","directed":false,"entities":["s1v1|e_14|2101,2106","s1v1|e_5|2101,2129"],"confidence":{"state":"pre-added","who":["user:bernidam"],"prob":1}},{"classId":"r_19","type":"linked","directed":false,"entities":["s1v1|e_14|2112,2128","s1v1|e_5|2101,2129"],"confidence":{"state":"pre-added","who":["user:bernidam"],"prob":1}},{"classId":"r_19","type":"linked","directed":false,"entities":["s1v1|e_14|2557,2592","s1v1|e_5|2557,2667"],"confidence":{"state":"pre-added","who":["user:bernidam"],"prob":1}},{"classId":"r_19","type":"linked","directed":false,"entities":["s1v1|e_14|2606,2667","s1v1|e_5|2557,2667"],"confidence":{"state":"pre-added","who":["user:bernidam"],"prob":1}},{"classId":"r_19","type":"linked","directed":false,"entities":["s1v1|e_14|2714,2743","s1v1|e_5|2557,2667"],"confidence":{"state":"pre-added","who":["user:gcsenge"],"prob":1}},{"classId":"r_19","type":"linked","directed":false,"entities":["s1v1|e_14|2778,2788","s1v1|e_5|2746,2788"],"confidence":{"state":"pre-added","who":["user:bernidam"],"prob":1}},{"classId":"r_19","type":"linked","directed":false,"entities":["s1v1|e_14|2821,2840","s1v1|e_5|2816,2912"],"confidence":{"state":"pre-added","who":["user:bernidam"],"prob":1}},{"classId":"r_19","type":"linked","directed":false,"entities":["s1v1|e_14|2842,2897","s1v1|e_5|2816,2912"],"confidence":{"state":"pre-added","who":["user:bernidam"],"prob":1}},{"classId":"r_19","type":"linked","directed":false,"entities":["s1v1|e_14|3066,3091","s1v1|e_5|3043,3236"],"confidence":{"state":"pre-added","who":["user:bernidam"],"prob":1}},{"classId":"r_19","type":"linked","directed":false,"entities":["s1v1|e_14|3099,3152","s1v1|e_5|3043,3236"],"confidence":{"state":"pre-added","who":["user:bernidam"],"prob":1}},{"classId":"r_19","type":"linked","directed":false,"entities":["s1v1|e_14|3164,3175","s1v1|e_5|3043,3236"],"confidence":{"state":"pre-added","who":["user:bernidam"],"prob":1}},{"classId":"r_19","type":"linked","directed":false,"entities":["s1v1|e_14|3181,3227","s1v1|e_5|3043,3236"],"confidence":{"state":"pre-added","who":["user:bernidam"],"prob":1}},{"classId":"r_19","type":"linked","directed":false,"entities":["s1v1|e_14|3379,3413","s1v1|e_5|3373,3616"],"confidence":{"state":"pre-added","who":["user:bernidam"],"prob":1}},{"classId":"r_19","type":"linked","directed":false,"entities":["s1v1|e_14|3418,3448","s1v1|e_5|3373,3616"],"confidence":{"state":"pre-added","who":["user:bernidam"],"prob":1}},{"classId":"r_19","type":"linked","directed":false,"entities":["s1v1|e_14|3450,3474","s1v1|e_5|3373,3616"],"confidence":{"state":"pre-added","who":["user:bernidam"],"prob":1}},{"classId":"r_19","type":"linked","directed":false,"entities":["s1v1|e_14|3497,3518","s1v1|e_5|3373,3616"],"confidence":{"state":"pre-added","who":["user:bernidam"],"prob":1}},{"classId":"r_19","type":"linked","directed":false,"entities":["s1v1|e_14|3520,3544","s1v1|e_5|3373,3616"],"confidence":{"state":"pre-added","who":["user:bernidam"],"prob":1}},{"classId":"r_19","type":"linked","directed":false,"entities":["s1v1|e_14|3553,3573","s1v1|e_5|3373,3616"],"confidence":{"state":"pre-added","who":["user:bernidam"],"prob":1}},{"classId":"r_19","type":"linked","directed":false,"entities":["s1v1|e_14|3580,3594","s1v1|e_5|3373,3616"],"confidence":{"state":"pre-added","who":["user:bernidam"],"prob":1}},{"classId":"r_19","type":"linked","directed":false,"entities":["s1v1|e_14|3596,3616","s1v1|e_5|3373,3616"],"confidence":{"state":"pre-added","who":["user:bernidam"],"prob":1}},{"classId":"r_19","type":"linked","directed":false,"entities":["s1v1|e_14|3619,3634","s1v1|e_5|3619,3745"],"confidence":{"state":"pre-added","who":["user:gcsenge"],"prob":1}},{"classId":"r_19","type":"linked","directed":false,"entities":["s1v1|e_14|3636,3660","s1v1|e_5|3619,3745"],"confidence":{"state":"pre-added","who":["user:bernidam"],"prob":1}},{"classId":"r_19","type":"linked","directed":false,"entities":["s1v1|e_14|3662,3689","s1v1|e_5|3619,3745"],"confidence":{"state":"pre-added","who":["user:bernidam"],"prob":1}},{"classId":"r_19","type":"linked","directed":false,"entities":["s1v1|e_14|3715,3727","s1v1|e_5|3619,3745"],"confidence":{"state":"pre-added","who":["user:bernidam"],"prob":1}},{"classId":"r_19","type":"linked","directed":false,"entities":["s1v1|e_14|3729,3744","s1v1|e_5|3619,3745"],"confidence":{"state":"pre-added","who":["user:bernidam"],"prob":1}},{"classId":"r_19","type":"linked","directed":false,"entities":["s1v1|e_14|4025,4033","s1v1|e_5|4006,4033"],"confidence":{"state":"pre-added","who":["user:bernidam"],"prob":1}},{"classId":"r_20","type":"linked","directed":false,"entities":["s1v1|e_14|1010,1011","s1v1|e_6|1007,1037"],"confidence":{"state":"pre-added","who":["user:gcsenge"],"prob":1}},{"classId":"r_20","type":"linked","directed":false,"entities":["s1v1|e_14|1018,1037","s1v1|e_6|1007,1037"],"confidence":{"state":"pre-added","who":["user:bernidam"],"prob":1}},{"classId":"r_20","type":"linked","directed":false,"entities":["s1v1|e_14|2404,2438","s1v1|e_6|2391,2438"],"confidence":{"state":"pre-added","who":["user:bernidam"],"prob":1}},{"classId":"r_20","type":"linked","directed":false,"entities":["s1v1|e_14|2441,2466","s1v1|e_6|2391,2438"],"confidence":{"state":"pre-added","who":["user:gcsenge"],"prob":1}}]}