{"annotatable":{"parts":["s1v1"]},"anncomplete":false,"sources":[],"metas":{},"entities":[{"classId":"e_3","part":"s1v1","offsets":[{"start":46,"text":"Magyarországon a 15 éven felüli nők egyötöde, azaz közel egymillió nő válik élete során a nők elleni fizikai vagy szexuális erőszak valamelyik formájának áldozatává."}],"coordinates":[],"confidence":{"state":"pre-added","who":["user:porkolabadrian","user:bernidam"],"prob":1},"fields":{},"normalizations":{}},{"classId":"e_14","part":"s1v1","offsets":[{"start":46,"text":"Magyarországon"}],"coordinates":[],"confidence":{"state":"pre-added","who":["user:porkolabadrian"],"prob":1},"fields":{},"normalizations":{}},{"classId":"e_14","part":"s1v1","offsets":[{"start":61,"text":"a 15 éven felüli nők egyötöde"}],"coordinates":[],"confidence":{"state":"pre-added","who":["user:bernidam"],"prob":1},"fields":{},"normalizations":{}},{"classId":"e_14","part":"s1v1","offsets":[{"start":97,"text":"közel egymillió nő"}],"coordinates":[],"confidence":{"state":"pre-added","who":["user:bernidam"],"prob":1},"fields":{},"normalizations":{}},{"classId":"e_14","part":"s1v1","offsets":[{"start":122,"text":"élete során"}],"coordinates":[],"confidence":{"state":"pre-added","who":["user:porkolabadrian"],"prob":1},"fields":{},"normalizations":{}},{"classId":"e_14","part":"s1v1","offsets":[{"start":134,"text":"a nők elleni fizikai vagy szexuális erőszak valamelyik formájának áldozatává"}],"coordinates":[],"confidence":{"state":"pre-added","who":["user:porkolabadrian"],"prob":1},"fields":{},"normalizations":{}},{"classId":"e_13","part":"s1v1","offsets":[{"start":147,"text":"fizikai vagy szexuális erőszak"}],"coordinates":[],"confidence":{"state":"pre-added","who":["user:bernidam"],"prob":1},"fields":{},"normalizations":{}},{"classId":"e_2","part":"s1v1","offsets":[{"start":212,"text":"Magyarországon a családon belüli erőszak legalább hetente egy nő életét követeli, havonta legalább egy gyermek szenved el halálos sérüléseket."}],"coordinates":[],"confidence":{"state":"pre-added","who":["user:porkolabadrian"],"prob":1},"fields":{},"normalizations":{}},{"classId":"e_14","part":"s1v1","offsets":[{"start":212,"text":"Magyarországon"}],"coordinates":[],"confidence":{"state":"pre-added","who":["user:porkolabadrian"],"prob":1},"fields":{},"normalizations":{}},{"classId":"e_14","part":"s1v1","offsets":[{"start":227,"text":"a családon belüli erőszak"}],"coordinates":[],"confidence":{"state":"pre-added","who":["user:porkolabadrian"],"prob":1},"fields":{},"normalizations":{}},{"classId":"e_14","part":"s1v1","offsets":[{"start":270,"text":"egy nő életét"}],"coordinates":[],"confidence":{"state":"pre-added","who":["user:bernidam"],"prob":1},"fields":{},"normalizations":{}},{"classId":"e_13","part":"s1v1","offsets":[{"start":277,"text":"életét követeli"}],"coordinates":[],"confidence":{"state":"pre-added","who":["user:porkolabadrian"],"prob":1},"fields":{},"normalizations":{}},{"classId":"e_14","part":"s1v1","offsets":[{"start":311,"text":"egy gyermek"}],"coordinates":[],"confidence":{"state":"pre-added","who":["user:bernidam"],"prob":1},"fields":{},"normalizations":{}},{"classId":"e_13","part":"s1v1","offsets":[{"start":323,"text":"szenved el halálos sérüléseket"}],"coordinates":[],"confidence":{"state":"pre-added","who":["user:porkolabadrian"],"prob":1},"fields":{},"normalizations":{}},{"classId":"e_14","part":"s1v1","offsets":[{"start":334,"text":"halálos sérüléseket"}],"coordinates":[],"confidence":{"state":"pre-added","who":["user:porkolabadrian"],"prob":1},"fields":{},"normalizations":{}},{"classId":"e_2","part":"s1v1","offsets":[{"start":355,"text":"Magyarországon a nők átlagosan 35 verést szenvednek el"}],"coordinates":[],"confidence":{"state":"pre-added","who":["user:porkolabadrian"],"prob":1},"fields":{},"normalizations":{}},{"classId":"e_14","part":"s1v1","offsets":[{"start":355,"text":"Magyarországon"}],"coordinates":[],"confidence":{"state":"pre-added","who":["user:porkolabadrian"],"prob":1},"fields":{},"normalizations":{}},{"classId":"e_14","part":"s1v1","offsets":[{"start":370,"text":"a nők"}],"coordinates":[],"confidence":{"state":"pre-added","who":["user:porkolabadrian"],"prob":1},"fields":{},"normalizations":{}},{"classId":"e_13","part":"s1v1","offsets":[{"start":376,"text":"átlagosan 35 verést szenvednek el"}],"coordinates":[],"confidence":{"state":"pre-added","who":["user:porkolabadrian"],"prob":1},"fields":{},"normalizations":{}},{"classId":"e_14","part":"s1v1","offsets":[{"start":386,"text":"35 verést"}],"coordinates":[],"confidence":{"state":"pre-added","who":["user:bernidam"],"prob":1},"fields":{},"normalizations":{}},{"classId":"e_11","part":"s1v1","offsets":[{"start":411,"text":"mielőtt segítségért fordulnak"}],"coordinates":[],"confidence":{"state":"pre-added","who":["user:porkolabadrian"],"prob":1},"fields":{},"normalizations":{}},{"classId":"e_13","part":"s1v1","offsets":[{"start":419,"text":"segítségért fordulnak"}],"coordinates":[],"confidence":{"state":"pre-added","who":["user:porkolabadrian"],"prob":1},"fields":{},"normalizations":{}},{"classId":"e_14","part":"s1v1","offsets":[{"start":419,"text":"segítségért"}],"coordinates":[],"confidence":{"state":"pre-added","who":["user:porkolabadrian"],"prob":1},"fields":{},"normalizations":{}},{"classId":"e_2","part":"s1v1","offsets":[{"start":442,"text":"A legtöbben azonban sohasem kérnek segítséget, vagy nem tudnak segítséget kérni."}],"coordinates":[],"confidence":{"state":"pre-added","who":["user:porkolabadrian"],"prob":1},"fields":{},"normalizations":{}},{"classId":"e_14","part":"s1v1","offsets":[{"start":442,"text":"A legtöbben"}],"coordinates":[],"confidence":{"state":"pre-added","who":["user:porkolabadrian"],"prob":1},"fields":{},"normalizations":{}},{"classId":"e_13","part":"s1v1","offsets":[{"start":462,"text":"sohasem kérnek segítséget"}],"coordinates":[],"confidence":{"state":"pre-added","who":["user:porkolabadrian"],"prob":1},"fields":{},"normalizations":{}},{"classId":"e_14","part":"s1v1","offsets":[{"start":477,"text":"segítséget"}],"coordinates":[],"confidence":{"state":"pre-added","who":["user:porkolabadrian"],"prob":1},"fields":{},"normalizations":{}},{"classId":"e_13","part":"s1v1","offsets":[{"start":494,"text":"nem tudnak segítséget kérni"}],"coordinates":[],"confidence":{"state":"pre-added","who":["user:porkolabadrian"],"prob":1},"fields":{},"normalizations":{}},{"classId":"e_14","part":"s1v1","offsets":[{"start":505,"text":"segítséget"}],"coordinates":[],"confidence":{"state":"pre-added","who":["user:porkolabadrian"],"prob":1},"fields":{},"normalizations":{}},{"classId":"e_2","part":"s1v1","offsets":[{"start":544,"text":"hogy egy feltárt esetre 25 feltáratlan esetet tudunk társítani"}],"coordinates":[],"confidence":{"state":"pre-added","who":["user:bernidam"],"prob":1},"fields":{},"normalizations":{}},{"classId":"e_14","part":"s1v1","offsets":[{"start":549,"text":"egy feltárt esetre"}],"coordinates":[],"confidence":{"state":"pre-added","who":["user:porkolabadrian"],"prob":1},"fields":{},"normalizations":{}},{"classId":"e_14","part":"s1v1","offsets":[{"start":568,"text":"25 feltáratlan esetet"}],"coordinates":[],"confidence":{"state":"pre-added","who":["user:porkolabadrian"],"prob":1},"fields":{},"normalizations":{}},{"classId":"e_13","part":"s1v1","offsets":[{"start":571,"text":"feltáratlan esetet"}],"coordinates":[],"confidence":{"state":"pre-added","who":["user:bernidam"],"prob":1},"fields":{},"normalizations":{}},{"classId":"e_4","part":"s1v1","offsets":[{"start":608,"text":"Mi ezért 2017. X. hó 20-án újra beadtuk határozati javaslatunkat, hogy az isztambuli egyezményt a kormány végre ratifikálja."}],"coordinates":[],"confidence":{"state":"pre-added","who":["user:porkolabadrian"],"prob":1},"fields":{},"normalizations":{}},{"classId":"e_14","part":"s1v1","offsets":[{"start":608,"text":"Mi"}],"coordinates":[],"confidence":{"state":"pre-added","who":["user:bernidam"],"prob":1},"fields":{},"normalizations":{}},{"classId":"e_14","part":"s1v1","offsets":[{"start":617,"text":"2017. X. hó 20-án"}],"coordinates":[],"confidence":{"state":"pre-added","who":["user:bernidam"],"prob":1},"fields":{},"normalizations":{}},{"classId":"e_13","part":"s1v1","offsets":[{"start":640,"text":"beadtuk határozati javaslatunkat"}],"coordinates":[],"confidence":{"state":"pre-added","who":["user:bernidam"],"prob":1},"fields":{},"normalizations":{}},{"classId":"e_14","part":"s1v1","offsets":[{"start":648,"text":"határozati javaslatunkat"}],"coordinates":[],"confidence":{"state":"pre-added","who":["user:porkolabadrian"],"prob":1},"fields":{},"normalizations":{}},{"classId":"e_14","part":"s1v1","offsets":[{"start":679,"text":"az isztambuli egyezményt"}],"coordinates":[],"confidence":{"state":"pre-added","who":["user:porkolabadrian"],"prob":1},"fields":{},"normalizations":{}},{"classId":"e_14","part":"s1v1","offsets":[{"start":704,"text":"a kormány"}],"coordinates":[],"confidence":{"state":"pre-added","who":["user:porkolabadrian"],"prob":1},"fields":{},"normalizations":{}},{"classId":"e_13","part":"s1v1","offsets":[{"start":720,"text":"ratifikálja"}],"coordinates":[],"confidence":{"state":"pre-added","who":["user:porkolabadrian"],"prob":1},"fields":{},"normalizations":{}},{"classId":"e_5","part":"s1v1","offsets":[{"start":766,"text":"az elmúlt években hatalmas botrányok törtek ki"}],"coordinates":[],"confidence":{"state":"pre-added","who":["user:porkolabadrian","user:bernidam"],"prob":1},"fields":{},"normalizations":{}},{"classId":"e_14","part":"s1v1","offsets":[{"start":766,"text":"az elmúlt években"}],"coordinates":[],"confidence":{"state":"pre-added","who":["user:porkolabadrian"],"prob":1},"fields":{},"normalizations":{}},{"classId":"e_14","part":"s1v1","offsets":[{"start":784,"text":"hatalmas botrányo"}],"coordinates":[],"confidence":{"state":"pre-added","who":["user:porkolabadrian"],"prob":1},"fields":{},"normalizations":{}},{"classId":"e_13","part":"s1v1","offsets":[{"start":793,"text":"botrányok törtek ki"}],"coordinates":[],"confidence":{"state":"pre-added","who":["user:porkolabadrian"],"prob":1},"fields":{},"normalizations":{}},{"classId":"e_14","part":"s1v1","offsets":[{"start":831,"text":"a bicskei gyermekotthonról"}],"coordinates":[],"confidence":{"state":"pre-added","who":["user:porkolabadrian"],"prob":1},"fields":{},"normalizations":{}},{"classId":"e_3","part":"s1v1","offsets":[{"start":859,"text":"amilyen szexuális visszaélések történtek ott, a szigetszentmiklósi gyermekbántalmazásokról, a kaposvári gyermekbántalmazásról"}],"coordinates":[],"confidence":{"state":"pre-added","who":["user:bernidam"],"prob":1},"fields":{},"normalizations":{}},{"classId":"e_14","part":"s1v1","offsets":[{"start":867,"text":"szexuális visszaélések"}],"coordinates":[],"confidence":{"state":"pre-added","who":["user:bernidam"],"prob":1},"fields":{},"normalizations":{}},{"classId":"e_13","part":"s1v1","offsets":[{"start":867,"text":"szexuális visszaélések"}],"coordinates":[],"confidence":{"state":"pre-added","who":["user:bernidam"],"prob":1},"fields":{},"normalizations":{}},{"classId":"e_14","part":"s1v1","offsets":[{"start":905,"text":"a szigetszentmiklósi gyermekbántalmazásokról"}],"coordinates":[],"confidence":{"state":"pre-added","who":["user:bernidam"],"prob":1},"fields":{},"normalizations":{}},{"classId":"e_13","part":"s1v1","offsets":[{"start":926,"text":"gyermekbántalmazásokról"}],"coordinates":[],"confidence":{"state":"pre-added","who":["user:porkolabadrian"],"prob":1},"fields":{},"normalizations":{}},{"classId":"e_14","part":"s1v1","offsets":[{"start":951,"text":"a kaposvári gyermekbántalmazásról"}],"coordinates":[],"confidence":{"state":"pre-added","who":["user:bernidam"],"prob":1},"fields":{},"normalizations":{}},{"classId":"e_13","part":"s1v1","offsets":[{"start":963,"text":"gyermekbántalmazásról"}],"coordinates":[],"confidence":{"state":"pre-added","who":["user:porkolabadrian"],"prob":1},"fields":{},"normalizations":{}},{"classId":"e_4","part":"s1v1","offsets":[{"start":1120,"text":"hogy a kormánynak végre ratifikálnia kellene ezt az egyezményt"}],"coordinates":[],"confidence":{"state":"pre-added","who":["user:bernidam"],"prob":1},"fields":{},"normalizations":{}},{"classId":"e_14","part":"s1v1","offsets":[{"start":1125,"text":"a kormánynak"}],"coordinates":[],"confidence":{"state":"pre-added","who":["user:porkolabadrian"],"prob":1},"fields":{},"normalizations":{}},{"classId":"e_13","part":"s1v1","offsets":[{"start":1144,"text":"ratifikálnia kellene"}],"coordinates":[],"confidence":{"state":"pre-added","who":["user:porkolabadrian"],"prob":1},"fields":{},"normalizations":{}},{"classId":"e_14","part":"s1v1","offsets":[{"start":1165,"text":"ezt az egyezményt"}],"coordinates":[],"confidence":{"state":"pre-added","who":["user:porkolabadrian"],"prob":1},"fields":{},"normalizations":{}},{"classId":"e_4","part":"s1v1","offsets":[{"start":1451,"text":"hogy mindjárt végre fogja már hajtani a kormány, már mindjárt előkészíti"}],"coordinates":[],"confidence":{"state":"pre-added","who":["user:bernidam"],"prob":1},"fields":{},"normalizations":{}},{"classId":"e_13","part":"s1v1","offsets":[{"start":1465,"text":"végre fogja már hajtani"}],"coordinates":[],"confidence":{"state":"pre-added","who":["user:bernidam"],"prob":1},"fields":{},"normalizations":{}},{"classId":"e_14","part":"s1v1","offsets":[{"start":1489,"text":"a kormány"}],"coordinates":[],"confidence":{"state":"pre-added","who":["user:bernidam"],"prob":1},"fields":{},"normalizations":{}},{"classId":"e_13","part":"s1v1","offsets":[{"start":1513,"text":"előkészíti"}],"coordinates":[],"confidence":{"state":"pre-added","who":["user:bernidam"],"prob":1},"fields":{},"normalizations":{}},{"classId":"e_6","part":"s1v1","offsets":[{"start":1588,"text":"és nehezen hiszem el"}],"coordinates":[],"confidence":{"state":"pre-added","who":["user:bernidam"],"prob":1},"fields":{},"normalizations":{}},{"classId":"e_13","part":"s1v1","offsets":[{"start":1591,"text":"nehezen hiszem el"}],"coordinates":[],"confidence":{"state":"pre-added","who":["user:porkolabadrian"],"prob":1},"fields":{},"normalizations":{}},{"classId":"e_2","part":"s1v1","offsets":[{"start":1610,"text":"hogy azóta nem sikerült előkészíteni"}],"coordinates":[],"confidence":{"state":"pre-added","who":["user:bernidam"],"prob":1},"fields":{},"normalizations":{}},{"classId":"e_13","part":"s1v1","offsets":[{"start":1621,"text":"nem sikerült"}],"coordinates":[],"confidence":{"state":"pre-added","who":["user:porkolabadrian"],"prob":1},"fields":{},"normalizations":{}},{"classId":"e_2","part":"s1v1","offsets":[{"start":1675,"text":"hogy ha valami nincs előkészítve, akkor félredobjuk ezt a kérdést"}],"coordinates":[],"confidence":{"state":"pre-added","who":["user:bernidam"],"prob":1},"fields":{},"normalizations":{}},{"classId":"e_14","part":"s1v1","offsets":[{"start":1683,"text":"valami"}],"coordinates":[],"confidence":{"state":"pre-added","who":["user:bernidam"],"prob":1},"fields":{},"normalizations":{}},{"classId":"e_13","part":"s1v1","offsets":[{"start":1690,"text":"nincs előkészítve"}],"coordinates":[],"confidence":{"state":"pre-added","who":["user:bernidam"],"prob":1},"fields":{},"normalizations":{}},{"classId":"e_13","part":"s1v1","offsets":[{"start":1715,"text":"félredobjuk"}],"coordinates":[],"confidence":{"state":"pre-added","who":["user:bernidam"],"prob":1},"fields":{},"normalizations":{}},{"classId":"e_14","part":"s1v1","offsets":[{"start":1727,"text":"ezt a kérdést"}],"coordinates":[],"confidence":{"state":"pre-added","who":["user:bernidam"],"prob":1},"fields":{},"normalizations":{}},{"classId":"e_4","part":"s1v1","offsets":[{"start":1842,"text":"mert a kormány többször döntött arról, hogy az isztambuli egyezményt ratifikálni kell"}],"coordinates":[],"confidence":{"state":"pre-added","who":["user:porkolabadrian"],"prob":1},"fields":{},"normalizations":{}},{"classId":"e_14","part":"s1v1","offsets":[{"start":1847,"text":"a kormány"}],"coordinates":[],"confidence":{"state":"pre-added","who":["user:porkolabadrian"],"prob":1},"fields":{},"normalizations":{}},{"classId":"e_13","part":"s1v1","offsets":[{"start":1866,"text":"döntött"}],"coordinates":[],"confidence":{"state":"pre-added","who":["user:bernidam"],"prob":1},"fields":{},"normalizations":{}},{"classId":"e_14","part":"s1v1","offsets":[{"start":1874,"text":"arról"}],"coordinates":[],"confidence":{"state":"pre-added","who":["user:porkolabadrian"],"prob":1},"fields":{},"normalizations":{}},{"classId":"e_14","part":"s1v1","offsets":[{"start":1886,"text":"az isztambuli egyezményt"}],"coordinates":[],"confidence":{"state":"pre-added","who":["user:porkolabadrian"],"prob":1},"fields":{},"normalizations":{}},{"classId":"e_13","part":"s1v1","offsets":[{"start":1911,"text":"ratifikálni kell"}],"coordinates":[],"confidence":{"state":"pre-added","who":["user:porkolabadrian"],"prob":1},"fields":{},"normalizations":{}},{"classId":"e_2","part":"s1v1","offsets":[{"start":1929,"text":"Ennek az időpontja, úgy tűnik, hogy csúszik, nyilván az elő­ké­szí­tetlenség miatt vagy legalábbis valamilyen nehézségek miatt."}],"coordinates":[],"confidence":{"state":"pre-added","who":["user:porkolabadrian"],"prob":1},"fields":{},"normalizations":{}},{"classId":"e_14","part":"s1v1","offsets":[{"start":1929,"text":"Ennek az időpontja"}],"coordinates":[],"confidence":{"state":"pre-added","who":["user:porkolabadrian"],"prob":1},"fields":{},"normalizations":{}},{"classId":"e_13","part":"s1v1","offsets":[{"start":1965,"text":"csúszik"}],"coordinates":[],"confidence":{"state":"pre-added","who":["user:porkolabadrian"],"prob":1},"fields":{},"normalizations":{}},{"classId":"e_14","part":"s1v1","offsets":[{"start":1982,"text":"az elő­ké­szí­tetlenség"}],"coordinates":[],"confidence":{"state":"pre-added","who":["user:bernidam"],"prob":1},"fields":{},"normalizations":{}},{"classId":"e_13","part":"s1v1","offsets":[{"start":1985,"text":"elő­ké­szí­tetlenség"}],"coordinates":[],"confidence":{"state":"pre-added","who":["user:porkolabadrian"],"prob":1},"fields":{},"normalizations":{}},{"classId":"e_14","part":"s1v1","offsets":[{"start":2028,"text":"valamilyen nehézségek"}],"coordinates":[],"confidence":{"state":"pre-added","who":["user:bernidam"],"prob":1},"fields":{},"normalizations":{}},{"classId":"e_13","part":"s1v1","offsets":[{"start":2039,"text":"nehézségek"}],"coordinates":[],"confidence":{"state":"pre-added","who":["user:porkolabadrian"],"prob":1},"fields":{},"normalizations":{}},{"classId":"e_4","part":"s1v1","offsets":[{"start":2298,"text":"Az egyezmény szövegének kihirdetéséről szóló előterjesztés tervezete elkészült, a csatlakozás előkészítése közigazgatási egyeztetés keretében folytatódik, a tervezet a közigazgatási egyeztetés során közzétételre kerül, így a civil szervezeteknek lehetőségük van annak véleményezésére."}],"coordinates":[],"confidence":{"state":"pre-added","who":["user:porkolabadrian"],"prob":1},"fields":{},"normalizations":{}},{"classId":"e_14","part":"s1v1","offsets":[{"start":2298,"text":"Az egyezmény szövegének kihirdetéséről szóló előterjesztés tervezete"}],"coordinates":[],"confidence":{"state":"pre-added","who":["user:porkolabadrian"],"prob":1},"fields":{},"normalizations":{}},{"classId":"e_13","part":"s1v1","offsets":[{"start":2367,"text":"elkészült"}],"coordinates":[],"confidence":{"state":"pre-added","who":["user:porkolabadrian"],"prob":1},"fields":{},"normalizations":{}},{"classId":"e_14","part":"s1v1","offsets":[{"start":2378,"text":"a csatlakozás előkészítése"}],"coordinates":[],"confidence":{"state":"pre-added","who":["user:porkolabadrian"],"prob":1},"fields":{},"normalizations":{}},{"classId":"e_14","part":"s1v1","offsets":[{"start":2405,"text":"közigazgatási egyeztetés keretében"}],"coordinates":[],"confidence":{"state":"pre-added","who":["user:porkolabadrian"],"prob":1},"fields":{},"normalizations":{}},{"classId":"e_13","part":"s1v1","offsets":[{"start":2440,"text":"folytatódik"}],"coordinates":[],"confidence":{"state":"pre-added","who":["user:porkolabadrian"],"prob":1},"fields":{},"normalizations":{}},{"classId":"e_14","part":"s1v1","offsets":[{"start":2453,"text":"a tervezet"}],"coordinates":[],"confidence":{"state":"pre-added","who":["user:porkolabadrian"],"prob":1},"fields":{},"normalizations":{}},{"classId":"e_14","part":"s1v1","offsets":[{"start":2464,"text":"a közigazgatási egyeztetés"}],"coordinates":[],"confidence":{"state":"pre-added","who":["user:bernidam"],"prob":1},"fields":{},"normalizations":{}},{"classId":"e_13","part":"s1v1","offsets":[{"start":2497,"text":"közzétételre kerül"}],"coordinates":[],"confidence":{"state":"pre-added","who":["user:porkolabadrian"],"prob":1},"fields":{},"normalizations":{}},{"classId":"e_14","part":"s1v1","offsets":[{"start":2497,"text":"közzétételre"}],"coordinates":[],"confidence":{"state":"pre-added","who":["user:porkolabadrian"],"prob":1},"fields":{},"normalizations":{}},{"classId":"e_14","part":"s1v1","offsets":[{"start":2521,"text":"a civil szervezeteknek"}],"coordinates":[],"confidence":{"state":"pre-added","who":["user:porkolabadrian"],"prob":1},"fields":{},"normalizations":{}},{"classId":"e_13","part":"s1v1","offsets":[{"start":2544,"text":"lehetőségük van"}],"coordinates":[],"confidence":{"state":"pre-added","who":["user:porkolabadrian"],"prob":1},"fields":{},"normalizations":{}},{"classId":"e_14","part":"s1v1","offsets":[{"start":2544,"text":"lehetőségük"}],"coordinates":[],"confidence":{"state":"pre-added","who":["user:porkolabadrian"],"prob":1},"fields":{},"normalizations":{}},{"classId":"e_14","part":"s1v1","offsets":[{"start":2560,"text":"annak véleményezésére"}],"coordinates":[],"confidence":{"state":"pre-added","who":["user:porkolabadrian"],"prob":1},"fields":{},"normalizations":{}},{"classId":"e_4","part":"s1v1","offsets":[{"start":2583,"text":"Gyakorlatilag a kihirdetésről szóló előterjesztést az igazságügyi miniszter a maga részéről előkészítette."}],"coordinates":[],"confidence":{"state":"pre-added","who":["user:porkolabadrian"],"prob":1},"fields":{},"normalizations":{}},{"classId":"e_14","part":"s1v1","offsets":[{"start":2597,"text":"a kihirdetésről szóló előterjesztést"}],"coordinates":[],"confidence":{"state":"pre-added","who":["user:porkolabadrian"],"prob":1},"fields":{},"normalizations":{}},{"classId":"e_14","part":"s1v1","offsets":[{"start":2634,"text":"az igazságügyi miniszter"}],"coordinates":[],"confidence":{"state":"pre-added","who":["user:porkolabadrian"],"prob":1},"fields":{},"normalizations":{}},{"classId":"e_14","part":"s1v1","offsets":[{"start":2659,"text":"a maga részéről"}],"coordinates":[],"confidence":{"state":"pre-added","who":["user:porkolabadrian"],"prob":1},"fields":{},"normalizations":{}},{"classId":"e_13","part":"s1v1","offsets":[{"start":2675,"text":"előkészítette"}],"coordinates":[],"confidence":{"state":"pre-added","who":["user:porkolabadrian"],"prob":1},"fields":{},"normalizations":{}},{"classId":"e_6","part":"s1v1","offsets":[{"start":2707,"text":"akkor mire várunk még"}],"coordinates":[],"confidence":{"state":"pre-added","who":["user:bernidam"],"prob":1},"fields":{},"normalizations":{}},{"classId":"e_13","part":"s1v1","offsets":[{"start":2713,"text":"mire várunk még"}],"coordinates":[],"confidence":{"state":"pre-added","who":["user:bernidam"],"prob":1},"fields":{},"normalizations":{}},{"classId":"e_14","part":"s1v1","offsets":[{"start":2713,"text":"mire"}],"coordinates":[],"confidence":{"state":"pre-added","who":["user:bernidam"],"prob":1},"fields":{},"normalizations":{}},{"classId":"e_2","part":"s1v1","offsets":[{"start":2730,"text":"Hány embernek kell még meghalnia?"}],"coordinates":[],"confidence":{"state":"pre-added","who":["user:bernidam"],"prob":1},"fields":{},"normalizations":{}},{"classId":"e_14","part":"s1v1","offsets":[{"start":2730,"text":"Hány embernek"}],"coordinates":[],"confidence":{"state":"pre-added","who":["user:bernidam"],"prob":1},"fields":{},"normalizations":{}},{"classId":"e_13","part":"s1v1","offsets":[{"start":2753,"text":"meghalnia"}],"coordinates":[],"confidence":{"state":"pre-added","who":["user:bernidam"],"prob":1},"fields":{},"normalizations":{}},{"classId":"e_3","part":"s1v1","offsets":[{"start":2812,"text":"hogy családon belüli erőszakot nemcsak fizikális, nemcsak anyagi okokból élhet át"}],"coordinates":[],"confidence":{"state":"pre-added","who":["user:bernidam"],"prob":1},"fields":{},"normalizations":{}},{"classId":"e_14","part":"s1v1","offsets":[{"start":2817,"text":"családon belüli erőszakot"}],"coordinates":[],"confidence":{"state":"pre-added","who":["user:porkolabadrian"],"prob":1},"fields":{},"normalizations":{}},{"classId":"e_13","part":"s1v1","offsets":[{"start":2817,"text":"családon belüli erőszakot"}],"coordinates":[],"confidence":{"state":"pre-added","who":["user:bernidam"],"prob":1},"fields":{},"normalizations":{}},{"classId":"e_14","part":"s1v1","offsets":[{"start":2870,"text":"anyagi okokból"}],"coordinates":[],"confidence":{"state":"pre-added","who":["user:bernidam"],"prob":1},"fields":{},"normalizations":{}},{"classId":"e_14","part":"s1v1","offsets":[{"start":2933,"text":"az áldozat"}],"coordinates":[],"confidence":{"state":"pre-added","who":["user:porkolabadrian"],"prob":1},"fields":{},"normalizations":{}},{"classId":"e_2","part":"s1v1","offsets":[{"start":3064,"text":"hogy a magyar társadalomnak nincs olyan szegmense, ahol ne fordulna ma elő"}],"coordinates":[],"confidence":{"state":"pre-added","who":["user:bernidam"],"prob":1},"fields":{},"normalizations":{}},{"classId":"e_14","part":"s1v1","offsets":[{"start":3069,"text":"a magyar társadalomnak"}],"coordinates":[],"confidence":{"state":"pre-added","who":["user:porkolabadrian"],"prob":1},"fields":{},"normalizations":{}},{"classId":"e_13","part":"s1v1","offsets":[{"start":3092,"text":"nincs olyan szegmense, ahol ne fordulna ma elő"}],"coordinates":[],"confidence":{"state":"pre-added","who":["user:bernidam"],"prob":1},"fields":{},"normalizations":{}},{"classId":"e_14","part":"s1v1","offsets":[{"start":3098,"text":"olyan szegmense"}],"coordinates":[],"confidence":{"state":"pre-added","who":["user:porkolabadrian"],"prob":1},"fields":{},"normalizations":{}},{"classId":"e_14","part":"s1v1","offsets":[{"start":3115,"text":"ahol"}],"coordinates":[],"confidence":{"state":"pre-added","who":["user:bernidam"],"prob":1},"fields":{},"normalizations":{}},{"classId":"e_3","part":"s1v1","offsets":[{"start":3318,"text":"hogy a bántalmazásnak van verbális része is"}],"coordinates":[],"confidence":{"state":"pre-added","who":["user:porkolabadrian","user:bernidam"],"prob":1},"fields":{},"normalizations":{}},{"classId":"e_14","part":"s1v1","offsets":[{"start":3323,"text":"a bántalmazásnak"}],"coordinates":[],"confidence":{"state":"pre-added","who":["user:porkolabadrian"],"prob":1},"fields":{},"normalizations":{}},{"classId":"e_13","part":"s1v1","offsets":[{"start":3325,"text":"bántalmazásnak"}],"coordinates":[],"confidence":{"state":"pre-added","who":["user:bernidam"],"prob":1},"fields":{},"normalizations":{}},{"classId":"e_14","part":"s1v1","offsets":[{"start":3344,"text":"verbális része"}],"coordinates":[],"confidence":{"state":"pre-added","who":["user:porkolabadrian"],"prob":1},"fields":{},"normalizations":{}},{"classId":"e_14","part":"s1v1","offsets":[{"start":3363,"text":"Önök"}],"coordinates":[],"confidence":{"state":"pre-added","who":["user:porkolabadrian"],"prob":1},"fields":{},"normalizations":{}},{"classId":"e_5","part":"s1v1","offsets":[{"start":3363,"text":"Önök most megjelentettek egy internetes plakátkampányt"}],"coordinates":[],"confidence":{"state":"pre-added","who":["user:bernidam"],"prob":1},"fields":{},"normalizations":{}},{"classId":"e_14","part":"s1v1","offsets":[{"start":3388,"text":"egy internetes plakátkampányt"}],"coordinates":[],"confidence":{"state":"pre-added","who":["user:porkolabadrian"],"prob":1},"fields":{},"normalizations":{}},{"classId":"e_13","part":"s1v1","offsets":[{"start":3403,"text":"plakátkampányt"}],"coordinates":[],"confidence":{"state":"pre-added","who":["user:bernidam"],"prob":1},"fields":{},"normalizations":{}},{"classId":"e_9","part":"s1v1","offsets":[{"start":3466,"text":"ami engem és a közvéleményt felháborítja"}],"coordinates":[],"confidence":{"state":"pre-added","who":["user:bernidam"],"prob":1},"fields":{},"normalizations":{}},{"classId":"e_14","part":"s1v1","offsets":[{"start":3466,"text":"ami"}],"coordinates":[],"confidence":{"state":"pre-added","who":["user:bernidam"],"prob":1},"fields":{},"normalizations":{}},{"classId":"e_14","part":"s1v1","offsets":[{"start":3479,"text":"a közvéleményt"}],"coordinates":[],"confidence":{"state":"pre-added","who":["user:bernidam"],"prob":1},"fields":{},"normalizations":{}},{"classId":"e_13","part":"s1v1","offsets":[{"start":3494,"text":"felháborítja"}],"coordinates":[],"confidence":{"state":"pre-added","who":["user:porkolabadrian"],"prob":1},"fields":{},"normalizations":{}},{"classId":"e_5","part":"s1v1","offsets":[{"start":3508,"text":"az mindig az áldozatok hibáztatása"}],"coordinates":[],"confidence":{"state":"pre-added","who":["user:bernidam"],"prob":1},"fields":{},"normalizations":{}},{"classId":"e_14","part":"s1v1","offsets":[{"start":3518,"text":"az áldozatok hibáztatása"}],"coordinates":[],"confidence":{"state":"pre-added","who":["user:porkolabadrian"],"prob":1},"fields":{},"normalizations":{}},{"classId":"e_13","part":"s1v1","offsets":[{"start":3531,"text":"hibáztatása"}],"coordinates":[],"confidence":{"state":"pre-added","who":["user:porkolabadrian"],"prob":1},"fields":{},"normalizations":{}},{"classId":"e_5","part":"s1v1","offsets":[{"start":3615,"text":"hogy maguk az áldozatok a hibásak"}],"coordinates":[],"confidence":{"state":"pre-added","who":["user:bernidam"],"prob":1},"fields":{},"normalizations":{}},{"classId":"e_14","part":"s1v1","offsets":[{"start":3620,"text":"maguk az áldozatok"}],"coordinates":[],"confidence":{"state":"pre-added","who":["user:porkolabadrian"],"prob":1},"fields":{},"normalizations":{}},{"classId":"e_13","part":"s1v1","offsets":[{"start":3626,"text":"az áldozatok a hibásak"}],"coordinates":[],"confidence":{"state":"pre-added","who":["user:porkolabadrian"],"prob":1},"fields":{},"normalizations":{}},{"classId":"e_5","part":"s1v1","offsets":[{"start":3650,"text":"Önök kitettek egy olyan plakátkampányt"}],"coordinates":[],"confidence":{"state":"pre-added","who":["user:bernidam"],"prob":1},"fields":{},"normalizations":{}},{"classId":"e_14","part":"s1v1","offsets":[{"start":3650,"text":"Önök"}],"coordinates":[],"confidence":{"state":"pre-added","who":["user:bernidam"],"prob":1},"fields":{},"normalizations":{}},{"classId":"e_14","part":"s1v1","offsets":[{"start":3664,"text":"egy olyan plakátkampányt"}],"coordinates":[],"confidence":{"state":"pre-added","who":["user:bernidam"],"prob":1},"fields":{},"normalizations":{}},{"classId":"e_13","part":"s1v1","offsets":[{"start":3674,"text":"plakátkampányt"}],"coordinates":[],"confidence":{"state":"pre-added","who":["user:bernidam"],"prob":1},"fields":{},"normalizations":{}},{"classId":"e_2","part":"s1v1","offsets":[{"start":3730,"text":"hogy miért születik kevés gyermek Magyarországon"}],"coordinates":[],"confidence":{"state":"pre-added","who":["user:porkolabadrian"],"prob":1},"fields":{},"normalizations":{}},{"classId":"e_13","part":"s1v1","offsets":[{"start":3741,"text":"születik kevés gyermek"}],"coordinates":[],"confidence":{"state":"pre-added","who":["user:porkolabadrian"],"prob":1},"fields":{},"normalizations":{}},{"classId":"e_14","part":"s1v1","offsets":[{"start":3750,"text":"kevés gyermek"}],"coordinates":[],"confidence":{"state":"pre-added","who":["user:porkolabadrian"],"prob":1},"fields":{},"normalizations":{}},{"classId":"e_14","part":"s1v1","offsets":[{"start":3764,"text":"Magyarországon"}],"coordinates":[],"confidence":{"state":"pre-added","who":["user:porkolabadrian"],"prob":1},"fields":{},"normalizations":{}},{"classId":"e_14","part":"s1v1","offsets":[{"start":3813,"text":"ahol"}],"coordinates":[],"confidence":{"state":"pre-added","who":["user:porkolabadrian"],"prob":1},"fields":{},"normalizations":{}},{"classId":"e_5","part":"s1v1","offsets":[{"start":3813,"text":"ahol csak a nőket hibáztatják azért"}],"coordinates":[],"confidence":{"state":"pre-added","who":["user:bernidam"],"prob":1},"fields":{},"normalizations":{}},{"classId":"e_13","part":"s1v1","offsets":[{"start":3818,"text":"csak a nőket hibáztatják"}],"coordinates":[],"confidence":{"state":"pre-added","who":["user:porkolabadrian"],"prob":1},"fields":{},"normalizations":{}},{"classId":"e_14","part":"s1v1","offsets":[{"start":3823,"text":"a nőket"}],"coordinates":[],"confidence":{"state":"pre-added","who":["user:bernidam"],"prob":1},"fields":{},"normalizations":{}},{"classId":"e_2","part":"s1v1","offsets":[{"start":3850,"text":"hogy ma Magyarországon kevés gyermek születik"}],"coordinates":[],"confidence":{"state":"pre-added","who":["user:porkolabadrian"],"prob":1},"fields":{},"normalizations":{}},{"classId":"e_14","part":"s1v1","offsets":[{"start":3858,"text":"Magyarországon"}],"coordinates":[],"confidence":{"state":"pre-added","who":["user:porkolabadrian"],"prob":1},"fields":{},"normalizations":{}},{"classId":"e_13","part":"s1v1","offsets":[{"start":3873,"text":"kevés gyermek születik"}],"coordinates":[],"confidence":{"state":"pre-added","who":["user:porkolabadrian"],"prob":1},"fields":{},"normalizations":{}},{"classId":"e_14","part":"s1v1","offsets":[{"start":3873,"text":"kevés gyermek"}],"coordinates":[],"confidence":{"state":"pre-added","who":["user:porkolabadrian"],"prob":1},"fields":{},"normalizations":{}},{"classId":"e_3","part":"s1v1","offsets":[{"start":4100,"text":"ez is verbális bántalmazás"}],"coordinates":[],"confidence":{"state":"pre-added","who":["user:bernidam"],"prob":1},"fields":{},"normalizations":{}},{"classId":"e_14","part":"s1v1","offsets":[{"start":4100,"text":"ez"}],"coordinates":[],"confidence":{"state":"pre-added","who":["user:bernidam"],"prob":1},"fields":{},"normalizations":{}},{"classId":"e_13","part":"s1v1","offsets":[{"start":4106,"text":"verbális bántalmazás"}],"coordinates":[],"confidence":{"state":"pre-added","who":["user:porkolabadrian"],"prob":1},"fields":{},"normalizations":{}},{"classId":"e_14","part":"s1v1","offsets":[{"start":4106,"text":"verbális bántalmazás"}],"coordinates":[],"confidence":{"state":"pre-added","who":["user:porkolabadrian"],"prob":1},"fields":{},"normalizations":{}},{"classId":"e_5","part":"s1v1","offsets":[{"start":4128,"text":"amikor csak egyetlenegy csoportot hibáztatunk valamilyen ügy miatt"}],"coordinates":[],"confidence":{"state":"pre-added","who":["user:bernidam"],"prob":1},"fields":{},"normalizations":{}},{"classId":"e_14","part":"s1v1","offsets":[{"start":4140,"text":"egyetlenegy csoportot"}],"coordinates":[],"confidence":{"state":"pre-added","who":["user:porkolabadrian"],"prob":1},"fields":{},"normalizations":{}},{"classId":"e_13","part":"s1v1","offsets":[{"start":4162,"text":"hibáztatunk"}],"coordinates":[],"confidence":{"state":"pre-added","who":["user:porkolabadrian"],"prob":1},"fields":{},"normalizations":{}},{"classId":"e_14","part":"s1v1","offsets":[{"start":4174,"text":"valamilyen ügy"}],"coordinates":[],"confidence":{"state":"pre-added","who":["user:bernidam"],"prob":1},"fields":{},"normalizations":{}},{"classId":"e_2","part":"s1v1","offsets":[{"start":4337,"text":"hogy mi hiányzik ebből"}],"coordinates":[],"confidence":{"state":"pre-added","who":["user:bernidam"],"prob":1},"fields":{},"normalizations":{}},{"classId":"e_14","part":"s1v1","offsets":[{"start":4342,"text":"mi"}],"coordinates":[],"confidence":{"state":"pre-added","who":["user:bernidam"],"prob":1},"fields":{},"normalizations":{}},{"classId":"e_13","part":"s1v1","offsets":[{"start":4345,"text":"hiányzik"}],"coordinates":[],"confidence":{"state":"pre-added","who":["user:bernidam"],"prob":1},"fields":{},"normalizations":{}}],"relations":[{"classId":"r_16","type":"linked","directed":false,"entities":["s1v1|e_14|212,225","s1v1|e_2|212,353"],"confidence":{"state":"pre-added","who":["user:porkolabadrian"],"prob":1}},{"classId":"r_16","type":"linked","directed":false,"entities":["s1v1|e_14|227,251","s1v1|e_2|212,353"],"confidence":{"state":"pre-added","who":["user:porkolabadrian"],"prob":1}},{"classId":"r_16","type":"linked","directed":false,"entities":["s1v1|e_14|270,282","s1v1|e_2|212,353"],"confidence":{"state":"pre-added","who":["user:bernidam"],"prob":1}},{"classId":"r_16","type":"linked","directed":false,"entities":["s1v1|e_14|311,321","s1v1|e_2|212,353"],"confidence":{"state":"pre-added","who":["user:bernidam"],"prob":1}},{"classId":"r_16","type":"linked","directed":false,"entities":["s1v1|e_14|334,352","s1v1|e_2|212,353"],"confidence":{"state":"pre-added","who":["user:porkolabadrian"],"prob":1}},{"classId":"r_16","type":"linked","directed":false,"entities":["s1v1|e_14|355,368","s1v1|e_2|355,408"],"confidence":{"state":"pre-added","who":["user:porkolabadrian"],"prob":1}},{"classId":"r_16","type":"linked","directed":false,"entities":["s1v1|e_14|370,374","s1v1|e_2|355,408"],"confidence":{"state":"pre-added","who":["user:porkolabadrian"],"prob":1}},{"classId":"r_16","type":"linked","directed":false,"entities":["s1v1|e_14|386,394","s1v1|e_2|355,408"],"confidence":{"state":"pre-added","who":["user:bernidam"],"prob":1}},{"classId":"r_16","type":"linked","directed":false,"entities":["s1v1|e_14|442,452","s1v1|e_2|442,521"],"confidence":{"state":"pre-added","who":["user:porkolabadrian"],"prob":1}},{"classId":"r_16","type":"linked","directed":false,"entities":["s1v1|e_14|477,486","s1v1|e_2|442,521"],"confidence":{"state":"pre-added","who":["user:porkolabadrian"],"prob":1}},{"classId":"r_16","type":"linked","directed":false,"entities":["s1v1|e_14|505,514","s1v1|e_2|442,521"],"confidence":{"state":"pre-added","who":["user:porkolabadrian"],"prob":1}},{"classId":"r_16","type":"linked","directed":false,"entities":["s1v1|e_14|549,566","s1v1|e_2|544,605"],"confidence":{"state":"pre-added","who":["user:bernidam"],"prob":1}},{"classId":"r_16","type":"linked","directed":false,"entities":["s1v1|e_14|568,588","s1v1|e_2|544,605"],"confidence":{"state":"pre-added","who":["user:bernidam"],"prob":1}},{"classId":"r_16","type":"linked","directed":false,"entities":["s1v1|e_14|1683,1688","s1v1|e_2|1675,1739"],"confidence":{"state":"pre-added","who":["user:bernidam"],"prob":1}},{"classId":"r_16","type":"linked","directed":false,"entities":["s1v1|e_14|1727,1739","s1v1|e_2|1675,1739"],"confidence":{"state":"pre-added","who":["user:bernidam"],"prob":1}},{"classId":"r_16","type":"linked","directed":false,"entities":["s1v1|e_14|1929,1946","s1v1|e_2|1929,2055"],"confidence":{"state":"pre-added","who":["user:porkolabadrian"],"prob":1}},{"classId":"r_16","type":"linked","directed":false,"entities":["s1v1|e_14|1982,2004","s1v1|e_2|1929,2055"],"confidence":{"state":"pre-added","who":["user:bernidam"],"prob":1}},{"classId":"r_16","type":"linked","directed":false,"entities":["s1v1|e_14|2028,2048","s1v1|e_2|1929,2055"],"confidence":{"state":"pre-added","who":["user:bernidam"],"prob":1}},{"classId":"r_16","type":"linked","directed":false,"entities":["s1v1|e_14|2730,2742","s1v1|e_2|2730,2762"],"confidence":{"state":"pre-added","who":["user:bernidam"],"prob":1}},{"classId":"r_16","type":"linked","directed":false,"entities":["s1v1|e_14|3069,3090","s1v1|e_2|3064,3137"],"confidence":{"state":"pre-added","who":["user:bernidam"],"prob":1}},{"classId":"r_16","type":"linked","directed":false,"entities":["s1v1|e_14|3098,3112","s1v1|e_2|3064,3137"],"confidence":{"state":"pre-added","who":["user:bernidam"],"prob":1}},{"classId":"r_16","type":"linked","directed":false,"entities":["s1v1|e_14|3115,3118","s1v1|e_2|3064,3137"],"confidence":{"state":"pre-added","who":["user:bernidam"],"prob":1}},{"classId":"r_16","type":"linked","directed":false,"entities":["s1v1|e_14|3750,3762","s1v1|e_2|3730,3777"],"confidence":{"state":"pre-added","who":["user:porkolabadrian"],"prob":1}},{"classId":"r_16","type":"linked","directed":false,"entities":["s1v1|e_14|3764,3777","s1v1|e_2|3730,3777"],"confidence":{"state":"pre-added","who":["user:porkolabadrian"],"prob":1}},{"classId":"r_16","type":"linked","directed":false,"entities":["s1v1|e_14|3858,3871","s1v1|e_2|3850,3894"],"confidence":{"state":"pre-added","who":["user:porkolabadrian"],"prob":1}},{"classId":"r_16","type":"linked","directed":false,"entities":["s1v1|e_14|3873,3885","s1v1|e_2|3850,3894"],"confidence":{"state":"pre-added","who":["user:porkolabadrian"],"prob":1}},{"classId":"r_16","type":"linked","directed":false,"entities":["s1v1|e_14|4342,4343","s1v1|e_2|4337,4358"],"confidence":{"state":"pre-added","who":["user:bernidam"],"prob":1}},{"classId":"r_17","type":"linked","directed":false,"entities":["s1v1|e_14|46,59","s1v1|e_3|46,210"],"confidence":{"state":"pre-added","who":["user:bernidam"],"prob":1}},{"classId":"r_17","type":"linked","directed":false,"entities":["s1v1|e_14|61,89","s1v1|e_3|46,210"],"confidence":{"state":"pre-added","who":["user:bernidam"],"prob":1}},{"classId":"r_17","type":"linked","directed":false,"entities":["s1v1|e_14|97,114","s1v1|e_3|46,210"],"confidence":{"state":"pre-added","who":["user:bernidam"],"prob":1}},{"classId":"r_17","type":"linked","directed":false,"entities":["s1v1|e_14|122,132","s1v1|e_3|46,210"],"confidence":{"state":"pre-added","who":["user:bernidam"],"prob":1}},{"classId":"r_17","type":"linked","directed":false,"entities":["s1v1|e_14|134,209","s1v1|e_3|46,210"],"confidence":{"state":"pre-added","who":["user:bernidam"],"prob":1}},{"classId":"r_17","type":"linked","directed":false,"entities":["s1v1|e_14|831,856","s1v1|e_3|859,983"],"confidence":{"state":"pre-added","who":["user:bernidam"],"prob":1}},{"classId":"r_17","type":"linked","directed":false,"entities":["s1v1|e_14|867,888","s1v1|e_3|859,983"],"confidence":{"state":"pre-added","who":["user:bernidam"],"prob":1}},{"classId":"r_17","type":"linked","directed":false,"entities":["s1v1|e_14|905,948","s1v1|e_3|859,983"],"confidence":{"state":"pre-added","who":["user:bernidam"],"prob":1}},{"classId":"r_17","type":"linked","directed":false,"entities":["s1v1|e_14|951,983","s1v1|e_3|859,983"],"confidence":{"state":"pre-added","who":["user:bernidam"],"prob":1}},{"classId":"r_17","type":"linked","directed":false,"entities":["s1v1|e_14|2817,2841","s1v1|e_3|2812,2892"],"confidence":{"state":"pre-added","who":["user:bernidam"],"prob":1}},{"classId":"r_17","type":"linked","directed":false,"entities":["s1v1|e_14|2870,2883","s1v1|e_3|2812,2892"],"confidence":{"state":"pre-added","who":["user:bernidam"],"prob":1}},{"classId":"r_17","type":"linked","directed":false,"entities":["s1v1|e_14|2933,2942","s1v1|e_3|2812,2892"],"confidence":{"state":"pre-added","who":["user:bernidam"],"prob":1}},{"classId":"r_17","type":"linked","directed":false,"entities":["s1v1|e_14|3323,3338","s1v1|e_3|3318,3360"],"confidence":{"state":"pre-added","who":["user:bernidam"],"prob":1}},{"classId":"r_17","type":"linked","directed":false,"entities":["s1v1|e_14|3344,3357","s1v1|e_3|3318,3360"],"confidence":{"state":"pre-added","who":["user:bernidam"],"prob":1}},{"classId":"r_17","type":"linked","directed":false,"entities":["s1v1|e_14|4100,4101","s1v1|e_3|4100,4125"],"confidence":{"state":"pre-added","who":["user:bernidam"],"prob":1}},{"classId":"r_17","type":"linked","directed":false,"entities":["s1v1|e_14|4106,4125","s1v1|e_3|4100,4125"],"confidence":{"state":"pre-added","who":["user:bernidam"],"prob":1}},{"classId":"r_18","type":"linked","directed":false,"entities":["s1v1|e_14|608,609","s1v1|e_4|608,731"],"confidence":{"state":"pre-added","who":["user:bernidam"],"prob":1}},{"classId":"r_18","type":"linked","directed":false,"entities":["s1v1|e_14|617,633","s1v1|e_4|608,731"],"confidence":{"state":"pre-added","who":["user:bernidam"],"prob":1}},{"classId":"r_18","type":"linked","directed":false,"entities":["s1v1|e_14|648,671","s1v1|e_4|608,731"],"confidence":{"state":"pre-added","who":["user:porkolabadrian"],"prob":1}},{"classId":"r_18","type":"linked","directed":false,"entities":["s1v1|e_14|679,702","s1v1|e_4|608,731"],"confidence":{"state":"pre-added","who":["user:porkolabadrian"],"prob":1}},{"classId":"r_18","type":"linked","directed":false,"entities":["s1v1|e_14|704,712","s1v1|e_4|608,731"],"confidence":{"state":"pre-added","who":["user:porkolabadrian"],"prob":1}},{"classId":"r_18","type":"linked","directed":false,"entities":["s1v1|e_14|1125,1136","s1v1|e_4|1120,1181"],"confidence":{"state":"pre-added","who":["user:bernidam"],"prob":1}},{"classId":"r_18","type":"linked","directed":false,"entities":["s1v1|e_14|1165,1181","s1v1|e_4|1120,1181"],"confidence":{"state":"pre-added","who":["user:bernidam"],"prob":1}},{"classId":"r_18","type":"linked","directed":false,"entities":["s1v1|e_14|1489,1497","s1v1|e_4|1451,1522"],"confidence":{"state":"pre-added","who":["user:bernidam"],"prob":1}},{"classId":"r_18","type":"linked","directed":false,"entities":["s1v1|e_14|1847,1855","s1v1|e_4|1842,1926"],"confidence":{"state":"pre-added","who":["user:porkolabadrian"],"prob":1}},{"classId":"r_18","type":"linked","directed":false,"entities":["s1v1|e_14|1874,1878","s1v1|e_4|1842,1926"],"confidence":{"state":"pre-added","who":["user:porkolabadrian"],"prob":1}},{"classId":"r_18","type":"linked","directed":false,"entities":["s1v1|e_14|1886,1909","s1v1|e_4|1842,1926"],"confidence":{"state":"pre-added","who":["user:porkolabadrian"],"prob":1}},{"classId":"r_18","type":"linked","directed":false,"entities":["s1v1|e_14|2298,2365","s1v1|e_4|2298,2581"],"confidence":{"state":"pre-added","who":["user:porkolabadrian"],"prob":1}},{"classId":"r_18","type":"linked","directed":false,"entities":["s1v1|e_14|2378,2403","s1v1|e_4|2298,2581"],"confidence":{"state":"pre-added","who":["user:porkolabadrian"],"prob":1}},{"classId":"r_18","type":"linked","directed":false,"entities":["s1v1|e_14|2405,2438","s1v1|e_4|2298,2581"],"confidence":{"state":"pre-added","who":["user:porkolabadrian"],"prob":1}},{"classId":"r_18","type":"linked","directed":false,"entities":["s1v1|e_14|2453,2462","s1v1|e_4|2298,2581"],"confidence":{"state":"pre-added","who":["user:porkolabadrian"],"prob":1}},{"classId":"r_18","type":"linked","directed":false,"entities":["s1v1|e_14|2464,2489","s1v1|e_4|2298,2581"],"confidence":{"state":"pre-added","who":["user:bernidam"],"prob":1}},{"classId":"r_18","type":"linked","directed":false,"entities":["s1v1|e_14|2497,2508","s1v1|e_4|2298,2581"],"confidence":{"state":"pre-added","who":["user:porkolabadrian"],"prob":1}},{"classId":"r_18","type":"linked","directed":false,"entities":["s1v1|e_14|2521,2542","s1v1|e_4|2298,2581"],"confidence":{"state":"pre-added","who":["user:porkolabadrian"],"prob":1}},{"classId":"r_18","type":"linked","directed":false,"entities":["s1v1|e_14|2544,2554","s1v1|e_4|2298,2581"],"confidence":{"state":"pre-added","who":["user:porkolabadrian"],"prob":1}},{"classId":"r_18","type":"linked","directed":false,"entities":["s1v1|e_14|2560,2580","s1v1|e_4|2298,2581"],"confidence":{"state":"pre-added","who":["user:porkolabadrian"],"prob":1}},{"classId":"r_18","type":"linked","directed":false,"entities":["s1v1|e_14|2597,2632","s1v1|e_4|2583,2688"],"confidence":{"state":"pre-added","who":["user:porkolabadrian"],"prob":1}},{"classId":"r_18","type":"linked","directed":false,"entities":["s1v1|e_14|2634,2657","s1v1|e_4|2583,2688"],"confidence":{"state":"pre-added","who":["user:porkolabadrian"],"prob":1}},{"classId":"r_18","type":"linked","directed":false,"entities":["s1v1|e_14|2659,2673","s1v1|e_4|2583,2688"],"confidence":{"state":"pre-added","who":["user:porkolabadrian"],"prob":1}},{"classId":"r_19","type":"linked","directed":false,"entities":["s1v1|e_14|766,782","s1v1|e_5|766,811"],"confidence":{"state":"pre-added","who":["user:bernidam"],"prob":1}},{"classId":"r_19","type":"linked","directed":false,"entities":["s1v1|e_14|784,800","s1v1|e_5|766,811"],"confidence":{"state":"pre-added","who":["user:bernidam"],"prob":1}},{"classId":"r_19","type":"linked","directed":false,"entities":["s1v1|e_14|3363,3366","s1v1|e_5|3363,3416"],"confidence":{"state":"pre-added","who":["user:bernidam"],"prob":1}},{"classId":"r_19","type":"linked","directed":false,"entities":["s1v1|e_14|3388,3416","s1v1|e_5|3363,3416"],"confidence":{"state":"pre-added","who":["user:bernidam"],"prob":1}},{"classId":"r_19","type":"linked","directed":false,"entities":["s1v1|e_14|3518,3541","s1v1|e_5|3508,3541"],"confidence":{"state":"pre-added","who":["user:bernidam"],"prob":1}},{"classId":"r_19","type":"linked","directed":false,"entities":["s1v1|e_14|3620,3637","s1v1|e_5|3615,3647"],"confidence":{"state":"pre-added","who":["user:bernidam"],"prob":1}},{"classId":"r_19","type":"linked","directed":false,"entities":["s1v1|e_14|3650,3653","s1v1|e_5|3650,3687"],"confidence":{"state":"pre-added","who":["user:bernidam"],"prob":1}},{"classId":"r_19","type":"linked","directed":false,"entities":["s1v1|e_14|3664,3687","s1v1|e_5|3650,3687"],"confidence":{"state":"pre-added","who":["user:bernidam"],"prob":1}},{"classId":"r_19","type":"linked","directed":false,"entities":["s1v1|e_14|3813,3816","s1v1|e_5|3813,3847"],"confidence":{"state":"pre-added","who":["user:bernidam"],"prob":1}},{"classId":"r_19","type":"linked","directed":false,"entities":["s1v1|e_14|3823,3829","s1v1|e_5|3813,3847"],"confidence":{"state":"pre-added","who":["user:bernidam"],"prob":1}},{"classId":"r_19","type":"linked","directed":false,"entities":["s1v1|e_14|4140,4160","s1v1|e_5|4128,4193"],"confidence":{"state":"pre-added","who":["user:bernidam"],"prob":1}},{"classId":"r_19","type":"linked","directed":false,"entities":["s1v1|e_14|4174,4187","s1v1|e_5|4128,4193"],"confidence":{"state":"pre-added","who":["user:bernidam"],"prob":1}},{"classId":"r_20","type":"linked","directed":false,"entities":["s1v1|e_14|2713,2716","s1v1|e_6|2707,2727"],"confidence":{"state":"pre-added","who":["user:bernidam"],"prob":1}},{"classId":"r_23","type":"linked","directed":false,"entities":["s1v1|e_14|3466,3468","s1v1|e_9|3466,3505"],"confidence":{"state":"pre-added","who":["user:bernidam"],"prob":1}},{"classId":"r_23","type":"linked","directed":false,"entities":["s1v1|e_14|3479,3492","s1v1|e_9|3466,3505"],"confidence":{"state":"pre-added","who":["user:bernidam"],"prob":1}},{"classId":"r_25","type":"linked","directed":false,"entities":["s1v1|e_14|419,429","s1v1|e_11|411,439"],"confidence":{"state":"pre-added","who":["user:porkolabadrian"],"prob":1}}]}