{"annotatable":{"parts":["s1v1"]},"anncomplete":false,"sources":[],"metas":{},"entities":[{"classId":"e_12","part":"s1v1","offsets":[{"start":77,"text":"mert most van a 20. feljelentés"}],"coordinates":[],"confidence":{"state":"pre-added","who":["user:bernidam"],"prob":1},"fields":{},"normalizations":{}},{"classId":"e_14","part":"s1v1","offsets":[{"start":91,"text":"a 20. feljelentés"}],"coordinates":[],"confidence":{"state":"pre-added","who":["user:bernidam"],"prob":1},"fields":{},"normalizations":{}},{"classId":"e_13","part":"s1v1","offsets":[{"start":97,"text":"feljelentés"}],"coordinates":[],"confidence":{"state":"pre-added","who":["user:bernidam"],"prob":1},"fields":{},"normalizations":{}},{"classId":"e_2","part":"s1v1","offsets":[{"start":110,"text":"amit megtettem és elutasított a magyar nyomozó hatóság"}],"coordinates":[],"confidence":{"state":"pre-added","who":["user:szabokristof2333"],"prob":1},"fields":{},"normalizations":{}},{"classId":"e_14","part":"s1v1","offsets":[{"start":110,"text":"amit"}],"coordinates":[],"confidence":{"state":"pre-added","who":["user:bernidam"],"prob":1},"fields":{},"normalizations":{}},{"classId":"e_13","part":"s1v1","offsets":[{"start":128,"text":"elutasított"}],"coordinates":[],"confidence":{"state":"pre-added","who":["user:szabokristof2333"],"prob":1},"fields":{},"normalizations":{}},{"classId":"e_14","part":"s1v1","offsets":[{"start":140,"text":"a magyar nyomozó hatóság"}],"coordinates":[],"confidence":{"state":"pre-added","who":["user:szabokristof2333"],"prob":1},"fields":{},"normalizations":{}},{"classId":"e_4","part":"s1v1","offsets":[{"start":230,"text":"ha valamit tudunk, azt igyekszem megtenni"}],"coordinates":[],"confidence":{"state":"pre-added","who":["user:szabokristof2333"],"prob":1},"fields":{},"normalizations":{}},{"classId":"e_14","part":"s1v1","offsets":[{"start":233,"text":"valamit"}],"coordinates":[],"confidence":{"state":"pre-added","who":["user:bernidam"],"prob":1},"fields":{},"normalizations":{}},{"classId":"e_13","part":"s1v1","offsets":[{"start":233,"text":"valamit tudunk"}],"coordinates":[],"confidence":{"state":"pre-added","who":["user:bernidam"],"prob":1},"fields":{},"normalizations":{}},{"classId":"e_14","part":"s1v1","offsets":[{"start":249,"text":"azt"}],"coordinates":[],"confidence":{"state":"pre-added","who":["user:bernidam"],"prob":1},"fields":{},"normalizations":{}},{"classId":"e_13","part":"s1v1","offsets":[{"start":253,"text":"igyekszem megtenni"}],"coordinates":[],"confidence":{"state":"pre-added","who":["user:bernidam"],"prob":1},"fields":{},"normalizations":{}},{"classId":"e_4","part":"s1v1","offsets":[{"start":273,"text":"És ta­lán képviselői eskümnek teszek eleget, ha itt a jegy­zőkönyvben is rögzíteni szeretném azt"}],"coordinates":[],"confidence":{"state":"pre-added","who":["user:bernidam"],"prob":1},"fields":{},"normalizations":{}},{"classId":"e_14","part":"s1v1","offsets":[{"start":283,"text":"képviselői eskümnek"}],"coordinates":[],"confidence":{"state":"pre-added","who":["user:bernidam"],"prob":1},"fields":{},"normalizations":{}},{"classId":"e_13","part":"s1v1","offsets":[{"start":294,"text":"eskümnek teszek eleget"}],"coordinates":[],"confidence":{"state":"pre-added","who":["user:bernidam"],"prob":1},"fields":{},"normalizations":{}},{"classId":"e_14","part":"s1v1","offsets":[{"start":321,"text":"itt"}],"coordinates":[],"confidence":{"state":"pre-added","who":["user:bernidam"],"prob":1},"fields":{},"normalizations":{}},{"classId":"e_14","part":"s1v1","offsets":[{"start":325,"text":"a jegy­zőkönyvben"}],"coordinates":[],"confidence":{"state":"pre-added","who":["user:bernidam"],"prob":1},"fields":{},"normalizations":{}},{"classId":"e_13","part":"s1v1","offsets":[{"start":346,"text":"rögzíteni szeretném"}],"coordinates":[],"confidence":{"state":"pre-added","who":["user:bernidam"],"prob":1},"fields":{},"normalizations":{}},{"classId":"e_14","part":"s1v1","offsets":[{"start":366,"text":"azt"}],"coordinates":[],"confidence":{"state":"pre-added","who":["user:bernidam"],"prob":1},"fields":{},"normalizations":{}},{"classId":"e_14","part":"s1v1","offsets":[{"start":376,"text":"két­éves parlamenti munkám tapasztalata"}],"coordinates":[],"confidence":{"state":"pre-added","who":["user:szabokristof2333"],"prob":1},"fields":{},"normalizations":{}},{"classId":"e_14","part":"s1v1","offsets":[{"start":416,"text":"az"}],"coordinates":[],"confidence":{"state":"pre-added","who":["user:bernidam"],"prob":1},"fields":{},"normalizations":{}},{"classId":"e_3","part":"s1v1","offsets":[{"start":453,"text":"hogy egy jól szervezett bűnözői csoport beépült a törvényhozásba"}],"coordinates":[],"confidence":{"state":"pre-added","who":["user:bernidam"],"prob":1},"fields":{},"normalizations":{}},{"classId":"e_13","part":"s1v1","offsets":[{"start":458,"text":"egy jól szervezett bűnözői csoport beépült"}],"coordinates":[],"confidence":{"state":"pre-added","who":["user:szabokristof2333"],"prob":1},"fields":{},"normalizations":{}},{"classId":"e_14","part":"s1v1","offsets":[{"start":458,"text":"egy jól szervezett bűnözői csoport"}],"coordinates":[],"confidence":{"state":"pre-added","who":["user:szabokristof2333"],"prob":1},"fields":{},"normalizations":{}},{"classId":"e_14","part":"s1v1","offsets":[{"start":501,"text":"a törvényhozásba"}],"coordinates":[],"confidence":{"state":"pre-added","who":["user:szabokristof2333"],"prob":1},"fields":{},"normalizations":{}},{"classId":"e_3","part":"s1v1","offsets":[{"start":541,"text":"hogy lenyúlják a közvagyont"}],"coordinates":[],"confidence":{"state":"pre-added","who":["user:bernidam"],"prob":1},"fields":{},"normalizations":{}},{"classId":"e_13","part":"s1v1","offsets":[{"start":546,"text":"lenyúlják a közvagyont"}],"coordinates":[],"confidence":{"state":"pre-added","who":["user:szabokristof2333"],"prob":1},"fields":{},"normalizations":{}},{"classId":"e_14","part":"s1v1","offsets":[{"start":556,"text":"a közvagyont"}],"coordinates":[],"confidence":{"state":"pre-added","who":["user:szabokristof2333"],"prob":1},"fields":{},"normalizations":{}},{"classId":"e_13","part":"s1v1","offsets":[{"start":570,"text":"Ezzel kell szembesülni"}],"coordinates":[],"confidence":{"state":"pre-added","who":["user:szabokristof2333"],"prob":1},"fields":{},"normalizations":{}},{"classId":"e_5","part":"s1v1","offsets":[{"start":570,"text":"Ezzel kell szembesülni és ez az"}],"coordinates":[],"confidence":{"state":"pre-added","who":["user:bernidam"],"prob":1},"fields":{},"normalizations":{}},{"classId":"e_14","part":"s1v1","offsets":[{"start":570,"text":"Ezzel"}],"coordinates":[],"confidence":{"state":"pre-added","who":["user:bernidam"],"prob":1},"fields":{},"normalizations":{}},{"classId":"e_14","part":"s1v1","offsets":[{"start":596,"text":"ez"}],"coordinates":[],"confidence":{"state":"pre-added","who":["user:bernidam"],"prob":1},"fields":{},"normalizations":{}},{"classId":"e_14","part":"s1v1","offsets":[{"start":599,"text":"az"}],"coordinates":[],"confidence":{"state":"pre-added","who":["user:bernidam"],"prob":1},"fields":{},"normalizations":{}},{"classId":"e_5","part":"s1v1","offsets":[{"start":687,"text":"Nyilvánvalóan nem egy újfajta szerveződés ez"}],"coordinates":[],"confidence":{"state":"pre-added","who":["user:szabokristof2333"],"prob":1},"fields":{},"normalizations":{}},{"classId":"e_13","part":"s1v1","offsets":[{"start":701,"text":"nem egy újfajta szerveződés ez"}],"coordinates":[],"confidence":{"state":"pre-added","who":["user:szabokristof2333"],"prob":1},"fields":{},"normalizations":{}},{"classId":"e_14","part":"s1v1","offsets":[{"start":705,"text":"egy újfajta szerveződés"}],"coordinates":[],"confidence":{"state":"pre-added","who":["user:szabokristof2333"],"prob":1},"fields":{},"normalizations":{}},{"classId":"e_14","part":"s1v1","offsets":[{"start":729,"text":"ez"}],"coordinates":[],"confidence":{"state":"pre-added","who":["user:bernidam"],"prob":1},"fields":{},"normalizations":{}},{"classId":"e_3","part":"s1v1","offsets":[{"start":733,"text":"hiszen a XIX. századtól Szicíliából a Cosa Nostra gyakorlatilag egy családi alapon szerveződő bűnszövetkezetként már nagyon-nagyon hasonló szervezeti szintet ért el"}],"coordinates":[],"confidence":{"state":"pre-added","who":["user:szabokristof2333"],"prob":1},"fields":{},"normalizations":{}},{"classId":"e_14","part":"s1v1","offsets":[{"start":740,"text":"a XIX. századtól"}],"coordinates":[],"confidence":{"state":"pre-added","who":["user:szabokristof2333"],"prob":1},"fields":{},"normalizations":{}},{"classId":"e_14","part":"s1v1","offsets":[{"start":757,"text":"Szicíliából"}],"coordinates":[],"confidence":{"state":"pre-added","who":["user:szabokristof2333"],"prob":1},"fields":{},"normalizations":{}},{"classId":"e_13","part":"s1v1","offsets":[{"start":769,"text":"a Cosa Nostra"}],"coordinates":[],"confidence":{"state":"pre-added","who":["user:szabokristof2333"],"prob":1},"fields":{},"normalizations":{}},{"classId":"e_14","part":"s1v1","offsets":[{"start":769,"text":"a Cosa Nostra"}],"coordinates":[],"confidence":{"state":"pre-added","who":["user:szabokristof2333"],"prob":1},"fields":{},"normalizations":{}},{"classId":"e_13","part":"s1v1","offsets":[{"start":797,"text":"egy családi alapon szerveződő bűnszövetkezetként"}],"coordinates":[],"confidence":{"state":"pre-added","who":["user:szabokristof2333"],"prob":1},"fields":{},"normalizations":{}},{"classId":"e_14","part":"s1v1","offsets":[{"start":797,"text":"egy családi alapon szerveződő bűnszövetkezetként"}],"coordinates":[],"confidence":{"state":"pre-added","who":["user:szabokristof2333"],"prob":1},"fields":{},"normalizations":{}},{"classId":"e_14","part":"s1v1","offsets":[{"start":850,"text":"nagyon-nagyon hasonló szervezeti szintet"}],"coordinates":[],"confidence":{"state":"pre-added","who":["user:szabokristof2333"],"prob":1},"fields":{},"normalizations":{}},{"classId":"e_4","part":"s1v1","offsets":[{"start":966,"text":"mert még hiszek benne, hogy nincsenek benne valamennyien"}],"coordinates":[],"confidence":{"state":"pre-added","who":["user:bernidam"],"prob":1},"fields":{},"normalizations":{}},{"classId":"e_13","part":"s1v1","offsets":[{"start":975,"text":"hiszek"}],"coordinates":[],"confidence":{"state":"pre-added","who":["user:bernidam"],"prob":1},"fields":{},"normalizations":{}},{"classId":"e_14","part":"s1v1","offsets":[{"start":982,"text":"benne"}],"coordinates":[],"confidence":{"state":"pre-added","who":["user:bernidam"],"prob":1},"fields":{},"normalizations":{}},{"classId":"e_13","part":"s1v1","offsets":[{"start":994,"text":"nincsenek benne valamennyien"}],"coordinates":[],"confidence":{"state":"pre-added","who":["user:bernidam"],"prob":1},"fields":{},"normalizations":{}},{"classId":"e_14","part":"s1v1","offsets":[{"start":1004,"text":"benne"}],"coordinates":[],"confidence":{"state":"pre-added","who":["user:bernidam"],"prob":1},"fields":{},"normalizations":{}},{"classId":"e_14","part":"s1v1","offsets":[{"start":1010,"text":"valamennyien"}],"coordinates":[],"confidence":{"state":"pre-added","who":["user:bernidam"],"prob":1},"fields":{},"normalizations":{}},{"classId":"e_14","part":"s1v1","offsets":[{"start":1083,"text":"Matolcsy György"}],"coordinates":[],"confidence":{"state":"pre-added","who":["user:szabokristof2333"],"prob":1},"fields":{},"normalizations":{}},{"classId":"e_3","part":"s1v1","offsets":[{"start":1134,"text":"Matolcsy Györgyhöz közel álló személy jógaoktatóként 1,7 milliós fizetéssel, már nemcsak ő van benne a buliban"}],"coordinates":[],"confidence":{"state":"pre-added","who":["user:szabokristof2333","user:bernidam"],"prob":1},"fields":{},"normalizations":{}},{"classId":"e_14","part":"s1v1","offsets":[{"start":1134,"text":"Matolcsy Györgyhöz közel álló személy"}],"coordinates":[],"confidence":{"state":"pre-added","who":["user:szabokristof2333"],"prob":1},"fields":{},"normalizations":{}},{"classId":"e_13","part":"s1v1","offsets":[{"start":1172,"text":"jógaoktatóként 1,7 milliós fizetéssel"}],"coordinates":[],"confidence":{"state":"pre-added","who":["user:szabokristof2333"],"prob":1},"fields":{},"normalizations":{}},{"classId":"e_14","part":"s1v1","offsets":[{"start":1172,"text":"jógaoktatóként"}],"coordinates":[],"confidence":{"state":"pre-added","who":["user:szabokristof2333"],"prob":1},"fields":{},"normalizations":{}},{"classId":"e_14","part":"s1v1","offsets":[{"start":1187,"text":"1,7 milliós fizetéssel"}],"coordinates":[],"confidence":{"state":"pre-added","who":["user:szabokristof2333"],"prob":1},"fields":{},"normalizations":{}},{"classId":"e_13","part":"s1v1","offsets":[{"start":1211,"text":"már nemcsak ő van benne a buliban"}],"coordinates":[],"confidence":{"state":"pre-added","who":["user:szabokristof2333"],"prob":1},"fields":{},"normalizations":{}},{"classId":"e_14","part":"s1v1","offsets":[{"start":1223,"text":"ő"}],"coordinates":[],"confidence":{"state":"pre-added","who":["user:bernidam"],"prob":1},"fields":{},"normalizations":{}},{"classId":"e_14","part":"s1v1","offsets":[{"start":1235,"text":"a buliban"}],"coordinates":[],"confidence":{"state":"pre-added","who":["user:szabokristof2333"],"prob":1},"fields":{},"normalizations":{}},{"classId":"e_14","part":"s1v1","offsets":[{"start":1252,"text":"az ő édesanyja"}],"coordinates":[],"confidence":{"state":"pre-added","who":["user:bernidam"],"prob":1},"fields":{},"normalizations":{}},{"classId":"e_14","part":"s1v1","offsets":[{"start":1271,"text":"az ő húga"}],"coordinates":[],"confidence":{"state":"pre-added","who":["user:bernidam"],"prob":1},"fields":{},"normalizations":{}},{"classId":"e_3","part":"s1v1","offsets":[{"start":1313,"text":"hogy ez a családi szerveződés megjelenik"}],"coordinates":[],"confidence":{"state":"pre-added","who":["user:bernidam"],"prob":1},"fields":{},"normalizations":{}},{"classId":"e_14","part":"s1v1","offsets":[{"start":1318,"text":"ez a családi szerveződés"}],"coordinates":[],"confidence":{"state":"pre-added","who":["user:bernidam"],"prob":1},"fields":{},"normalizations":{}},{"classId":"e_13","part":"s1v1","offsets":[{"start":1321,"text":"a családi szerveződés megjelenik"}],"coordinates":[],"confidence":{"state":"pre-added","who":["user:szabokristof2333"],"prob":1},"fields":{},"normalizations":{}},{"classId":"e_3","part":"s1v1","offsets":[{"start":1394,"text":"Lázár Jánosnak a gyermekei vagyonosodnak."}],"coordinates":[],"confidence":{"state":"pre-added","who":["user:bernidam"],"prob":1},"fields":{},"normalizations":{}},{"classId":"e_14","part":"s1v1","offsets":[{"start":1394,"text":"Lázár Jánosnak a gyermekei"}],"coordinates":[],"confidence":{"state":"pre-added","who":["user:bernidam"],"prob":1},"fields":{},"normalizations":{}},{"classId":"e_13","part":"s1v1","offsets":[{"start":1411,"text":"gyermekei vagyonosodnak"}],"coordinates":[],"confidence":{"state":"pre-added","who":["user:bernidam"],"prob":1},"fields":{},"normalizations":{}},{"classId":"e_3","part":"s1v1","offsets":[{"start":1436,"text":"Seszták miniszter úrnak a barátja kap kaszinót, Pócs képviselő úr családja trafikokat."}],"coordinates":[],"confidence":{"state":"pre-added","who":["user:szabokristof2333","user:bernidam"],"prob":1},"fields":{},"normalizations":{}},{"classId":"e_14","part":"s1v1","offsets":[{"start":1436,"text":"Seszták miniszter úrnak a barátja"}],"coordinates":[],"confidence":{"state":"pre-added","who":["user:bernidam"],"prob":1},"fields":{},"normalizations":{}},{"classId":"e_13","part":"s1v1","offsets":[{"start":1462,"text":"barátja kap kaszinót"}],"coordinates":[],"confidence":{"state":"pre-added","who":["user:bernidam"],"prob":1},"fields":{},"normalizations":{}},{"classId":"e_14","part":"s1v1","offsets":[{"start":1474,"text":"kaszinót"}],"coordinates":[],"confidence":{"state":"pre-added","who":["user:szabokristof2333"],"prob":1},"fields":{},"normalizations":{}},{"classId":"e_13","part":"s1v1","offsets":[{"start":1484,"text":"Pócs képviselő úr családja trafikokat"}],"coordinates":[],"confidence":{"state":"pre-added","who":["user:szabokristof2333"],"prob":1},"fields":{},"normalizations":{}},{"classId":"e_14","part":"s1v1","offsets":[{"start":1484,"text":"Pócs képviselő úr családja"}],"coordinates":[],"confidence":{"state":"pre-added","who":["user:szabokristof2333"],"prob":1},"fields":{},"normalizations":{}},{"classId":"e_14","part":"s1v1","offsets":[{"start":1511,"text":"trafikokat"}],"coordinates":[],"confidence":{"state":"pre-added","who":["user:szabokristof2333"],"prob":1},"fields":{},"normalizations":{}},{"classId":"e_3","part":"s1v1","offsets":[{"start":1523,"text":"Szintén trafikokkal járt jól Szatmáry képviselőtársam családja."}],"coordinates":[],"confidence":{"state":"pre-added","who":["user:szabokristof2333","user:bernidam"],"prob":1},"fields":{},"normalizations":{}},{"classId":"e_13","part":"s1v1","offsets":[{"start":1523,"text":"Szintén trafikokkal járt jól"}],"coordinates":[],"confidence":{"state":"pre-added","who":["user:szabokristof2333"],"prob":1},"fields":{},"normalizations":{}},{"classId":"e_14","part":"s1v1","offsets":[{"start":1531,"text":"trafikokkal"}],"coordinates":[],"confidence":{"state":"pre-added","who":["user:szabokristof2333"],"prob":1},"fields":{},"normalizations":{}},{"classId":"e_14","part":"s1v1","offsets":[{"start":1552,"text":"Szatmáry képviselőtársam családja"}],"coordinates":[],"confidence":{"state":"pre-added","who":["user:szabokristof2333"],"prob":1},"fields":{},"normalizations":{}},{"classId":"e_3","part":"s1v1","offsets":[{"start":1587,"text":"Kósa képviselő úr felesége gazdagodik, Riz Levente polgármester úr kedves testvére 100 milliós megbízást kapott."}],"coordinates":[],"confidence":{"state":"pre-added","who":["user:szabokristof2333","user:bernidam"],"prob":1},"fields":{},"normalizations":{}},{"classId":"e_14","part":"s1v1","offsets":[{"start":1587,"text":"Kósa képviselő úr felesége"}],"coordinates":[],"confidence":{"state":"pre-added","who":["user:szabokristof2333"],"prob":1},"fields":{},"normalizations":{}},{"classId":"e_13","part":"s1v1","offsets":[{"start":1605,"text":"felesége gazdagodik"}],"coordinates":[],"confidence":{"state":"pre-added","who":["user:bernidam"],"prob":1},"fields":{},"normalizations":{}},{"classId":"e_14","part":"s1v1","offsets":[{"start":1626,"text":"Riz Levente polgármester úr kedves testvére"}],"coordinates":[],"confidence":{"state":"pre-added","who":["user:bernidam"],"prob":1},"fields":{},"normalizations":{}},{"classId":"e_13","part":"s1v1","offsets":[{"start":1654,"text":"kedves testvére 100 milliós megbízást kapott"}],"coordinates":[],"confidence":{"state":"pre-added","who":["user:szabokristof2333"],"prob":1},"fields":{},"normalizations":{}},{"classId":"e_14","part":"s1v1","offsets":[{"start":1670,"text":"100 milliós megbízást"}],"coordinates":[],"confidence":{"state":"pre-added","who":["user:szabokristof2333"],"prob":1},"fields":{},"normalizations":{}},{"classId":"e_3","part":"s1v1","offsets":[{"start":1798,"text":"Fazekas Sándor miniszter úr unokaöccsei szereztek 200 ezer forint alatti áron hektáronként termőföldet az államtól."}],"coordinates":[],"confidence":{"state":"pre-added","who":["user:szabokristof2333","user:bernidam"],"prob":1},"fields":{},"normalizations":{}},{"classId":"e_14","part":"s1v1","offsets":[{"start":1798,"text":"Fazekas Sándor miniszter úr unokaöccsei"}],"coordinates":[],"confidence":{"state":"pre-added","who":["user:szabokristof2333"],"prob":1},"fields":{},"normalizations":{}},{"classId":"e_13","part":"s1v1","offsets":[{"start":1826,"text":"unokaöccsei szereztek 200 ezer forint alatti áron hektáronként termőföldet"}],"coordinates":[],"confidence":{"state":"pre-added","who":["user:bernidam"],"prob":1},"fields":{},"normalizations":{}},{"classId":"e_14","part":"s1v1","offsets":[{"start":1848,"text":"200 ezer forint alatti áron"}],"coordinates":[],"confidence":{"state":"pre-added","who":["user:szabokristof2333"],"prob":1},"fields":{},"normalizations":{}},{"classId":"e_14","part":"s1v1","offsets":[{"start":1876,"text":"hektáronként"}],"coordinates":[],"confidence":{"state":"pre-added","who":["user:szabokristof2333"],"prob":1},"fields":{},"normalizations":{}},{"classId":"e_14","part":"s1v1","offsets":[{"start":1889,"text":"termőföldet"}],"coordinates":[],"confidence":{"state":"pre-added","who":["user:szabokristof2333"],"prob":1},"fields":{},"normalizations":{}},{"classId":"e_14","part":"s1v1","offsets":[{"start":1901,"text":"az államtól"}],"coordinates":[],"confidence":{"state":"pre-added","who":["user:szabokristof2333"],"prob":1},"fields":{},"normalizations":{}},{"classId":"e_14","part":"s1v1","offsets":[{"start":1914,"text":"Szijjártó miniszter úr"}],"coordinates":[],"confidence":{"state":"pre-added","who":["user:szabokristof2333"],"prob":1},"fields":{},"normalizations":{}},{"classId":"e_3","part":"s1v1","offsets":[{"start":1914,"text":"Szijjártó miniszter úr saját maga vagyonosodik"}],"coordinates":[],"confidence":{"state":"pre-added","who":["user:bernidam"],"prob":1},"fields":{},"normalizations":{}},{"classId":"e_14","part":"s1v1","offsets":[{"start":1937,"text":"saját maga"}],"coordinates":[],"confidence":{"state":"pre-added","who":["user:szabokristof2333"],"prob":1},"fields":{},"normalizations":{}},{"classId":"e_13","part":"s1v1","offsets":[{"start":1948,"text":"vagyonosodik"}],"coordinates":[],"confidence":{"state":"pre-added","who":["user:bernidam"],"prob":1},"fields":{},"normalizations":{}},{"classId":"e_6","part":"s1v1","offsets":[{"start":1962,"text":"nyilván családi segítségből"}],"coordinates":[],"confidence":{"state":"pre-added","who":["user:bernidam"],"prob":1},"fields":{},"normalizations":{}},{"classId":"e_13","part":"s1v1","offsets":[{"start":1962,"text":"nyilván családi segítségből"}],"coordinates":[],"confidence":{"state":"pre-added","who":["user:bernidam"],"prob":1},"fields":{},"normalizations":{}},{"classId":"e_14","part":"s1v1","offsets":[{"start":1970,"text":"családi segítségből"}],"coordinates":[],"confidence":{"state":"pre-added","who":["user:szabokristof2333"],"prob":1},"fields":{},"normalizations":{}},{"classId":"e_14","part":"s1v1","offsets":[{"start":1991,"text":"Rogán Antal úr szomszédját"}],"coordinates":[],"confidence":{"state":"pre-added","who":["user:szabokristof2333"],"prob":1},"fields":{},"normalizations":{}},{"classId":"e_3","part":"s1v1","offsets":[{"start":2047,"text":"hogy Mengyi Roland felesége ért el vállalkozói sikereket"}],"coordinates":[],"confidence":{"state":"pre-added","who":["user:bernidam"],"prob":1},"fields":{},"normalizations":{}},{"classId":"e_13","part":"s1v1","offsets":[{"start":2052,"text":"Mengyi Roland felesége ért el vállalkozói sikereket"}],"coordinates":[],"confidence":{"state":"pre-added","who":["user:szabokristof2333"],"prob":1},"fields":{},"normalizations":{}},{"classId":"e_14","part":"s1v1","offsets":[{"start":2052,"text":"Mengyi Roland felesége"}],"coordinates":[],"confidence":{"state":"pre-added","who":["user:szabokristof2333"],"prob":1},"fields":{},"normalizations":{}},{"classId":"e_14","part":"s1v1","offsets":[{"start":2082,"text":"vállalkozói sikereket"}],"coordinates":[],"confidence":{"state":"pre-added","who":["user:szabokristof2333"],"prob":1},"fields":{},"normalizations":{}},{"classId":"e_3","part":"s1v1","offsets":[{"start":2122,"text":"hogy Simonka képviselőtársunk is nagyon sikeres vállalkozóként működik feleségével, Becsó Zsolt képviselőtársunknak a testvérével közös cége alapvetően jól gazdagodott az elmúlt időszakban, és nyilvánvalóan a miniszterelnök úrnak nemcsak a felesége, hanem a feleség testvérei, azok sógorai, hanem most már az aranyvő és annak családja is jól gazdagodik"}],"coordinates":[],"confidence":{"state":"pre-added","who":["user:bernidam"],"prob":1},"fields":{},"normalizations":{}},{"classId":"e_13","part":"s1v1","offsets":[{"start":2127,"text":"Simonka képviselőtársunk is nagyon sikeres vállalkozóként működik feleségével"}],"coordinates":[],"confidence":{"state":"pre-added","who":["user:szabokristof2333"],"prob":1},"fields":{},"normalizations":{}},{"classId":"e_14","part":"s1v1","offsets":[{"start":2127,"text":"Simonka képviselőtársunk"}],"coordinates":[],"confidence":{"state":"pre-added","who":["user:szabokristof2333"],"prob":1},"fields":{},"normalizations":{}},{"classId":"e_14","part":"s1v1","offsets":[{"start":2155,"text":"nagyon sikeres vállalkozóként"}],"coordinates":[],"confidence":{"state":"pre-added","who":["user:szabokristof2333"],"prob":1},"fields":{},"normalizations":{}},{"classId":"e_14","part":"s1v1","offsets":[{"start":2193,"text":"feleségével"}],"coordinates":[],"confidence":{"state":"pre-added","who":["user:szabokristof2333"],"prob":1},"fields":{},"normalizations":{}},{"classId":"e_13","part":"s1v1","offsets":[{"start":2206,"text":"Becsó Zsolt képviselőtársunknak a testvérével közös cége alapvetően jól gazdagodott"}],"coordinates":[],"confidence":{"state":"pre-added","who":["user:szabokristof2333"],"prob":1},"fields":{},"normalizations":{}},{"classId":"e_14","part":"s1v1","offsets":[{"start":2206,"text":"Becsó Zsolt képviselőtársunknak a testvérével közös cége"}],"coordinates":[],"confidence":{"state":"pre-added","who":["user:bernidam"],"prob":1},"fields":{},"normalizations":{}},{"classId":"e_14","part":"s1v1","offsets":[{"start":2290,"text":"az elmúlt időszakban"}],"coordinates":[],"confidence":{"state":"pre-added","who":["user:szabokristof2333"],"prob":1},"fields":{},"normalizations":{}},{"classId":"e_14","part":"s1v1","offsets":[{"start":2329,"text":"a miniszterelnök úrnak nemcsak a felesége, hanem a feleség testvérei, azok sógorai"}],"coordinates":[],"confidence":{"state":"pre-added","who":["user:bernidam"],"prob":1},"fields":{},"normalizations":{}},{"classId":"e_14","part":"s1v1","offsets":[{"start":2428,"text":"az aranyvő"}],"coordinates":[],"confidence":{"state":"pre-added","who":["user:bernidam"],"prob":1},"fields":{},"normalizations":{}},{"classId":"e_14","part":"s1v1","offsets":[{"start":2442,"text":"annak családja"}],"coordinates":[],"confidence":{"state":"pre-added","who":["user:bernidam"],"prob":1},"fields":{},"normalizations":{}},{"classId":"e_13","part":"s1v1","offsets":[{"start":2448,"text":"családja is jól gazdagodik"}],"coordinates":[],"confidence":{"state":"pre-added","who":["user:bernidam"],"prob":1},"fields":{},"normalizations":{}},{"classId":"e_3","part":"s1v1","offsets":[{"start":2476,"text":"És ott a gazdagodás mértéke olyan"}],"coordinates":[],"confidence":{"state":"pre-added","who":["user:bernidam"],"prob":1},"fields":{},"normalizations":{}},{"classId":"e_14","part":"s1v1","offsets":[{"start":2479,"text":"ott"}],"coordinates":[],"confidence":{"state":"pre-added","who":["user:bernidam"],"prob":1},"fields":{},"normalizations":{}},{"classId":"e_14","part":"s1v1","offsets":[{"start":2483,"text":"a gazdagodás mértéke"}],"coordinates":[],"confidence":{"state":"pre-added","who":["user:bernidam"],"prob":1},"fields":{},"normalizations":{}},{"classId":"e_13","part":"s1v1","offsets":[{"start":2485,"text":"gazdagodás mértéke"}],"coordinates":[],"confidence":{"state":"pre-added","who":["user:bernidam"],"prob":1},"fields":{},"normalizations":{}},{"classId":"e_6","part":"s1v1","offsets":[{"start":2511,"text":"hogy most már be kellett vonni a helyi gázszerelőt is annak érdekében, hogy szét lehessen tolni ezt a vagyont"}],"coordinates":[],"confidence":{"state":"pre-added","who":["user:szabokristof2333"],"prob":1},"fields":{},"normalizations":{}},{"classId":"e_13","part":"s1v1","offsets":[{"start":2516,"text":"most már be kellett vonni a helyi gázszerelőt"}],"coordinates":[],"confidence":{"state":"pre-added","who":["user:szabokristof2333"],"prob":1},"fields":{},"normalizations":{}},{"classId":"e_14","part":"s1v1","offsets":[{"start":2542,"text":"a helyi gázszerelőt"}],"coordinates":[],"confidence":{"state":"pre-added","who":["user:szabokristof2333"],"prob":1},"fields":{},"normalizations":{}},{"classId":"e_14","part":"s1v1","offsets":[{"start":2565,"text":"annak érdekében"}],"coordinates":[],"confidence":{"state":"pre-added","who":["user:szabokristof2333"],"prob":1},"fields":{},"normalizations":{}},{"classId":"e_13","part":"s1v1","offsets":[{"start":2587,"text":"szét lehessen tolni ezt a vagyont"}],"coordinates":[],"confidence":{"state":"pre-added","who":["user:szabokristof2333"],"prob":1},"fields":{},"normalizations":{}},{"classId":"e_14","part":"s1v1","offsets":[{"start":2607,"text":"ezt a vagyont"}],"coordinates":[],"confidence":{"state":"pre-added","who":["user:szabokristof2333"],"prob":1},"fields":{},"normalizations":{}},{"classId":"e_6","part":"s1v1","offsets":[{"start":2638,"text":"hogy a ledlámpák fényével alig lehet látni ezt a családi összefonódást"}],"coordinates":[],"confidence":{"state":"pre-added","who":["user:szabokristof2333"],"prob":1},"fields":{},"normalizations":{}},{"classId":"e_13","part":"s1v1","offsets":[{"start":2643,"text":"a ledlámpák fényével alig lehet látni ezt a családi összefonódást"}],"coordinates":[],"confidence":{"state":"pre-added","who":["user:szabokristof2333"],"prob":1},"fields":{},"normalizations":{}},{"classId":"e_14","part":"s1v1","offsets":[{"start":2643,"text":"a ledlámpák fényével"}],"coordinates":[],"confidence":{"state":"pre-added","who":["user:szabokristof2333"],"prob":1},"fields":{},"normalizations":{}},{"classId":"e_14","part":"s1v1","offsets":[{"start":2681,"text":"ezt a családi összefonódást"}],"coordinates":[],"confidence":{"state":"pre-added","who":["user:szabokristof2333"],"prob":1},"fields":{},"normalizations":{}},{"classId":"e_2","part":"s1v1","offsets":[{"start":2779,"text":"hogy ez nem egy ritka dolog"}],"coordinates":[],"confidence":{"state":"pre-added","who":["user:szabokristof2333"],"prob":1},"fields":{},"normalizations":{}},{"classId":"e_14","part":"s1v1","offsets":[{"start":2784,"text":"ez"}],"coordinates":[],"confidence":{"state":"pre-added","who":["user:bernidam"],"prob":1},"fields":{},"normalizations":{}},{"classId":"e_13","part":"s1v1","offsets":[{"start":2787,"text":"nem egy ritka dolog"}],"coordinates":[],"confidence":{"state":"pre-added","who":["user:szabokristof2333"],"prob":1},"fields":{},"normalizations":{}},{"classId":"e_14","part":"s1v1","offsets":[{"start":2791,"text":"egy ritka dolog"}],"coordinates":[],"confidence":{"state":"pre-added","who":["user:szabokristof2333"],"prob":1},"fields":{},"normalizations":{}},{"classId":"e_6","part":"s1v1","offsets":[{"start":2808,"text":"Valószínűleg egy időben még kötelező olvasmány volt Móricz Zsigmondtól a Rokonok"}],"coordinates":[],"confidence":{"state":"pre-added","who":["user:szabokristof2333"],"prob":1},"fields":{},"normalizations":{}},{"classId":"e_13","part":"s1v1","offsets":[{"start":2821,"text":"egy időben még kötelező olvasmány volt Móricz Zsigmondtól a Rokonok"}],"coordinates":[],"confidence":{"state":"pre-added","who":["user:szabokristof2333"],"prob":1},"fields":{},"normalizations":{}},{"classId":"e_14","part":"s1v1","offsets":[{"start":2821,"text":"egy időben"}],"coordinates":[],"confidence":{"state":"pre-added","who":["user:szabokristof2333"],"prob":1},"fields":{},"normalizations":{}},{"classId":"e_14","part":"s1v1","offsets":[{"start":2836,"text":"kötelező olvasmány"}],"coordinates":[],"confidence":{"state":"pre-added","who":["user:bernidam"],"prob":1},"fields":{},"normalizations":{}},{"classId":"e_14","part":"s1v1","offsets":[{"start":2860,"text":"Móricz Zsigmondtól"}],"coordinates":[],"confidence":{"state":"pre-added","who":["user:szabokristof2333"],"prob":1},"fields":{},"normalizations":{}},{"classId":"e_14","part":"s1v1","offsets":[{"start":2879,"text":"a Rokonok"}],"coordinates":[],"confidence":{"state":"pre-added","who":["user:szabokristof2333"],"prob":1},"fields":{},"normalizations":{}},{"classId":"e_2","part":"s1v1","offsets":[{"start":3137,"text":"Magyarország a rokonságok és a panamák lápvilága."}],"coordinates":[],"confidence":{"state":"pre-added","who":["user:bernidam"],"prob":1},"fields":{},"normalizations":{}},{"classId":"e_14","part":"s1v1","offsets":[{"start":3137,"text":"Magyarország"}],"coordinates":[],"confidence":{"state":"pre-added","who":["user:bernidam"],"prob":1},"fields":{},"normalizations":{}},{"classId":"e_14","part":"s1v1","offsets":[{"start":3150,"text":"a rokonságok és a panamák lápvilága"}],"coordinates":[],"confidence":{"state":"pre-added","who":["user:bernidam"],"prob":1},"fields":{},"normalizations":{}},{"classId":"e_13","part":"s1v1","offsets":[{"start":3152,"text":"rokonságok és a panamák lápvilága"}],"coordinates":[],"confidence":{"state":"pre-added","who":["user:bernidam"],"prob":1},"fields":{},"normalizations":{}},{"classId":"e_2","part":"s1v1","offsets":[{"start":3187,"text":"Ez egy olyan furcsa ingovány, hogy aki ebbe beleplántálódik, vagy akklimatizálódik, vagy elpusztul."}],"coordinates":[],"confidence":{"state":"pre-added","who":["user:bernidam"],"prob":1},"fields":{},"normalizations":{}},{"classId":"e_14","part":"s1v1","offsets":[{"start":3187,"text":"Ez"}],"coordinates":[],"confidence":{"state":"pre-added","who":["user:bernidam"],"prob":1},"fields":{},"normalizations":{}},{"classId":"e_14","part":"s1v1","offsets":[{"start":3190,"text":"egy olyan furcsa ingovány"}],"coordinates":[],"confidence":{"state":"pre-added","who":["user:bernidam"],"prob":1},"fields":{},"normalizations":{}},{"classId":"e_13","part":"s1v1","offsets":[{"start":3207,"text":"ingovány"}],"coordinates":[],"confidence":{"state":"pre-added","who":["user:bernidam"],"prob":1},"fields":{},"normalizations":{}},{"classId":"e_14","part":"s1v1","offsets":[{"start":3222,"text":"aki"}],"coordinates":[],"confidence":{"state":"pre-added","who":["user:bernidam"],"prob":1},"fields":{},"normalizations":{}},{"classId":"e_14","part":"s1v1","offsets":[{"start":3226,"text":"ebbe"}],"coordinates":[],"confidence":{"state":"pre-added","who":["user:bernidam"],"prob":1},"fields":{},"normalizations":{}},{"classId":"e_13","part":"s1v1","offsets":[{"start":3231,"text":"beleplántálódik"}],"coordinates":[],"confidence":{"state":"pre-added","who":["user:bernidam"],"prob":1},"fields":{},"normalizations":{}},{"classId":"e_13","part":"s1v1","offsets":[{"start":3276,"text":"elpusztul"}],"coordinates":[],"confidence":{"state":"pre-added","who":["user:bernidam"],"prob":1},"fields":{},"normalizations":{}},{"classId":"e_14","part":"s1v1","offsets":[{"start":3287,"text":"Olyan növények"}],"coordinates":[],"confidence":{"state":"pre-added","who":["user:bernidam"],"prob":1},"fields":{},"normalizations":{}},{"classId":"e_4","part":"s1v1","offsets":[{"start":3303,"text":"amelyek szeretik ezt a nedvdús talajt, buja virágokat hajtanak"}],"coordinates":[],"confidence":{"state":"pre-added","who":["user:bernidam"],"prob":1},"fields":{},"normalizations":{}},{"classId":"e_14","part":"s1v1","offsets":[{"start":3303,"text":"amelyek"}],"coordinates":[],"confidence":{"state":"pre-added","who":["user:bernidam"],"prob":1},"fields":{},"normalizations":{}},{"classId":"e_13","part":"s1v1","offsets":[{"start":3311,"text":"szeretik"}],"coordinates":[],"confidence":{"state":"pre-added","who":["user:bernidam"],"prob":1},"fields":{},"normalizations":{}},{"classId":"e_14","part":"s1v1","offsets":[{"start":3320,"text":"ezt a nedvdús talajt"}],"coordinates":[],"confidence":{"state":"pre-added","who":["user:bernidam"],"prob":1},"fields":{},"normalizations":{}},{"classId":"e_14","part":"s1v1","offsets":[{"start":3342,"text":"buja virágokat"}],"coordinates":[],"confidence":{"state":"pre-added","who":["user:bernidam"],"prob":1},"fields":{},"normalizations":{}},{"classId":"e_13","part":"s1v1","offsets":[{"start":3347,"text":"virágokat hajtanak"}],"coordinates":[],"confidence":{"state":"pre-added","who":["user:bernidam"],"prob":1},"fields":{},"normalizations":{}},{"classId":"e_14","part":"s1v1","offsets":[{"start":3367,"text":"Azok"}],"coordinates":[],"confidence":{"state":"pre-added","who":["user:bernidam"],"prob":1},"fields":{},"normalizations":{}},{"classId":"e_2","part":"s1v1","offsets":[{"start":3373,"text":"akik nem szeretik, belefúlnak a sárba"}],"coordinates":[],"confidence":{"state":"pre-added","who":["user:bernidam"],"prob":1},"fields":{},"normalizations":{}},{"classId":"e_14","part":"s1v1","offsets":[{"start":3373,"text":"akik"}],"coordinates":[],"confidence":{"state":"pre-added","who":["user:bernidam"],"prob":1},"fields":{},"normalizations":{}},{"classId":"e_13","part":"s1v1","offsets":[{"start":3378,"text":"nem szeretik"}],"coordinates":[],"confidence":{"state":"pre-added","who":["user:bernidam"],"prob":1},"fields":{},"normalizations":{}},{"classId":"e_13","part":"s1v1","offsets":[{"start":3392,"text":"belefúlnak"}],"coordinates":[],"confidence":{"state":"pre-added","who":["user:bernidam"],"prob":1},"fields":{},"normalizations":{}},{"classId":"e_14","part":"s1v1","offsets":[{"start":3403,"text":"a sárba"}],"coordinates":[],"confidence":{"state":"pre-added","who":["user:bernidam"],"prob":1},"fields":{},"normalizations":{}},{"classId":"e_6","part":"s1v1","offsets":[{"start":3424,"text":"hogy az önök családtagjai és vezérkaruk rokonsága nagyon-nagyon jól használják ezt a nedvdús talajt"}],"coordinates":[],"confidence":{"state":"pre-added","who":["user:szabokristof2333"],"prob":1},"fields":{},"normalizations":{}},{"classId":"e_14","part":"s1v1","offsets":[{"start":3429,"text":"az önök családtagjai"}],"coordinates":[],"confidence":{"state":"pre-added","who":["user:szabokristof2333"],"prob":1},"fields":{},"normalizations":{}},{"classId":"e_14","part":"s1v1","offsets":[{"start":3453,"text":"vezérkaruk rokonsága"}],"coordinates":[],"confidence":{"state":"pre-added","who":["user:szabokristof2333"],"prob":1},"fields":{},"normalizations":{}},{"classId":"e_13","part":"s1v1","offsets":[{"start":3474,"text":"nagyon-nagyon jól használják ezt a nedvdús talajt"}],"coordinates":[],"confidence":{"state":"pre-added","who":["user:szabokristof2333"],"prob":1},"fields":{},"normalizations":{}},{"classId":"e_14","part":"s1v1","offsets":[{"start":3503,"text":"ezt a nedvdús talajt"}],"coordinates":[],"confidence":{"state":"pre-added","who":["user:szabokristof2333"],"prob":1},"fields":{},"normalizations":{}},{"classId":"e_3","part":"s1v1","offsets":[{"start":3525,"text":"Hiszen miniszterek, államtitkárok és képviselők, azok szülei, testvérei, sógorai, nagybácsik, unokatestvérek, jönnek a szeretők, azok szülei, rokonai, majd jönnek a jó barátok, a régi csoporttársak, iskolatársak, a szomszédok, családi gázszerelők és még akiket be kell vonni, hogy ne legyen olyan nagy a lebukás kockázata."}],"coordinates":[],"confidence":{"state":"pre-added","who":["user:bernidam"],"prob":1},"fields":{},"normalizations":{}},{"classId":"e_14","part":"s1v1","offsets":[{"start":3532,"text":"miniszterek"}],"coordinates":[],"confidence":{"state":"pre-added","who":["user:szabokristof2333"],"prob":1},"fields":{},"normalizations":{}},{"classId":"e_14","part":"s1v1","offsets":[{"start":3545,"text":"államtitkárok"}],"coordinates":[],"confidence":{"state":"pre-added","who":["user:szabokristof2333"],"prob":1},"fields":{},"normalizations":{}},{"classId":"e_14","part":"s1v1","offsets":[{"start":3562,"text":"képviselők"}],"coordinates":[],"confidence":{"state":"pre-added","who":["user:szabokristof2333"],"prob":1},"fields":{},"normalizations":{}},{"classId":"e_14","part":"s1v1","offsets":[{"start":3574,"text":"azok szülei, testvérei, sógorai"}],"coordinates":[],"confidence":{"state":"pre-added","who":["user:bernidam"],"prob":1},"fields":{},"normalizations":{}},{"classId":"e_14","part":"s1v1","offsets":[{"start":3607,"text":"nagybácsik"}],"coordinates":[],"confidence":{"state":"pre-added","who":["user:szabokristof2333"],"prob":1},"fields":{},"normalizations":{}},{"classId":"e_14","part":"s1v1","offsets":[{"start":3619,"text":"unokatestvérek"}],"coordinates":[],"confidence":{"state":"pre-added","who":["user:szabokristof2333"],"prob":1},"fields":{},"normalizations":{}},{"classId":"e_14","part":"s1v1","offsets":[{"start":3642,"text":"a szeretők"}],"coordinates":[],"confidence":{"state":"pre-added","who":["user:szabokristof2333"],"prob":1},"fields":{},"normalizations":{}},{"classId":"e_14","part":"s1v1","offsets":[{"start":3654,"text":"azok szülei, rokonai"}],"coordinates":[],"confidence":{"state":"pre-added","who":["user:bernidam"],"prob":1},"fields":{},"normalizations":{}},{"classId":"e_14","part":"s1v1","offsets":[{"start":3688,"text":"a jó barátok"}],"coordinates":[],"confidence":{"state":"pre-added","who":["user:szabokristof2333"],"prob":1},"fields":{},"normalizations":{}},{"classId":"e_14","part":"s1v1","offsets":[{"start":3702,"text":"a régi csoporttársak, iskolatársak"}],"coordinates":[],"confidence":{"state":"pre-added","who":["user:bernidam"],"prob":1},"fields":{},"normalizations":{}},{"classId":"e_14","part":"s1v1","offsets":[{"start":3738,"text":"a szomszédok"}],"coordinates":[],"confidence":{"state":"pre-added","who":["user:szabokristof2333"],"prob":1},"fields":{},"normalizations":{}},{"classId":"e_14","part":"s1v1","offsets":[{"start":3752,"text":"családi gázszerelők"}],"coordinates":[],"confidence":{"state":"pre-added","who":["user:szabokristof2333"],"prob":1},"fields":{},"normalizations":{}},{"classId":"e_13","part":"s1v1","offsets":[{"start":3775,"text":"még akiket be kell vonni"}],"coordinates":[],"confidence":{"state":"pre-added","who":["user:bernidam"],"prob":1},"fields":{},"normalizations":{}},{"classId":"e_14","part":"s1v1","offsets":[{"start":3779,"text":"akiket"}],"coordinates":[],"confidence":{"state":"pre-added","who":["user:bernidam"],"prob":1},"fields":{},"normalizations":{}},{"classId":"e_13","part":"s1v1","offsets":[{"start":3806,"text":"ne legyen olyan nagy a lebukás kockázata"}],"coordinates":[],"confidence":{"state":"pre-added","who":["user:szabokristof2333"],"prob":1},"fields":{},"normalizations":{}},{"classId":"e_14","part":"s1v1","offsets":[{"start":3827,"text":"a lebukás kockázata"}],"coordinates":[],"confidence":{"state":"pre-added","who":["user:szabokristof2333"],"prob":1},"fields":{},"normalizations":{}},{"classId":"e_2","part":"s1v1","offsets":[{"start":4155,"text":"semmit se csinálnak, se gondolatuk, se ötletük, se szorgalmuk tovább nincsen"}],"coordinates":[],"confidence":{"state":"pre-added","who":["user:bernidam"],"prob":1},"fields":{},"normalizations":{}},{"classId":"e_14","part":"s1v1","offsets":[{"start":4155,"text":"semmit"}],"coordinates":[],"confidence":{"state":"pre-added","who":["user:bernidam"],"prob":1},"fields":{},"normalizations":{}},{"classId":"e_13","part":"s1v1","offsets":[{"start":4155,"text":"semmit se csinálnak"}],"coordinates":[],"confidence":{"state":"pre-added","who":["user:bernidam"],"prob":1},"fields":{},"normalizations":{}},{"classId":"e_13","part":"s1v1","offsets":[{"start":4176,"text":"se gondolatuk"}],"coordinates":[],"confidence":{"state":"pre-added","who":["user:bernidam"],"prob":1},"fields":{},"normalizations":{}},{"classId":"e_14","part":"s1v1","offsets":[{"start":4179,"text":"gondolatuk"}],"coordinates":[],"confidence":{"state":"pre-added","who":["user:bernidam"],"prob":1},"fields":{},"normalizations":{}},{"classId":"e_13","part":"s1v1","offsets":[{"start":4191,"text":"se ötletük"}],"coordinates":[],"confidence":{"state":"pre-added","who":["user:bernidam"],"prob":1},"fields":{},"normalizations":{}},{"classId":"e_14","part":"s1v1","offsets":[{"start":4194,"text":"ötletük"}],"coordinates":[],"confidence":{"state":"pre-added","who":["user:bernidam"],"prob":1},"fields":{},"normalizations":{}},{"classId":"e_13","part":"s1v1","offsets":[{"start":4203,"text":"se szorgalmuk"}],"coordinates":[],"confidence":{"state":"pre-added","who":["user:bernidam"],"prob":1},"fields":{},"normalizations":{}},{"classId":"e_14","part":"s1v1","offsets":[{"start":4206,"text":"szorgalmuk"}],"coordinates":[],"confidence":{"state":"pre-added","who":["user:bernidam"],"prob":1},"fields":{},"normalizations":{}},{"classId":"e_5","part":"s1v1","offsets":[{"start":4279,"text":"és ma már nem elég egy zsíros állás, ma már kell föld, kell a barlang, kellenek a trafikok, kell az útépítési koncesszió, kell a vadászterület, kellenek az ingatlanok, az önkormányzati lakások és alapvetően minden, ami pénzt ér"}],"coordinates":[],"confidence":{"state":"pre-added","who":["user:szabokristof2333"],"prob":1},"fields":{},"normalizations":{}},{"classId":"e_13","part":"s1v1","offsets":[{"start":4282,"text":"ma már nem elég egy zsíros állás"}],"coordinates":[],"confidence":{"state":"pre-added","who":["user:szabokristof2333"],"prob":1},"fields":{},"normalizations":{}},{"classId":"e_14","part":"s1v1","offsets":[{"start":4298,"text":"egy zsíros állás"}],"coordinates":[],"confidence":{"state":"pre-added","who":["user:szabokristof2333"],"prob":1},"fields":{},"normalizations":{}},{"classId":"e_13","part":"s1v1","offsets":[{"start":4316,"text":"ma már kell föld"}],"coordinates":[],"confidence":{"state":"pre-added","who":["user:szabokristof2333"],"prob":1},"fields":{},"normalizations":{}},{"classId":"e_14","part":"s1v1","offsets":[{"start":4328,"text":"föld"}],"coordinates":[],"confidence":{"state":"pre-added","who":["user:szabokristof2333"],"prob":1},"fields":{},"normalizations":{}},{"classId":"e_13","part":"s1v1","offsets":[{"start":4334,"text":"kell a barlang"}],"coordinates":[],"confidence":{"state":"pre-added","who":["user:szabokristof2333"],"prob":1},"fields":{},"normalizations":{}},{"classId":"e_14","part":"s1v1","offsets":[{"start":4339,"text":"a barlang"}],"coordinates":[],"confidence":{"state":"pre-added","who":["user:szabokristof2333"],"prob":1},"fields":{},"normalizations":{}},{"classId":"e_13","part":"s1v1","offsets":[{"start":4350,"text":"kellenek a trafikok"}],"coordinates":[],"confidence":{"state":"pre-added","who":["user:szabokristof2333"],"prob":1},"fields":{},"normalizations":{}},{"classId":"e_14","part":"s1v1","offsets":[{"start":4359,"text":"a trafikok"}],"coordinates":[],"confidence":{"state":"pre-added","who":["user:szabokristof2333"],"prob":1},"fields":{},"normalizations":{}},{"classId":"e_13","part":"s1v1","offsets":[{"start":4371,"text":"kell az útépítési koncesszió"}],"coordinates":[],"confidence":{"state":"pre-added","who":["user:szabokristof2333"],"prob":1},"fields":{},"normalizations":{}},{"classId":"e_14","part":"s1v1","offsets":[{"start":4376,"text":"az útépítési koncesszió"}],"coordinates":[],"confidence":{"state":"pre-added","who":["user:szabokristof2333"],"prob":1},"fields":{},"normalizations":{}},{"classId":"e_13","part":"s1v1","offsets":[{"start":4401,"text":"kell a vadászterület"}],"coordinates":[],"confidence":{"state":"pre-added","who":["user:szabokristof2333"],"prob":1},"fields":{},"normalizations":{}},{"classId":"e_14","part":"s1v1","offsets":[{"start":4406,"text":"a vadászterület"}],"coordinates":[],"confidence":{"state":"pre-added","who":["user:szabokristof2333"],"prob":1},"fields":{},"normalizations":{}},{"classId":"e_13","part":"s1v1","offsets":[{"start":4423,"text":"kellenek az ingatlanok"}],"coordinates":[],"confidence":{"state":"pre-added","who":["user:szabokristof2333"],"prob":1},"fields":{},"normalizations":{}},{"classId":"e_14","part":"s1v1","offsets":[{"start":4432,"text":"az ingatlanok"}],"coordinates":[],"confidence":{"state":"pre-added","who":["user:szabokristof2333"],"prob":1},"fields":{},"normalizations":{}},{"classId":"e_14","part":"s1v1","offsets":[{"start":4447,"text":"az önkormányzati lakások"}],"coordinates":[],"confidence":{"state":"pre-added","who":["user:szabokristof2333"],"prob":1},"fields":{},"normalizations":{}},{"classId":"e_13","part":"s1v1","offsets":[{"start":4450,"text":"önkormányzati lakások"}],"coordinates":[],"confidence":{"state":"pre-added","who":["user:bernidam"],"prob":1},"fields":{},"normalizations":{}},{"classId":"e_14","part":"s1v1","offsets":[{"start":4486,"text":"minden"}],"coordinates":[],"confidence":{"state":"pre-added","who":["user:bernidam"],"prob":1},"fields":{},"normalizations":{}},{"classId":"e_14","part":"s1v1","offsets":[{"start":4494,"text":"ami"}],"coordinates":[],"confidence":{"state":"pre-added","who":["user:bernidam"],"prob":1},"fields":{},"normalizations":{}},{"classId":"e_13","part":"s1v1","offsets":[{"start":4494,"text":"ami pénzt ér"}],"coordinates":[],"confidence":{"state":"pre-added","who":["user:bernidam"],"prob":1},"fields":{},"normalizations":{}},{"classId":"e_14","part":"s1v1","offsets":[{"start":4498,"text":"pénzt"}],"coordinates":[],"confidence":{"state":"pre-added","who":["user:bernidam"],"prob":1},"fields":{},"normalizations":{}},{"classId":"e_3","part":"s1v1","offsets":[{"start":4569,"text":"egy jól szervezett, részben családi alapon működő bűnszövetkezet beépült a tör­vényhozásba"}],"coordinates":[],"confidence":{"state":"pre-added","who":["user:bernidam"],"prob":1},"fields":{},"normalizations":{}},{"classId":"e_14","part":"s1v1","offsets":[{"start":4569,"text":"egy jól szervezett, részben családi alapon működő bűnszövetkezet"}],"coordinates":[],"confidence":{"state":"pre-added","who":["user:bernidam"],"prob":1},"fields":{},"normalizations":{}},{"classId":"e_13","part":"s1v1","offsets":[{"start":4569,"text":"egy jól szervezett, részben családi alapon működő bűnszövetkezet beépült"}],"coordinates":[],"confidence":{"state":"pre-added","who":["user:bernidam"],"prob":1},"fields":{},"normalizations":{}},{"classId":"e_14","part":"s1v1","offsets":[{"start":4642,"text":"a tör­vényhozásba"}],"coordinates":[],"confidence":{"state":"pre-added","who":["user:szabokristof2333"],"prob":1},"fields":{},"normalizations":{}},{"classId":"e_3","part":"s1v1","offsets":[{"start":4683,"text":"hogy lenyúlják a közvagyont"}],"coordinates":[],"confidence":{"state":"pre-added","who":["user:bernidam"],"prob":1},"fields":{},"normalizations":{}},{"classId":"e_13","part":"s1v1","offsets":[{"start":4688,"text":"lenyúlják a közvagyont"}],"coordinates":[],"confidence":{"state":"pre-added","who":["user:szabokristof2333"],"prob":1},"fields":{},"normalizations":{}},{"classId":"e_14","part":"s1v1","offsets":[{"start":4698,"text":"a közvagyont"}],"coordinates":[],"confidence":{"state":"pre-added","who":["user:szabokristof2333"],"prob":1},"fields":{},"normalizations":{}},{"classId":"e_2","part":"s1v1","offsets":[{"start":4765,"text":"nincs jövője az oktatásnak, nincs jövője az egészségügynek, nincs jövője a magyar vidéknek, nincs jövője a magyar fiataloknak"}],"coordinates":[],"confidence":{"state":"pre-added","who":["user:szabokristof2333"],"prob":1},"fields":{},"normalizations":{}},{"classId":"e_13","part":"s1v1","offsets":[{"start":4765,"text":"nincs jövője"}],"coordinates":[],"confidence":{"state":"pre-added","who":["user:szabokristof2333"],"prob":1},"fields":{},"normalizations":{}},{"classId":"e_14","part":"s1v1","offsets":[{"start":4771,"text":"jövője"}],"coordinates":[],"confidence":{"state":"pre-added","who":["user:szabokristof2333"],"prob":1},"fields":{},"normalizations":{}},{"classId":"e_14","part":"s1v1","offsets":[{"start":4778,"text":"az oktatásnak"}],"coordinates":[],"confidence":{"state":"pre-added","who":["user:szabokristof2333"],"prob":1},"fields":{},"normalizations":{}},{"classId":"e_13","part":"s1v1","offsets":[{"start":4793,"text":"nincs jövője"}],"coordinates":[],"confidence":{"state":"pre-added","who":["ml:regex","user:szabokristof2333"],"prob":1},"fields":{},"normalizations":{}},{"classId":"e_14","part":"s1v1","offsets":[{"start":4799,"text":"jövője"}],"coordinates":[],"confidence":{"state":"pre-added","who":["user:szabokristof2333"],"prob":1},"fields":{},"normalizations":{}},{"classId":"e_14","part":"s1v1","offsets":[{"start":4806,"text":"az egészségügynek"}],"coordinates":[],"confidence":{"state":"pre-added","who":["user:szabokristof2333"],"prob":1},"fields":{},"normalizations":{}},{"classId":"e_13","part":"s1v1","offsets":[{"start":4825,"text":"nincs jövője"}],"coordinates":[],"confidence":{"state":"pre-added","who":["ml:regex","user:szabokristof2333"],"prob":1},"fields":{},"normalizations":{}},{"classId":"e_14","part":"s1v1","offsets":[{"start":4831,"text":"jövője"}],"coordinates":[],"confidence":{"state":"pre-added","who":["user:szabokristof2333"],"prob":1},"fields":{},"normalizations":{}},{"classId":"e_14","part":"s1v1","offsets":[{"start":4838,"text":"a magyar vidéknek"}],"coordinates":[],"confidence":{"state":"pre-added","who":["user:szabokristof2333"],"prob":1},"fields":{},"normalizations":{}},{"classId":"e_13","part":"s1v1","offsets":[{"start":4857,"text":"nincs jövője"}],"coordinates":[],"confidence":{"state":"pre-added","who":["ml:regex","user:szabokristof2333"],"prob":1},"fields":{},"normalizations":{}},{"classId":"e_14","part":"s1v1","offsets":[{"start":4863,"text":"jövője"}],"coordinates":[],"confidence":{"state":"pre-added","who":["user:szabokristof2333"],"prob":1},"fields":{},"normalizations":{}},{"classId":"e_14","part":"s1v1","offsets":[{"start":4870,"text":"a magyar fiataloknak"}],"coordinates":[],"confidence":{"state":"pre-added","who":["user:szabokristof2333"],"prob":1},"fields":{},"normalizations":{}},{"classId":"e_2","part":"s1v1","offsets":[{"start":4892,"text":"És alapvetően nincs jövőjük az állampolgároknak lassan egy egészséges környezethez"}],"coordinates":[],"confidence":{"state":"pre-added","who":["user:szabokristof2333"],"prob":1},"fields":{},"normalizations":{}},{"classId":"e_13","part":"s1v1","offsets":[{"start":4906,"text":"nincs jövőjük"}],"coordinates":[],"confidence":{"state":"pre-added","who":["user:szabokristof2333"],"prob":1},"fields":{},"normalizations":{}},{"classId":"e_14","part":"s1v1","offsets":[{"start":4912,"text":"jövőjük"}],"coordinates":[],"confidence":{"state":"pre-added","who":["user:szabokristof2333"],"prob":1},"fields":{},"normalizations":{}},{"classId":"e_14","part":"s1v1","offsets":[{"start":4920,"text":"az állampolgároknak"}],"coordinates":[],"confidence":{"state":"pre-added","who":["user:szabokristof2333"],"prob":1},"fields":{},"normalizations":{}},{"classId":"e_14","part":"s1v1","offsets":[{"start":4947,"text":"egy egészséges környezethez"}],"coordinates":[],"confidence":{"state":"pre-added","who":["user:szabokristof2333"],"prob":1},"fields":{},"normalizations":{}},{"classId":"e_4","part":"s1v1","offsets":[{"start":4976,"text":"hogy felneveljék gyermekeiket és itt éljenek"}],"coordinates":[],"confidence":{"state":"pre-added","who":["user:bernidam"],"prob":1},"fields":{},"normalizations":{}},{"classId":"e_13","part":"s1v1","offsets":[{"start":4981,"text":"felneveljék gyermekeiket"}],"coordinates":[],"confidence":{"state":"pre-added","who":["user:bernidam"],"prob":1},"fields":{},"normalizations":{}},{"classId":"e_14","part":"s1v1","offsets":[{"start":4993,"text":"gyermekeiket"}],"coordinates":[],"confidence":{"state":"pre-added","who":["user:bernidam"],"prob":1},"fields":{},"normalizations":{}},{"classId":"e_14","part":"s1v1","offsets":[{"start":5009,"text":"itt"}],"coordinates":[],"confidence":{"state":"pre-added","who":["user:bernidam"],"prob":1},"fields":{},"normalizations":{}},{"classId":"e_13","part":"s1v1","offsets":[{"start":5009,"text":"itt éljenek"}],"coordinates":[],"confidence":{"state":"pre-added","who":["user:bernidam"],"prob":1},"fields":{},"normalizations":{}},{"classId":"e_5","part":"s1v1","offsets":[{"start":5038,"text":"hogy mi volt az elmúlt nyolc évben"}],"coordinates":[],"confidence":{"state":"pre-added","who":["user:bernidam"],"prob":1},"fields":{},"normalizations":{}},{"classId":"e_14","part":"s1v1","offsets":[{"start":5043,"text":"mi"}],"coordinates":[],"confidence":{"state":"pre-added","who":["user:bernidam"],"prob":1},"fields":{},"normalizations":{}},{"classId":"e_13","part":"s1v1","offsets":[{"start":5043,"text":"mi volt az elmúlt nyolc évben"}],"coordinates":[],"confidence":{"state":"pre-added","who":["user:bernidam"],"prob":1},"fields":{},"normalizations":{}},{"classId":"e_14","part":"s1v1","offsets":[{"start":5051,"text":"az elmúlt nyolc évben"}],"coordinates":[],"confidence":{"state":"pre-added","who":["user:szabokristof2333"],"prob":1},"fields":{},"normalizations":{}},{"classId":"e_3","part":"s1v1","offsets":[{"start":5119,"text":"és minden bizonnyal tényleg mindenki lopott"}],"coordinates":[],"confidence":{"state":"pre-added","who":["user:bernidam"],"prob":1},"fields":{},"normalizations":{}},{"classId":"e_13","part":"s1v1","offsets":[{"start":5147,"text":"mindenki lopott"}],"coordinates":[],"confidence":{"state":"pre-added","who":["user:szabokristof2333"],"prob":1},"fields":{},"normalizations":{}},{"classId":"e_14","part":"s1v1","offsets":[{"start":5147,"text":"mindenki"}],"coordinates":[],"confidence":{"state":"pre-added","who":["user:bernidam"],"prob":1},"fields":{},"normalizations":{}},{"classId":"e_2","part":"s1v1","offsets":[{"start":5201,"text":"Ugyanakkor elfelejtik azt, hogy ennek áldozata lassan egy egész ország."}],"coordinates":[],"confidence":{"state":"pre-added","who":["user:bernidam"],"prob":1},"fields":{},"normalizations":{}},{"classId":"e_13","part":"s1v1","offsets":[{"start":5212,"text":"elfelejtik"}],"coordinates":[],"confidence":{"state":"pre-added","who":["user:bernidam"],"prob":1},"fields":{},"normalizations":{}},{"classId":"e_14","part":"s1v1","offsets":[{"start":5223,"text":"azt"}],"coordinates":[],"confidence":{"state":"pre-added","who":["user:bernidam"],"prob":1},"fields":{},"normalizations":{}},{"classId":"e_14","part":"s1v1","offsets":[{"start":5233,"text":"ennek áldozata"}],"coordinates":[],"confidence":{"state":"pre-added","who":["user:bernidam"],"prob":1},"fields":{},"normalizations":{}},{"classId":"e_13","part":"s1v1","offsets":[{"start":5239,"text":"áldozata"}],"coordinates":[],"confidence":{"state":"pre-added","who":["user:szabokristof2333"],"prob":1},"fields":{},"normalizations":{}},{"classId":"e_14","part":"s1v1","offsets":[{"start":5255,"text":"egy egész ország"}],"coordinates":[],"confidence":{"state":"pre-added","who":["user:szabokristof2333"],"prob":1},"fields":{},"normalizations":{}}],"relations":[{"classId":"r_16","type":"linked","directed":false,"entities":["s1v1|e_14|110,113","s1v1|e_2|110,163"],"confidence":{"state":"pre-added","who":["user:bernidam"],"prob":1}},{"classId":"r_16","type":"linked","directed":false,"entities":["s1v1|e_14|140,163","s1v1|e_2|110,163"],"confidence":{"state":"pre-added","who":["user:bernidam"],"prob":1}},{"classId":"r_16","type":"linked","directed":false,"entities":["s1v1|e_14|2784,2785","s1v1|e_2|2779,2805"],"confidence":{"state":"pre-added","who":["user:bernidam"],"prob":1}},{"classId":"r_16","type":"linked","directed":false,"entities":["s1v1|e_14|2791,2805","s1v1|e_2|2779,2805"],"confidence":{"state":"pre-added","who":["user:bernidam"],"prob":1}},{"classId":"r_16","type":"linked","directed":false,"entities":["s1v1|e_14|3137,3148","s1v1|e_2|3137,3185"],"confidence":{"state":"pre-added","who":["user:bernidam"],"prob":1}},{"classId":"r_16","type":"linked","directed":false,"entities":["s1v1|e_14|3150,3184","s1v1|e_2|3137,3185"],"confidence":{"state":"pre-added","who":["user:bernidam"],"prob":1}},{"classId":"r_16","type":"linked","directed":false,"entities":["s1v1|e_14|3187,3188","s1v1|e_2|3187,3285"],"confidence":{"state":"pre-added","who":["user:bernidam"],"prob":1}},{"classId":"r_16","type":"linked","directed":false,"entities":["s1v1|e_14|3190,3214","s1v1|e_2|3187,3285"],"confidence":{"state":"pre-added","who":["user:bernidam"],"prob":1}},{"classId":"r_16","type":"linked","directed":false,"entities":["s1v1|e_14|3222,3224","s1v1|e_2|3187,3285"],"confidence":{"state":"pre-added","who":["user:bernidam"],"prob":1}},{"classId":"r_16","type":"linked","directed":false,"entities":["s1v1|e_14|3226,3229","s1v1|e_2|3187,3285"],"confidence":{"state":"pre-added","who":["user:bernidam"],"prob":1}},{"classId":"r_16","type":"linked","directed":false,"entities":["s1v1|e_14|3367,3370","s1v1|e_2|3373,3409"],"confidence":{"state":"pre-added","who":["user:bernidam"],"prob":1}},{"classId":"r_16","type":"linked","directed":false,"entities":["s1v1|e_14|3373,3376","s1v1|e_2|3373,3409"],"confidence":{"state":"pre-added","who":["user:bernidam"],"prob":1}},{"classId":"r_16","type":"linked","directed":false,"entities":["s1v1|e_14|3403,3409","s1v1|e_2|3373,3409"],"confidence":{"state":"pre-added","who":["user:bernidam"],"prob":1}},{"classId":"r_16","type":"linked","directed":false,"entities":["s1v1|e_14|4155,4160","s1v1|e_2|4155,4230"],"confidence":{"state":"pre-added","who":["user:bernidam"],"prob":1}},{"classId":"r_16","type":"linked","directed":false,"entities":["s1v1|e_14|4179,4188","s1v1|e_2|4155,4230"],"confidence":{"state":"pre-added","who":["user:bernidam"],"prob":1}},{"classId":"r_16","type":"linked","directed":false,"entities":["s1v1|e_14|4194,4200","s1v1|e_2|4155,4230"],"confidence":{"state":"pre-added","who":["user:bernidam"],"prob":1}},{"classId":"r_16","type":"linked","directed":false,"entities":["s1v1|e_14|4206,4215","s1v1|e_2|4155,4230"],"confidence":{"state":"pre-added","who":["user:bernidam"],"prob":1}},{"classId":"r_16","type":"linked","directed":false,"entities":["s1v1|e_14|4771,4776","s1v1|e_2|4765,4889"],"confidence":{"state":"pre-added","who":["user:bernidam"],"prob":1}},{"classId":"r_16","type":"linked","directed":false,"entities":["s1v1|e_14|4778,4790","s1v1|e_2|4765,4889"],"confidence":{"state":"pre-added","who":["user:bernidam"],"prob":1}},{"classId":"r_16","type":"linked","directed":false,"entities":["s1v1|e_14|4799,4804","s1v1|e_2|4765,4889"],"confidence":{"state":"pre-added","who":["user:bernidam"],"prob":1}},{"classId":"r_16","type":"linked","directed":false,"entities":["s1v1|e_14|4806,4822","s1v1|e_2|4765,4889"],"confidence":{"state":"pre-added","who":["user:bernidam"],"prob":1}},{"classId":"r_16","type":"linked","directed":false,"entities":["s1v1|e_14|4831,4836","s1v1|e_2|4765,4889"],"confidence":{"state":"pre-added","who":["user:bernidam"],"prob":1}},{"classId":"r_16","type":"linked","directed":false,"entities":["s1v1|e_14|4838,4854","s1v1|e_2|4765,4889"],"confidence":{"state":"pre-added","who":["user:bernidam"],"prob":1}},{"classId":"r_16","type":"linked","directed":false,"entities":["s1v1|e_14|4863,4868","s1v1|e_2|4765,4889"],"confidence":{"state":"pre-added","who":["user:bernidam"],"prob":1}},{"classId":"r_16","type":"linked","directed":false,"entities":["s1v1|e_14|4870,4889","s1v1|e_2|4765,4889"],"confidence":{"state":"pre-added","who":["user:bernidam"],"prob":1}},{"classId":"r_16","type":"linked","directed":false,"entities":["s1v1|e_14|4912,4918","s1v1|e_2|4892,4973"],"confidence":{"state":"pre-added","who":["user:bernidam"],"prob":1}},{"classId":"r_16","type":"linked","directed":false,"entities":["s1v1|e_14|4920,4938","s1v1|e_2|4892,4973"],"confidence":{"state":"pre-added","who":["user:bernidam"],"prob":1}},{"classId":"r_16","type":"linked","directed":false,"entities":["s1v1|e_14|4947,4973","s1v1|e_2|4892,4973"],"confidence":{"state":"pre-added","who":["user:bernidam"],"prob":1}},{"classId":"r_16","type":"linked","directed":false,"entities":["s1v1|e_14|5223,5225","s1v1|e_2|5201,5271"],"confidence":{"state":"pre-added","who":["user:bernidam"],"prob":1}},{"classId":"r_16","type":"linked","directed":false,"entities":["s1v1|e_14|5233,5246","s1v1|e_2|5201,5271"],"confidence":{"state":"pre-added","who":["user:bernidam"],"prob":1}},{"classId":"r_16","type":"linked","directed":false,"entities":["s1v1|e_14|5255,5270","s1v1|e_2|5201,5271"],"confidence":{"state":"pre-added","who":["user:bernidam"],"prob":1}},{"classId":"r_17","type":"linked","directed":false,"entities":["s1v1|e_14|376,414","s1v1|e_3|453,516"],"confidence":{"state":"pre-added","who":["user:bernidam"],"prob":1}},{"classId":"r_17","type":"linked","directed":false,"entities":["s1v1|e_14|416,417","s1v1|e_3|453,516"],"confidence":{"state":"pre-added","who":["user:bernidam"],"prob":1}},{"classId":"r_17","type":"linked","directed":false,"entities":["s1v1|e_14|458,491","s1v1|e_3|453,516"],"confidence":{"state":"pre-added","who":["user:bernidam"],"prob":1}},{"classId":"r_17","type":"linked","directed":false,"entities":["s1v1|e_14|501,516","s1v1|e_3|453,516"],"confidence":{"state":"pre-added","who":["user:bernidam"],"prob":1}},{"classId":"r_17","type":"linked","directed":false,"entities":["s1v1|e_14|556,567","s1v1|e_3|541,567"],"confidence":{"state":"pre-added","who":["user:bernidam"],"prob":1}},{"classId":"r_17","type":"linked","directed":false,"entities":["s1v1|e_14|740,755","s1v1|e_3|733,896"],"confidence":{"state":"pre-added","who":["user:bernidam"],"prob":1}},{"classId":"r_17","type":"linked","directed":false,"entities":["s1v1|e_14|757,767","s1v1|e_3|733,896"],"confidence":{"state":"pre-added","who":["user:bernidam"],"prob":1}},{"classId":"r_17","type":"linked","directed":false,"entities":["s1v1|e_14|769,781","s1v1|e_3|733,896"],"confidence":{"state":"pre-added","who":["user:bernidam"],"prob":1}},{"classId":"r_17","type":"linked","directed":false,"entities":["s1v1|e_14|797,844","s1v1|e_3|733,896"],"confidence":{"state":"pre-added","who":["user:bernidam"],"prob":1}},{"classId":"r_17","type":"linked","directed":false,"entities":["s1v1|e_14|850,889","s1v1|e_3|733,896"],"confidence":{"state":"pre-added","who":["user:bernidam"],"prob":1}},{"classId":"r_17","type":"linked","directed":false,"entities":["s1v1|e_14|1083,1097","s1v1|e_3|1134,1243"],"confidence":{"state":"pre-added","who":["user:bernidam"],"prob":1}},{"classId":"r_17","type":"linked","directed":false,"entities":["s1v1|e_14|1134,1170","s1v1|e_3|1134,1243"],"confidence":{"state":"pre-added","who":["user:bernidam"],"prob":1}},{"classId":"r_17","type":"linked","directed":false,"entities":["s1v1|e_14|1172,1185","s1v1|e_3|1134,1243"],"confidence":{"state":"pre-added","who":["user:bernidam"],"prob":1}},{"classId":"r_17","type":"linked","directed":false,"entities":["s1v1|e_14|1187,1208","s1v1|e_3|1134,1243"],"confidence":{"state":"pre-added","who":["user:bernidam"],"prob":1}},{"classId":"r_17","type":"linked","directed":false,"entities":["s1v1|e_14|1223,1223","s1v1|e_3|1134,1243"],"confidence":{"state":"pre-added","who":["user:bernidam"],"prob":1}},{"classId":"r_17","type":"linked","directed":false,"entities":["s1v1|e_14|1235,1243","s1v1|e_3|1134,1243"],"confidence":{"state":"pre-added","who":["user:bernidam"],"prob":1}},{"classId":"r_17","type":"linked","directed":false,"entities":["s1v1|e_14|1252,1265","s1v1|e_3|1134,1243"],"confidence":{"state":"pre-added","who":["user:bernidam"],"prob":1}},{"classId":"r_17","type":"linked","directed":false,"entities":["s1v1|e_14|1271,1279","s1v1|e_3|1134,1243"],"confidence":{"state":"pre-added","who":["user:bernidam"],"prob":1}},{"classId":"r_17","type":"linked","directed":false,"entities":["s1v1|e_14|1318,1341","s1v1|e_3|1313,1352"],"confidence":{"state":"pre-added","who":["user:bernidam"],"prob":1}},{"classId":"r_17","type":"linked","directed":false,"entities":["s1v1|e_14|1394,1419","s1v1|e_3|1394,1434"],"confidence":{"state":"pre-added","who":["user:bernidam"],"prob":1}},{"classId":"r_17","type":"linked","directed":false,"entities":["s1v1|e_14|1436,1468","s1v1|e_3|1436,1521"],"confidence":{"state":"pre-added","who":["user:bernidam"],"prob":1}},{"classId":"r_17","type":"linked","directed":false,"entities":["s1v1|e_14|1474,1481","s1v1|e_3|1436,1521"],"confidence":{"state":"pre-added","who":["user:bernidam"],"prob":1}},{"classId":"r_17","type":"linked","directed":false,"entities":["s1v1|e_14|1484,1509","s1v1|e_3|1436,1521"],"confidence":{"state":"pre-added","who":["user:bernidam"],"prob":1}},{"classId":"r_17","type":"linked","directed":false,"entities":["s1v1|e_14|1511,1520","s1v1|e_3|1436,1521"],"confidence":{"state":"pre-added","who":["user:bernidam"],"prob":1}},{"classId":"r_17","type":"linked","directed":false,"entities":["s1v1|e_14|1531,1541","s1v1|e_3|1523,1585"],"confidence":{"state":"pre-added","who":["user:bernidam"],"prob":1}},{"classId":"r_17","type":"linked","directed":false,"entities":["s1v1|e_14|1552,1584","s1v1|e_3|1523,1585"],"confidence":{"state":"pre-added","who":["user:bernidam"],"prob":1}},{"classId":"r_17","type":"linked","directed":false,"entities":["s1v1|e_14|1587,1612","s1v1|e_3|1587,1698"],"confidence":{"state":"pre-added","who":["user:bernidam"],"prob":1}},{"classId":"r_17","type":"linked","directed":false,"entities":["s1v1|e_14|1626,1668","s1v1|e_3|1587,1698"],"confidence":{"state":"pre-added","who":["user:bernidam"],"prob":1}},{"classId":"r_17","type":"linked","directed":false,"entities":["s1v1|e_14|1670,1690","s1v1|e_3|1587,1698"],"confidence":{"state":"pre-added","who":["user:bernidam"],"prob":1}},{"classId":"r_17","type":"linked","directed":false,"entities":["s1v1|e_14|1798,1836","s1v1|e_3|1798,1912"],"confidence":{"state":"pre-added","who":["user:bernidam"],"prob":1}},{"classId":"r_17","type":"linked","directed":false,"entities":["s1v1|e_14|1848,1874","s1v1|e_3|1798,1912"],"confidence":{"state":"pre-added","who":["user:bernidam"],"prob":1}},{"classId":"r_17","type":"linked","directed":false,"entities":["s1v1|e_14|1876,1887","s1v1|e_3|1798,1912"],"confidence":{"state":"pre-added","who":["user:bernidam"],"prob":1}},{"classId":"r_17","type":"linked","directed":false,"entities":["s1v1|e_14|1889,1899","s1v1|e_3|1798,1912"],"confidence":{"state":"pre-added","who":["user:bernidam"],"prob":1}},{"classId":"r_17","type":"linked","directed":false,"entities":["s1v1|e_14|1901,1911","s1v1|e_3|1798,1912"],"confidence":{"state":"pre-added","who":["user:bernidam"],"prob":1}},{"classId":"r_17","type":"linked","directed":false,"entities":["s1v1|e_14|1914,1935","s1v1|e_3|1914,1959"],"confidence":{"state":"pre-added","who":["user:bernidam"],"prob":1}},{"classId":"r_17","type":"linked","directed":false,"entities":["s1v1|e_14|1937,1946","s1v1|e_3|1914,1959"],"confidence":{"state":"pre-added","who":["user:bernidam"],"prob":1}},{"classId":"r_17","type":"linked","directed":false,"entities":["s1v1|e_14|1991,2016","s1v1|e_3|2047,2102"],"confidence":{"state":"pre-added","who":["user:bernidam"],"prob":1}},{"classId":"r_17","type":"linked","directed":false,"entities":["s1v1|e_14|2052,2073","s1v1|e_3|2047,2102"],"confidence":{"state":"pre-added","who":["user:bernidam"],"prob":1}},{"classId":"r_17","type":"linked","directed":false,"entities":["s1v1|e_14|2082,2102","s1v1|e_3|2047,2102"],"confidence":{"state":"pre-added","who":["user:bernidam"],"prob":1}},{"classId":"r_17","type":"linked","directed":false,"entities":["s1v1|e_14|2127,2150","s1v1|e_3|2122,2473"],"confidence":{"state":"pre-added","who":["user:bernidam"],"prob":1}},{"classId":"r_17","type":"linked","directed":false,"entities":["s1v1|e_14|2155,2183","s1v1|e_3|2122,2473"],"confidence":{"state":"pre-added","who":["user:bernidam"],"prob":1}},{"classId":"r_17","type":"linked","directed":false,"entities":["s1v1|e_14|2193,2203","s1v1|e_3|2122,2473"],"confidence":{"state":"pre-added","who":["user:bernidam"],"prob":1}},{"classId":"r_17","type":"linked","directed":false,"entities":["s1v1|e_14|2206,2261","s1v1|e_3|2122,2473"],"confidence":{"state":"pre-added","who":["user:bernidam"],"prob":1}},{"classId":"r_17","type":"linked","directed":false,"entities":["s1v1|e_14|2290,2309","s1v1|e_3|2122,2473"],"confidence":{"state":"pre-added","who":["user:bernidam"],"prob":1}},{"classId":"r_17","type":"linked","directed":false,"entities":["s1v1|e_14|2329,2410","s1v1|e_3|2122,2473"],"confidence":{"state":"pre-added","who":["user:bernidam"],"prob":1}},{"classId":"r_17","type":"linked","directed":false,"entities":["s1v1|e_14|2428,2437","s1v1|e_3|2122,2473"],"confidence":{"state":"pre-added","who":["user:bernidam"],"prob":1}},{"classId":"r_17","type":"linked","directed":false,"entities":["s1v1|e_14|2442,2455","s1v1|e_3|2122,2473"],"confidence":{"state":"pre-added","who":["user:bernidam"],"prob":1}},{"classId":"r_17","type":"linked","directed":false,"entities":["s1v1|e_14|2479,2481","s1v1|e_3|2476,2508"],"confidence":{"state":"pre-added","who":["user:bernidam"],"prob":1}},{"classId":"r_17","type":"linked","directed":false,"entities":["s1v1|e_14|2483,2502","s1v1|e_3|2476,2508"],"confidence":{"state":"pre-added","who":["user:bernidam"],"prob":1}},{"classId":"r_17","type":"linked","directed":false,"entities":["s1v1|e_14|3532,3542","s1v1|e_3|3525,3846"],"confidence":{"state":"pre-added","who":["user:bernidam"],"prob":1}},{"classId":"r_17","type":"linked","directed":false,"entities":["s1v1|e_14|3545,3557","s1v1|e_3|3525,3846"],"confidence":{"state":"pre-added","who":["user:bernidam"],"prob":1}},{"classId":"r_17","type":"linked","directed":false,"entities":["s1v1|e_14|3562,3571","s1v1|e_3|3525,3846"],"confidence":{"state":"pre-added","who":["user:bernidam"],"prob":1}},{"classId":"r_17","type":"linked","directed":false,"entities":["s1v1|e_14|3574,3604","s1v1|e_3|3525,3846"],"confidence":{"state":"pre-added","who":["user:bernidam"],"prob":1}},{"classId":"r_17","type":"linked","directed":false,"entities":["s1v1|e_14|3607,3616","s1v1|e_3|3525,3846"],"confidence":{"state":"pre-added","who":["user:bernidam"],"prob":1}},{"classId":"r_17","type":"linked","directed":false,"entities":["s1v1|e_14|3619,3632","s1v1|e_3|3525,3846"],"confidence":{"state":"pre-added","who":["user:bernidam"],"prob":1}},{"classId":"r_17","type":"linked","directed":false,"entities":["s1v1|e_14|3642,3651","s1v1|e_3|3525,3846"],"confidence":{"state":"pre-added","who":["user:bernidam"],"prob":1}},{"classId":"r_17","type":"linked","directed":false,"entities":["s1v1|e_14|3654,3673","s1v1|e_3|3525,3846"],"confidence":{"state":"pre-added","who":["user:bernidam"],"prob":1}},{"classId":"r_17","type":"linked","directed":false,"entities":["s1v1|e_14|3688,3699","s1v1|e_3|3525,3846"],"confidence":{"state":"pre-added","who":["user:bernidam"],"prob":1}},{"classId":"r_17","type":"linked","directed":false,"entities":["s1v1|e_14|3702,3735","s1v1|e_3|3525,3846"],"confidence":{"state":"pre-added","who":["user:bernidam"],"prob":1}},{"classId":"r_17","type":"linked","directed":false,"entities":["s1v1|e_14|3738,3749","s1v1|e_3|3525,3846"],"confidence":{"state":"pre-added","who":["user:bernidam"],"prob":1}},{"classId":"r_17","type":"linked","directed":false,"entities":["s1v1|e_14|3752,3770","s1v1|e_3|3525,3846"],"confidence":{"state":"pre-added","who":["user:bernidam"],"prob":1}},{"classId":"r_17","type":"linked","directed":false,"entities":["s1v1|e_14|3779,3784","s1v1|e_3|3525,3846"],"confidence":{"state":"pre-added","who":["user:bernidam"],"prob":1}},{"classId":"r_17","type":"linked","directed":false,"entities":["s1v1|e_14|3827,3845","s1v1|e_3|3525,3846"],"confidence":{"state":"pre-added","who":["user:bernidam"],"prob":1}},{"classId":"r_17","type":"linked","directed":false,"entities":["s1v1|e_14|4642,4658","s1v1|e_3|4569,4658"],"confidence":{"state":"pre-added","who":["user:bernidam"],"prob":1}},{"classId":"r_17","type":"linked","directed":false,"entities":["s1v1|e_14|4698,4709","s1v1|e_3|4683,4709"],"confidence":{"state":"pre-added","who":["user:bernidam"],"prob":1}},{"classId":"r_17","type":"linked","directed":false,"entities":["s1v1|e_14|5147,5154","s1v1|e_3|5119,5161"],"confidence":{"state":"pre-added","who":["user:bernidam"],"prob":1}},{"classId":"r_18","type":"linked","directed":false,"entities":["s1v1|e_14|233,239","s1v1|e_4|230,270"],"confidence":{"state":"pre-added","who":["user:bernidam"],"prob":1}},{"classId":"r_18","type":"linked","directed":false,"entities":["s1v1|e_14|249,251","s1v1|e_4|230,270"],"confidence":{"state":"pre-added","who":["user:bernidam"],"prob":1}},{"classId":"r_18","type":"linked","directed":false,"entities":["s1v1|e_14|283,301","s1v1|e_4|273,368"],"confidence":{"state":"pre-added","who":["user:bernidam"],"prob":1}},{"classId":"r_18","type":"linked","directed":false,"entities":["s1v1|e_14|321,323","s1v1|e_4|273,368"],"confidence":{"state":"pre-added","who":["user:bernidam"],"prob":1}},{"classId":"r_18","type":"linked","directed":false,"entities":["s1v1|e_14|325,341","s1v1|e_4|273,368"],"confidence":{"state":"pre-added","who":["user:bernidam"],"prob":1}},{"classId":"r_18","type":"linked","directed":false,"entities":["s1v1|e_14|366,368","s1v1|e_4|273,368"],"confidence":{"state":"pre-added","who":["user:bernidam"],"prob":1}},{"classId":"r_18","type":"linked","directed":false,"entities":["s1v1|e_14|982,986","s1v1|e_4|966,1021"],"confidence":{"state":"pre-added","who":["user:bernidam"],"prob":1}},{"classId":"r_18","type":"linked","directed":false,"entities":["s1v1|e_14|1004,1008","s1v1|e_4|966,1021"],"confidence":{"state":"pre-added","who":["user:bernidam"],"prob":1}},{"classId":"r_18","type":"linked","directed":false,"entities":["s1v1|e_14|1010,1021","s1v1|e_4|966,1021"],"confidence":{"state":"pre-added","who":["user:bernidam"],"prob":1}},{"classId":"r_18","type":"linked","directed":false,"entities":["s1v1|e_14|3287,3300","s1v1|e_4|3303,3364"],"confidence":{"state":"pre-added","who":["user:bernidam"],"prob":1}},{"classId":"r_18","type":"linked","directed":false,"entities":["s1v1|e_14|3303,3309","s1v1|e_4|3303,3364"],"confidence":{"state":"pre-added","who":["user:bernidam"],"prob":1}},{"classId":"r_18","type":"linked","directed":false,"entities":["s1v1|e_14|3320,3339","s1v1|e_4|3303,3364"],"confidence":{"state":"pre-added","who":["user:bernidam"],"prob":1}},{"classId":"r_18","type":"linked","directed":false,"entities":["s1v1|e_14|3342,3355","s1v1|e_4|3303,3364"],"confidence":{"state":"pre-added","who":["user:bernidam"],"prob":1}},{"classId":"r_18","type":"linked","directed":false,"entities":["s1v1|e_14|4993,5004","s1v1|e_4|4976,5019"],"confidence":{"state":"pre-added","who":["user:bernidam"],"prob":1}},{"classId":"r_18","type":"linked","directed":false,"entities":["s1v1|e_14|5009,5011","s1v1|e_4|4976,5019"],"confidence":{"state":"pre-added","who":["user:bernidam"],"prob":1}},{"classId":"r_19","type":"linked","directed":false,"entities":["s1v1|e_14|570,574","s1v1|e_5|570,600"],"confidence":{"state":"pre-added","who":["user:bernidam"],"prob":1}},{"classId":"r_19","type":"linked","directed":false,"entities":["s1v1|e_14|596,597","s1v1|e_5|570,600"],"confidence":{"state":"pre-added","who":["user:bernidam"],"prob":1}},{"classId":"r_19","type":"linked","directed":false,"entities":["s1v1|e_14|599,600","s1v1|e_5|570,600"],"confidence":{"state":"pre-added","who":["user:bernidam"],"prob":1}},{"classId":"r_19","type":"linked","directed":false,"entities":["s1v1|e_14|705,727","s1v1|e_5|687,730"],"confidence":{"state":"pre-added","who":["user:bernidam"],"prob":1}},{"classId":"r_19","type":"linked","directed":false,"entities":["s1v1|e_14|729,730","s1v1|e_5|687,730"],"confidence":{"state":"pre-added","who":["user:bernidam"],"prob":1}},{"classId":"r_19","type":"linked","directed":false,"entities":["s1v1|e_14|4298,4313","s1v1|e_5|4279,4505"],"confidence":{"state":"pre-added","who":["user:bernidam"],"prob":1}},{"classId":"r_19","type":"linked","directed":false,"entities":["s1v1|e_14|4328,4331","s1v1|e_5|4279,4505"],"confidence":{"state":"pre-added","who":["user:bernidam"],"prob":1}},{"classId":"r_19","type":"linked","directed":false,"entities":["s1v1|e_14|4339,4347","s1v1|e_5|4279,4505"],"confidence":{"state":"pre-added","who":["user:bernidam"],"prob":1}},{"classId":"r_19","type":"linked","directed":false,"entities":["s1v1|e_14|4359,4368","s1v1|e_5|4279,4505"],"confidence":{"state":"pre-added","who":["user:bernidam"],"prob":1}},{"classId":"r_19","type":"linked","directed":false,"entities":["s1v1|e_14|4376,4398","s1v1|e_5|4279,4505"],"confidence":{"state":"pre-added","who":["user:bernidam"],"prob":1}},{"classId":"r_19","type":"linked","directed":false,"entities":["s1v1|e_14|4406,4420","s1v1|e_5|4279,4505"],"confidence":{"state":"pre-added","who":["user:bernidam"],"prob":1}},{"classId":"r_19","type":"linked","directed":false,"entities":["s1v1|e_14|4432,4444","s1v1|e_5|4279,4505"],"confidence":{"state":"pre-added","who":["user:bernidam"],"prob":1}},{"classId":"r_19","type":"linked","directed":false,"entities":["s1v1|e_14|4447,4470","s1v1|e_5|4279,4505"],"confidence":{"state":"pre-added","who":["user:bernidam"],"prob":1}},{"classId":"r_19","type":"linked","directed":false,"entities":["s1v1|e_14|4486,4491","s1v1|e_5|4279,4505"],"confidence":{"state":"pre-added","who":["user:bernidam"],"prob":1}},{"classId":"r_19","type":"linked","directed":false,"entities":["s1v1|e_14|4494,4496","s1v1|e_5|4279,4505"],"confidence":{"state":"pre-added","who":["user:bernidam"],"prob":1}},{"classId":"r_19","type":"linked","directed":false,"entities":["s1v1|e_14|4498,4502","s1v1|e_5|4279,4505"],"confidence":{"state":"pre-added","who":["user:bernidam"],"prob":1}},{"classId":"r_19","type":"linked","directed":false,"entities":["s1v1|e_14|5043,5044","s1v1|e_5|5038,5071"],"confidence":{"state":"pre-added","who":["user:bernidam"],"prob":1}},{"classId":"r_19","type":"linked","directed":false,"entities":["s1v1|e_14|5051,5071","s1v1|e_5|5038,5071"],"confidence":{"state":"pre-added","who":["user:bernidam"],"prob":1}},{"classId":"r_20","type":"linked","directed":false,"entities":["s1v1|e_14|1970,1988","s1v1|e_6|1962,1988"],"confidence":{"state":"pre-added","who":["user:bernidam"],"prob":1}},{"classId":"r_20","type":"linked","directed":false,"entities":["s1v1|e_14|2542,2560","s1v1|e_6|2511,2619"],"confidence":{"state":"pre-added","who":["user:bernidam"],"prob":1}},{"classId":"r_20","type":"linked","directed":false,"entities":["s1v1|e_14|2565,2579","s1v1|e_6|2511,2619"],"confidence":{"state":"pre-added","who":["user:bernidam"],"prob":1}},{"classId":"r_20","type":"linked","directed":false,"entities":["s1v1|e_14|2607,2619","s1v1|e_6|2511,2619"],"confidence":{"state":"pre-added","who":["user:bernidam"],"prob":1}},{"classId":"r_20","type":"linked","directed":false,"entities":["s1v1|e_14|2643,2662","s1v1|e_6|2638,2707"],"confidence":{"state":"pre-added","who":["user:bernidam"],"prob":1}},{"classId":"r_20","type":"linked","directed":false,"entities":["s1v1|e_14|2681,2707","s1v1|e_6|2638,2707"],"confidence":{"state":"pre-added","who":["user:bernidam"],"prob":1}},{"classId":"r_20","type":"linked","directed":false,"entities":["s1v1|e_14|2821,2830","s1v1|e_6|2808,2887"],"confidence":{"state":"pre-added","who":["user:bernidam"],"prob":1}},{"classId":"r_20","type":"linked","directed":false,"entities":["s1v1|e_14|2836,2853","s1v1|e_6|2808,2887"],"confidence":{"state":"pre-added","who":["user:bernidam"],"prob":1}},{"classId":"r_20","type":"linked","directed":false,"entities":["s1v1|e_14|2860,2877","s1v1|e_6|2808,2887"],"confidence":{"state":"pre-added","who":["user:bernidam"],"prob":1}},{"classId":"r_20","type":"linked","directed":false,"entities":["s1v1|e_14|2879,2887","s1v1|e_6|2808,2887"],"confidence":{"state":"pre-added","who":["user:bernidam"],"prob":1}},{"classId":"r_20","type":"linked","directed":false,"entities":["s1v1|e_14|3429,3448","s1v1|e_6|3424,3522"],"confidence":{"state":"pre-added","who":["user:bernidam"],"prob":1}},{"classId":"r_20","type":"linked","directed":false,"entities":["s1v1|e_14|3453,3472","s1v1|e_6|3424,3522"],"confidence":{"state":"pre-added","who":["user:bernidam"],"prob":1}},{"classId":"r_20","type":"linked","directed":false,"entities":["s1v1|e_14|3503,3522","s1v1|e_6|3424,3522"],"confidence":{"state":"pre-added","who":["user:bernidam"],"prob":1}},{"classId":"r_26","type":"linked","directed":false,"entities":["s1v1|e_14|91,107","s1v1|e_12|77,107"],"confidence":{"state":"pre-added","who":["user:bernidam"],"prob":1}}]}