{"annotatable":{"parts":["s1v1"]},"anncomplete":false,"sources":[],"metas":{},"entities":[{"classId":"e_5","part":"s1v1","offsets":[{"start":177,"text":"hogy ne hagyjam szó nélkül azt"}],"coordinates":[],"confidence":{"state":"pre-added","who":["user:bernidam"],"prob":1},"fields":{},"normalizations":{}},{"classId":"e_13","part":"s1v1","offsets":[{"start":182,"text":"ne hagyjam szó nélkül"}],"coordinates":[],"confidence":{"state":"pre-added","who":["user:bernidam"],"prob":1},"fields":{},"normalizations":{}},{"classId":"e_14","part":"s1v1","offsets":[{"start":204,"text":"azt"}],"coordinates":[],"confidence":{"state":"pre-added","who":["user:bernidam"],"prob":1},"fields":{},"normalizations":{}},{"classId":"e_2","part":"s1v1","offsets":[{"start":421,"text":"és akkor szerintem megnézhetnék a magyar családok a gáz árát, mert az nem 10 százalékkal lenne kevesebb, hanem talán inkább 25 százalékkal több"}],"coordinates":[],"confidence":{"state":"pre-added","who":["user:bernidam"],"prob":1},"fields":{},"normalizations":{}},{"classId":"e_13","part":"s1v1","offsets":[{"start":440,"text":"megnézhetnék"}],"coordinates":[],"confidence":{"state":"pre-added","who":["user:viragnandor"],"prob":1},"fields":{},"normalizations":{}},{"classId":"e_14","part":"s1v1","offsets":[{"start":453,"text":"a magyar családok"}],"coordinates":[],"confidence":{"state":"pre-added","who":["user:viragnandor"],"prob":1},"fields":{},"normalizations":{}},{"classId":"e_14","part":"s1v1","offsets":[{"start":471,"text":"a gáz árát"}],"coordinates":[],"confidence":{"state":"pre-added","who":["user:viragnandor"],"prob":1},"fields":{},"normalizations":{}},{"classId":"e_14","part":"s1v1","offsets":[{"start":488,"text":"az"}],"coordinates":[],"confidence":{"state":"pre-added","who":["user:viragnandor"],"prob":1},"fields":{},"normalizations":{}},{"classId":"e_13","part":"s1v1","offsets":[{"start":491,"text":"nem 10 százalékkal lenne kevesebb"}],"coordinates":[],"confidence":{"state":"pre-added","who":["user:viragnandor"],"prob":1},"fields":{},"normalizations":{}},{"classId":"e_14","part":"s1v1","offsets":[{"start":495,"text":"10 százalékkal"}],"coordinates":[],"confidence":{"state":"pre-added","who":["user:viragnandor"],"prob":1},"fields":{},"normalizations":{}},{"classId":"e_13","part":"s1v1","offsets":[{"start":545,"text":"25 százalékkal több"}],"coordinates":[],"confidence":{"state":"pre-added","who":["user:viragnandor"],"prob":1},"fields":{},"normalizations":{}},{"classId":"e_14","part":"s1v1","offsets":[{"start":545,"text":"25 százalékkal"}],"coordinates":[],"confidence":{"state":"pre-added","who":["user:viragnandor"],"prob":1},"fields":{},"normalizations":{}},{"classId":"e_4","part":"s1v1","offsets":[{"start":566,"text":"Szerencsére az elmúlt években sikerült azt elérnünk következetes politikával, hogy Magyarországon európai léptékkel is nagymértékben csökkent a gáz és a villamos energia ára, megvalósult a rezsicsökkentés"}],"coordinates":[],"confidence":{"state":"pre-added","who":["user:bernidam"],"prob":1},"fields":{},"normalizations":{}},{"classId":"e_14","part":"s1v1","offsets":[{"start":578,"text":"az elmúlt években"}],"coordinates":[],"confidence":{"state":"pre-added","who":["user:bernidam"],"prob":1},"fields":{},"normalizations":{}},{"classId":"e_13","part":"s1v1","offsets":[{"start":596,"text":"sikerült azt elérnünk"}],"coordinates":[],"confidence":{"state":"pre-added","who":["user:bernidam"],"prob":1},"fields":{},"normalizations":{}},{"classId":"e_14","part":"s1v1","offsets":[{"start":605,"text":"azt"}],"coordinates":[],"confidence":{"state":"pre-added","who":["user:viragnandor"],"prob":1},"fields":{},"normalizations":{}},{"classId":"e_14","part":"s1v1","offsets":[{"start":618,"text":"következetes politikával"}],"coordinates":[],"confidence":{"state":"pre-added","who":["user:viragnandor"],"prob":1},"fields":{},"normalizations":{}},{"classId":"e_14","part":"s1v1","offsets":[{"start":649,"text":"Magyarországon"}],"coordinates":[],"confidence":{"state":"pre-added","who":["user:viragnandor"],"prob":1},"fields":{},"normalizations":{}},{"classId":"e_14","part":"s1v1","offsets":[{"start":664,"text":"európai léptékkel"}],"coordinates":[],"confidence":{"state":"pre-added","who":["user:bernidam"],"prob":1},"fields":{},"normalizations":{}},{"classId":"e_14","part":"s1v1","offsets":[{"start":685,"text":"nagymértékben"}],"coordinates":[],"confidence":{"state":"pre-added","who":["user:viragnandor"],"prob":1},"fields":{},"normalizations":{}},{"classId":"e_13","part":"s1v1","offsets":[{"start":699,"text":"csökkent a gáz és a villamos energia ára"}],"coordinates":[],"confidence":{"state":"pre-added","who":["user:bernidam"],"prob":1},"fields":{},"normalizations":{}},{"classId":"e_14","part":"s1v1","offsets":[{"start":708,"text":"a gáz és a villamos energia ára"}],"coordinates":[],"confidence":{"state":"pre-added","who":["user:viragnandor"],"prob":1},"fields":{},"normalizations":{}},{"classId":"e_13","part":"s1v1","offsets":[{"start":741,"text":"megvalósult a rezsicsökkentés"}],"coordinates":[],"confidence":{"state":"pre-added","who":["user:bernidam"],"prob":1},"fields":{},"normalizations":{}},{"classId":"e_14","part":"s1v1","offsets":[{"start":753,"text":"a rezsicsökkentés"}],"coordinates":[],"confidence":{"state":"pre-added","who":["user:viragnandor"],"prob":1},"fields":{},"normalizations":{}},{"classId":"e_4","part":"s1v1","offsets":[{"start":790,"text":"ma szerencsére a magyar családok számára nem ez a legfontosabb kérdés"}],"coordinates":[],"confidence":{"state":"pre-added","who":["user:bernidam"],"prob":1},"fields":{},"normalizations":{}},{"classId":"e_13","part":"s1v1","offsets":[{"start":793,"text":"szerencsére"}],"coordinates":[],"confidence":{"state":"pre-added","who":["user:bernidam"],"prob":1},"fields":{},"normalizations":{}},{"classId":"e_14","part":"s1v1","offsets":[{"start":805,"text":"a magyar családok"}],"coordinates":[],"confidence":{"state":"pre-added","who":["user:bernidam"],"prob":1},"fields":{},"normalizations":{}},{"classId":"e_14","part":"s1v1","offsets":[{"start":835,"text":"ez"}],"coordinates":[],"confidence":{"state":"pre-added","who":["user:bernidam"],"prob":1},"fields":{},"normalizations":{}},{"classId":"e_14","part":"s1v1","offsets":[{"start":838,"text":"a legfontosabb kérdés"}],"coordinates":[],"confidence":{"state":"pre-added","who":["user:bernidam"],"prob":1},"fields":{},"normalizations":{}},{"classId":"e_6","part":"s1v1","offsets":[{"start":877,"text":"hogy szocialista képviselőtársaim is pont azért próbálnak erről a számukra gázárügyben elég kínos témáról beszélni"}],"coordinates":[],"confidence":{"state":"pre-added","who":["user:bernidam"],"prob":1},"fields":{},"normalizations":{}},{"classId":"e_14","part":"s1v1","offsets":[{"start":882,"text":"szocialista képviselőtársaim"}],"coordinates":[],"confidence":{"state":"pre-added","who":["user:viragnandor"],"prob":1},"fields":{},"normalizations":{}},{"classId":"e_14","part":"s1v1","offsets":[{"start":935,"text":"erről a számukra gázárügyben elég kínos témáról"}],"coordinates":[],"confidence":{"state":"pre-added","who":["user:viragnandor"],"prob":1},"fields":{},"normalizations":{}},{"classId":"e_13","part":"s1v1","offsets":[{"start":964,"text":"elég kínos"}],"coordinates":[],"confidence":{"state":"pre-added","who":["user:viragnandor"],"prob":1},"fields":{},"normalizations":{}},{"classId":"e_13","part":"s1v1","offsets":[{"start":1012,"text":"szeretnének nem beszélni"}],"coordinates":[],"confidence":{"state":"pre-added","who":["user:viragnandor"],"prob":1},"fields":{},"normalizations":{}},{"classId":"e_6","part":"s1v1","offsets":[{"start":1012,"text":"szeretnének nem beszélni az egyik legfontosabb kérdésről"}],"coordinates":[],"confidence":{"state":"pre-added","who":["user:bernidam"],"prob":1},"fields":{},"normalizations":{}},{"classId":"e_14","part":"s1v1","offsets":[{"start":1037,"text":"az egyik legfontosabb kérdésről"}],"coordinates":[],"confidence":{"state":"pre-added","who":["user:viragnandor"],"prob":1},"fields":{},"normalizations":{}},{"classId":"e_3","part":"s1v1","offsets":[{"start":1199,"text":"hogy Magyarországon egész egyszerűen olyan mértékben megnőtt a határokat illegálisan átlépő bevándorlók száma"}],"coordinates":[],"confidence":{"state":"pre-added","who":["user:bernidam"],"prob":1},"fields":{},"normalizations":{}},{"classId":"e_14","part":"s1v1","offsets":[{"start":1204,"text":"Magyarországon"}],"coordinates":[],"confidence":{"state":"pre-added","who":["user:bernidam"],"prob":1},"fields":{},"normalizations":{}},{"classId":"e_14","part":"s1v1","offsets":[{"start":1236,"text":"olyan mértékben"}],"coordinates":[],"confidence":{"state":"pre-added","who":["user:viragnandor"],"prob":1},"fields":{},"normalizations":{}},{"classId":"e_14","part":"s1v1","offsets":[{"start":1260,"text":"a határokat illegálisan átlépő bevándorlók száma"}],"coordinates":[],"confidence":{"state":"pre-added","who":["user:viragnandor"],"prob":1},"fields":{},"normalizations":{}},{"classId":"e_13","part":"s1v1","offsets":[{"start":1262,"text":"határokat illegálisan átlépő bevándorlók"}],"coordinates":[],"confidence":{"state":"pre-added","who":["user:bernidam"],"prob":1},"fields":{},"normalizations":{}},{"classId":"e_5","part":"s1v1","offsets":[{"start":1362,"text":"ez már nem bevándorlás, ez már népvándorlás"}],"coordinates":[],"confidence":{"state":"pre-added","who":["user:viragnandor","user:bernidam"],"prob":1},"fields":{},"normalizations":{}},{"classId":"e_14","part":"s1v1","offsets":[{"start":1362,"text":"ez"}],"coordinates":[],"confidence":{"state":"pre-added","who":["user:viragnandor"],"prob":1},"fields":{},"normalizations":{}},{"classId":"e_13","part":"s1v1","offsets":[{"start":1369,"text":"nem bevándorlás"}],"coordinates":[],"confidence":{"state":"pre-added","who":["user:viragnandor"],"prob":1},"fields":{},"normalizations":{}},{"classId":"e_14","part":"s1v1","offsets":[{"start":1373,"text":"bevándorlás"}],"coordinates":[],"confidence":{"state":"pre-added","who":["user:bernidam"],"prob":1},"fields":{},"normalizations":{}},{"classId":"e_14","part":"s1v1","offsets":[{"start":1386,"text":"ez"}],"coordinates":[],"confidence":{"state":"pre-added","who":["user:viragnandor"],"prob":1},"fields":{},"normalizations":{}},{"classId":"e_13","part":"s1v1","offsets":[{"start":1393,"text":"népvándorlás"}],"coordinates":[],"confidence":{"state":"pre-added","who":["user:viragnandor"],"prob":1},"fields":{},"normalizations":{}},{"classId":"e_14","part":"s1v1","offsets":[{"start":1393,"text":"népvándorlás"}],"coordinates":[],"confidence":{"state":"pre-added","who":["user:bernidam"],"prob":1},"fields":{},"normalizations":{}},{"classId":"e_3","part":"s1v1","offsets":[{"start":1489,"text":"2012-höz képest 2014-re Magyarországon több mint hússzorosára nőtt a határt illegálisan átlépő bevándorlók száma"}],"coordinates":[],"confidence":{"state":"pre-added","who":["user:viragnandor","user:bernidam"],"prob":1},"fields":{},"normalizations":{}},{"classId":"e_14","part":"s1v1","offsets":[{"start":1489,"text":"2012-höz"}],"coordinates":[],"confidence":{"state":"pre-added","who":["user:bernidam"],"prob":1},"fields":{},"normalizations":{}},{"classId":"e_14","part":"s1v1","offsets":[{"start":1505,"text":"2014-re"}],"coordinates":[],"confidence":{"state":"pre-added","who":["user:viragnandor"],"prob":1},"fields":{},"normalizations":{}},{"classId":"e_14","part":"s1v1","offsets":[{"start":1513,"text":"Magyarországon"}],"coordinates":[],"confidence":{"state":"pre-added","who":["user:bernidam"],"prob":1},"fields":{},"normalizations":{}},{"classId":"e_14","part":"s1v1","offsets":[{"start":1528,"text":"több mint hússzorosára"}],"coordinates":[],"confidence":{"state":"pre-added","who":["user:viragnandor"],"prob":1},"fields":{},"normalizations":{}},{"classId":"e_14","part":"s1v1","offsets":[{"start":1556,"text":"a határt illegálisan átlépő bevándorlók száma"}],"coordinates":[],"confidence":{"state":"pre-added","who":["user:viragnandor"],"prob":1},"fields":{},"normalizations":{}},{"classId":"e_13","part":"s1v1","offsets":[{"start":1558,"text":"határt illegálisan átlépő bevándorlók"}],"coordinates":[],"confidence":{"state":"pre-added","who":["user:bernidam"],"prob":1},"fields":{},"normalizations":{}},{"classId":"e_2","part":"s1v1","offsets":[{"start":1682,"text":"akkor ez ismét meg fog háromszorozódni, tehát 43 ezerről akár 120 ezerre is nőhet azok száma"}],"coordinates":[],"confidence":{"state":"pre-added","who":["user:bernidam"],"prob":1},"fields":{},"normalizations":{}},{"classId":"e_14","part":"s1v1","offsets":[{"start":1688,"text":"ez"}],"coordinates":[],"confidence":{"state":"pre-added","who":["user:viragnandor"],"prob":1},"fields":{},"normalizations":{}},{"classId":"e_13","part":"s1v1","offsets":[{"start":1697,"text":"meg fog háromszorozódni"}],"coordinates":[],"confidence":{"state":"pre-added","who":["user:viragnandor"],"prob":1},"fields":{},"normalizations":{}},{"classId":"e_14","part":"s1v1","offsets":[{"start":1728,"text":"43 ezerről"}],"coordinates":[],"confidence":{"state":"pre-added","who":["user:viragnandor"],"prob":1},"fields":{},"normalizations":{}},{"classId":"e_14","part":"s1v1","offsets":[{"start":1744,"text":"120 ezerre"}],"coordinates":[],"confidence":{"state":"pre-added","who":["user:viragnandor"],"prob":1},"fields":{},"normalizations":{}},{"classId":"e_13","part":"s1v1","offsets":[{"start":1758,"text":"nőhet"}],"coordinates":[],"confidence":{"state":"pre-added","who":["user:viragnandor"],"prob":1},"fields":{},"normalizations":{}},{"classId":"e_14","part":"s1v1","offsets":[{"start":1764,"text":"azok száma"}],"coordinates":[],"confidence":{"state":"pre-added","who":["user:viragnandor"],"prob":1},"fields":{},"normalizations":{}},{"classId":"e_14","part":"s1v1","offsets":[{"start":1776,"text":"akik"}],"coordinates":[],"confidence":{"state":"pre-added","who":["user:viragnandor"],"prob":1},"fields":{},"normalizations":{}},{"classId":"e_3","part":"s1v1","offsets":[{"start":1776,"text":"akik törvénytelenül, illegálisan próbálják meg átlépni a magyar határt"}],"coordinates":[],"confidence":{"state":"pre-added","who":["user:bernidam"],"prob":1},"fields":{},"normalizations":{}},{"classId":"e_13","part":"s1v1","offsets":[{"start":1781,"text":"törvénytelenül"}],"coordinates":[],"confidence":{"state":"pre-added","who":["user:viragnandor"],"prob":1},"fields":{},"normalizations":{}},{"classId":"e_13","part":"s1v1","offsets":[{"start":1797,"text":"illegálisan"}],"coordinates":[],"confidence":{"state":"pre-added","who":["user:viragnandor"],"prob":1},"fields":{},"normalizations":{}},{"classId":"e_14","part":"s1v1","offsets":[{"start":1831,"text":"a magyar határt"}],"coordinates":[],"confidence":{"state":"pre-added","who":["user:viragnandor"],"prob":1},"fields":{},"normalizations":{}},{"classId":"e_14","part":"s1v1","offsets":[{"start":1880,"text":"azokhoz"}],"coordinates":[],"confidence":{"state":"pre-added","who":["user:viragnandor"],"prob":1},"fields":{},"normalizations":{}},{"classId":"e_14","part":"s1v1","offsets":[{"start":1889,"text":"akik"}],"coordinates":[],"confidence":{"state":"pre-added","who":["user:viragnandor"],"prob":1},"fields":{},"normalizations":{}},{"classId":"e_3","part":"s1v1","offsets":[{"start":1889,"text":"akik megpróbálnak így bejutni Európába"}],"coordinates":[],"confidence":{"state":"pre-added","who":["user:bernidam"],"prob":1},"fields":{},"normalizations":{}},{"classId":"e_13","part":"s1v1","offsets":[{"start":1911,"text":"bejutni"}],"coordinates":[],"confidence":{"state":"pre-added","who":["user:viragnandor"],"prob":1},"fields":{},"normalizations":{}},{"classId":"e_14","part":"s1v1","offsets":[{"start":1919,"text":"Európába"}],"coordinates":[],"confidence":{"state":"pre-added","who":["user:viragnandor"],"prob":1},"fields":{},"normalizations":{}},{"classId":"e_5","part":"s1v1","offsets":[{"start":1929,"text":"hogy másként, bevándorlóként próbálják biztosítani, megélhetési bevándorlóként a megélhetésüket"}],"coordinates":[],"confidence":{"state":"pre-added","who":["user:bernidam"],"prob":1},"fields":{},"normalizations":{}},{"classId":"e_14","part":"s1v1","offsets":[{"start":1943,"text":"bevándorlóként"}],"coordinates":[],"confidence":{"state":"pre-added","who":["user:viragnandor"],"prob":1},"fields":{},"normalizations":{}},{"classId":"e_13","part":"s1v1","offsets":[{"start":1943,"text":"bevándorlóként"}],"coordinates":[],"confidence":{"state":"pre-added","who":["user:bernidam"],"prob":1},"fields":{},"normalizations":{}},{"classId":"e_13","part":"s1v1","offsets":[{"start":1981,"text":"megélhetési bevándorlóként"}],"coordinates":[],"confidence":{"state":"pre-added","who":["user:viragnandor"],"prob":1},"fields":{},"normalizations":{}},{"classId":"e_14","part":"s1v1","offsets":[{"start":1981,"text":"megélhetési bevándorlóként"}],"coordinates":[],"confidence":{"state":"pre-added","who":["user:viragnandor"],"prob":1},"fields":{},"normalizations":{}},{"classId":"e_14","part":"s1v1","offsets":[{"start":2008,"text":"a megélhetésüket"}],"coordinates":[],"confidence":{"state":"pre-added","who":["user:viragnandor"],"prob":1},"fields":{},"normalizations":{}},{"classId":"e_2","part":"s1v1","offsets":[{"start":2053,"text":"Nemcsak Magyarországon, hanem Európában is ugyanezt a tendenciát tapasztalhatjuk."}],"coordinates":[],"confidence":{"state":"pre-added","who":["user:viragnandor"],"prob":1},"fields":{},"normalizations":{}},{"classId":"e_14","part":"s1v1","offsets":[{"start":2061,"text":"Magyarországon"}],"coordinates":[],"confidence":{"state":"pre-added","who":["user:viragnandor"],"prob":1},"fields":{},"normalizations":{}},{"classId":"e_14","part":"s1v1","offsets":[{"start":2083,"text":"Európában"}],"coordinates":[],"confidence":{"state":"pre-added","who":["user:viragnandor"],"prob":1},"fields":{},"normalizations":{}},{"classId":"e_13","part":"s1v1","offsets":[{"start":2096,"text":"ugyanezt a tendenciát"}],"coordinates":[],"confidence":{"state":"pre-added","who":["user:viragnandor"],"prob":1},"fields":{},"normalizations":{}},{"classId":"e_14","part":"s1v1","offsets":[{"start":2096,"text":"ugyanezt a tendenciát"}],"coordinates":[],"confidence":{"state":"pre-added","who":["user:viragnandor"],"prob":1},"fields":{},"normalizations":{}},{"classId":"e_3","part":"s1v1","offsets":[{"start":2154,"text":"hogy az illegális határátlépők száma döbbenetesen sokszorosára növekedett"}],"coordinates":[],"confidence":{"state":"pre-added","who":["user:viragnandor","user:bernidam"],"prob":1},"fields":{},"normalizations":{}},{"classId":"e_14","part":"s1v1","offsets":[{"start":2159,"text":"az illegális határátlépők száma"}],"coordinates":[],"confidence":{"state":"pre-added","who":["user:viragnandor"],"prob":1},"fields":{},"normalizations":{}},{"classId":"e_13","part":"s1v1","offsets":[{"start":2162,"text":"illegális határátlépők"}],"coordinates":[],"confidence":{"state":"pre-added","who":["user:bernidam"],"prob":1},"fields":{},"normalizations":{}},{"classId":"e_14","part":"s1v1","offsets":[{"start":2204,"text":"sokszorosára"}],"coordinates":[],"confidence":{"state":"pre-added","who":["user:viragnandor"],"prob":1},"fields":{},"normalizations":{}},{"classId":"e_2","part":"s1v1","offsets":[{"start":2229,"text":"Az így elindult népvándorlási hullám meggyőződésem szerint Európa országai számára a leginkább nehezen kezelhető problémák közé került"}],"coordinates":[],"confidence":{"state":"pre-added","who":["user:viragnandor","user:bernidam"],"prob":1},"fields":{},"normalizations":{}},{"classId":"e_14","part":"s1v1","offsets":[{"start":2229,"text":"Az így elindult népvándorlási hullám"}],"coordinates":[],"confidence":{"state":"pre-added","who":["user:viragnandor"],"prob":1},"fields":{},"normalizations":{}},{"classId":"e_14","part":"s1v1","offsets":[{"start":2266,"text":"meggyőződésem"}],"coordinates":[],"confidence":{"state":"pre-added","who":["user:bernidam"],"prob":1},"fields":{},"normalizations":{}},{"classId":"e_14","part":"s1v1","offsets":[{"start":2288,"text":"Európa országai"}],"coordinates":[],"confidence":{"state":"pre-added","who":["user:bernidam"],"prob":1},"fields":{},"normalizations":{}},{"classId":"e_14","part":"s1v1","offsets":[{"start":2312,"text":"a leginkább nehezen kezelhető problémák"}],"coordinates":[],"confidence":{"state":"pre-added","who":["user:bernidam"],"prob":1},"fields":{},"normalizations":{}},{"classId":"e_13","part":"s1v1","offsets":[{"start":2342,"text":"problémák"}],"coordinates":[],"confidence":{"state":"pre-added","who":["user:viragnandor"],"prob":1},"fields":{},"normalizations":{}},{"classId":"e_2","part":"s1v1","offsets":[{"start":2391,"text":"kezelése, úgy tűnik, hogy az Európai Unió tagállamai számára az eddig megszokott módszerekkel lehetetlen"}],"coordinates":[],"confidence":{"state":"pre-added","who":["user:viragnandor"],"prob":1},"fields":{},"normalizations":{}},{"classId":"e_14","part":"s1v1","offsets":[{"start":2391,"text":"kezelése"}],"coordinates":[],"confidence":{"state":"pre-added","who":["user:viragnandor"],"prob":1},"fields":{},"normalizations":{}},{"classId":"e_14","part":"s1v1","offsets":[{"start":2417,"text":"az Európai Unió tagállamai"}],"coordinates":[],"confidence":{"state":"pre-added","who":["user:bernidam"],"prob":1},"fields":{},"normalizations":{}},{"classId":"e_14","part":"s1v1","offsets":[{"start":2452,"text":"az eddig megszokott módszerekkel"}],"coordinates":[],"confidence":{"state":"pre-added","who":["user:viragnandor"],"prob":1},"fields":{},"normalizations":{}},{"classId":"e_13","part":"s1v1","offsets":[{"start":2485,"text":"lehetetlen"}],"coordinates":[],"confidence":{"state":"pre-added","who":["user:viragnandor"],"prob":1},"fields":{},"normalizations":{}},{"classId":"e_2","part":"s1v1","offsets":[{"start":2550,"text":"hogy közös megoldás nincsen"}],"coordinates":[],"confidence":{"state":"pre-added","who":["user:viragnandor"],"prob":1},"fields":{},"normalizations":{}},{"classId":"e_14","part":"s1v1","offsets":[{"start":2555,"text":"közös megoldás"}],"coordinates":[],"confidence":{"state":"pre-added","who":["user:viragnandor"],"prob":1},"fields":{},"normalizations":{}},{"classId":"e_13","part":"s1v1","offsets":[{"start":2561,"text":"megoldás nincsen"}],"coordinates":[],"confidence":{"state":"pre-added","who":["user:bernidam"],"prob":1},"fields":{},"normalizations":{}},{"classId":"e_5","part":"s1v1","offsets":[{"start":2653,"text":"hogy az Európai Unió két legfontosabb nagy tagállama, Franciaország és Németország egyik pillanatról a másikra felmondta a schengeni megállapodást, és gyakorlatilag erőszakos eszközöket is alkalmazva, visszafordította az olasz-francia, illetve olasz-német határról az onnan érkező, Olaszországba korábban illegálisan belépő bevándorlókat"}],"coordinates":[],"confidence":{"state":"pre-added","who":["user:viragnandor","user:bernidam"],"prob":1},"fields":{},"normalizations":{}},{"classId":"e_14","part":"s1v1","offsets":[{"start":2658,"text":"az Európai Unió két legfontosabb nagy tagállama"}],"coordinates":[],"confidence":{"state":"pre-added","who":["user:bernidam"],"prob":1},"fields":{},"normalizations":{}},{"classId":"e_14","part":"s1v1","offsets":[{"start":2707,"text":"Franciaország"}],"coordinates":[],"confidence":{"state":"pre-added","who":["user:bernidam"],"prob":1},"fields":{},"normalizations":{}},{"classId":"e_14","part":"s1v1","offsets":[{"start":2724,"text":"Németország"}],"coordinates":[],"confidence":{"state":"pre-added","who":["user:bernidam"],"prob":1},"fields":{},"normalizations":{}},{"classId":"e_14","part":"s1v1","offsets":[{"start":2736,"text":"egyik pillanatról a másikra"}],"coordinates":[],"confidence":{"state":"pre-added","who":["user:bernidam"],"prob":1},"fields":{},"normalizations":{}},{"classId":"e_13","part":"s1v1","offsets":[{"start":2764,"text":"felmondta a schengeni megállapodást"}],"coordinates":[],"confidence":{"state":"pre-added","who":["user:bernidam"],"prob":1},"fields":{},"normalizations":{}},{"classId":"e_14","part":"s1v1","offsets":[{"start":2774,"text":"a schengeni megállapodást"}],"coordinates":[],"confidence":{"state":"pre-added","who":["user:viragnandor"],"prob":1},"fields":{},"normalizations":{}},{"classId":"e_14","part":"s1v1","offsets":[{"start":2818,"text":"erőszakos eszközöket"}],"coordinates":[],"confidence":{"state":"pre-added","who":["user:bernidam"],"prob":1},"fields":{},"normalizations":{}},{"classId":"e_13","part":"s1v1","offsets":[{"start":2818,"text":"erőszakos eszközöket is alkalmazva"}],"coordinates":[],"confidence":{"state":"pre-added","who":["user:bernidam"],"prob":1},"fields":{},"normalizations":{}},{"classId":"e_13","part":"s1v1","offsets":[{"start":2854,"text":"visszafordította"}],"coordinates":[],"confidence":{"state":"pre-added","who":["user:viragnandor"],"prob":1},"fields":{},"normalizations":{}},{"classId":"e_14","part":"s1v1","offsets":[{"start":2871,"text":"az olasz-francia, illetve olasz-német határról"}],"coordinates":[],"confidence":{"state":"pre-added","who":["user:viragnandor"],"prob":1},"fields":{},"normalizations":{}},{"classId":"e_14","part":"s1v1","offsets":[{"start":2918,"text":"az onnan érkező, Olaszországba korábban illegálisan belépő bevándorlókat"}],"coordinates":[],"confidence":{"state":"pre-added","who":["user:viragnandor"],"prob":1},"fields":{},"normalizations":{}},{"classId":"e_14","part":"s1v1","offsets":[{"start":3078,"text":"a Magyarországon keresztül korábban Európába érkezett illegális bevándorlók esetében"}],"coordinates":[],"confidence":{"state":"pre-added","who":["user:viragnandor"],"prob":1},"fields":{},"normalizations":{}},{"classId":"e_14","part":"s1v1","offsets":[{"start":3182,"text":"azoknak a kérelmezőknek a száma"}],"coordinates":[],"confidence":{"state":"pre-added","who":["user:viragnandor"],"prob":1},"fields":{},"normalizations":{}},{"classId":"e_14","part":"s1v1","offsets":[{"start":3215,"text":"akiket"}],"coordinates":[],"confidence":{"state":"pre-added","who":["user:viragnandor"],"prob":1},"fields":{},"normalizations":{}},{"classId":"e_5","part":"s1v1","offsets":[{"start":3215,"text":"akiket Németország és Ausztria szeretne visszahozni Magyarországra"}],"coordinates":[],"confidence":{"state":"pre-added","who":["user:bernidam"],"prob":1},"fields":{},"normalizations":{}},{"classId":"e_14","part":"s1v1","offsets":[{"start":3222,"text":"Németország"}],"coordinates":[],"confidence":{"state":"pre-added","who":["user:viragnandor"],"prob":1},"fields":{},"normalizations":{}},{"classId":"e_14","part":"s1v1","offsets":[{"start":3237,"text":"Ausztria"}],"coordinates":[],"confidence":{"state":"pre-added","who":["user:viragnandor"],"prob":1},"fields":{},"normalizations":{}},{"classId":"e_13","part":"s1v1","offsets":[{"start":3246,"text":"szeretne visszahozni"}],"coordinates":[],"confidence":{"state":"pre-added","who":["user:viragnandor"],"prob":1},"fields":{},"normalizations":{}},{"classId":"e_14","part":"s1v1","offsets":[{"start":3267,"text":"Magyarországra"}],"coordinates":[],"confidence":{"state":"pre-added","who":["user:viragnandor"],"prob":1},"fields":{},"normalizations":{}},{"classId":"e_2","part":"s1v1","offsets":[{"start":3310,"text":"Ez a probléma már nemcsak magyar probléma, olyan összeurópai probléma, amire ha nincsen közös európai megoldás"}],"coordinates":[],"confidence":{"state":"pre-added","who":["user:viragnandor"],"prob":1},"fields":{},"normalizations":{}},{"classId":"e_14","part":"s1v1","offsets":[{"start":3310,"text":"Ez a probléma"}],"coordinates":[],"confidence":{"state":"pre-added","who":["user:viragnandor"],"prob":1},"fields":{},"normalizations":{}},{"classId":"e_13","part":"s1v1","offsets":[{"start":3315,"text":"probléma"}],"coordinates":[],"confidence":{"state":"pre-added","who":["user:viragnandor"],"prob":1},"fields":{},"normalizations":{}},{"classId":"e_14","part":"s1v1","offsets":[{"start":3336,"text":"magyar probléma"}],"coordinates":[],"confidence":{"state":"pre-added","who":["user:bernidam"],"prob":1},"fields":{},"normalizations":{}},{"classId":"e_13","part":"s1v1","offsets":[{"start":3343,"text":"probléma"}],"coordinates":[],"confidence":{"state":"pre-added","who":["user:viragnandor"],"prob":1},"fields":{},"normalizations":{}},{"classId":"e_14","part":"s1v1","offsets":[{"start":3353,"text":"olyan összeurópai probléma"}],"coordinates":[],"confidence":{"state":"pre-added","who":["user:bernidam"],"prob":1},"fields":{},"normalizations":{}},{"classId":"e_13","part":"s1v1","offsets":[{"start":3371,"text":"probléma"}],"coordinates":[],"confidence":{"state":"pre-added","who":["user:viragnandor"],"prob":1},"fields":{},"normalizations":{}},{"classId":"e_14","part":"s1v1","offsets":[{"start":3381,"text":"amire"}],"coordinates":[],"confidence":{"state":"pre-added","who":["user:viragnandor"],"prob":1},"fields":{},"normalizations":{}},{"classId":"e_13","part":"s1v1","offsets":[{"start":3390,"text":"nincsen közös európai megoldás"}],"coordinates":[],"confidence":{"state":"pre-added","who":["user:viragnandor"],"prob":1},"fields":{},"normalizations":{}},{"classId":"e_14","part":"s1v1","offsets":[{"start":3398,"text":"közös európai megoldás"}],"coordinates":[],"confidence":{"state":"pre-added","who":["user:viragnandor"],"prob":1},"fields":{},"normalizations":{}},{"classId":"e_4","part":"s1v1","offsets":[{"start":3443,"text":"hogy minden országnak tennie kell a kötelességét"}],"coordinates":[],"confidence":{"state":"pre-added","who":["user:viragnandor"],"prob":1},"fields":{},"normalizations":{}},{"classId":"e_14","part":"s1v1","offsets":[{"start":3448,"text":"minden országnak"}],"coordinates":[],"confidence":{"state":"pre-added","who":["user:viragnandor"],"prob":1},"fields":{},"normalizations":{}},{"classId":"e_13","part":"s1v1","offsets":[{"start":3465,"text":"tennie kell"}],"coordinates":[],"confidence":{"state":"pre-added","who":["user:viragnandor"],"prob":1},"fields":{},"normalizations":{}},{"classId":"e_14","part":"s1v1","offsets":[{"start":3477,"text":"a kötelességét"}],"coordinates":[],"confidence":{"state":"pre-added","who":["user:viragnandor"],"prob":1},"fields":{},"normalizations":{}},{"classId":"e_4","part":"s1v1","offsets":[{"start":3493,"text":"A legfontosabb kötelesség pedig az, amit vállaltunk az európai uniós csatlakozáskor, vállaltunk a schengeni szerződéshez való csatlakozáskor, hogy meg fogjuk védeni Magyarország és Európa közös határát."}],"coordinates":[],"confidence":{"state":"pre-added","who":["user:bernidam"],"prob":1},"fields":{},"normalizations":{}},{"classId":"e_14","part":"s1v1","offsets":[{"start":3493,"text":"A legfontosabb kötelesség"}],"coordinates":[],"confidence":{"state":"pre-added","who":["user:bernidam"],"prob":1},"fields":{},"normalizations":{}},{"classId":"e_13","part":"s1v1","offsets":[{"start":3493,"text":"A legfontosabb kötelesség"}],"coordinates":[],"confidence":{"state":"pre-added","who":["user:bernidam"],"prob":1},"fields":{},"normalizations":{}},{"classId":"e_14","part":"s1v1","offsets":[{"start":3525,"text":"az"}],"coordinates":[],"confidence":{"state":"pre-added","who":["user:bernidam"],"prob":1},"fields":{},"normalizations":{}},{"classId":"e_14","part":"s1v1","offsets":[{"start":3529,"text":"amit"}],"coordinates":[],"confidence":{"state":"pre-added","who":["user:bernidam"],"prob":1},"fields":{},"normalizations":{}},{"classId":"e_13","part":"s1v1","offsets":[{"start":3534,"text":"vállaltunk az európai uniós csatlakozáskor"}],"coordinates":[],"confidence":{"state":"pre-added","who":["user:bernidam"],"prob":1},"fields":{},"normalizations":{}},{"classId":"e_14","part":"s1v1","offsets":[{"start":3545,"text":"az európai uniós csatlakozáskor"}],"coordinates":[],"confidence":{"state":"pre-added","who":["user:bernidam"],"prob":1},"fields":{},"normalizations":{}},{"classId":"e_13","part":"s1v1","offsets":[{"start":3578,"text":"vállaltunk a schengeni szerződéshez való csatlakozáskor"}],"coordinates":[],"confidence":{"state":"pre-added","who":["user:bernidam"],"prob":1},"fields":{},"normalizations":{}},{"classId":"e_14","part":"s1v1","offsets":[{"start":3589,"text":"a schengeni szerződéshez való csatlakozáskor"}],"coordinates":[],"confidence":{"state":"pre-added","who":["user:bernidam"],"prob":1},"fields":{},"normalizations":{}},{"classId":"e_13","part":"s1v1","offsets":[{"start":3640,"text":"meg fogjuk védeni"}],"coordinates":[],"confidence":{"state":"pre-added","who":["user:viragnandor"],"prob":1},"fields":{},"normalizations":{}},{"classId":"e_14","part":"s1v1","offsets":[{"start":3658,"text":"Magyarország és Európa közös határát"}],"coordinates":[],"confidence":{"state":"pre-added","who":["user:viragnandor"],"prob":1},"fields":{},"normalizations":{}},{"classId":"e_4","part":"s1v1","offsets":[{"start":3744,"text":"hogy helyes döntés az, amit a kormány meghozott, hogy megvizsgálja és létrehozza a szerb-magyar határon egy biztonsági határzár létesítésének a lehetőségét"}],"coordinates":[],"confidence":{"state":"pre-added","who":["user:viragnandor"],"prob":1},"fields":{},"normalizations":{}},{"classId":"e_13","part":"s1v1","offsets":[{"start":3749,"text":"helyes döntés"}],"coordinates":[],"confidence":{"state":"pre-added","who":["user:viragnandor"],"prob":1},"fields":{},"normalizations":{}},{"classId":"e_14","part":"s1v1","offsets":[{"start":3749,"text":"helyes döntés"}],"coordinates":[],"confidence":{"state":"pre-added","who":["user:bernidam"],"prob":1},"fields":{},"normalizations":{}},{"classId":"e_14","part":"s1v1","offsets":[{"start":3763,"text":"az"}],"coordinates":[],"confidence":{"state":"pre-added","who":["user:viragnandor"],"prob":1},"fields":{},"normalizations":{}},{"classId":"e_14","part":"s1v1","offsets":[{"start":3767,"text":"amit"}],"coordinates":[],"confidence":{"state":"pre-added","who":["user:viragnandor"],"prob":1},"fields":{},"normalizations":{}},{"classId":"e_14","part":"s1v1","offsets":[{"start":3772,"text":"a kormány"}],"coordinates":[],"confidence":{"state":"pre-added","who":["user:viragnandor"],"prob":1},"fields":{},"normalizations":{}},{"classId":"e_13","part":"s1v1","offsets":[{"start":3782,"text":"meghozott"}],"coordinates":[],"confidence":{"state":"pre-added","who":["user:viragnandor"],"prob":1},"fields":{},"normalizations":{}},{"classId":"e_13","part":"s1v1","offsets":[{"start":3798,"text":"megvizsgálja"}],"coordinates":[],"confidence":{"state":"pre-added","who":["user:viragnandor"],"prob":1},"fields":{},"normalizations":{}},{"classId":"e_13","part":"s1v1","offsets":[{"start":3814,"text":"létrehozza"}],"coordinates":[],"confidence":{"state":"pre-added","who":["user:viragnandor"],"prob":1},"fields":{},"normalizations":{}},{"classId":"e_14","part":"s1v1","offsets":[{"start":3825,"text":"a szerb-magyar határon"}],"coordinates":[],"confidence":{"state":"pre-added","who":["user:bernidam"],"prob":1},"fields":{},"normalizations":{}},{"classId":"e_14","part":"s1v1","offsets":[{"start":3848,"text":"egy biztonsági határzár létesítésének a lehetőségét"}],"coordinates":[],"confidence":{"state":"pre-added","who":["user:bernidam"],"prob":1},"fields":{},"normalizations":{}},{"classId":"e_13","part":"s1v1","offsets":[{"start":3888,"text":"lehetőségét"}],"coordinates":[],"confidence":{"state":"pre-added","who":["user:viragnandor"],"prob":1},"fields":{},"normalizations":{}},{"classId":"e_2","part":"s1v1","offsets":[{"start":3959,"text":"Határzár nélkül nem fogjuk tudni megoldani ezt a kérdést."}],"coordinates":[],"confidence":{"state":"pre-added","who":["user:viragnandor"],"prob":1},"fields":{},"normalizations":{}},{"classId":"e_14","part":"s1v1","offsets":[{"start":3959,"text":"Határzár"}],"coordinates":[],"confidence":{"state":"pre-added","who":["user:bernidam"],"prob":1},"fields":{},"normalizations":{}},{"classId":"e_13","part":"s1v1","offsets":[{"start":3975,"text":"nem fogjuk tudni megoldani"}],"coordinates":[],"confidence":{"state":"pre-added","who":["user:viragnandor"],"prob":1},"fields":{},"normalizations":{}},{"classId":"e_14","part":"s1v1","offsets":[{"start":4002,"text":"ezt a kérdést"}],"coordinates":[],"confidence":{"state":"pre-added","who":["user:viragnandor"],"prob":1},"fields":{},"normalizations":{}},{"classId":"e_5","part":"s1v1","offsets":[{"start":4017,"text":"Amennyiben az Európai Unióban csak a közös kvóta az egyetlen"}],"coordinates":[],"confidence":{"state":"pre-added","who":["user:bernidam"],"prob":1},"fields":{},"normalizations":{}},{"classId":"e_14","part":"s1v1","offsets":[{"start":4028,"text":"az Európai Unióban"}],"coordinates":[],"confidence":{"state":"pre-added","who":["user:viragnandor"],"prob":1},"fields":{},"normalizations":{}},{"classId":"e_14","part":"s1v1","offsets":[{"start":4052,"text":"a közös kvóta"}],"coordinates":[],"confidence":{"state":"pre-added","who":["user:viragnandor"],"prob":1},"fields":{},"normalizations":{}},{"classId":"e_13","part":"s1v1","offsets":[{"start":4054,"text":"közös kvóta"}],"coordinates":[],"confidence":{"state":"pre-added","who":["user:viragnandor"],"prob":1},"fields":{},"normalizations":{}},{"classId":"e_14","part":"s1v1","offsets":[{"start":4136,"text":"ez"}],"coordinates":[],"confidence":{"state":"pre-added","who":["user:viragnandor"],"prob":1},"fields":{},"normalizations":{}},{"classId":"e_5","part":"s1v1","offsets":[{"start":4136,"text":"ez nem távol tartja, hanem éppen ellenkezőleg, Európába fogja csábítani az illegális bevándorlókat"}],"coordinates":[],"confidence":{"state":"pre-added","who":["user:bernidam"],"prob":1},"fields":{},"normalizations":{}},{"classId":"e_13","part":"s1v1","offsets":[{"start":4139,"text":"nem távol tartja"}],"coordinates":[],"confidence":{"state":"pre-added","who":["user:viragnandor"],"prob":1},"fields":{},"normalizations":{}},{"classId":"e_14","part":"s1v1","offsets":[{"start":4183,"text":"Európába"}],"coordinates":[],"confidence":{"state":"pre-added","who":["user:viragnandor"],"prob":1},"fields":{},"normalizations":{}},{"classId":"e_13","part":"s1v1","offsets":[{"start":4183,"text":"Európába fogja csábítani"}],"coordinates":[],"confidence":{"state":"pre-added","who":["user:bernidam"],"prob":1},"fields":{},"normalizations":{}},{"classId":"e_14","part":"s1v1","offsets":[{"start":4208,"text":"az illegális bevándorlókat"}],"coordinates":[],"confidence":{"state":"pre-added","who":["user:viragnandor"],"prob":1},"fields":{},"normalizations":{}},{"classId":"e_2","part":"s1v1","offsets":[{"start":4236,"text":"Ez olyan problémákat jelenthet, amelyek közbiztonsági problémák, amelyek munkahelyek elvételével járó problémák, amelyek kulturális problémák"}],"coordinates":[],"confidence":{"state":"pre-added","who":["user:viragnandor","user:bernidam"],"prob":1},"fields":{},"normalizations":{}},{"classId":"e_14","part":"s1v1","offsets":[{"start":4236,"text":"Ez"}],"coordinates":[],"confidence":{"state":"pre-added","who":["user:viragnandor"],"prob":1},"fields":{},"normalizations":{}},{"classId":"e_14","part":"s1v1","offsets":[{"start":4239,"text":"olyan problémákat"}],"coordinates":[],"confidence":{"state":"pre-added","who":["user:viragnandor"],"prob":1},"fields":{},"normalizations":{}},{"classId":"e_13","part":"s1v1","offsets":[{"start":4245,"text":"problémákat"}],"coordinates":[],"confidence":{"state":"pre-added","who":["user:viragnandor"],"prob":1},"fields":{},"normalizations":{}},{"classId":"e_14","part":"s1v1","offsets":[{"start":4268,"text":"amelyek"}],"coordinates":[],"confidence":{"state":"pre-added","who":["user:viragnandor"],"prob":1},"fields":{},"normalizations":{}},{"classId":"e_13","part":"s1v1","offsets":[{"start":4276,"text":"közbiztonsági problémák"}],"coordinates":[],"confidence":{"state":"pre-added","who":["user:viragnandor"],"prob":1},"fields":{},"normalizations":{}},{"classId":"e_14","part":"s1v1","offsets":[{"start":4276,"text":"közbiztonsági problémák"}],"coordinates":[],"confidence":{"state":"pre-added","who":["user:bernidam"],"prob":1},"fields":{},"normalizations":{}},{"classId":"e_14","part":"s1v1","offsets":[{"start":4301,"text":"amelyek"}],"coordinates":[],"confidence":{"state":"pre-added","who":["user:viragnandor"],"prob":1},"fields":{},"normalizations":{}},{"classId":"e_13","part":"s1v1","offsets":[{"start":4309,"text":"munkahelyek elvételével járó problémák"}],"coordinates":[],"confidence":{"state":"pre-added","who":["user:viragnandor"],"prob":1},"fields":{},"normalizations":{}},{"classId":"e_14","part":"s1v1","offsets":[{"start":4309,"text":"munkahelyek elvételével járó problémák"}],"coordinates":[],"confidence":{"state":"pre-added","who":["user:bernidam"],"prob":1},"fields":{},"normalizations":{}},{"classId":"e_14","part":"s1v1","offsets":[{"start":4349,"text":"amelyek"}],"coordinates":[],"confidence":{"state":"pre-added","who":["user:viragnandor"],"prob":1},"fields":{},"normalizations":{}},{"classId":"e_13","part":"s1v1","offsets":[{"start":4357,"text":"kulturális problémák"}],"coordinates":[],"confidence":{"state":"pre-added","who":["user:viragnandor"],"prob":1},"fields":{},"normalizations":{}},{"classId":"e_14","part":"s1v1","offsets":[{"start":4357,"text":"kulturális problémák"}],"coordinates":[],"confidence":{"state":"pre-added","who":["user:bernidam"],"prob":1},"fields":{},"normalizations":{}},{"classId":"e_4","part":"s1v1","offsets":[{"start":4379,"text":"törvénytisztelet, kultúra megvédése, munkahelyek megvédése"}],"coordinates":[],"confidence":{"state":"pre-added","who":["user:viragnandor"],"prob":1},"fields":{},"normalizations":{}},{"classId":"e_13","part":"s1v1","offsets":[{"start":4379,"text":"törvénytisztelet"}],"coordinates":[],"confidence":{"state":"pre-added","who":["user:viragnandor"],"prob":1},"fields":{},"normalizations":{}},{"classId":"e_14","part":"s1v1","offsets":[{"start":4379,"text":"törvénytisztelet"}],"coordinates":[],"confidence":{"state":"pre-added","who":["user:viragnandor"],"prob":1},"fields":{},"normalizations":{}},{"classId":"e_14","part":"s1v1","offsets":[{"start":4397,"text":"kultúra megvédése"}],"coordinates":[],"confidence":{"state":"pre-added","who":["user:viragnandor"],"prob":1},"fields":{},"normalizations":{}},{"classId":"e_13","part":"s1v1","offsets":[{"start":4405,"text":"megvédése"}],"coordinates":[],"confidence":{"state":"pre-added","who":["user:viragnandor"],"prob":1},"fields":{},"normalizations":{}},{"classId":"e_14","part":"s1v1","offsets":[{"start":4416,"text":"munkahelyek megvédése"}],"coordinates":[],"confidence":{"state":"pre-added","who":["user:viragnandor"],"prob":1},"fields":{},"normalizations":{}},{"classId":"e_13","part":"s1v1","offsets":[{"start":4428,"text":"megvédése"}],"coordinates":[],"confidence":{"state":"pre-added","who":["user:viragnandor"],"prob":1},"fields":{},"normalizations":{}},{"classId":"e_4","part":"s1v1","offsets":[{"start":4439,"text":"Ez szerepel első helyen, amikor a kormány és a kormánypártok felelősen meghozzák a döntésüket."}],"coordinates":[],"confidence":{"state":"pre-added","who":["user:viragnandor"],"prob":1},"fields":{},"normalizations":{}},{"classId":"e_14","part":"s1v1","offsets":[{"start":4439,"text":"Ez"}],"coordinates":[],"confidence":{"state":"pre-added","who":["user:viragnandor"],"prob":1},"fields":{},"normalizations":{}},{"classId":"e_13","part":"s1v1","offsets":[{"start":4451,"text":"első helyen"}],"coordinates":[],"confidence":{"state":"pre-added","who":["user:viragnandor"],"prob":1},"fields":{},"normalizations":{}},{"classId":"e_14","part":"s1v1","offsets":[{"start":4451,"text":"első helyen"}],"coordinates":[],"confidence":{"state":"pre-added","who":["user:viragnandor"],"prob":1},"fields":{},"normalizations":{}},{"classId":"e_14","part":"s1v1","offsets":[{"start":4471,"text":"a kormány"}],"coordinates":[],"confidence":{"state":"pre-added","who":["user:viragnandor"],"prob":1},"fields":{},"normalizations":{}},{"classId":"e_14","part":"s1v1","offsets":[{"start":4484,"text":"a kormánypártok"}],"coordinates":[],"confidence":{"state":"pre-added","who":["user:viragnandor"],"prob":1},"fields":{},"normalizations":{}},{"classId":"e_13","part":"s1v1","offsets":[{"start":4510,"text":"meghozzák"}],"coordinates":[],"confidence":{"state":"pre-added","who":["user:viragnandor"],"prob":1},"fields":{},"normalizations":{}},{"classId":"e_14","part":"s1v1","offsets":[{"start":4520,"text":"a döntésüket"}],"coordinates":[],"confidence":{"state":"pre-added","who":["user:viragnandor"],"prob":1},"fields":{},"normalizations":{}},{"classId":"e_6","part":"s1v1","offsets":[{"start":4617,"text":"hogy egyrészt ne söpörjék az asztal alá ezt a problémát"}],"coordinates":[],"confidence":{"state":"pre-added","who":["user:viragnandor","user:bernidam"],"prob":1},"fields":{},"normalizations":{}},{"classId":"e_13","part":"s1v1","offsets":[{"start":4631,"text":"ne söpörjék az asztal alá"}],"coordinates":[],"confidence":{"state":"pre-added","who":["user:viragnandor"],"prob":1},"fields":{},"normalizations":{}},{"classId":"e_14","part":"s1v1","offsets":[{"start":4657,"text":"ezt a problémát"}],"coordinates":[],"confidence":{"state":"pre-added","who":["user:viragnandor"],"prob":1},"fields":{},"normalizations":{}},{"classId":"e_5","part":"s1v1","offsets":[{"start":4717,"text":"hogy a bevándorlás- és népvándorláspárti politikájukat hagyják abba"}],"coordinates":[],"confidence":{"state":"pre-added","who":["user:viragnandor","user:bernidam"],"prob":1},"fields":{},"normalizations":{}},{"classId":"e_14","part":"s1v1","offsets":[{"start":4722,"text":"a bevándorlás- és népvándorláspárti politikájukat"}],"coordinates":[],"confidence":{"state":"pre-added","who":["user:viragnandor"],"prob":1},"fields":{},"normalizations":{}},{"classId":"e_13","part":"s1v1","offsets":[{"start":4772,"text":"hagyják abba"}],"coordinates":[],"confidence":{"state":"pre-added","who":["user:viragnandor"],"prob":1},"fields":{},"normalizations":{}},{"classId":"e_4","part":"s1v1","offsets":[{"start":4862,"text":"hogy támogassák a kormány megoldási javaslatát"}],"coordinates":[],"confidence":{"state":"pre-added","who":["user:viragnandor"],"prob":1},"fields":{},"normalizations":{}},{"classId":"e_13","part":"s1v1","offsets":[{"start":4867,"text":"támogassák"}],"coordinates":[],"confidence":{"state":"pre-added","who":["user:viragnandor"],"prob":1},"fields":{},"normalizations":{}},{"classId":"e_14","part":"s1v1","offsets":[{"start":4878,"text":"a kormány megoldási javaslatát"}],"coordinates":[],"confidence":{"state":"pre-added","who":["user:viragnandor"],"prob":1},"fields":{},"normalizations":{}},{"classId":"e_2","part":"s1v1","offsets":[{"start":4947,"text":"akkor viszont hirtelen kihátráltak a kormány mögül"}],"coordinates":[],"confidence":{"state":"pre-added","who":["user:viragnandor"],"prob":1},"fields":{},"normalizations":{}},{"classId":"e_13","part":"s1v1","offsets":[{"start":4970,"text":"kihátráltak"}],"coordinates":[],"confidence":{"state":"pre-added","who":["user:viragnandor"],"prob":1},"fields":{},"normalizations":{}},{"classId":"e_14","part":"s1v1","offsets":[{"start":4982,"text":"a kormány"}],"coordinates":[],"confidence":{"state":"pre-added","who":["user:bernidam"],"prob":1},"fields":{},"normalizations":{}}],"relations":[{"classId":"r_16","type":"linked","directed":false,"entities":["s1v1|e_14|453,469","s1v1|e_2|421,563"],"confidence":{"state":"pre-added","who":["user:bernidam"],"prob":1}},{"classId":"r_16","type":"linked","directed":false,"entities":["s1v1|e_14|471,480","s1v1|e_2|421,563"],"confidence":{"state":"pre-added","who":["user:bernidam"],"prob":1}},{"classId":"r_16","type":"linked","directed":false,"entities":["s1v1|e_14|488,489","s1v1|e_2|421,563"],"confidence":{"state":"pre-added","who":["user:bernidam"],"prob":1}},{"classId":"r_16","type":"linked","directed":false,"entities":["s1v1|e_14|495,508","s1v1|e_2|421,563"],"confidence":{"state":"pre-added","who":["user:bernidam"],"prob":1}},{"classId":"r_16","type":"linked","directed":false,"entities":["s1v1|e_14|545,558","s1v1|e_2|421,563"],"confidence":{"state":"pre-added","who":["user:bernidam"],"prob":1}},{"classId":"r_16","type":"linked","directed":false,"entities":["s1v1|e_14|1688,1689","s1v1|e_2|1682,1773"],"confidence":{"state":"pre-added","who":["user:bernidam"],"prob":1}},{"classId":"r_16","type":"linked","directed":false,"entities":["s1v1|e_14|1728,1737","s1v1|e_2|1682,1773"],"confidence":{"state":"pre-added","who":["user:bernidam"],"prob":1}},{"classId":"r_16","type":"linked","directed":false,"entities":["s1v1|e_14|1744,1753","s1v1|e_2|1682,1773"],"confidence":{"state":"pre-added","who":["user:bernidam"],"prob":1}},{"classId":"r_16","type":"linked","directed":false,"entities":["s1v1|e_14|1764,1773","s1v1|e_2|1682,1773"],"confidence":{"state":"pre-added","who":["user:bernidam"],"prob":1}},{"classId":"r_16","type":"linked","directed":false,"entities":["s1v1|e_14|2061,2074","s1v1|e_2|2053,2133"],"confidence":{"state":"pre-added","who":["user:viragnandor"],"prob":1}},{"classId":"r_16","type":"linked","directed":false,"entities":["s1v1|e_14|2083,2091","s1v1|e_2|2053,2133"],"confidence":{"state":"pre-added","who":["user:viragnandor"],"prob":1}},{"classId":"r_16","type":"linked","directed":false,"entities":["s1v1|e_14|2096,2116","s1v1|e_2|2053,2133"],"confidence":{"state":"pre-added","who":["user:viragnandor"],"prob":1}},{"classId":"r_16","type":"linked","directed":false,"entities":["s1v1|e_14|2229,2264","s1v1|e_2|2229,2362"],"confidence":{"state":"pre-added","who":["user:bernidam"],"prob":1}},{"classId":"r_16","type":"linked","directed":false,"entities":["s1v1|e_14|2266,2278","s1v1|e_2|2229,2362"],"confidence":{"state":"pre-added","who":["user:bernidam"],"prob":1}},{"classId":"r_16","type":"linked","directed":false,"entities":["s1v1|e_14|2288,2302","s1v1|e_2|2229,2362"],"confidence":{"state":"pre-added","who":["user:bernidam"],"prob":1}},{"classId":"r_16","type":"linked","directed":false,"entities":["s1v1|e_14|2312,2350","s1v1|e_2|2229,2362"],"confidence":{"state":"pre-added","who":["user:bernidam"],"prob":1}},{"classId":"r_16","type":"linked","directed":false,"entities":["s1v1|e_14|2391,2398","s1v1|e_2|2391,2494"],"confidence":{"state":"pre-added","who":["user:viragnandor"],"prob":1}},{"classId":"r_16","type":"linked","directed":false,"entities":["s1v1|e_14|2417,2442","s1v1|e_2|2391,2494"],"confidence":{"state":"pre-added","who":["user:bernidam"],"prob":1}},{"classId":"r_16","type":"linked","directed":false,"entities":["s1v1|e_14|2452,2483","s1v1|e_2|2391,2494"],"confidence":{"state":"pre-added","who":["user:viragnandor"],"prob":1}},{"classId":"r_16","type":"linked","directed":false,"entities":["s1v1|e_14|2555,2568","s1v1|e_2|2550,2576"],"confidence":{"state":"pre-added","who":["user:viragnandor"],"prob":1}},{"classId":"r_16","type":"linked","directed":false,"entities":["s1v1|e_14|3310,3322","s1v1|e_2|3310,3419"],"confidence":{"state":"pre-added","who":["user:viragnandor"],"prob":1}},{"classId":"r_16","type":"linked","directed":false,"entities":["s1v1|e_14|3336,3350","s1v1|e_2|3310,3419"],"confidence":{"state":"pre-added","who":["user:bernidam"],"prob":1}},{"classId":"r_16","type":"linked","directed":false,"entities":["s1v1|e_14|3353,3378","s1v1|e_2|3310,3419"],"confidence":{"state":"pre-added","who":["user:bernidam"],"prob":1}},{"classId":"r_16","type":"linked","directed":false,"entities":["s1v1|e_14|3381,3385","s1v1|e_2|3310,3419"],"confidence":{"state":"pre-added","who":["user:viragnandor"],"prob":1}},{"classId":"r_16","type":"linked","directed":false,"entities":["s1v1|e_14|3398,3419","s1v1|e_2|3310,3419"],"confidence":{"state":"pre-added","who":["user:viragnandor"],"prob":1}},{"classId":"r_16","type":"linked","directed":false,"entities":["s1v1|e_14|3959,3966","s1v1|e_2|3959,4015"],"confidence":{"state":"pre-added","who":["user:bernidam"],"prob":1}},{"classId":"r_16","type":"linked","directed":false,"entities":["s1v1|e_14|4002,4014","s1v1|e_2|3959,4015"],"confidence":{"state":"pre-added","who":["user:viragnandor"],"prob":1}},{"classId":"r_16","type":"linked","directed":false,"entities":["s1v1|e_14|4236,4237","s1v1|e_2|4236,4376"],"confidence":{"state":"pre-added","who":["user:bernidam"],"prob":1}},{"classId":"r_16","type":"linked","directed":false,"entities":["s1v1|e_14|4239,4255","s1v1|e_2|4236,4376"],"confidence":{"state":"pre-added","who":["user:bernidam"],"prob":1}},{"classId":"r_16","type":"linked","directed":false,"entities":["s1v1|e_14|4268,4274","s1v1|e_2|4236,4376"],"confidence":{"state":"pre-added","who":["user:bernidam"],"prob":1}},{"classId":"r_16","type":"linked","directed":false,"entities":["s1v1|e_14|4276,4298","s1v1|e_2|4236,4376"],"confidence":{"state":"pre-added","who":["user:bernidam"],"prob":1}},{"classId":"r_16","type":"linked","directed":false,"entities":["s1v1|e_14|4301,4307","s1v1|e_2|4236,4376"],"confidence":{"state":"pre-added","who":["user:bernidam"],"prob":1}},{"classId":"r_16","type":"linked","directed":false,"entities":["s1v1|e_14|4309,4346","s1v1|e_2|4236,4376"],"confidence":{"state":"pre-added","who":["user:bernidam"],"prob":1}},{"classId":"r_16","type":"linked","directed":false,"entities":["s1v1|e_14|4349,4355","s1v1|e_2|4236,4376"],"confidence":{"state":"pre-added","who":["user:bernidam"],"prob":1}},{"classId":"r_16","type":"linked","directed":false,"entities":["s1v1|e_14|4357,4376","s1v1|e_2|4236,4376"],"confidence":{"state":"pre-added","who":["user:bernidam"],"prob":1}},{"classId":"r_16","type":"linked","directed":false,"entities":["s1v1|e_14|4982,4990","s1v1|e_2|4947,4996"],"confidence":{"state":"pre-added","who":["user:bernidam"],"prob":1}},{"classId":"r_17","type":"linked","directed":false,"entities":["s1v1|e_14|1204,1217","s1v1|e_3|1199,1307"],"confidence":{"state":"pre-added","who":["user:bernidam"],"prob":1}},{"classId":"r_17","type":"linked","directed":false,"entities":["s1v1|e_14|1236,1250","s1v1|e_3|1199,1307"],"confidence":{"state":"pre-added","who":["user:bernidam"],"prob":1}},{"classId":"r_17","type":"linked","directed":false,"entities":["s1v1|e_14|1260,1307","s1v1|e_3|1199,1307"],"confidence":{"state":"pre-added","who":["user:bernidam"],"prob":1}},{"classId":"r_17","type":"linked","directed":false,"entities":["s1v1|e_14|1489,1496","s1v1|e_3|1489,1600"],"confidence":{"state":"pre-added","who":["user:bernidam"],"prob":1}},{"classId":"r_17","type":"linked","directed":false,"entities":["s1v1|e_14|1505,1511","s1v1|e_3|1489,1600"],"confidence":{"state":"pre-added","who":["user:bernidam"],"prob":1}},{"classId":"r_17","type":"linked","directed":false,"entities":["s1v1|e_14|1513,1526","s1v1|e_3|1489,1600"],"confidence":{"state":"pre-added","who":["user:bernidam"],"prob":1}},{"classId":"r_17","type":"linked","directed":false,"entities":["s1v1|e_14|1528,1549","s1v1|e_3|1489,1600"],"confidence":{"state":"pre-added","who":["user:bernidam"],"prob":1}},{"classId":"r_17","type":"linked","directed":false,"entities":["s1v1|e_14|1556,1600","s1v1|e_3|1489,1600"],"confidence":{"state":"pre-added","who":["user:bernidam"],"prob":1}},{"classId":"r_17","type":"linked","directed":false,"entities":["s1v1|e_14|1776,1779","s1v1|e_3|1776,1845"],"confidence":{"state":"pre-added","who":["user:bernidam"],"prob":1}},{"classId":"r_17","type":"linked","directed":false,"entities":["s1v1|e_14|1831,1845","s1v1|e_3|1776,1845"],"confidence":{"state":"pre-added","who":["user:bernidam"],"prob":1}},{"classId":"r_17","type":"linked","directed":false,"entities":["s1v1|e_14|1880,1886","s1v1|e_3|1889,1926"],"confidence":{"state":"pre-added","who":["user:bernidam"],"prob":1}},{"classId":"r_17","type":"linked","directed":false,"entities":["s1v1|e_14|1889,1892","s1v1|e_3|1889,1926"],"confidence":{"state":"pre-added","who":["user:bernidam"],"prob":1}},{"classId":"r_17","type":"linked","directed":false,"entities":["s1v1|e_14|1919,1926","s1v1|e_3|1889,1926"],"confidence":{"state":"pre-added","who":["user:bernidam"],"prob":1}},{"classId":"r_17","type":"linked","directed":false,"entities":["s1v1|e_14|2159,2189","s1v1|e_3|2154,2226"],"confidence":{"state":"pre-added","who":["user:bernidam"],"prob":1}},{"classId":"r_17","type":"linked","directed":false,"entities":["s1v1|e_14|2204,2215","s1v1|e_3|2154,2226"],"confidence":{"state":"pre-added","who":["user:bernidam"],"prob":1}},{"classId":"r_18","type":"linked","directed":false,"entities":["s1v1|e_14|578,594","s1v1|e_4|566,769"],"confidence":{"state":"pre-added","who":["user:bernidam"],"prob":1}},{"classId":"r_18","type":"linked","directed":false,"entities":["s1v1|e_14|605,607","s1v1|e_4|566,769"],"confidence":{"state":"pre-added","who":["user:bernidam"],"prob":1}},{"classId":"r_18","type":"linked","directed":false,"entities":["s1v1|e_14|618,641","s1v1|e_4|566,769"],"confidence":{"state":"pre-added","who":["user:bernidam"],"prob":1}},{"classId":"r_18","type":"linked","directed":false,"entities":["s1v1|e_14|649,662","s1v1|e_4|566,769"],"confidence":{"state":"pre-added","who":["user:bernidam"],"prob":1}},{"classId":"r_18","type":"linked","directed":false,"entities":["s1v1|e_14|664,680","s1v1|e_4|566,769"],"confidence":{"state":"pre-added","who":["user:bernidam"],"prob":1}},{"classId":"r_18","type":"linked","directed":false,"entities":["s1v1|e_14|685,697","s1v1|e_4|566,769"],"confidence":{"state":"pre-added","who":["user:bernidam"],"prob":1}},{"classId":"r_18","type":"linked","directed":false,"entities":["s1v1|e_14|708,738","s1v1|e_4|566,769"],"confidence":{"state":"pre-added","who":["user:bernidam"],"prob":1}},{"classId":"r_18","type":"linked","directed":false,"entities":["s1v1|e_14|753,769","s1v1|e_4|566,769"],"confidence":{"state":"pre-added","who":["user:bernidam"],"prob":1}},{"classId":"r_18","type":"linked","directed":false,"entities":["s1v1|e_14|805,821","s1v1|e_4|790,858"],"confidence":{"state":"pre-added","who":["user:bernidam"],"prob":1}},{"classId":"r_18","type":"linked","directed":false,"entities":["s1v1|e_14|835,836","s1v1|e_4|790,858"],"confidence":{"state":"pre-added","who":["user:bernidam"],"prob":1}},{"classId":"r_18","type":"linked","directed":false,"entities":["s1v1|e_14|838,858","s1v1|e_4|790,858"],"confidence":{"state":"pre-added","who":["user:bernidam"],"prob":1}},{"classId":"r_18","type":"linked","directed":false,"entities":["s1v1|e_14|3448,3463","s1v1|e_4|3443,3490"],"confidence":{"state":"pre-added","who":["user:viragnandor"],"prob":1}},{"classId":"r_18","type":"linked","directed":false,"entities":["s1v1|e_14|3477,3490","s1v1|e_4|3443,3490"],"confidence":{"state":"pre-added","who":["user:viragnandor"],"prob":1}},{"classId":"r_18","type":"linked","directed":false,"entities":["s1v1|e_14|3493,3517","s1v1|e_4|3493,3694"],"confidence":{"state":"pre-added","who":["user:bernidam"],"prob":1}},{"classId":"r_18","type":"linked","directed":false,"entities":["s1v1|e_14|3525,3526","s1v1|e_4|3493,3694"],"confidence":{"state":"pre-added","who":["user:bernidam"],"prob":1}},{"classId":"r_18","type":"linked","directed":false,"entities":["s1v1|e_14|3529,3532","s1v1|e_4|3493,3694"],"confidence":{"state":"pre-added","who":["user:bernidam"],"prob":1}},{"classId":"r_18","type":"linked","directed":false,"entities":["s1v1|e_14|3545,3575","s1v1|e_4|3493,3694"],"confidence":{"state":"pre-added","who":["user:bernidam"],"prob":1}},{"classId":"r_18","type":"linked","directed":false,"entities":["s1v1|e_14|3589,3632","s1v1|e_4|3493,3694"],"confidence":{"state":"pre-added","who":["user:bernidam"],"prob":1}},{"classId":"r_18","type":"linked","directed":false,"entities":["s1v1|e_14|3658,3693","s1v1|e_4|3493,3694"],"confidence":{"state":"pre-added","who":["user:bernidam"],"prob":1}},{"classId":"r_18","type":"linked","directed":false,"entities":["s1v1|e_14|3749,3761","s1v1|e_4|3744,3898"],"confidence":{"state":"pre-added","who":["user:bernidam"],"prob":1}},{"classId":"r_18","type":"linked","directed":false,"entities":["s1v1|e_14|3763,3764","s1v1|e_4|3744,3898"],"confidence":{"state":"pre-added","who":["user:viragnandor"],"prob":1}},{"classId":"r_18","type":"linked","directed":false,"entities":["s1v1|e_14|3767,3770","s1v1|e_4|3744,3898"],"confidence":{"state":"pre-added","who":["user:viragnandor"],"prob":1}},{"classId":"r_18","type":"linked","directed":false,"entities":["s1v1|e_14|3772,3780","s1v1|e_4|3744,3898"],"confidence":{"state":"pre-added","who":["user:viragnandor"],"prob":1}},{"classId":"r_18","type":"linked","directed":false,"entities":["s1v1|e_14|3825,3846","s1v1|e_4|3744,3898"],"confidence":{"state":"pre-added","who":["user:bernidam"],"prob":1}},{"classId":"r_18","type":"linked","directed":false,"entities":["s1v1|e_14|3848,3898","s1v1|e_4|3744,3898"],"confidence":{"state":"pre-added","who":["user:bernidam"],"prob":1}},{"classId":"r_18","type":"linked","directed":false,"entities":["s1v1|e_14|4379,4394","s1v1|e_4|4379,4436"],"confidence":{"state":"pre-added","who":["user:viragnandor"],"prob":1}},{"classId":"r_18","type":"linked","directed":false,"entities":["s1v1|e_14|4397,4413","s1v1|e_4|4379,4436"],"confidence":{"state":"pre-added","who":["user:viragnandor"],"prob":1}},{"classId":"r_18","type":"linked","directed":false,"entities":["s1v1|e_14|4416,4436","s1v1|e_4|4379,4436"],"confidence":{"state":"pre-added","who":["user:viragnandor"],"prob":1}},{"classId":"r_18","type":"linked","directed":false,"entities":["s1v1|e_14|4439,4440","s1v1|e_4|4439,4532"],"confidence":{"state":"pre-added","who":["user:viragnandor"],"prob":1}},{"classId":"r_18","type":"linked","directed":false,"entities":["s1v1|e_14|4451,4461","s1v1|e_4|4439,4532"],"confidence":{"state":"pre-added","who":["user:viragnandor"],"prob":1}},{"classId":"r_18","type":"linked","directed":false,"entities":["s1v1|e_14|4471,4479","s1v1|e_4|4439,4532"],"confidence":{"state":"pre-added","who":["user:viragnandor"],"prob":1}},{"classId":"r_18","type":"linked","directed":false,"entities":["s1v1|e_14|4484,4498","s1v1|e_4|4439,4532"],"confidence":{"state":"pre-added","who":["user:viragnandor"],"prob":1}},{"classId":"r_18","type":"linked","directed":false,"entities":["s1v1|e_14|4520,4531","s1v1|e_4|4439,4532"],"confidence":{"state":"pre-added","who":["user:viragnandor"],"prob":1}},{"classId":"r_18","type":"linked","directed":false,"entities":["s1v1|e_14|4878,4907","s1v1|e_4|4862,4907"],"confidence":{"state":"pre-added","who":["user:viragnandor"],"prob":1}},{"classId":"r_19","type":"linked","directed":false,"entities":["s1v1|e_14|204,206","s1v1|e_5|177,206"],"confidence":{"state":"pre-added","who":["user:bernidam"],"prob":1}},{"classId":"r_19","type":"linked","directed":false,"entities":["s1v1|e_14|1362,1363","s1v1|e_5|1362,1404"],"confidence":{"state":"pre-added","who":["user:bernidam"],"prob":1}},{"classId":"r_19","type":"linked","directed":false,"entities":["s1v1|e_14|1373,1383","s1v1|e_5|1362,1404"],"confidence":{"state":"pre-added","who":["user:bernidam"],"prob":1}},{"classId":"r_19","type":"linked","directed":false,"entities":["s1v1|e_14|1386,1387","s1v1|e_5|1362,1404"],"confidence":{"state":"pre-added","who":["user:bernidam"],"prob":1}},{"classId":"r_19","type":"linked","directed":false,"entities":["s1v1|e_14|1393,1404","s1v1|e_5|1362,1404"],"confidence":{"state":"pre-added","who":["user:bernidam"],"prob":1}},{"classId":"r_19","type":"linked","directed":false,"entities":["s1v1|e_14|1943,1956","s1v1|e_5|1929,2023"],"confidence":{"state":"pre-added","who":["user:bernidam"],"prob":1}},{"classId":"r_19","type":"linked","directed":false,"entities":["s1v1|e_14|1981,2006","s1v1|e_5|1929,2023"],"confidence":{"state":"pre-added","who":["user:bernidam"],"prob":1}},{"classId":"r_19","type":"linked","directed":false,"entities":["s1v1|e_14|2008,2023","s1v1|e_5|1929,2023"],"confidence":{"state":"pre-added","who":["user:bernidam"],"prob":1}},{"classId":"r_19","type":"linked","directed":false,"entities":["s1v1|e_14|2658,2704","s1v1|e_5|2653,2989"],"confidence":{"state":"pre-added","who":["user:bernidam"],"prob":1}},{"classId":"r_19","type":"linked","directed":false,"entities":["s1v1|e_14|2707,2719","s1v1|e_5|2653,2989"],"confidence":{"state":"pre-added","who":["user:bernidam"],"prob":1}},{"classId":"r_19","type":"linked","directed":false,"entities":["s1v1|e_14|2724,2734","s1v1|e_5|2653,2989"],"confidence":{"state":"pre-added","who":["user:bernidam"],"prob":1}},{"classId":"r_19","type":"linked","directed":false,"entities":["s1v1|e_14|2736,2762","s1v1|e_5|2653,2989"],"confidence":{"state":"pre-added","who":["user:bernidam"],"prob":1}},{"classId":"r_19","type":"linked","directed":false,"entities":["s1v1|e_14|2774,2798","s1v1|e_5|2653,2989"],"confidence":{"state":"pre-added","who":["user:bernidam"],"prob":1}},{"classId":"r_19","type":"linked","directed":false,"entities":["s1v1|e_14|2818,2837","s1v1|e_5|2653,2989"],"confidence":{"state":"pre-added","who":["user:bernidam"],"prob":1}},{"classId":"r_19","type":"linked","directed":false,"entities":["s1v1|e_14|2871,2916","s1v1|e_5|2653,2989"],"confidence":{"state":"pre-added","who":["user:bernidam"],"prob":1}},{"classId":"r_19","type":"linked","directed":false,"entities":["s1v1|e_14|2918,2989","s1v1|e_5|2653,2989"],"confidence":{"state":"pre-added","who":["user:bernidam"],"prob":1}},{"classId":"r_19","type":"linked","directed":false,"entities":["s1v1|e_14|3078,3161","s1v1|e_5|3215,3280"],"confidence":{"state":"pre-added","who":["user:bernidam"],"prob":1}},{"classId":"r_19","type":"linked","directed":false,"entities":["s1v1|e_14|3182,3212","s1v1|e_5|3215,3280"],"confidence":{"state":"pre-added","who":["user:bernidam"],"prob":1}},{"classId":"r_19","type":"linked","directed":false,"entities":["s1v1|e_14|3215,3220","s1v1|e_5|3215,3280"],"confidence":{"state":"pre-added","who":["user:bernidam"],"prob":1}},{"classId":"r_19","type":"linked","directed":false,"entities":["s1v1|e_14|3222,3232","s1v1|e_5|3215,3280"],"confidence":{"state":"pre-added","who":["user:bernidam"],"prob":1}},{"classId":"r_19","type":"linked","directed":false,"entities":["s1v1|e_14|3237,3244","s1v1|e_5|3215,3280"],"confidence":{"state":"pre-added","who":["user:bernidam"],"prob":1}},{"classId":"r_19","type":"linked","directed":false,"entities":["s1v1|e_14|3267,3280","s1v1|e_5|3215,3280"],"confidence":{"state":"pre-added","who":["user:bernidam"],"prob":1}},{"classId":"r_19","type":"linked","directed":false,"entities":["s1v1|e_14|4028,4045","s1v1|e_5|4017,4076"],"confidence":{"state":"pre-added","who":["user:bernidam"],"prob":1}},{"classId":"r_19","type":"linked","directed":false,"entities":["s1v1|e_14|4052,4064","s1v1|e_5|4017,4076"],"confidence":{"state":"pre-added","who":["user:bernidam"],"prob":1}},{"classId":"r_19","type":"linked","directed":false,"entities":["s1v1|e_14|4136,4137","s1v1|e_5|4136,4233"],"confidence":{"state":"pre-added","who":["user:bernidam"],"prob":1}},{"classId":"r_19","type":"linked","directed":false,"entities":["s1v1|e_14|4183,4190","s1v1|e_5|4136,4233"],"confidence":{"state":"pre-added","who":["user:bernidam"],"prob":1}},{"classId":"r_19","type":"linked","directed":false,"entities":["s1v1|e_14|4208,4233","s1v1|e_5|4136,4233"],"confidence":{"state":"pre-added","who":["user:bernidam"],"prob":1}},{"classId":"r_19","type":"linked","directed":false,"entities":["s1v1|e_14|4722,4770","s1v1|e_5|4717,4783"],"confidence":{"state":"pre-added","who":["user:bernidam"],"prob":1}},{"classId":"r_20","type":"linked","directed":false,"entities":["s1v1|e_14|882,909","s1v1|e_6|877,990"],"confidence":{"state":"pre-added","who":["user:bernidam"],"prob":1}},{"classId":"r_20","type":"linked","directed":false,"entities":["s1v1|e_14|935,981","s1v1|e_6|877,990"],"confidence":{"state":"pre-added","who":["user:bernidam"],"prob":1}},{"classId":"r_20","type":"linked","directed":false,"entities":["s1v1|e_14|1037,1067","s1v1|e_6|1012,1067"],"confidence":{"state":"pre-added","who":["user:bernidam"],"prob":1}},{"classId":"r_20","type":"linked","directed":false,"entities":["s1v1|e_14|4657,4671","s1v1|e_6|4617,4671"],"confidence":{"state":"pre-added","who":["user:bernidam"],"prob":1}}]}