{"annotatable":{"parts":["s1v1"]},"anncomplete":false,"sources":[],"metas":{},"entities":[{"classId":"e_6","part":"s1v1","offsets":[{"start":34,"text":"Elnézést kérek azért az illetlenségért, hogy a pártpolitikai viták területéről egy békésebb színtérre megyek."}],"coordinates":[],"confidence":{"state":"pre-added","who":["user:gcsenge"],"prob":1},"fields":{},"normalizations":{}},{"classId":"e_13","part":"s1v1","offsets":[{"start":34,"text":"Elnézést kérek azért az illetlenségért"}],"coordinates":[],"confidence":{"state":"pre-added","who":["user:gcsenge"],"prob":1},"fields":{},"normalizations":{}},{"classId":"e_14","part":"s1v1","offsets":[{"start":55,"text":"az illetlenségért"}],"coordinates":[],"confidence":{"state":"pre-added","who":["user:gcsenge"],"prob":1},"fields":{},"normalizations":{}},{"classId":"e_14","part":"s1v1","offsets":[{"start":79,"text":"a pártpolitikai viták területéről"}],"coordinates":[],"confidence":{"state":"pre-added","who":["user:gcsenge"],"prob":1},"fields":{},"normalizations":{}},{"classId":"e_14","part":"s1v1","offsets":[{"start":113,"text":"egy békésebb színtérre"}],"coordinates":[],"confidence":{"state":"pre-added","who":["user:gcsenge"],"prob":1},"fields":{},"normalizations":{}},{"classId":"e_8","part":"s1v1","offsets":[{"start":324,"text":"hogy karácsonykor a keresztény világ Jézus Krisztus születését ünnepli"}],"coordinates":[],"confidence":{"state":"pre-added","who":["user:gcsenge"],"prob":1},"fields":{},"normalizations":{}},{"classId":"e_13","part":"s1v1","offsets":[{"start":329,"text":"karácsonykor"}],"coordinates":[],"confidence":{"state":"pre-added","who":["user:gcsenge"],"prob":1},"fields":{},"normalizations":{}},{"classId":"e_14","part":"s1v1","offsets":[{"start":329,"text":"karácsonykor"}],"coordinates":[],"confidence":{"state":"pre-added","who":["user:gcsenge"],"prob":1},"fields":{},"normalizations":{}},{"classId":"e_14","part":"s1v1","offsets":[{"start":342,"text":"a keresztény világ"}],"coordinates":[],"confidence":{"state":"pre-added","who":["user:gcsenge"],"prob":1},"fields":{},"normalizations":{}},{"classId":"e_14","part":"s1v1","offsets":[{"start":361,"text":"Jézus Krisztus születését"}],"coordinates":[],"confidence":{"state":"pre-added","who":["user:gcsenge"],"prob":1},"fields":{},"normalizations":{}},{"classId":"e_13","part":"s1v1","offsets":[{"start":387,"text":"ünnepli"}],"coordinates":[],"confidence":{"state":"pre-added","who":["user:gcsenge"],"prob":1},"fields":{},"normalizations":{}},{"classId":"e_8","part":"s1v1","offsets":[{"start":659,"text":"Az Isten emberré lett azért, mert fontos számára az ember."}],"coordinates":[],"confidence":{"state":"pre-added","who":["user:gcsenge"],"prob":1},"fields":{},"normalizations":{}},{"classId":"e_14","part":"s1v1","offsets":[{"start":659,"text":"Az Isten"}],"coordinates":[],"confidence":{"state":"pre-added","who":["user:gcsenge"],"prob":1},"fields":{},"normalizations":{}},{"classId":"e_14","part":"s1v1","offsets":[{"start":668,"text":"emberré"}],"coordinates":[],"confidence":{"state":"pre-added","who":["user:gcsenge"],"prob":1},"fields":{},"normalizations":{}},{"classId":"e_13","part":"s1v1","offsets":[{"start":693,"text":"fontos"}],"coordinates":[],"confidence":{"state":"pre-added","who":["user:gcsenge"],"prob":1},"fields":{},"normalizations":{}},{"classId":"e_14","part":"s1v1","offsets":[{"start":700,"text":"számára"}],"coordinates":[],"confidence":{"state":"pre-added","who":["user:gcsenge"],"prob":1},"fields":{},"normalizations":{}},{"classId":"e_14","part":"s1v1","offsets":[{"start":708,"text":"az ember"}],"coordinates":[],"confidence":{"state":"pre-added","who":["user:gcsenge"],"prob":1},"fields":{},"normalizations":{}},{"classId":"e_8","part":"s1v1","offsets":[{"start":751,"text":"hogy van emberi méltóság, és ezt az emberi méltóságot másban tisztelni, magunkban pedig értékelni kell."}],"coordinates":[],"confidence":{"state":"pre-added","who":["user:gcsenge"],"prob":1},"fields":{},"normalizations":{}},{"classId":"e_13","part":"s1v1","offsets":[{"start":756,"text":"van emberi méltóság"}],"coordinates":[],"confidence":{"state":"pre-added","who":["user:gcsenge"],"prob":1},"fields":{},"normalizations":{}},{"classId":"e_14","part":"s1v1","offsets":[{"start":760,"text":"emberi méltóság"}],"coordinates":[],"confidence":{"state":"pre-added","who":["user:gcsenge"],"prob":1},"fields":{},"normalizations":{}},{"classId":"e_14","part":"s1v1","offsets":[{"start":780,"text":"ezt az emberi méltóságot"}],"coordinates":[],"confidence":{"state":"pre-added","who":["user:gcsenge"],"prob":1},"fields":{},"normalizations":{}},{"classId":"e_14","part":"s1v1","offsets":[{"start":805,"text":"másban"}],"coordinates":[],"confidence":{"state":"pre-added","who":["user:gcsenge"],"prob":1},"fields":{},"normalizations":{}},{"classId":"e_13","part":"s1v1","offsets":[{"start":812,"text":"tisztelni"}],"coordinates":[],"confidence":{"state":"pre-added","who":["user:gcsenge"],"prob":1},"fields":{},"normalizations":{}},{"classId":"e_14","part":"s1v1","offsets":[{"start":823,"text":"magunkban"}],"coordinates":[],"confidence":{"state":"pre-added","who":["user:gcsenge"],"prob":1},"fields":{},"normalizations":{}},{"classId":"e_13","part":"s1v1","offsets":[{"start":839,"text":"értékelni"}],"coordinates":[],"confidence":{"state":"pre-added","who":["user:gcsenge"],"prob":1},"fields":{},"normalizations":{}},{"classId":"e_14","part":"s1v1","offsets":[{"start":1453,"text":"n a média tevékenységére"}],"coordinates":[],"confidence":{"state":"pre-added","who":["user:gcsenge"],"prob":1},"fields":{},"normalizations":{}},{"classId":"e_5","part":"s1v1","offsets":[{"start":1557,"text":"hogy ha mond valamit, és utána erről olvas egy médiumban vagy hall egy csatorna adásában, akkor nem ismer rá arra, amit ő mondott, mert úgy eltorzítják azt az üzenetet."}],"coordinates":[],"confidence":{"state":"pre-added","who":["user:gcsenge"],"prob":1},"fields":{},"normalizations":{}},{"classId":"e_14","part":"s1v1","offsets":[{"start":1600,"text":"egy médiumban"}],"coordinates":[],"confidence":{"state":"pre-added","who":["user:gcsenge"],"prob":1},"fields":{},"normalizations":{}},{"classId":"e_14","part":"s1v1","offsets":[{"start":1624,"text":"egy csatorna adásában"}],"coordinates":[],"confidence":{"state":"pre-added","who":["user:gcsenge"],"prob":1},"fields":{},"normalizations":{}},{"classId":"e_13","part":"s1v1","offsets":[{"start":1653,"text":"nem ismer rá arra, amit ő mondott"}],"coordinates":[],"confidence":{"state":"pre-added","who":["user:gcsenge"],"prob":1},"fields":{},"normalizations":{}},{"classId":"e_14","part":"s1v1","offsets":[{"start":1666,"text":"arra, amit ő mondott"}],"coordinates":[],"confidence":{"state":"pre-added","who":["user:gcsenge"],"prob":1},"fields":{},"normalizations":{}},{"classId":"e_13","part":"s1v1","offsets":[{"start":1697,"text":"eltorzítják"}],"coordinates":[],"confidence":{"state":"pre-added","who":["user:gcsenge"],"prob":1},"fields":{},"normalizations":{}},{"classId":"e_14","part":"s1v1","offsets":[{"start":1709,"text":"azt az üzenetet"}],"coordinates":[],"confidence":{"state":"pre-added","who":["user:gcsenge"],"prob":1},"fields":{},"normalizations":{}},{"classId":"e_5","part":"s1v1","offsets":[{"start":1726,"text":"Tehát valamiképpen a másik ember tiszteletéhez hozzátartozik, hogy nem hazudunk róla."}],"coordinates":[],"confidence":{"state":"pre-added","who":["user:gcsenge"],"prob":1},"fields":{},"normalizations":{}},{"classId":"e_14","part":"s1v1","offsets":[{"start":1745,"text":"a másik ember tiszteletéhez"}],"coordinates":[],"confidence":{"state":"pre-added","who":["user:gcsenge"],"prob":1},"fields":{},"normalizations":{}},{"classId":"e_13","part":"s1v1","offsets":[{"start":1793,"text":"nem hazudunk róla"}],"coordinates":[],"confidence":{"state":"pre-added","who":["user:gcsenge"],"prob":1},"fields":{},"normalizations":{}},{"classId":"e_14","part":"s1v1","offsets":[{"start":1806,"text":"róla"}],"coordinates":[],"confidence":{"state":"pre-added","who":["user:gcsenge"],"prob":1},"fields":{},"normalizations":{}},{"classId":"e_5","part":"s1v1","offsets":[{"start":1925,"text":"és talán ez a mélypont, nem érdemes ezt elhallgatni, hogy van a médiumok, a nyilvánosság világának egy igen súlyos pontja, és ez egyes kommentelők stílusa."}],"coordinates":[],"confidence":{"state":"pre-added","who":["user:gcsenge"],"prob":1},"fields":{},"normalizations":{}},{"classId":"e_14","part":"s1v1","offsets":[{"start":1934,"text":"ez a mélypont"}],"coordinates":[],"confidence":{"state":"pre-added","who":["user:gcsenge"],"prob":1},"fields":{},"normalizations":{}},{"classId":"e_13","part":"s1v1","offsets":[{"start":1939,"text":"mélypont"}],"coordinates":[],"confidence":{"state":"pre-added","who":["user:gcsenge"],"prob":1},"fields":{},"normalizations":{}},{"classId":"e_13","part":"s1v1","offsets":[{"start":1949,"text":"nem érdemes ezt elhallgatni"}],"coordinates":[],"confidence":{"state":"pre-added","who":["user:gcsenge"],"prob":1},"fields":{},"normalizations":{}},{"classId":"e_14","part":"s1v1","offsets":[{"start":1987,"text":"a médiumok, a nyilvánosság világának"}],"coordinates":[],"confidence":{"state":"pre-added","who":["user:gcsenge"],"prob":1},"fields":{},"normalizations":{}},{"classId":"e_14","part":"s1v1","offsets":[{"start":2024,"text":"egy igen súlyos pontja"}],"coordinates":[],"confidence":{"state":"pre-added","who":["user:gcsenge"],"prob":1},"fields":{},"normalizations":{}},{"classId":"e_13","part":"s1v1","offsets":[{"start":2028,"text":"igen súlyos pontja"}],"coordinates":[],"confidence":{"state":"pre-added","who":["user:gcsenge"],"prob":1},"fields":{},"normalizations":{}},{"classId":"e_14","part":"s1v1","offsets":[{"start":2051,"text":"ez egyes kommentelők stílusa"}],"coordinates":[],"confidence":{"state":"pre-added","who":["user:gcsenge"],"prob":1},"fields":{},"normalizations":{}},{"classId":"e_13","part":"s1v1","offsets":[{"start":2054,"text":"egyes kommentelők stílusa"}],"coordinates":[],"confidence":{"state":"pre-added","who":["user:gcsenge"],"prob":1},"fields":{},"normalizations":{}},{"classId":"e_5","part":"s1v1","offsets":[{"start":2081,"text":"Az alpári stílus, a másik ember gyűlölete itt töményen jelenik meg."}],"coordinates":[],"confidence":{"state":"pre-added","who":["user:gcsenge"],"prob":1},"fields":{},"normalizations":{}},{"classId":"e_14","part":"s1v1","offsets":[{"start":2081,"text":"Az alpári stílus"}],"coordinates":[],"confidence":{"state":"pre-added","who":["user:gcsenge"],"prob":1},"fields":{},"normalizations":{}},{"classId":"e_13","part":"s1v1","offsets":[{"start":2084,"text":"alpári stílus"}],"coordinates":[],"confidence":{"state":"pre-added","who":["user:gcsenge"],"prob":1},"fields":{},"normalizations":{}},{"classId":"e_14","part":"s1v1","offsets":[{"start":2097,"text":", a másik ember gyűlölete"}],"coordinates":[],"confidence":{"state":"pre-added","who":["user:gcsenge"],"prob":1},"fields":{},"normalizations":{}},{"classId":"e_13","part":"s1v1","offsets":[{"start":2101,"text":"másik ember gyűlölete"}],"coordinates":[],"confidence":{"state":"pre-added","who":["user:gcsenge"],"prob":1},"fields":{},"normalizations":{}},{"classId":"e_4","part":"s1v1","offsets":[{"start":2149,"text":"Más kérdés az, hogy ennek kezelésére valamit tenni kell,"}],"coordinates":[],"confidence":{"state":"pre-added","who":["user:gcsenge"],"prob":1},"fields":{},"normalizations":{}},{"classId":"e_14","part":"s1v1","offsets":[{"start":2169,"text":"ennek kezelésére"}],"coordinates":[],"confidence":{"state":"pre-added","who":["user:gcsenge"],"prob":1},"fields":{},"normalizations":{}},{"classId":"e_13","part":"s1v1","offsets":[{"start":2175,"text":"kezelésére"}],"coordinates":[],"confidence":{"state":"pre-added","who":["user:gcsenge"],"prob":1},"fields":{},"normalizations":{}},{"classId":"e_14","part":"s1v1","offsets":[{"start":2186,"text":"valamit"}],"coordinates":[],"confidence":{"state":"pre-added","who":["user:gcsenge"],"prob":1},"fields":{},"normalizations":{}},{"classId":"e_13","part":"s1v1","offsets":[{"start":2194,"text":"tenni kell"}],"coordinates":[],"confidence":{"state":"pre-added","who":["user:gcsenge"],"prob":1},"fields":{},"normalizations":{}},{"classId":"e_4","part":"s1v1","offsets":[{"start":2273,"text":"amit karácsony üzen, megfelel az emberi természetnek, még akkor is, ha vannak olyan jelenségek, amelyek ennek ellentmondanak."}],"coordinates":[],"confidence":{"state":"pre-added","who":["user:gcsenge"],"prob":1},"fields":{},"normalizations":{}},{"classId":"e_14","part":"s1v1","offsets":[{"start":2273,"text":"amit karácsony üzen"}],"coordinates":[],"confidence":{"state":"pre-added","who":["user:gcsenge"],"prob":1},"fields":{},"normalizations":{}},{"classId":"e_13","part":"s1v1","offsets":[{"start":2278,"text":"karácsony"}],"coordinates":[],"confidence":{"state":"pre-added","who":["user:gcsenge"],"prob":1},"fields":{},"normalizations":{}},{"classId":"e_13","part":"s1v1","offsets":[{"start":2294,"text":"megfelel az emberi természetnek"}],"coordinates":[],"confidence":{"state":"pre-added","who":["user:gcsenge"],"prob":1},"fields":{},"normalizations":{}},{"classId":"e_14","part":"s1v1","offsets":[{"start":2303,"text":"az emberi természetnek"}],"coordinates":[],"confidence":{"state":"pre-added","who":["user:gcsenge"],"prob":1},"fields":{},"normalizations":{}},{"classId":"e_14","part":"s1v1","offsets":[{"start":2357,"text":"jelenségek, amelyek ennek ellentmondanak"}],"coordinates":[],"confidence":{"state":"pre-added","who":["user:gcsenge"],"prob":1},"fields":{},"normalizations":{}},{"classId":"e_4","part":"s1v1","offsets":[{"start":2500,"text":"és előre is nézve ennek az ünnepnek az üzenetét ezekre a területekre is érvényesíteni kell."}],"coordinates":[],"confidence":{"state":"pre-added","who":["user:gcsenge"],"prob":1},"fields":{},"normalizations":{}},{"classId":"e_14","part":"s1v1","offsets":[{"start":2518,"text":"ennek az ünnepnek az üzenetét"}],"coordinates":[],"confidence":{"state":"pre-added","who":["user:gcsenge"],"prob":1},"fields":{},"normalizations":{}},{"classId":"e_14","part":"s1v1","offsets":[{"start":2548,"text":"ezekre a területekre"}],"coordinates":[],"confidence":{"state":"pre-added","who":["user:gcsenge"],"prob":1},"fields":{},"normalizations":{}},{"classId":"e_13","part":"s1v1","offsets":[{"start":2572,"text":"érvényesíteni kell"}],"coordinates":[],"confidence":{"state":"pre-added","who":["user:gcsenge"],"prob":1},"fields":{},"normalizations":{}},{"classId":"e_8","part":"s1v1","offsets":[{"start":2592,"text":"És most már majdhogynem utolsó alkalommal én is hadd kívánjam azt mindnyájuknak, hogy ebben a következő időszakban tudjunk lépni, hogy a karácsony üzenete mindnyájuknak személy szerint és a közösségben is békés, nyugodt világot közvetítsen."}],"coordinates":[],"confidence":{"state":"pre-added","who":["user:gcsenge"],"prob":1},"fields":{},"normalizations":{}},{"classId":"e_14","part":"s1v1","offsets":[{"start":2634,"text":"én"}],"coordinates":[],"confidence":{"state":"pre-added","who":["user:gcsenge"],"prob":1},"fields":{},"normalizations":{}},{"classId":"e_13","part":"s1v1","offsets":[{"start":2645,"text":"kívánjam"}],"coordinates":[],"confidence":{"state":"pre-added","who":["user:gcsenge"],"prob":1},"fields":{},"normalizations":{}},{"classId":"e_14","part":"s1v1","offsets":[{"start":2658,"text":"mindnyájuknak"}],"coordinates":[],"confidence":{"state":"pre-added","who":["user:gcsenge"],"prob":1},"fields":{},"normalizations":{}},{"classId":"e_14","part":"s1v1","offsets":[{"start":2678,"text":"ebben a következő időszakban"}],"coordinates":[],"confidence":{"state":"pre-added","who":["user:gcsenge"],"prob":1},"fields":{},"normalizations":{}},{"classId":"e_13","part":"s1v1","offsets":[{"start":2707,"text":"tudjunk lépni"}],"coordinates":[],"confidence":{"state":"pre-added","who":["user:gcsenge"],"prob":1},"fields":{},"normalizations":{}},{"classId":"e_14","part":"s1v1","offsets":[{"start":2727,"text":"a karácsony üzenete"}],"coordinates":[],"confidence":{"state":"pre-added","who":["user:gcsenge"],"prob":1},"fields":{},"normalizations":{}},{"classId":"e_13","part":"s1v1","offsets":[{"start":2729,"text":"karácsony üzenete"}],"coordinates":[],"confidence":{"state":"pre-added","who":["user:gcsenge"],"prob":1},"fields":{},"normalizations":{}},{"classId":"e_14","part":"s1v1","offsets":[{"start":2747,"text":"mindnyájuknak személy szerint és a közösségben is"}],"coordinates":[],"confidence":{"state":"pre-added","who":["user:gcsenge"],"prob":1},"fields":{},"normalizations":{}},{"classId":"e_13","part":"s1v1","offsets":[{"start":2797,"text":"békés, nyugodt világot közvetítsen"}],"coordinates":[],"confidence":{"state":"pre-added","who":["user:gcsenge"],"prob":1},"fields":{},"normalizations":{}},{"classId":"e_14","part":"s1v1","offsets":[{"start":2797,"text":"békés, nyugodt világot"}],"coordinates":[],"confidence":{"state":"pre-added","who":["user:gcsenge"],"prob":1},"fields":{},"normalizations":{}}],"relations":[{"classId":"r_18","type":"linked","directed":false,"entities":["s1v1|e_14|2169,2184","s1v1|e_4|2149,2204"],"confidence":{"state":"pre-added","who":["user:gcsenge"],"prob":1}},{"classId":"r_18","type":"linked","directed":false,"entities":["s1v1|e_14|2186,2192","s1v1|e_4|2149,2204"],"confidence":{"state":"pre-added","who":["user:gcsenge"],"prob":1}},{"classId":"r_18","type":"linked","directed":false,"entities":["s1v1|e_14|2303,2324","s1v1|e_4|2273,2397"],"confidence":{"state":"pre-added","who":["user:gcsenge"],"prob":1}},{"classId":"r_18","type":"linked","directed":false,"entities":["s1v1|e_14|2357,2396","s1v1|e_4|2273,2397"],"confidence":{"state":"pre-added","who":["user:gcsenge"],"prob":1}},{"classId":"r_18","type":"linked","directed":false,"entities":["s1v1|e_14|2518,2546","s1v1|e_4|2500,2590"],"confidence":{"state":"pre-added","who":["user:gcsenge"],"prob":1}},{"classId":"r_18","type":"linked","directed":false,"entities":["s1v1|e_14|2548,2567","s1v1|e_4|2500,2590"],"confidence":{"state":"pre-added","who":["user:gcsenge"],"prob":1}},{"classId":"r_19","type":"linked","directed":false,"entities":["s1v1|e_14|1453,1476","s1v1|e_5|1557,1724"],"confidence":{"state":"pre-added","who":["user:gcsenge"],"prob":1}},{"classId":"r_19","type":"linked","directed":false,"entities":["s1v1|e_14|1600,1612","s1v1|e_5|1557,1724"],"confidence":{"state":"pre-added","who":["user:gcsenge"],"prob":1}},{"classId":"r_19","type":"linked","directed":false,"entities":["s1v1|e_14|1624,1644","s1v1|e_5|1557,1724"],"confidence":{"state":"pre-added","who":["user:gcsenge"],"prob":1}},{"classId":"r_19","type":"linked","directed":false,"entities":["s1v1|e_14|1666,1685","s1v1|e_5|1557,1724"],"confidence":{"state":"pre-added","who":["user:gcsenge"],"prob":1}},{"classId":"r_19","type":"linked","directed":false,"entities":["s1v1|e_14|1709,1723","s1v1|e_5|1557,1724"],"confidence":{"state":"pre-added","who":["user:gcsenge"],"prob":1}},{"classId":"r_19","type":"linked","directed":false,"entities":["s1v1|e_14|1745,1771","s1v1|e_5|1726,1810"],"confidence":{"state":"pre-added","who":["user:gcsenge"],"prob":1}},{"classId":"r_19","type":"linked","directed":false,"entities":["s1v1|e_14|1806,1809","s1v1|e_5|1726,1810"],"confidence":{"state":"pre-added","who":["user:gcsenge"],"prob":1}},{"classId":"r_19","type":"linked","directed":false,"entities":["s1v1|e_14|1934,1946","s1v1|e_5|1925,2079"],"confidence":{"state":"pre-added","who":["user:gcsenge"],"prob":1}},{"classId":"r_19","type":"linked","directed":false,"entities":["s1v1|e_14|1987,2022","s1v1|e_5|1925,2079"],"confidence":{"state":"pre-added","who":["user:gcsenge"],"prob":1}},{"classId":"r_19","type":"linked","directed":false,"entities":["s1v1|e_14|2024,2045","s1v1|e_5|1925,2079"],"confidence":{"state":"pre-added","who":["user:gcsenge"],"prob":1}},{"classId":"r_19","type":"linked","directed":false,"entities":["s1v1|e_14|2051,2078","s1v1|e_5|1925,2079"],"confidence":{"state":"pre-added","who":["user:gcsenge"],"prob":1}},{"classId":"r_19","type":"linked","directed":false,"entities":["s1v1|e_14|2097,2121","s1v1|e_5|2081,2147"],"confidence":{"state":"pre-added","who":["user:gcsenge"],"prob":1}},{"classId":"r_20","type":"linked","directed":false,"entities":["s1v1|e_14|55,71","s1v1|e_6|34,142"],"confidence":{"state":"pre-added","who":["user:gcsenge"],"prob":1}},{"classId":"r_20","type":"linked","directed":false,"entities":["s1v1|e_14|79,111","s1v1|e_6|34,142"],"confidence":{"state":"pre-added","who":["user:gcsenge"],"prob":1}},{"classId":"r_20","type":"linked","directed":false,"entities":["s1v1|e_14|113,134","s1v1|e_6|34,142"],"confidence":{"state":"pre-added","who":["user:gcsenge"],"prob":1}},{"classId":"r_22","type":"linked","directed":false,"entities":["s1v1|e_14|329,340","s1v1|e_8|324,393"],"confidence":{"state":"pre-added","who":["user:gcsenge"],"prob":1}},{"classId":"r_22","type":"linked","directed":false,"entities":["s1v1|e_14|342,359","s1v1|e_8|324,393"],"confidence":{"state":"pre-added","who":["user:gcsenge"],"prob":1}},{"classId":"r_22","type":"linked","directed":false,"entities":["s1v1|e_14|361,385","s1v1|e_8|324,393"],"confidence":{"state":"pre-added","who":["user:gcsenge"],"prob":1}},{"classId":"r_22","type":"linked","directed":false,"entities":["s1v1|e_14|700,706","s1v1|e_8|659,716"],"confidence":{"state":"pre-added","who":["user:gcsenge"],"prob":1}},{"classId":"r_22","type":"linked","directed":false,"entities":["s1v1|e_14|708,715","s1v1|e_8|659,716"],"confidence":{"state":"pre-added","who":["user:gcsenge"],"prob":1}},{"classId":"r_22","type":"linked","directed":false,"entities":["s1v1|e_14|760,774","s1v1|e_8|751,853"],"confidence":{"state":"pre-added","who":["user:gcsenge"],"prob":1}},{"classId":"r_22","type":"linked","directed":false,"entities":["s1v1|e_14|780,803","s1v1|e_8|751,853"],"confidence":{"state":"pre-added","who":["user:gcsenge"],"prob":1}},{"classId":"r_22","type":"linked","directed":false,"entities":["s1v1|e_14|805,810","s1v1|e_8|751,853"],"confidence":{"state":"pre-added","who":["user:gcsenge"],"prob":1}},{"classId":"r_22","type":"linked","directed":false,"entities":["s1v1|e_14|823,831","s1v1|e_8|751,853"],"confidence":{"state":"pre-added","who":["user:gcsenge"],"prob":1}},{"classId":"r_22","type":"linked","directed":false,"entities":["s1v1|e_14|2634,2635","s1v1|e_8|2592,2831"],"confidence":{"state":"pre-added","who":["user:gcsenge"],"prob":1}},{"classId":"r_22","type":"linked","directed":false,"entities":["s1v1|e_14|2658,2670","s1v1|e_8|2592,2831"],"confidence":{"state":"pre-added","who":["user:gcsenge"],"prob":1}},{"classId":"r_22","type":"linked","directed":false,"entities":["s1v1|e_14|2678,2705","s1v1|e_8|2592,2831"],"confidence":{"state":"pre-added","who":["user:gcsenge"],"prob":1}},{"classId":"r_22","type":"linked","directed":false,"entities":["s1v1|e_14|2727,2745","s1v1|e_8|2592,2831"],"confidence":{"state":"pre-added","who":["user:gcsenge"],"prob":1}},{"classId":"r_22","type":"linked","directed":false,"entities":["s1v1|e_14|2747,2795","s1v1|e_8|2592,2831"],"confidence":{"state":"pre-added","who":["user:gcsenge"],"prob":1}},{"classId":"r_22","type":"linked","directed":false,"entities":["s1v1|e_14|2797,2818","s1v1|e_8|2592,2831"],"confidence":{"state":"pre-added","who":["user:gcsenge"],"prob":1}}]}