{"annotatable":{"parts":["s1v1"]},"anncomplete":false,"sources":[],"metas":{},"entities":[{"classId":"e_12","part":"s1v1","offsets":[{"start":50,"text":"Amikor a Fidesz a KDNP nyomására elfogadta a vasárnapi zárva tartásról szóló törvényt"}],"coordinates":[],"confidence":{"state":"pre-added","who":["user:viragnandor","user:bernidam"],"prob":1},"fields":{},"normalizations":{}},{"classId":"e_14","part":"s1v1","offsets":[{"start":57,"text":"a Fidesz"}],"coordinates":[],"confidence":{"state":"pre-added","who":["user:viragnandor"],"prob":1},"fields":{},"normalizations":{}},{"classId":"e_14","part":"s1v1","offsets":[{"start":66,"text":"a KDNP nyomására"}],"coordinates":[],"confidence":{"state":"pre-added","who":["user:bernidam"],"prob":1},"fields":{},"normalizations":{}},{"classId":"e_14","part":"s1v1","offsets":[{"start":93,"text":"a vasárnapi zárva tartásról szóló törvényt"}],"coordinates":[],"confidence":{"state":"pre-added","who":["user:viragnandor"],"prob":1},"fields":{},"normalizations":{}},{"classId":"e_13","part":"s1v1","offsets":[{"start":127,"text":"törvényt"}],"coordinates":[],"confidence":{"state":"pre-added","who":["user:bernidam"],"prob":1},"fields":{},"normalizations":{}},{"classId":"e_5","part":"s1v1","offsets":[{"start":137,"text":"már a törvény elfogadását is komoly viták előzték meg"}],"coordinates":[],"confidence":{"state":"pre-added","who":["user:bernidam"],"prob":1},"fields":{},"normalizations":{}},{"classId":"e_14","part":"s1v1","offsets":[{"start":141,"text":"a törvény elfogadását"}],"coordinates":[],"confidence":{"state":"pre-added","who":["user:viragnandor"],"prob":1},"fields":{},"normalizations":{}},{"classId":"e_14","part":"s1v1","offsets":[{"start":166,"text":"komoly viták"}],"coordinates":[],"confidence":{"state":"pre-added","who":["user:viragnandor"],"prob":1},"fields":{},"normalizations":{}},{"classId":"e_13","part":"s1v1","offsets":[{"start":173,"text":"viták"}],"coordinates":[],"confidence":{"state":"pre-added","who":["user:viragnandor"],"prob":1},"fields":{},"normalizations":{}},{"classId":"e_14","part":"s1v1","offsets":[{"start":314,"text":"Ezt a törvényt"}],"coordinates":[],"confidence":{"state":"pre-added","who":["user:viragnandor"],"prob":1},"fields":{},"normalizations":{}},{"classId":"e_12","part":"s1v1","offsets":[{"start":314,"text":"Ezt a törvényt önök elfogadták"}],"coordinates":[],"confidence":{"state":"pre-added","who":["user:bernidam"],"prob":1},"fields":{},"normalizations":{}},{"classId":"e_13","part":"s1v1","offsets":[{"start":320,"text":"törvényt"}],"coordinates":[],"confidence":{"state":"pre-added","who":["user:bernidam"],"prob":1},"fields":{},"normalizations":{}},{"classId":"e_14","part":"s1v1","offsets":[{"start":329,"text":"önök"}],"coordinates":[],"confidence":{"state":"pre-added","who":["user:viragnandor"],"prob":1},"fields":{},"normalizations":{}},{"classId":"e_5","part":"s1v1","offsets":[{"start":346,"text":"egyébként a társadalom nagyobbik részének az elutasítottsága mellett"}],"coordinates":[],"confidence":{"state":"pre-added","who":["user:bernidam"],"prob":1},"fields":{},"normalizations":{}},{"classId":"e_14","part":"s1v1","offsets":[{"start":356,"text":"a társadalom nagyobbik részének az elutasítottsága"}],"coordinates":[],"confidence":{"state":"pre-added","who":["user:bernidam"],"prob":1},"fields":{},"normalizations":{}},{"classId":"e_13","part":"s1v1","offsets":[{"start":391,"text":"elutasítottsága"}],"coordinates":[],"confidence":{"state":"pre-added","who":["user:viragnandor"],"prob":1},"fields":{},"normalizations":{}},{"classId":"e_2","part":"s1v1","offsets":[{"start":416,"text":"Már akkor is elmondtuk és sok helyen elmondtuk azokat a negatívumokat"}],"coordinates":[],"confidence":{"state":"pre-added","who":["user:bernidam"],"prob":1},"fields":{},"normalizations":{}},{"classId":"e_14","part":"s1v1","offsets":[{"start":442,"text":"sok helyen"}],"coordinates":[],"confidence":{"state":"pre-added","who":["user:bernidam"],"prob":1},"fields":{},"normalizations":{}},{"classId":"e_14","part":"s1v1","offsets":[{"start":463,"text":"azokat a negatívumokat"}],"coordinates":[],"confidence":{"state":"pre-added","who":["user:viragnandor"],"prob":1},"fields":{},"normalizations":{}},{"classId":"e_13","part":"s1v1","offsets":[{"start":472,"text":"negatívumokat"}],"coordinates":[],"confidence":{"state":"pre-added","who":["user:viragnandor"],"prob":1},"fields":{},"normalizations":{}},{"classId":"e_2","part":"s1v1","offsets":[{"start":617,"text":"Ez a törvény nem élvezi a társadalom többségének a támogatottságát, a társadalom többségének az elutasítottságát élvezi."}],"coordinates":[],"confidence":{"state":"pre-added","who":["user:viragnandor"],"prob":1},"fields":{},"normalizations":{}},{"classId":"e_14","part":"s1v1","offsets":[{"start":617,"text":"Ez a törvény"}],"coordinates":[],"confidence":{"state":"pre-added","who":["user:viragnandor"],"prob":1},"fields":{},"normalizations":{}},{"classId":"e_13","part":"s1v1","offsets":[{"start":630,"text":"nem élvezi"}],"coordinates":[],"confidence":{"state":"pre-added","who":["user:viragnandor"],"prob":1},"fields":{},"normalizations":{}},{"classId":"e_14","part":"s1v1","offsets":[{"start":641,"text":"a társadalom többségének a támogatottságát"}],"coordinates":[],"confidence":{"state":"pre-added","who":["user:viragnandor"],"prob":1},"fields":{},"normalizations":{}},{"classId":"e_14","part":"s1v1","offsets":[{"start":685,"text":"a társadalom többségének az elutasítottságát"}],"coordinates":[],"confidence":{"state":"pre-added","who":["user:viragnandor"],"prob":1},"fields":{},"normalizations":{}},{"classId":"e_13","part":"s1v1","offsets":[{"start":713,"text":"elutasítottságát"}],"coordinates":[],"confidence":{"state":"pre-added","who":["user:bernidam"],"prob":1},"fields":{},"normalizations":{}},{"classId":"e_14","part":"s1v1","offsets":[{"start":738,"text":"Ez a törvény"}],"coordinates":[],"confidence":{"state":"pre-added","who":["user:viragnandor"],"prob":1},"fields":{},"normalizations":{}},{"classId":"e_2","part":"s1v1","offsets":[{"start":738,"text":"Ez a törvény károkat okoz mind a munkaerőpiacon, mind pedig gazdaságilag"}],"coordinates":[],"confidence":{"state":"pre-added","who":["user:bernidam"],"prob":1},"fields":{},"normalizations":{}},{"classId":"e_13","part":"s1v1","offsets":[{"start":751,"text":"károkat okoz"}],"coordinates":[],"confidence":{"state":"pre-added","who":["user:viragnandor"],"prob":1},"fields":{},"normalizations":{}},{"classId":"e_14","part":"s1v1","offsets":[{"start":751,"text":"károkat"}],"coordinates":[],"confidence":{"state":"pre-added","who":["user:viragnandor"],"prob":1},"fields":{},"normalizations":{}},{"classId":"e_14","part":"s1v1","offsets":[{"start":769,"text":"a munkaerőpiacon"}],"coordinates":[],"confidence":{"state":"pre-added","who":["user:viragnandor"],"prob":1},"fields":{},"normalizations":{}},{"classId":"e_5","part":"s1v1","offsets":[{"start":870,"text":"hogy a Fidesz körüli gazdasági szereplők javát szolgálja gyakorlatilag"}],"coordinates":[],"confidence":{"state":"pre-added","who":["user:bernidam"],"prob":1},"fields":{},"normalizations":{}},{"classId":"e_14","part":"s1v1","offsets":[{"start":875,"text":"a Fidesz körüli gazdasági szereplők javát"}],"coordinates":[],"confidence":{"state":"pre-added","who":["user:viragnandor"],"prob":1},"fields":{},"normalizations":{}},{"classId":"e_13","part":"s1v1","offsets":[{"start":877,"text":"Fidesz körüli gazdasági szereplők javát szolgálja"}],"coordinates":[],"confidence":{"state":"pre-added","who":["user:bernidam"],"prob":1},"fields":{},"normalizations":{}},{"classId":"e_14","part":"s1v1","offsets":[{"start":969,"text":"a CBA rendkívül antipatikus vezére"}],"coordinates":[],"confidence":{"state":"pre-added","who":["user:bernidam"],"prob":1},"fields":{},"normalizations":{}},{"classId":"e_14","part":"s1v1","offsets":[{"start":1024,"text":"ők"}],"coordinates":[],"confidence":{"state":"pre-added","who":["user:viragnandor"],"prob":1},"fields":{},"normalizations":{}},{"classId":"e_14","part":"s1v1","offsets":[{"start":1040,"text":"akik"}],"coordinates":[],"confidence":{"state":"pre-added","who":["user:viragnandor"],"prob":1},"fields":{},"normalizations":{}},{"classId":"e_5","part":"s1v1","offsets":[{"start":1040,"text":"akik átlobbizták ezt a törvényt ezeken a pártokon és nem másért, hanem azért, hogy az ő vállalkozásaikban éjjel-nappal csöröghessen a kassza"}],"coordinates":[],"confidence":{"state":"pre-added","who":["user:bernidam"],"prob":1},"fields":{},"normalizations":{}},{"classId":"e_13","part":"s1v1","offsets":[{"start":1045,"text":"átlobbizták"}],"coordinates":[],"confidence":{"state":"pre-added","who":["user:viragnandor"],"prob":1},"fields":{},"normalizations":{}},{"classId":"e_14","part":"s1v1","offsets":[{"start":1057,"text":"ezt a törvényt"}],"coordinates":[],"confidence":{"state":"pre-added","who":["user:viragnandor"],"prob":1},"fields":{},"normalizations":{}},{"classId":"e_14","part":"s1v1","offsets":[{"start":1072,"text":"ezeken a pártokon"}],"coordinates":[],"confidence":{"state":"pre-added","who":["user:viragnandor"],"prob":1},"fields":{},"normalizations":{}},{"classId":"e_14","part":"s1v1","offsets":[{"start":1123,"text":"az ő vállalkozásaikban"}],"coordinates":[],"confidence":{"state":"pre-added","who":["user:viragnandor"],"prob":1},"fields":{},"normalizations":{}},{"classId":"e_13","part":"s1v1","offsets":[{"start":1159,"text":"csöröghessen a kassza"}],"coordinates":[],"confidence":{"state":"pre-added","who":["user:viragnandor"],"prob":1},"fields":{},"normalizations":{}},{"classId":"e_14","part":"s1v1","offsets":[{"start":1172,"text":"a kassza"}],"coordinates":[],"confidence":{"state":"pre-added","who":["user:bernidam"],"prob":1},"fields":{},"normalizations":{}},{"classId":"e_6","part":"s1v1","offsets":[{"start":1201,"text":"ezt a CBA sokmilliós sportautóval járó, rendkívül gazdag, milliárdos vezére mondta, aki ezek szerint az önök döntéseit irányítja"}],"coordinates":[],"confidence":{"state":"pre-added","who":["user:viragnandor"],"prob":1},"fields":{},"normalizations":{}},{"classId":"e_14","part":"s1v1","offsets":[{"start":1201,"text":"ezt"}],"coordinates":[],"confidence":{"state":"pre-added","who":["user:viragnandor"],"prob":1},"fields":{},"normalizations":{}},{"classId":"e_13","part":"s1v1","offsets":[{"start":1205,"text":"a CBA sokmilliós sportautóval járó, rendkívül gazdag, milliárdos vezére"}],"coordinates":[],"confidence":{"state":"pre-added","who":["user:viragnandor"],"prob":1},"fields":{},"normalizations":{}},{"classId":"e_14","part":"s1v1","offsets":[{"start":1205,"text":"a CBA sokmilliós sportautóval járó, rendkívül gazdag, milliárdos vezére"}],"coordinates":[],"confidence":{"state":"pre-added","who":["user:viragnandor"],"prob":1},"fields":{},"normalizations":{}},{"classId":"e_14","part":"s1v1","offsets":[{"start":1285,"text":"aki"}],"coordinates":[],"confidence":{"state":"pre-added","who":["user:viragnandor"],"prob":1},"fields":{},"normalizations":{}},{"classId":"e_14","part":"s1v1","offsets":[{"start":1302,"text":"az önök döntéseit"}],"coordinates":[],"confidence":{"state":"pre-added","who":["user:viragnandor"],"prob":1},"fields":{},"normalizations":{}},{"classId":"e_13","part":"s1v1","offsets":[{"start":1302,"text":"az önök döntéseit irányítja"}],"coordinates":[],"confidence":{"state":"pre-added","who":["user:bernidam"],"prob":1},"fields":{},"normalizations":{}},{"classId":"e_14","part":"s1v1","offsets":[{"start":1350,"text":"72 százaléka"}],"coordinates":[],"confidence":{"state":"pre-added","who":["user:viragnandor"],"prob":1},"fields":{},"normalizations":{}},{"classId":"e_5","part":"s1v1","offsets":[{"start":1350,"text":"72 százaléka utasítja el Magyarországon ezt a törvényt a választóknak"}],"coordinates":[],"confidence":{"state":"pre-added","who":["user:bernidam"],"prob":1},"fields":{},"normalizations":{}},{"classId":"e_13","part":"s1v1","offsets":[{"start":1363,"text":"utasítja el"}],"coordinates":[],"confidence":{"state":"pre-added","who":["user:viragnandor"],"prob":1},"fields":{},"normalizations":{}},{"classId":"e_14","part":"s1v1","offsets":[{"start":1375,"text":"Magyarországon"}],"coordinates":[],"confidence":{"state":"pre-added","who":["user:bernidam"],"prob":1},"fields":{},"normalizations":{}},{"classId":"e_14","part":"s1v1","offsets":[{"start":1390,"text":"ezt a törvényt"}],"coordinates":[],"confidence":{"state":"pre-added","who":["user:viragnandor"],"prob":1},"fields":{},"normalizations":{}},{"classId":"e_14","part":"s1v1","offsets":[{"start":1405,"text":"a választóknak"}],"coordinates":[],"confidence":{"state":"pre-added","who":["user:bernidam"],"prob":1},"fields":{},"normalizations":{}},{"classId":"e_4","part":"s1v1","offsets":[{"start":1518,"text":"ha nyitva lehetnének az üzletek vasárnap"}],"coordinates":[],"confidence":{"state":"pre-added","who":["user:bernidam"],"prob":1},"fields":{},"normalizations":{}},{"classId":"e_13","part":"s1v1","offsets":[{"start":1521,"text":"nyitva lehetnének"}],"coordinates":[],"confidence":{"state":"pre-added","who":["user:viragnandor"],"prob":1},"fields":{},"normalizations":{}},{"classId":"e_14","part":"s1v1","offsets":[{"start":1539,"text":"az üzletek"}],"coordinates":[],"confidence":{"state":"pre-added","who":["user:viragnandor"],"prob":1},"fields":{},"normalizations":{}},{"classId":"e_14","part":"s1v1","offsets":[{"start":1550,"text":"vasárnap"}],"coordinates":[],"confidence":{"state":"pre-added","who":["user:viragnandor"],"prob":1},"fields":{},"normalizations":{}},{"classId":"e_5","part":"s1v1","offsets":[{"start":1560,"text":"és nemcsak Baldauf úr üzletei lehessenek nyitva"}],"coordinates":[],"confidence":{"state":"pre-added","who":["user:bernidam"],"prob":1},"fields":{},"normalizations":{}},{"classId":"e_13","part":"s1v1","offsets":[{"start":1563,"text":"nemcsak Baldauf úr üzletei"}],"coordinates":[],"confidence":{"state":"pre-added","who":["user:viragnandor"],"prob":1},"fields":{},"normalizations":{}},{"classId":"e_14","part":"s1v1","offsets":[{"start":1571,"text":"Baldauf úr üzletei"}],"coordinates":[],"confidence":{"state":"pre-added","who":["user:bernidam"],"prob":1},"fields":{},"normalizations":{}},{"classId":"e_5","part":"s1v1","offsets":[{"start":1637,"text":"Ugyanis a fideszes képviselők befolyásolója, ezek szerint a CBA-vezér azt azért elérte, hogy most a Balatonon zárva vannak azok az üzletek"}],"coordinates":[],"confidence":{"state":"pre-added","who":["user:bernidam"],"prob":1},"fields":{},"normalizations":{}},{"classId":"e_14","part":"s1v1","offsets":[{"start":1645,"text":"a fideszes képviselők befolyásolója"}],"coordinates":[],"confidence":{"state":"pre-added","who":["user:bernidam"],"prob":1},"fields":{},"normalizations":{}},{"classId":"e_13","part":"s1v1","offsets":[{"start":1667,"text":"befolyásolója"}],"coordinates":[],"confidence":{"state":"pre-added","who":["user:bernidam"],"prob":1},"fields":{},"normalizations":{}},{"classId":"e_14","part":"s1v1","offsets":[{"start":1695,"text":"a CBA-vezér"}],"coordinates":[],"confidence":{"state":"pre-added","who":["user:bernidam"],"prob":1},"fields":{},"normalizations":{}},{"classId":"e_14","part":"s1v1","offsets":[{"start":1707,"text":"azt"}],"coordinates":[],"confidence":{"state":"pre-added","who":["user:viragnandor"],"prob":1},"fields":{},"normalizations":{}},{"classId":"e_13","part":"s1v1","offsets":[{"start":1717,"text":"elérte"}],"coordinates":[],"confidence":{"state":"pre-added","who":["user:viragnandor"],"prob":1},"fields":{},"normalizations":{}},{"classId":"e_14","part":"s1v1","offsets":[{"start":1735,"text":"a Balatonon"}],"coordinates":[],"confidence":{"state":"pre-added","who":["user:viragnandor"],"prob":1},"fields":{},"normalizations":{}},{"classId":"e_13","part":"s1v1","offsets":[{"start":1747,"text":"zárva vannak"}],"coordinates":[],"confidence":{"state":"pre-added","who":["user:viragnandor"],"prob":1},"fields":{},"normalizations":{}},{"classId":"e_14","part":"s1v1","offsets":[{"start":1760,"text":"azok az üzletek"}],"coordinates":[],"confidence":{"state":"pre-added","who":["user:viragnandor"],"prob":1},"fields":{},"normalizations":{}},{"classId":"e_6","part":"s1v1","offsets":[{"start":1808,"text":"de azért két CBA-t Balatonfenyvesen és Balatonakalin piaccá nyilvánítottak"}],"coordinates":[],"confidence":{"state":"pre-added","who":["user:bernidam"],"prob":1},"fields":{},"normalizations":{}},{"classId":"e_14","part":"s1v1","offsets":[{"start":1817,"text":"két CBA-t"}],"coordinates":[],"confidence":{"state":"pre-added","who":["user:viragnandor"],"prob":1},"fields":{},"normalizations":{}},{"classId":"e_14","part":"s1v1","offsets":[{"start":1827,"text":"Balatonfenyvesen"}],"coordinates":[],"confidence":{"state":"pre-added","who":["user:bernidam"],"prob":1},"fields":{},"normalizations":{}},{"classId":"e_14","part":"s1v1","offsets":[{"start":1847,"text":"Balatonakalin"}],"coordinates":[],"confidence":{"state":"pre-added","who":["user:bernidam"],"prob":1},"fields":{},"normalizations":{}},{"classId":"e_14","part":"s1v1","offsets":[{"start":1861,"text":"piaccá"}],"coordinates":[],"confidence":{"state":"pre-added","who":["user:viragnandor"],"prob":1},"fields":{},"normalizations":{}},{"classId":"e_13","part":"s1v1","offsets":[{"start":1861,"text":"piaccá nyilvánítottak"}],"coordinates":[],"confidence":{"state":"pre-added","who":["user:bernidam"],"prob":1},"fields":{},"normalizations":{}},{"classId":"e_14","part":"s1v1","offsets":[{"start":1896,"text":"azok"}],"coordinates":[],"confidence":{"state":"pre-added","who":["user:viragnandor"],"prob":1},"fields":{},"normalizations":{}},{"classId":"e_6","part":"s1v1","offsets":[{"start":1918,"text":"mert kiraktak két asztalt a ház elé"}],"coordinates":[],"confidence":{"state":"pre-added","who":["user:bernidam"],"prob":1},"fields":{},"normalizations":{}},{"classId":"e_13","part":"s1v1","offsets":[{"start":1923,"text":"kiraktak két asztalt a ház elé"}],"coordinates":[],"confidence":{"state":"pre-added","who":["user:bernidam"],"prob":1},"fields":{},"normalizations":{}},{"classId":"e_14","part":"s1v1","offsets":[{"start":1932,"text":"két asztalt"}],"coordinates":[],"confidence":{"state":"pre-added","who":["user:viragnandor"],"prob":1},"fields":{},"normalizations":{}},{"classId":"e_14","part":"s1v1","offsets":[{"start":1944,"text":"a ház"}],"coordinates":[],"confidence":{"state":"pre-added","who":["user:bernidam"],"prob":1},"fields":{},"normalizations":{}},{"classId":"e_5","part":"s1v1","offsets":[{"start":2008,"text":"megint az önök oligarchái tudnak gazdagodni ebből"}],"coordinates":[],"confidence":{"state":"pre-added","who":["user:viragnandor","user:bernidam"],"prob":1},"fields":{},"normalizations":{}},{"classId":"e_14","part":"s1v1","offsets":[{"start":2015,"text":"az önök oligarchái"}],"coordinates":[],"confidence":{"state":"pre-added","who":["user:viragnandor"],"prob":1},"fields":{},"normalizations":{}},{"classId":"e_13","part":"s1v1","offsets":[{"start":2023,"text":"oligarchái tudnak gazdagodni"}],"coordinates":[],"confidence":{"state":"pre-added","who":["user:bernidam"],"prob":1},"fields":{},"normalizations":{}},{"classId":"e_14","part":"s1v1","offsets":[{"start":2052,"text":"ebből"}],"coordinates":[],"confidence":{"state":"pre-added","who":["user:viragnandor"],"prob":1},"fields":{},"normalizations":{}},{"classId":"e_2","part":"s1v1","offsets":[{"start":2082,"text":"hogy a balatoni szezont tönkreteszik, a Balatonon nyaralók nyaralását tönkreteszik és megnehezítik"}],"coordinates":[],"confidence":{"state":"pre-added","who":["user:bernidam"],"prob":1},"fields":{},"normalizations":{}},{"classId":"e_14","part":"s1v1","offsets":[{"start":2087,"text":"a balatoni szezont"}],"coordinates":[],"confidence":{"state":"pre-added","who":["user:viragnandor"],"prob":1},"fields":{},"normalizations":{}},{"classId":"e_13","part":"s1v1","offsets":[{"start":2106,"text":"tönkreteszik"}],"coordinates":[],"confidence":{"state":"pre-added","who":["user:viragnandor"],"prob":1},"fields":{},"normalizations":{}},{"classId":"e_14","part":"s1v1","offsets":[{"start":2120,"text":"a Balatonon nyaralók nyaralását"}],"coordinates":[],"confidence":{"state":"pre-added","who":["user:viragnandor"],"prob":1},"fields":{},"normalizations":{}},{"classId":"e_13","part":"s1v1","offsets":[{"start":2152,"text":"tönkreteszik"}],"coordinates":[],"confidence":{"state":"pre-added","who":["user:viragnandor"],"prob":1},"fields":{},"normalizations":{}},{"classId":"e_13","part":"s1v1","offsets":[{"start":2168,"text":"megnehezítik"}],"coordinates":[],"confidence":{"state":"pre-added","who":["user:viragnandor"],"prob":1},"fields":{},"normalizations":{}},{"classId":"e_2","part":"s1v1","offsets":[{"start":2210,"text":"hogy hány üzlet fog tönkremenni emiatt a Balatonon"}],"coordinates":[],"confidence":{"state":"pre-added","who":["user:bernidam"],"prob":1},"fields":{},"normalizations":{}},{"classId":"e_14","part":"s1v1","offsets":[{"start":2215,"text":"hány üzlet"}],"coordinates":[],"confidence":{"state":"pre-added","who":["user:viragnandor"],"prob":1},"fields":{},"normalizations":{}},{"classId":"e_13","part":"s1v1","offsets":[{"start":2226,"text":"fog tönkremenni"}],"coordinates":[],"confidence":{"state":"pre-added","who":["user:viragnandor"],"prob":1},"fields":{},"normalizations":{}},{"classId":"e_14","part":"s1v1","offsets":[{"start":2249,"text":"a Balatonon"}],"coordinates":[],"confidence":{"state":"pre-added","who":["user:bernidam"],"prob":1},"fields":{},"normalizations":{}},{"classId":"e_14","part":"s1v1","offsets":[{"start":2281,"text":"vállalkozók"}],"coordinates":[],"confidence":{"state":"pre-added","who":["user:viragnandor"],"prob":1},"fields":{},"normalizations":{}},{"classId":"e_14","part":"s1v1","offsets":[{"start":2294,"text":"akiknek"}],"coordinates":[],"confidence":{"state":"pre-added","who":["user:viragnandor"],"prob":1},"fields":{},"normalizations":{}},{"classId":"e_2","part":"s1v1","offsets":[{"start":2294,"text":"akiknek le kell húzni a rolót"}],"coordinates":[],"confidence":{"state":"pre-added","who":["user:bernidam"],"prob":1},"fields":{},"normalizations":{}},{"classId":"e_13","part":"s1v1","offsets":[{"start":2302,"text":"le kell húzni a rolót"}],"coordinates":[],"confidence":{"state":"pre-added","who":["user:viragnandor"],"prob":1},"fields":{},"normalizations":{}},{"classId":"e_4","part":"s1v1","offsets":[{"start":2344,"text":"Éppen ezért adtunk be népszavazási kezdeményezést a Nemzeti Választási Irodához."}],"coordinates":[],"confidence":{"state":"pre-added","who":["user:viragnandor"],"prob":1},"fields":{},"normalizations":{}},{"classId":"e_13","part":"s1v1","offsets":[{"start":2356,"text":"adtunk be"}],"coordinates":[],"confidence":{"state":"pre-added","who":["user:viragnandor"],"prob":1},"fields":{},"normalizations":{}},{"classId":"e_14","part":"s1v1","offsets":[{"start":2366,"text":"népszavazási kezdeményezést"}],"coordinates":[],"confidence":{"state":"pre-added","who":["user:viragnandor"],"prob":1},"fields":{},"normalizations":{}},{"classId":"e_14","part":"s1v1","offsets":[{"start":2394,"text":"a Nemzeti Választási Irodához"}],"coordinates":[],"confidence":{"state":"pre-added","who":["user:viragnandor"],"prob":1},"fields":{},"normalizations":{}},{"classId":"e_14","part":"s1v1","offsets":[{"start":2455,"text":"a Nemzeti Választási Iroda"}],"coordinates":[],"confidence":{"state":"pre-added","who":["user:viragnandor"],"prob":1},"fields":{},"normalizations":{}},{"classId":"e_14","part":"s1v1","offsets":[{"start":2483,"text":"amely"}],"coordinates":[],"confidence":{"state":"pre-added","who":["user:viragnandor"],"prob":1},"fields":{},"normalizations":{}},{"classId":"e_5","part":"s1v1","offsets":[{"start":2483,"text":"amely nem független az önök pártjától, hanem gyakorlatilag pártkatonákkal van feltöltve"}],"coordinates":[],"confidence":{"state":"pre-added","who":["user:bernidam"],"prob":1},"fields":{},"normalizations":{}},{"classId":"e_13","part":"s1v1","offsets":[{"start":2489,"text":"nem független"}],"coordinates":[],"confidence":{"state":"pre-added","who":["user:viragnandor"],"prob":1},"fields":{},"normalizations":{}},{"classId":"e_14","part":"s1v1","offsets":[{"start":2503,"text":"az önök pártjától"}],"coordinates":[],"confidence":{"state":"pre-added","who":["user:viragnandor"],"prob":1},"fields":{},"normalizations":{}},{"classId":"e_14","part":"s1v1","offsets":[{"start":2542,"text":"pártkatonákkal"}],"coordinates":[],"confidence":{"state":"pre-added","who":["user:viragnandor"],"prob":1},"fields":{},"normalizations":{}},{"classId":"e_13","part":"s1v1","offsets":[{"start":2542,"text":"pártkatonákkal van feltöltve"}],"coordinates":[],"confidence":{"state":"pre-added","who":["user:bernidam"],"prob":1},"fields":{},"normalizations":{}},{"classId":"e_14","part":"s1v1","offsets":[{"start":2605,"text":"a Nemzeti Választási Iroda"}],"coordinates":[],"confidence":{"state":"pre-added","who":["user:viragnandor"],"prob":1},"fields":{},"normalizations":{}},{"classId":"e_5","part":"s1v1","offsets":[{"start":2649,"text":"hogy ezeket a kezdeményezéseket jogi nonszenszekkel és mindenféle módon megakadályozza"}],"coordinates":[],"confidence":{"state":"pre-added","who":["user:bernidam"],"prob":1},"fields":{},"normalizations":{}},{"classId":"e_14","part":"s1v1","offsets":[{"start":2654,"text":"ezeket a kezdeményezéseket"}],"coordinates":[],"confidence":{"state":"pre-added","who":["user:viragnandor"],"prob":1},"fields":{},"normalizations":{}},{"classId":"e_14","part":"s1v1","offsets":[{"start":2681,"text":"jogi nonszenszekkel"}],"coordinates":[],"confidence":{"state":"pre-added","who":["user:viragnandor"],"prob":1},"fields":{},"normalizations":{}},{"classId":"e_13","part":"s1v1","offsets":[{"start":2721,"text":"megakadályozza"}],"coordinates":[],"confidence":{"state":"pre-added","who":["user:viragnandor"],"prob":1},"fields":{},"normalizations":{}},{"classId":"e_4","part":"s1v1","offsets":[{"start":2813,"text":"Most azonban ott van a Nemzeti Választási Irodában, a Nemzeti Választási Bizottság előtt az a népszavazási kezdeményezés"}],"coordinates":[],"confidence":{"state":"pre-added","who":["user:bernidam"],"prob":1},"fields":{},"normalizations":{}},{"classId":"e_14","part":"s1v1","offsets":[{"start":2826,"text":"ott"}],"coordinates":[],"confidence":{"state":"pre-added","who":["user:bernidam"],"prob":1},"fields":{},"normalizations":{}},{"classId":"e_14","part":"s1v1","offsets":[{"start":2834,"text":"a Nemzeti Választási Irodában"}],"coordinates":[],"confidence":{"state":"pre-added","who":["user:bernidam"],"prob":1},"fields":{},"normalizations":{}},{"classId":"e_14","part":"s1v1","offsets":[{"start":2865,"text":"a Nemzeti Választási Bizottság"}],"coordinates":[],"confidence":{"state":"pre-added","who":["user:bernidam"],"prob":1},"fields":{},"normalizations":{}},{"classId":"e_14","part":"s1v1","offsets":[{"start":2902,"text":"az a népszavazási kezdeményezés"}],"coordinates":[],"confidence":{"state":"pre-added","who":["user:viragnandor"],"prob":1},"fields":{},"normalizations":{}},{"classId":"e_13","part":"s1v1","offsets":[{"start":2907,"text":"népszavazási kezdeményezés"}],"coordinates":[],"confidence":{"state":"pre-added","who":["user:viragnandor"],"prob":1},"fields":{},"normalizations":{}},{"classId":"e_4","part":"s1v1","offsets":[{"start":2955,"text":"hogy engedjék meg, hogy az emberek döntsenek arról"}],"coordinates":[],"confidence":{"state":"pre-added","who":["user:bernidam"],"prob":1},"fields":{},"normalizations":{}},{"classId":"e_13","part":"s1v1","offsets":[{"start":2960,"text":"engedjék meg"}],"coordinates":[],"confidence":{"state":"pre-added","who":["user:viragnandor"],"prob":1},"fields":{},"normalizations":{}},{"classId":"e_14","part":"s1v1","offsets":[{"start":2979,"text":"az emberek"}],"coordinates":[],"confidence":{"state":"pre-added","who":["user:viragnandor"],"prob":1},"fields":{},"normalizations":{}},{"classId":"e_13","part":"s1v1","offsets":[{"start":2990,"text":"döntsenek"}],"coordinates":[],"confidence":{"state":"pre-added","who":["user:viragnandor"],"prob":1},"fields":{},"normalizations":{}},{"classId":"e_14","part":"s1v1","offsets":[{"start":3000,"text":"arról"}],"coordinates":[],"confidence":{"state":"pre-added","who":["user:viragnandor"],"prob":1},"fields":{},"normalizations":{}},{"classId":"e_5","part":"s1v1","offsets":[{"start":3007,"text":"hogy ez a törvény maradon-e vagy ne maradjon"}],"coordinates":[],"confidence":{"state":"pre-added","who":["user:bernidam"],"prob":1},"fields":{},"normalizations":{}},{"classId":"e_14","part":"s1v1","offsets":[{"start":3012,"text":"ez a törvény"}],"coordinates":[],"confidence":{"state":"pre-added","who":["user:bernidam"],"prob":1},"fields":{},"normalizations":{}},{"classId":"e_13","part":"s1v1","offsets":[{"start":3025,"text":"maradon-e vagy ne maradjon"}],"coordinates":[],"confidence":{"state":"pre-added","who":["user:bernidam"],"prob":1},"fields":{},"normalizations":{}},{"classId":"e_13","part":"s1v1","offsets":[{"start":3053,"text":"engedjék meg"}],"coordinates":[],"confidence":{"state":"pre-added","who":["user:viragnandor"],"prob":1},"fields":{},"normalizations":{}},{"classId":"e_4","part":"s1v1","offsets":[{"start":3053,"text":"engedjék meg az embereknek, hogy eldöntsék azt"}],"coordinates":[],"confidence":{"state":"pre-added","who":["user:bernidam"],"prob":1},"fields":{},"normalizations":{}},{"classId":"e_14","part":"s1v1","offsets":[{"start":3066,"text":"az embereknek"}],"coordinates":[],"confidence":{"state":"pre-added","who":["user:viragnandor"],"prob":1},"fields":{},"normalizations":{}},{"classId":"e_13","part":"s1v1","offsets":[{"start":3086,"text":"eldöntsék"}],"coordinates":[],"confidence":{"state":"pre-added","who":["user:viragnandor"],"prob":1},"fields":{},"normalizations":{}},{"classId":"e_14","part":"s1v1","offsets":[{"start":3096,"text":"azt"}],"coordinates":[],"confidence":{"state":"pre-added","who":["user:viragnandor"],"prob":1},"fields":{},"normalizations":{}},{"classId":"e_5","part":"s1v1","offsets":[{"start":3101,"text":"hogy szeretnék-e ezt a vasárnapi zárva tartást vagy nem"}],"coordinates":[],"confidence":{"state":"pre-added","who":["user:bernidam"],"prob":1},"fields":{},"normalizations":{}},{"classId":"e_13","part":"s1v1","offsets":[{"start":3106,"text":"szeretnék-e ezt a vasárnapi zárva tartást vagy nem"}],"coordinates":[],"confidence":{"state":"pre-added","who":["user:bernidam"],"prob":1},"fields":{},"normalizations":{}},{"classId":"e_14","part":"s1v1","offsets":[{"start":3118,"text":"ezt a vasárnapi zárva tartást"}],"coordinates":[],"confidence":{"state":"pre-added","who":["user:viragnandor"],"prob":1},"fields":{},"normalizations":{}},{"classId":"e_4","part":"s1v1","offsets":[{"start":3158,"text":"Ha lesz népszavazás erről a kérdésről, márpedig lesz népszavazás erről a kérdésről"}],"coordinates":[],"confidence":{"state":"pre-added","who":["user:bernidam"],"prob":1},"fields":{},"normalizations":{}},{"classId":"e_13","part":"s1v1","offsets":[{"start":3161,"text":"lesz népszavazás"}],"coordinates":[],"confidence":{"state":"pre-added","who":["user:viragnandor"],"prob":1},"fields":{},"normalizations":{}},{"classId":"e_14","part":"s1v1","offsets":[{"start":3166,"text":"népszavazás"}],"coordinates":[],"confidence":{"state":"pre-added","who":["user:viragnandor"],"prob":1},"fields":{},"normalizations":{}},{"classId":"e_14","part":"s1v1","offsets":[{"start":3178,"text":"erről a kérdésről"}],"coordinates":[],"confidence":{"state":"pre-added","who":["user:viragnandor"],"prob":1},"fields":{},"normalizations":{}},{"classId":"e_13","part":"s1v1","offsets":[{"start":3206,"text":"lesz népszavazás"}],"coordinates":[],"confidence":{"state":"pre-added","who":["user:viragnandor"],"prob":1},"fields":{},"normalizations":{}},{"classId":"e_14","part":"s1v1","offsets":[{"start":3211,"text":"népszavazás"}],"coordinates":[],"confidence":{"state":"pre-added","who":["user:viragnandor"],"prob":1},"fields":{},"normalizations":{}},{"classId":"e_14","part":"s1v1","offsets":[{"start":3223,"text":"erről a kérdésről"}],"coordinates":[],"confidence":{"state":"pre-added","who":["user:viragnandor"],"prob":1},"fields":{},"normalizations":{}},{"classId":"e_2","part":"s1v1","offsets":[{"start":3242,"text":"akkor ezt a Fidesz el fogja veszíteni"}],"coordinates":[],"confidence":{"state":"pre-added","who":["user:bernidam"],"prob":1},"fields":{},"normalizations":{}},{"classId":"e_14","part":"s1v1","offsets":[{"start":3248,"text":"ezt"}],"coordinates":[],"confidence":{"state":"pre-added","who":["user:viragnandor"],"prob":1},"fields":{},"normalizations":{}},{"classId":"e_14","part":"s1v1","offsets":[{"start":3252,"text":"a Fidesz"}],"coordinates":[],"confidence":{"state":"pre-added","who":["user:viragnandor"],"prob":1},"fields":{},"normalizations":{}},{"classId":"e_13","part":"s1v1","offsets":[{"start":3261,"text":"el fogja veszíteni"}],"coordinates":[],"confidence":{"state":"pre-added","who":["user:viragnandor"],"prob":1},"fields":{},"normalizations":{}},{"classId":"e_2","part":"s1v1","offsets":[{"start":3281,"text":"Ezt a népszavazást a Fidesz és a KDNP el fogja veszíteni"}],"coordinates":[],"confidence":{"state":"pre-added","who":["user:viragnandor","user:bernidam"],"prob":1},"fields":{},"normalizations":{}},{"classId":"e_14","part":"s1v1","offsets":[{"start":3281,"text":"Ezt a népszavazást"}],"coordinates":[],"confidence":{"state":"pre-added","who":["user:viragnandor"],"prob":1},"fields":{},"normalizations":{}},{"classId":"e_14","part":"s1v1","offsets":[{"start":3300,"text":"a Fidesz és a KDNP"}],"coordinates":[],"confidence":{"state":"pre-added","who":["user:viragnandor"],"prob":1},"fields":{},"normalizations":{}},{"classId":"e_13","part":"s1v1","offsets":[{"start":3319,"text":"el fogja veszíteni"}],"coordinates":[],"confidence":{"state":"pre-added","who":["user:viragnandor"],"prob":1},"fields":{},"normalizations":{}},{"classId":"e_4","part":"s1v1","offsets":[{"start":3416,"text":"hogy ha ezt a népszavazást meg lehet tartani"}],"coordinates":[],"confidence":{"state":"pre-added","who":["user:bernidam"],"prob":1},"fields":{},"normalizations":{}},{"classId":"e_14","part":"s1v1","offsets":[{"start":3424,"text":"ezt a népszavazást"}],"coordinates":[],"confidence":{"state":"pre-added","who":["user:viragnandor"],"prob":1},"fields":{},"normalizations":{}},{"classId":"e_13","part":"s1v1","offsets":[{"start":3443,"text":"meg lehet tartani"}],"coordinates":[],"confidence":{"state":"pre-added","who":["user:viragnandor"],"prob":1},"fields":{},"normalizations":{}},{"classId":"e_2","part":"s1v1","offsets":[{"start":3462,"text":"akkor önök azt el fogják veszíteni"}],"coordinates":[],"confidence":{"state":"pre-added","who":["user:bernidam"],"prob":1},"fields":{},"normalizations":{}},{"classId":"e_14","part":"s1v1","offsets":[{"start":3468,"text":"önök"}],"coordinates":[],"confidence":{"state":"pre-added","who":["user:viragnandor"],"prob":1},"fields":{},"normalizations":{}},{"classId":"e_14","part":"s1v1","offsets":[{"start":3473,"text":"azt"}],"coordinates":[],"confidence":{"state":"pre-added","who":["user:viragnandor"],"prob":1},"fields":{},"normalizations":{}},{"classId":"e_13","part":"s1v1","offsets":[{"start":3477,"text":"el fogják veszíteni"}],"coordinates":[],"confidence":{"state":"pre-added","who":["user:viragnandor"],"prob":1},"fields":{},"normalizations":{}},{"classId":"e_5","part":"s1v1","offsets":[{"start":3599,"text":"hogy ez elutasítottságot élvez a társadalomban"}],"coordinates":[],"confidence":{"state":"pre-added","who":["user:bernidam"],"prob":1},"fields":{},"normalizations":{}},{"classId":"e_14","part":"s1v1","offsets":[{"start":3604,"text":"ez"}],"coordinates":[],"confidence":{"state":"pre-added","who":["user:bernidam"],"prob":1},"fields":{},"normalizations":{}},{"classId":"e_14","part":"s1v1","offsets":[{"start":3607,"text":"elutasítottságot"}],"coordinates":[],"confidence":{"state":"pre-added","who":["user:bernidam"],"prob":1},"fields":{},"normalizations":{}},{"classId":"e_13","part":"s1v1","offsets":[{"start":3607,"text":"elutasítottságot"}],"coordinates":[],"confidence":{"state":"pre-added","who":["user:bernidam"],"prob":1},"fields":{},"normalizations":{}},{"classId":"e_14","part":"s1v1","offsets":[{"start":3630,"text":"a társadalomban"}],"coordinates":[],"confidence":{"state":"pre-added","who":["user:bernidam"],"prob":1},"fields":{},"normalizations":{}},{"classId":"e_4","part":"s1v1","offsets":[{"start":3690,"text":"hogy ha lesz népszavazás"}],"coordinates":[],"confidence":{"state":"pre-added","who":["user:bernidam"],"prob":1},"fields":{},"normalizations":{}},{"classId":"e_13","part":"s1v1","offsets":[{"start":3698,"text":"lesz népszavazás"}],"coordinates":[],"confidence":{"state":"pre-added","who":["user:viragnandor"],"prob":1},"fields":{},"normalizations":{}},{"classId":"e_14","part":"s1v1","offsets":[{"start":3703,"text":"népszavazás"}],"coordinates":[],"confidence":{"state":"pre-added","who":["user:viragnandor"],"prob":1},"fields":{},"normalizations":{}},{"classId":"e_2","part":"s1v1","offsets":[{"start":3716,"text":"akkor azt önök nyilván el fogják veszíteni"}],"coordinates":[],"confidence":{"state":"pre-added","who":["user:bernidam"],"prob":1},"fields":{},"normalizations":{}},{"classId":"e_14","part":"s1v1","offsets":[{"start":3722,"text":"azt"}],"coordinates":[],"confidence":{"state":"pre-added","who":["user:viragnandor"],"prob":1},"fields":{},"normalizations":{}},{"classId":"e_14","part":"s1v1","offsets":[{"start":3726,"text":"önök"}],"coordinates":[],"confidence":{"state":"pre-added","who":["user:viragnandor"],"prob":1},"fields":{},"normalizations":{}},{"classId":"e_13","part":"s1v1","offsets":[{"start":3739,"text":"el fogják veszíteni"}],"coordinates":[],"confidence":{"state":"pre-added","who":["user:viragnandor"],"prob":1},"fields":{},"normalizations":{}},{"classId":"e_14","part":"s1v1","offsets":[{"start":3808,"text":"a Nemzeti Választási Irodának"}],"coordinates":[],"confidence":{"state":"pre-added","who":["user:viragnandor"],"prob":1},"fields":{},"normalizations":{}},{"classId":"e_14","part":"s1v1","offsets":[{"start":3841,"text":"a Választási Bizottságnak"}],"coordinates":[],"confidence":{"state":"pre-added","who":["user:viragnandor"],"prob":1},"fields":{},"normalizations":{}},{"classId":"e_5","part":"s1v1","offsets":[{"start":3868,"text":"hogy hagyjanak föl a pártos magatartásukkal"}],"coordinates":[],"confidence":{"state":"pre-added","who":["user:bernidam"],"prob":1},"fields":{},"normalizations":{}},{"classId":"e_13","part":"s1v1","offsets":[{"start":3873,"text":"hagyjanak föl a pártos magatartásukkal"}],"coordinates":[],"confidence":{"state":"pre-added","who":["user:bernidam"],"prob":1},"fields":{},"normalizations":{}},{"classId":"e_14","part":"s1v1","offsets":[{"start":3887,"text":"a pártos magatartásukkal"}],"coordinates":[],"confidence":{"state":"pre-added","who":["user:viragnandor"],"prob":1},"fields":{},"normalizations":{}},{"classId":"e_13","part":"s1v1","offsets":[{"start":3913,"text":"engedjék át"}],"coordinates":[],"confidence":{"state":"pre-added","who":["user:viragnandor"],"prob":1},"fields":{},"normalizations":{}},{"classId":"e_4","part":"s1v1","offsets":[{"start":3913,"text":"engedjék át ezt a kérdést, és engedjék meg az embereknek, hogy dönthessenek arról"}],"coordinates":[],"confidence":{"state":"pre-added","who":["user:bernidam"],"prob":1},"fields":{},"normalizations":{}},{"classId":"e_14","part":"s1v1","offsets":[{"start":3925,"text":"ezt a kérdést"}],"coordinates":[],"confidence":{"state":"pre-added","who":["user:viragnandor"],"prob":1},"fields":{},"normalizations":{}},{"classId":"e_13","part":"s1v1","offsets":[{"start":3943,"text":"engedjék meg"}],"coordinates":[],"confidence":{"state":"pre-added","who":["user:viragnandor"],"prob":1},"fields":{},"normalizations":{}},{"classId":"e_14","part":"s1v1","offsets":[{"start":3956,"text":"az embereknek"}],"coordinates":[],"confidence":{"state":"pre-added","who":["user:viragnandor"],"prob":1},"fields":{},"normalizations":{}},{"classId":"e_13","part":"s1v1","offsets":[{"start":3976,"text":"dönthessenek"}],"coordinates":[],"confidence":{"state":"pre-added","who":["user:viragnandor"],"prob":1},"fields":{},"normalizations":{}},{"classId":"e_14","part":"s1v1","offsets":[{"start":3989,"text":"arról"}],"coordinates":[],"confidence":{"state":"pre-added","who":["user:viragnandor"],"prob":1},"fields":{},"normalizations":{}},{"classId":"e_5","part":"s1v1","offsets":[{"start":3996,"text":"hogy ez a törvény nekik jó vagy nem jó"}],"coordinates":[],"confidence":{"state":"pre-added","who":["user:bernidam"],"prob":1},"fields":{},"normalizations":{}},{"classId":"e_14","part":"s1v1","offsets":[{"start":4001,"text":"ez a törvény"}],"coordinates":[],"confidence":{"state":"pre-added","who":["user:viragnandor"],"prob":1},"fields":{},"normalizations":{}},{"classId":"e_14","part":"s1v1","offsets":[{"start":4014,"text":"nekik"}],"coordinates":[],"confidence":{"state":"pre-added","who":["user:viragnandor"],"prob":1},"fields":{},"normalizations":{}},{"classId":"e_13","part":"s1v1","offsets":[{"start":4020,"text":"jó vagy nem jó"}],"coordinates":[],"confidence":{"state":"pre-added","who":["user:bernidam"],"prob":1},"fields":{},"normalizations":{}},{"classId":"e_2","part":"s1v1","offsets":[{"start":4036,"text":"mert most lassan 3 ezer ember veszítette el az állását (Az elnök a csengő megkocogtatásával jelzi az időkeret leteltét.), 387 ezer plusz munkaórát kell dolgozni a kereskedelemben azoknak"}],"coordinates":[],"confidence":{"state":"pre-added","who":["user:bernidam"],"prob":1},"fields":{},"normalizations":{}},{"classId":"e_14","part":"s1v1","offsets":[{"start":4053,"text":"3 ezer ember"}],"coordinates":[],"confidence":{"state":"pre-added","who":["user:viragnandor"],"prob":1},"fields":{},"normalizations":{}},{"classId":"e_13","part":"s1v1","offsets":[{"start":4066,"text":"veszítette el"}],"coordinates":[],"confidence":{"state":"pre-added","who":["user:viragnandor"],"prob":1},"fields":{},"normalizations":{}},{"classId":"e_14","part":"s1v1","offsets":[{"start":4080,"text":"az állását"}],"coordinates":[],"confidence":{"state":"pre-added","who":["user:viragnandor"],"prob":1},"fields":{},"normalizations":{}},{"classId":"e_14","part":"s1v1","offsets":[{"start":4158,"text":"387 ezer plusz munkaórát"}],"coordinates":[],"confidence":{"state":"pre-added","who":["user:viragnandor"],"prob":1},"fields":{},"normalizations":{}},{"classId":"e_13","part":"s1v1","offsets":[{"start":4183,"text":"kell dolgozni"}],"coordinates":[],"confidence":{"state":"pre-added","who":["user:viragnandor"],"prob":1},"fields":{},"normalizations":{}},{"classId":"e_14","part":"s1v1","offsets":[{"start":4197,"text":"a kereskedelemben"}],"coordinates":[],"confidence":{"state":"pre-added","who":["user:viragnandor"],"prob":1},"fields":{},"normalizations":{}},{"classId":"e_14","part":"s1v1","offsets":[{"start":4215,"text":"azoknak"}],"coordinates":[],"confidence":{"state":"pre-added","who":["user:viragnandor"],"prob":1},"fields":{},"normalizations":{}},{"classId":"e_2","part":"s1v1","offsets":[{"start":4243,"text":"Ez a törvény káros az embereknek (Az elnök a csengő megkocogtatásával jelzi az időkeret leteltét.), káros az országnak"}],"coordinates":[],"confidence":{"state":"pre-added","who":["user:viragnandor"],"prob":1},"fields":{},"normalizations":{}},{"classId":"e_14","part":"s1v1","offsets":[{"start":4243,"text":"Ez a törvény"}],"coordinates":[],"confidence":{"state":"pre-added","who":["user:viragnandor"],"prob":1},"fields":{},"normalizations":{}},{"classId":"e_13","part":"s1v1","offsets":[{"start":4256,"text":"káros"}],"coordinates":[],"confidence":{"state":"pre-added","who":["user:viragnandor"],"prob":1},"fields":{},"normalizations":{}},{"classId":"e_14","part":"s1v1","offsets":[{"start":4262,"text":"az embereknek"}],"coordinates":[],"confidence":{"state":"pre-added","who":["user:viragnandor"],"prob":1},"fields":{},"normalizations":{}},{"classId":"e_13","part":"s1v1","offsets":[{"start":4343,"text":"káros"}],"coordinates":[],"confidence":{"state":"pre-added","who":["user:viragnandor"],"prob":1},"fields":{},"normalizations":{}},{"classId":"e_14","part":"s1v1","offsets":[{"start":4349,"text":"az országnak"}],"coordinates":[],"confidence":{"state":"pre-added","who":["user:viragnandor"],"prob":1},"fields":{},"normalizations":{}},{"classId":"e_4","part":"s1v1","offsets":[{"start":4363,"text":"engedjék meg, hogy döntsön a nép"}],"coordinates":[],"confidence":{"state":"pre-added","who":["user:viragnandor"],"prob":1},"fields":{},"normalizations":{}},{"classId":"e_13","part":"s1v1","offsets":[{"start":4363,"text":"engedjék meg"}],"coordinates":[],"confidence":{"state":"pre-added","who":["user:viragnandor"],"prob":1},"fields":{},"normalizations":{}},{"classId":"e_13","part":"s1v1","offsets":[{"start":4382,"text":"döntsön"}],"coordinates":[],"confidence":{"state":"pre-added","who":["user:viragnandor"],"prob":1},"fields":{},"normalizations":{}},{"classId":"e_14","part":"s1v1","offsets":[{"start":4390,"text":"a nép"}],"coordinates":[],"confidence":{"state":"pre-added","who":["user:viragnandor"],"prob":1},"fields":{},"normalizations":{}}],"relations":[{"classId":"r_16","type":"linked","directed":false,"entities":["s1v1|e_14|442,451","s1v1|e_2|416,484"],"confidence":{"state":"pre-added","who":["user:bernidam"],"prob":1}},{"classId":"r_16","type":"linked","directed":false,"entities":["s1v1|e_14|463,484","s1v1|e_2|416,484"],"confidence":{"state":"pre-added","who":["user:bernidam"],"prob":1}},{"classId":"r_16","type":"linked","directed":false,"entities":["s1v1|e_14|617,628","s1v1|e_2|617,736"],"confidence":{"state":"pre-added","who":["user:viragnandor"],"prob":1}},{"classId":"r_16","type":"linked","directed":false,"entities":["s1v1|e_14|641,682","s1v1|e_2|617,736"],"confidence":{"state":"pre-added","who":["user:viragnandor"],"prob":1}},{"classId":"r_16","type":"linked","directed":false,"entities":["s1v1|e_14|685,728","s1v1|e_2|617,736"],"confidence":{"state":"pre-added","who":["user:viragnandor"],"prob":1}},{"classId":"r_16","type":"linked","directed":false,"entities":["s1v1|e_14|738,749","s1v1|e_2|738,809"],"confidence":{"state":"pre-added","who":["user:bernidam"],"prob":1}},{"classId":"r_16","type":"linked","directed":false,"entities":["s1v1|e_14|751,757","s1v1|e_2|738,809"],"confidence":{"state":"pre-added","who":["user:bernidam"],"prob":1}},{"classId":"r_16","type":"linked","directed":false,"entities":["s1v1|e_14|769,784","s1v1|e_2|738,809"],"confidence":{"state":"pre-added","who":["user:bernidam"],"prob":1}},{"classId":"r_16","type":"linked","directed":false,"entities":["s1v1|e_14|2087,2104","s1v1|e_2|2082,2179"],"confidence":{"state":"pre-added","who":["user:bernidam"],"prob":1}},{"classId":"r_16","type":"linked","directed":false,"entities":["s1v1|e_14|2120,2150","s1v1|e_2|2082,2179"],"confidence":{"state":"pre-added","who":["user:bernidam"],"prob":1}},{"classId":"r_16","type":"linked","directed":false,"entities":["s1v1|e_14|2215,2224","s1v1|e_2|2210,2259"],"confidence":{"state":"pre-added","who":["user:bernidam"],"prob":1}},{"classId":"r_16","type":"linked","directed":false,"entities":["s1v1|e_14|2249,2259","s1v1|e_2|2210,2259"],"confidence":{"state":"pre-added","who":["user:bernidam"],"prob":1}},{"classId":"r_16","type":"linked","directed":false,"entities":["s1v1|e_14|2281,2291","s1v1|e_2|2294,2322"],"confidence":{"state":"pre-added","who":["user:bernidam"],"prob":1}},{"classId":"r_16","type":"linked","directed":false,"entities":["s1v1|e_14|2294,2300","s1v1|e_2|2294,2322"],"confidence":{"state":"pre-added","who":["user:bernidam"],"prob":1}},{"classId":"r_16","type":"linked","directed":false,"entities":["s1v1|e_14|3248,3250","s1v1|e_2|3242,3278"],"confidence":{"state":"pre-added","who":["user:bernidam"],"prob":1}},{"classId":"r_16","type":"linked","directed":false,"entities":["s1v1|e_14|3252,3259","s1v1|e_2|3242,3278"],"confidence":{"state":"pre-added","who":["user:bernidam"],"prob":1}},{"classId":"r_16","type":"linked","directed":false,"entities":["s1v1|e_14|3281,3298","s1v1|e_2|3281,3336"],"confidence":{"state":"pre-added","who":["user:bernidam"],"prob":1}},{"classId":"r_16","type":"linked","directed":false,"entities":["s1v1|e_14|3300,3317","s1v1|e_2|3281,3336"],"confidence":{"state":"pre-added","who":["user:bernidam"],"prob":1}},{"classId":"r_16","type":"linked","directed":false,"entities":["s1v1|e_14|3468,3471","s1v1|e_2|3462,3495"],"confidence":{"state":"pre-added","who":["user:bernidam"],"prob":1}},{"classId":"r_16","type":"linked","directed":false,"entities":["s1v1|e_14|3473,3475","s1v1|e_2|3462,3495"],"confidence":{"state":"pre-added","who":["user:bernidam"],"prob":1}},{"classId":"r_16","type":"linked","directed":false,"entities":["s1v1|e_14|3722,3724","s1v1|e_2|3716,3757"],"confidence":{"state":"pre-added","who":["user:bernidam"],"prob":1}},{"classId":"r_16","type":"linked","directed":false,"entities":["s1v1|e_14|3726,3729","s1v1|e_2|3716,3757"],"confidence":{"state":"pre-added","who":["user:bernidam"],"prob":1}},{"classId":"r_16","type":"linked","directed":false,"entities":["s1v1|e_14|4053,4064","s1v1|e_2|4036,4221"],"confidence":{"state":"pre-added","who":["user:bernidam"],"prob":1}},{"classId":"r_16","type":"linked","directed":false,"entities":["s1v1|e_14|4080,4089","s1v1|e_2|4036,4221"],"confidence":{"state":"pre-added","who":["user:bernidam"],"prob":1}},{"classId":"r_16","type":"linked","directed":false,"entities":["s1v1|e_14|4158,4181","s1v1|e_2|4036,4221"],"confidence":{"state":"pre-added","who":["user:bernidam"],"prob":1}},{"classId":"r_16","type":"linked","directed":false,"entities":["s1v1|e_14|4197,4213","s1v1|e_2|4036,4221"],"confidence":{"state":"pre-added","who":["user:bernidam"],"prob":1}},{"classId":"r_16","type":"linked","directed":false,"entities":["s1v1|e_14|4215,4221","s1v1|e_2|4036,4221"],"confidence":{"state":"pre-added","who":["user:bernidam"],"prob":1}},{"classId":"r_16","type":"linked","directed":false,"entities":["s1v1|e_14|4243,4254","s1v1|e_2|4243,4360"],"confidence":{"state":"pre-added","who":["user:viragnandor"],"prob":1}},{"classId":"r_16","type":"linked","directed":false,"entities":["s1v1|e_14|4262,4274","s1v1|e_2|4243,4360"],"confidence":{"state":"pre-added","who":["user:viragnandor"],"prob":1}},{"classId":"r_16","type":"linked","directed":false,"entities":["s1v1|e_14|4349,4360","s1v1|e_2|4243,4360"],"confidence":{"state":"pre-added","who":["user:viragnandor"],"prob":1}},{"classId":"r_18","type":"linked","directed":false,"entities":["s1v1|e_14|1539,1548","s1v1|e_4|1518,1557"],"confidence":{"state":"pre-added","who":["user:bernidam"],"prob":1}},{"classId":"r_18","type":"linked","directed":false,"entities":["s1v1|e_14|1550,1557","s1v1|e_4|1518,1557"],"confidence":{"state":"pre-added","who":["user:bernidam"],"prob":1}},{"classId":"r_18","type":"linked","directed":false,"entities":["s1v1|e_14|2366,2392","s1v1|e_4|2344,2423"],"confidence":{"state":"pre-added","who":["user:viragnandor"],"prob":1}},{"classId":"r_18","type":"linked","directed":false,"entities":["s1v1|e_14|2394,2422","s1v1|e_4|2344,2423"],"confidence":{"state":"pre-added","who":["user:viragnandor"],"prob":1}},{"classId":"r_18","type":"linked","directed":false,"entities":["s1v1|e_14|2826,2828","s1v1|e_4|2813,2932"],"confidence":{"state":"pre-added","who":["user:bernidam"],"prob":1}},{"classId":"r_18","type":"linked","directed":false,"entities":["s1v1|e_14|2834,2862","s1v1|e_4|2813,2932"],"confidence":{"state":"pre-added","who":["user:bernidam"],"prob":1}},{"classId":"r_18","type":"linked","directed":false,"entities":["s1v1|e_14|2865,2894","s1v1|e_4|2813,2932"],"confidence":{"state":"pre-added","who":["user:bernidam"],"prob":1}},{"classId":"r_18","type":"linked","directed":false,"entities":["s1v1|e_14|2902,2932","s1v1|e_4|2813,2932"],"confidence":{"state":"pre-added","who":["user:bernidam"],"prob":1}},{"classId":"r_18","type":"linked","directed":false,"entities":["s1v1|e_14|2979,2988","s1v1|e_4|2955,3004"],"confidence":{"state":"pre-added","who":["user:bernidam"],"prob":1}},{"classId":"r_18","type":"linked","directed":false,"entities":["s1v1|e_14|3000,3004","s1v1|e_4|2955,3004"],"confidence":{"state":"pre-added","who":["user:bernidam"],"prob":1}},{"classId":"r_18","type":"linked","directed":false,"entities":["s1v1|e_14|3066,3078","s1v1|e_4|3053,3098"],"confidence":{"state":"pre-added","who":["user:bernidam"],"prob":1}},{"classId":"r_18","type":"linked","directed":false,"entities":["s1v1|e_14|3096,3098","s1v1|e_4|3053,3098"],"confidence":{"state":"pre-added","who":["user:bernidam"],"prob":1}},{"classId":"r_18","type":"linked","directed":false,"entities":["s1v1|e_14|3166,3176","s1v1|e_4|3158,3239"],"confidence":{"state":"pre-added","who":["user:bernidam"],"prob":1}},{"classId":"r_18","type":"linked","directed":false,"entities":["s1v1|e_14|3178,3194","s1v1|e_4|3158,3239"],"confidence":{"state":"pre-added","who":["user:bernidam"],"prob":1}},{"classId":"r_18","type":"linked","directed":false,"entities":["s1v1|e_14|3211,3221","s1v1|e_4|3158,3239"],"confidence":{"state":"pre-added","who":["user:bernidam"],"prob":1}},{"classId":"r_18","type":"linked","directed":false,"entities":["s1v1|e_14|3223,3239","s1v1|e_4|3158,3239"],"confidence":{"state":"pre-added","who":["user:bernidam"],"prob":1}},{"classId":"r_18","type":"linked","directed":false,"entities":["s1v1|e_14|3424,3441","s1v1|e_4|3416,3459"],"confidence":{"state":"pre-added","who":["user:bernidam"],"prob":1}},{"classId":"r_18","type":"linked","directed":false,"entities":["s1v1|e_14|3703,3713","s1v1|e_4|3690,3713"],"confidence":{"state":"pre-added","who":["user:bernidam"],"prob":1}},{"classId":"r_18","type":"linked","directed":false,"entities":["s1v1|e_14|3925,3937","s1v1|e_4|3913,3993"],"confidence":{"state":"pre-added","who":["user:bernidam"],"prob":1}},{"classId":"r_18","type":"linked","directed":false,"entities":["s1v1|e_14|3956,3968","s1v1|e_4|3913,3993"],"confidence":{"state":"pre-added","who":["user:bernidam"],"prob":1}},{"classId":"r_18","type":"linked","directed":false,"entities":["s1v1|e_14|3989,3993","s1v1|e_4|3913,3993"],"confidence":{"state":"pre-added","who":["user:bernidam"],"prob":1}},{"classId":"r_18","type":"linked","directed":false,"entities":["s1v1|e_14|4390,4394","s1v1|e_4|4363,4394"],"confidence":{"state":"pre-added","who":["user:viragnandor"],"prob":1}},{"classId":"r_19","type":"linked","directed":false,"entities":["s1v1|e_14|141,161","s1v1|e_5|137,189"],"confidence":{"state":"pre-added","who":["user:bernidam"],"prob":1}},{"classId":"r_19","type":"linked","directed":false,"entities":["s1v1|e_14|166,177","s1v1|e_5|137,189"],"confidence":{"state":"pre-added","who":["user:bernidam"],"prob":1}},{"classId":"r_19","type":"linked","directed":false,"entities":["s1v1|e_14|356,405","s1v1|e_5|346,413"],"confidence":{"state":"pre-added","who":["user:bernidam"],"prob":1}},{"classId":"r_19","type":"linked","directed":false,"entities":["s1v1|e_14|875,915","s1v1|e_5|870,939"],"confidence":{"state":"pre-added","who":["user:bernidam"],"prob":1}},{"classId":"r_19","type":"linked","directed":false,"entities":["s1v1|e_14|969,1002","s1v1|e_5|1040,1179"],"confidence":{"state":"pre-added","who":["user:bernidam"],"prob":1}},{"classId":"r_19","type":"linked","directed":false,"entities":["s1v1|e_14|1024,1025","s1v1|e_5|1040,1179"],"confidence":{"state":"pre-added","who":["user:bernidam"],"prob":1}},{"classId":"r_19","type":"linked","directed":false,"entities":["s1v1|e_14|1040,1043","s1v1|e_5|1040,1179"],"confidence":{"state":"pre-added","who":["user:bernidam"],"prob":1}},{"classId":"r_19","type":"linked","directed":false,"entities":["s1v1|e_14|1057,1070","s1v1|e_5|1040,1179"],"confidence":{"state":"pre-added","who":["user:bernidam"],"prob":1}},{"classId":"r_19","type":"linked","directed":false,"entities":["s1v1|e_14|1072,1088","s1v1|e_5|1040,1179"],"confidence":{"state":"pre-added","who":["user:bernidam"],"prob":1}},{"classId":"r_19","type":"linked","directed":false,"entities":["s1v1|e_14|1123,1144","s1v1|e_5|1040,1179"],"confidence":{"state":"pre-added","who":["user:bernidam"],"prob":1}},{"classId":"r_19","type":"linked","directed":false,"entities":["s1v1|e_14|1172,1179","s1v1|e_5|1040,1179"],"confidence":{"state":"pre-added","who":["user:bernidam"],"prob":1}},{"classId":"r_19","type":"linked","directed":false,"entities":["s1v1|e_14|1350,1361","s1v1|e_5|1350,1418"],"confidence":{"state":"pre-added","who":["user:bernidam"],"prob":1}},{"classId":"r_19","type":"linked","directed":false,"entities":["s1v1|e_14|1375,1388","s1v1|e_5|1350,1418"],"confidence":{"state":"pre-added","who":["user:bernidam"],"prob":1}},{"classId":"r_19","type":"linked","directed":false,"entities":["s1v1|e_14|1390,1403","s1v1|e_5|1350,1418"],"confidence":{"state":"pre-added","who":["user:bernidam"],"prob":1}},{"classId":"r_19","type":"linked","directed":false,"entities":["s1v1|e_14|1405,1418","s1v1|e_5|1350,1418"],"confidence":{"state":"pre-added","who":["user:bernidam"],"prob":1}},{"classId":"r_19","type":"linked","directed":false,"entities":["s1v1|e_14|1571,1588","s1v1|e_5|1560,1606"],"confidence":{"state":"pre-added","who":["user:bernidam"],"prob":1}},{"classId":"r_19","type":"linked","directed":false,"entities":["s1v1|e_14|1645,1679","s1v1|e_5|1637,1774"],"confidence":{"state":"pre-added","who":["user:bernidam"],"prob":1}},{"classId":"r_19","type":"linked","directed":false,"entities":["s1v1|e_14|1695,1705","s1v1|e_5|1637,1774"],"confidence":{"state":"pre-added","who":["user:bernidam"],"prob":1}},{"classId":"r_19","type":"linked","directed":false,"entities":["s1v1|e_14|1707,1709","s1v1|e_5|1637,1774"],"confidence":{"state":"pre-added","who":["user:bernidam"],"prob":1}},{"classId":"r_19","type":"linked","directed":false,"entities":["s1v1|e_14|1735,1745","s1v1|e_5|1637,1774"],"confidence":{"state":"pre-added","who":["user:bernidam"],"prob":1}},{"classId":"r_19","type":"linked","directed":false,"entities":["s1v1|e_14|1760,1774","s1v1|e_5|1637,1774"],"confidence":{"state":"pre-added","who":["user:bernidam"],"prob":1}},{"classId":"r_19","type":"linked","directed":false,"entities":["s1v1|e_14|2015,2032","s1v1|e_5|2008,2056"],"confidence":{"state":"pre-added","who":["user:bernidam"],"prob":1}},{"classId":"r_19","type":"linked","directed":false,"entities":["s1v1|e_14|2052,2056","s1v1|e_5|2008,2056"],"confidence":{"state":"pre-added","who":["user:bernidam"],"prob":1}},{"classId":"r_19","type":"linked","directed":false,"entities":["s1v1|e_14|2455,2480","s1v1|e_5|2483,2569"],"confidence":{"state":"pre-added","who":["user:bernidam"],"prob":1}},{"classId":"r_19","type":"linked","directed":false,"entities":["s1v1|e_14|2483,2487","s1v1|e_5|2483,2569"],"confidence":{"state":"pre-added","who":["user:bernidam"],"prob":1}},{"classId":"r_19","type":"linked","directed":false,"entities":["s1v1|e_14|2503,2519","s1v1|e_5|2483,2569"],"confidence":{"state":"pre-added","who":["user:bernidam"],"prob":1}},{"classId":"r_19","type":"linked","directed":false,"entities":["s1v1|e_14|2542,2555","s1v1|e_5|2483,2569"],"confidence":{"state":"pre-added","who":["user:bernidam"],"prob":1}},{"classId":"r_19","type":"linked","directed":false,"entities":["s1v1|e_14|2605,2630","s1v1|e_5|2649,2734"],"confidence":{"state":"pre-added","who":["user:bernidam"],"prob":1}},{"classId":"r_19","type":"linked","directed":false,"entities":["s1v1|e_14|2654,2679","s1v1|e_5|2649,2734"],"confidence":{"state":"pre-added","who":["user:bernidam"],"prob":1}},{"classId":"r_19","type":"linked","directed":false,"entities":["s1v1|e_14|2681,2699","s1v1|e_5|2649,2734"],"confidence":{"state":"pre-added","who":["user:bernidam"],"prob":1}},{"classId":"r_19","type":"linked","directed":false,"entities":["s1v1|e_14|3012,3023","s1v1|e_5|3007,3050"],"confidence":{"state":"pre-added","who":["user:bernidam"],"prob":1}},{"classId":"r_19","type":"linked","directed":false,"entities":["s1v1|e_14|3118,3146","s1v1|e_5|3101,3155"],"confidence":{"state":"pre-added","who":["user:bernidam"],"prob":1}},{"classId":"r_19","type":"linked","directed":false,"entities":["s1v1|e_14|3604,3605","s1v1|e_5|3599,3644"],"confidence":{"state":"pre-added","who":["user:bernidam"],"prob":1}},{"classId":"r_19","type":"linked","directed":false,"entities":["s1v1|e_14|3607,3622","s1v1|e_5|3599,3644"],"confidence":{"state":"pre-added","who":["user:bernidam"],"prob":1}},{"classId":"r_19","type":"linked","directed":false,"entities":["s1v1|e_14|3630,3644","s1v1|e_5|3599,3644"],"confidence":{"state":"pre-added","who":["user:bernidam"],"prob":1}},{"classId":"r_19","type":"linked","directed":false,"entities":["s1v1|e_14|3808,3836","s1v1|e_5|3868,3910"],"confidence":{"state":"pre-added","who":["user:bernidam"],"prob":1}},{"classId":"r_19","type":"linked","directed":false,"entities":["s1v1|e_14|3841,3865","s1v1|e_5|3868,3910"],"confidence":{"state":"pre-added","who":["user:bernidam"],"prob":1}},{"classId":"r_19","type":"linked","directed":false,"entities":["s1v1|e_14|3887,3910","s1v1|e_5|3868,3910"],"confidence":{"state":"pre-added","who":["user:bernidam"],"prob":1}},{"classId":"r_19","type":"linked","directed":false,"entities":["s1v1|e_14|4001,4012","s1v1|e_5|3996,4033"],"confidence":{"state":"pre-added","who":["user:bernidam"],"prob":1}},{"classId":"r_19","type":"linked","directed":false,"entities":["s1v1|e_14|4014,4018","s1v1|e_5|3996,4033"],"confidence":{"state":"pre-added","who":["user:bernidam"],"prob":1}},{"classId":"r_20","type":"linked","directed":false,"entities":["s1v1|e_14|1201,1203","s1v1|e_6|1201,1328"],"confidence":{"state":"pre-added","who":["user:viragnandor"],"prob":1}},{"classId":"r_20","type":"linked","directed":false,"entities":["s1v1|e_14|1205,1275","s1v1|e_6|1201,1328"],"confidence":{"state":"pre-added","who":["user:viragnandor"],"prob":1}},{"classId":"r_20","type":"linked","directed":false,"entities":["s1v1|e_14|1285,1287","s1v1|e_6|1201,1328"],"confidence":{"state":"pre-added","who":["user:viragnandor"],"prob":1}},{"classId":"r_20","type":"linked","directed":false,"entities":["s1v1|e_14|1302,1318","s1v1|e_6|1201,1328"],"confidence":{"state":"pre-added","who":["user:viragnandor"],"prob":1}},{"classId":"r_20","type":"linked","directed":false,"entities":["s1v1|e_14|1817,1825","s1v1|e_6|1808,1881"],"confidence":{"state":"pre-added","who":["user:bernidam"],"prob":1}},{"classId":"r_20","type":"linked","directed":false,"entities":["s1v1|e_14|1827,1842","s1v1|e_6|1808,1881"],"confidence":{"state":"pre-added","who":["user:bernidam"],"prob":1}},{"classId":"r_20","type":"linked","directed":false,"entities":["s1v1|e_14|1847,1859","s1v1|e_6|1808,1881"],"confidence":{"state":"pre-added","who":["user:bernidam"],"prob":1}},{"classId":"r_20","type":"linked","directed":false,"entities":["s1v1|e_14|1861,1866","s1v1|e_6|1808,1881"],"confidence":{"state":"pre-added","who":["user:bernidam"],"prob":1}},{"classId":"r_20","type":"linked","directed":false,"entities":["s1v1|e_14|1896,1899","s1v1|e_6|1918,1952"],"confidence":{"state":"pre-added","who":["user:bernidam"],"prob":1}},{"classId":"r_20","type":"linked","directed":false,"entities":["s1v1|e_14|1932,1942","s1v1|e_6|1918,1952"],"confidence":{"state":"pre-added","who":["user:bernidam"],"prob":1}},{"classId":"r_20","type":"linked","directed":false,"entities":["s1v1|e_14|1944,1948","s1v1|e_6|1918,1952"],"confidence":{"state":"pre-added","who":["user:bernidam"],"prob":1}},{"classId":"r_26","type":"linked","directed":false,"entities":["s1v1|e_14|57,64","s1v1|e_12|50,134"],"confidence":{"state":"pre-added","who":["user:bernidam"],"prob":1}},{"classId":"r_26","type":"linked","directed":false,"entities":["s1v1|e_14|66,81","s1v1|e_12|50,134"],"confidence":{"state":"pre-added","who":["user:bernidam"],"prob":1}},{"classId":"r_26","type":"linked","directed":false,"entities":["s1v1|e_14|93,134","s1v1|e_12|50,134"],"confidence":{"state":"pre-added","who":["user:bernidam"],"prob":1}},{"classId":"r_26","type":"linked","directed":false,"entities":["s1v1|e_14|314,327","s1v1|e_12|314,343"],"confidence":{"state":"pre-added","who":["user:bernidam"],"prob":1}},{"classId":"r_26","type":"linked","directed":false,"entities":["s1v1|e_14|329,332","s1v1|e_12|314,343"],"confidence":{"state":"pre-added","who":["user:bernidam"],"prob":1}}]}