{"annotatable":{"parts":["s1v1"]},"anncomplete":false,"sources":[],"metas":{},"entities":[{"classId":"e_7","part":"s1v1","offsets":[{"start":67,"text":"Az elmúlt napokban szerte a világban megemlékeztek a franciaországi áldozatokról."}],"coordinates":[],"confidence":{"state":"pre-added","who":["user:szabokristof2333"],"prob":1},"fields":{},"normalizations":{}},{"classId":"e_14","part":"s1v1","offsets":[{"start":67,"text":"Az elmúlt napokban"}],"coordinates":[],"confidence":{"state":"pre-added","who":["user:szabokristof2333"],"prob":1},"fields":{},"normalizations":{}},{"classId":"e_14","part":"s1v1","offsets":[{"start":86,"text":"szerte a világban"}],"coordinates":[],"confidence":{"state":"pre-added","who":["user:szabokristof2333"],"prob":1},"fields":{},"normalizations":{}},{"classId":"e_13","part":"s1v1","offsets":[{"start":104,"text":"megemlékeztek a franciaországi áldozatokról"}],"coordinates":[],"confidence":{"state":"pre-added","who":["user:szabokristof2333"],"prob":1},"fields":{},"normalizations":{}},{"classId":"e_14","part":"s1v1","offsets":[{"start":118,"text":"a franciaországi áldozatokról"}],"coordinates":[],"confidence":{"state":"pre-added","who":["user:szabokristof2333"],"prob":1},"fields":{},"normalizations":{}},{"classId":"e_7","part":"s1v1","offsets":[{"start":149,"text":"Hazánkban a párizsi terrortámadások áldozatainak emlékére nemzeti gyásznap volt a tegnapi nap, országszerte egész nap csendes megemlékezéseket tartottak"}],"coordinates":[],"confidence":{"state":"pre-added","who":["user:szabokristof2333"],"prob":1},"fields":{},"normalizations":{}},{"classId":"e_14","part":"s1v1","offsets":[{"start":149,"text":"Hazánkban"}],"coordinates":[],"confidence":{"state":"pre-added","who":["user:bernidam"],"prob":1},"fields":{},"normalizations":{}},{"classId":"e_14","part":"s1v1","offsets":[{"start":159,"text":"a párizsi terrortámadások áldozatainak emlékére"}],"coordinates":[],"confidence":{"state":"pre-added","who":["user:bernidam"],"prob":1},"fields":{},"normalizations":{}},{"classId":"e_13","part":"s1v1","offsets":[{"start":207,"text":"nemzeti gyásznap"}],"coordinates":[],"confidence":{"state":"pre-added","who":["user:szabokristof2333"],"prob":1},"fields":{},"normalizations":{}},{"classId":"e_14","part":"s1v1","offsets":[{"start":207,"text":"nemzeti gyásznap"}],"coordinates":[],"confidence":{"state":"pre-added","who":["user:bernidam"],"prob":1},"fields":{},"normalizations":{}},{"classId":"e_14","part":"s1v1","offsets":[{"start":229,"text":"a tegnapi nap"}],"coordinates":[],"confidence":{"state":"pre-added","who":["user:bernidam"],"prob":1},"fields":{},"normalizations":{}},{"classId":"e_14","part":"s1v1","offsets":[{"start":244,"text":"országszerte"}],"coordinates":[],"confidence":{"state":"pre-added","who":["user:bernidam"],"prob":1},"fields":{},"normalizations":{}},{"classId":"e_14","part":"s1v1","offsets":[{"start":257,"text":"egész nap"}],"coordinates":[],"confidence":{"state":"pre-added","who":["user:bernidam"],"prob":1},"fields":{},"normalizations":{}},{"classId":"e_13","part":"s1v1","offsets":[{"start":267,"text":"csendes megemlékezéseket tartottak"}],"coordinates":[],"confidence":{"state":"pre-added","who":["user:szabokristof2333"],"prob":1},"fields":{},"normalizations":{}},{"classId":"e_14","part":"s1v1","offsets":[{"start":267,"text":"csendes megemlékezéseket"}],"coordinates":[],"confidence":{"state":"pre-added","who":["user:bernidam"],"prob":1},"fields":{},"normalizations":{}},{"classId":"e_4","part":"s1v1","offsets":[{"start":303,"text":"ezzel is kifejezve a francia néppel való együttérzést"}],"coordinates":[],"confidence":{"state":"pre-added","who":["user:szabokristof2333"],"prob":1},"fields":{},"normalizations":{}},{"classId":"e_14","part":"s1v1","offsets":[{"start":303,"text":"ezzel"}],"coordinates":[],"confidence":{"state":"pre-added","who":["user:bernidam"],"prob":1},"fields":{},"normalizations":{}},{"classId":"e_14","part":"s1v1","offsets":[{"start":322,"text":"a francia néppel való együttérzést"}],"coordinates":[],"confidence":{"state":"pre-added","who":["user:szabokristof2333"],"prob":1},"fields":{},"normalizations":{}},{"classId":"e_13","part":"s1v1","offsets":[{"start":344,"text":"együttérzést"}],"coordinates":[],"confidence":{"state":"pre-added","who":["user:bernidam"],"prob":1},"fields":{},"normalizations":{}},{"classId":"e_3","part":"s1v1","offsets":[{"start":358,"text":"A múlt hét pénteki párizsi merénylet célja"}],"coordinates":[],"confidence":{"state":"pre-added","who":["user:szabokristof2333"],"prob":1},"fields":{},"normalizations":{}},{"classId":"e_14","part":"s1v1","offsets":[{"start":358,"text":"A múlt hét pénteki párizsi merénylet"}],"coordinates":[],"confidence":{"state":"pre-added","who":["user:bernidam"],"prob":1},"fields":{},"normalizations":{}},{"classId":"e_13","part":"s1v1","offsets":[{"start":385,"text":"merénylet"}],"coordinates":[],"confidence":{"state":"pre-added","who":["user:bernidam"],"prob":1},"fields":{},"normalizations":{}},{"classId":"e_14","part":"s1v1","offsets":[{"start":395,"text":"célja"}],"coordinates":[],"confidence":{"state":"pre-added","who":["user:bernidam"],"prob":1},"fields":{},"normalizations":{}},{"classId":"e_5","part":"s1v1","offsets":[{"start":402,"text":"hogy aláássa Európa keresztény fundamentumát és lerombolja azt"}],"coordinates":[],"confidence":{"state":"pre-added","who":["user:szabokristof2333","user:bernidam"],"prob":1},"fields":{},"normalizations":{}},{"classId":"e_13","part":"s1v1","offsets":[{"start":407,"text":"aláássa"}],"coordinates":[],"confidence":{"state":"pre-added","who":["user:bernidam"],"prob":1},"fields":{},"normalizations":{}},{"classId":"e_14","part":"s1v1","offsets":[{"start":415,"text":"Európa keresztény fundamentumát"}],"coordinates":[],"confidence":{"state":"pre-added","who":["user:szabokristof2333"],"prob":1},"fields":{},"normalizations":{}},{"classId":"e_13","part":"s1v1","offsets":[{"start":450,"text":"lerombolja"}],"coordinates":[],"confidence":{"state":"pre-added","who":["user:bernidam"],"prob":1},"fields":{},"normalizations":{}},{"classId":"e_14","part":"s1v1","offsets":[{"start":461,"text":"azt"}],"coordinates":[],"confidence":{"state":"pre-added","who":["user:bernidam"],"prob":1},"fields":{},"normalizations":{}},{"classId":"e_3","part":"s1v1","offsets":[{"start":466,"text":"Az európai ember szabadságát és életformáját, az emberi életet támadták meg"}],"coordinates":[],"confidence":{"state":"pre-added","who":["user:bernidam"],"prob":1},"fields":{},"normalizations":{}},{"classId":"e_14","part":"s1v1","offsets":[{"start":466,"text":"Az európai ember szabadságát és életformáját"}],"coordinates":[],"confidence":{"state":"pre-added","who":["user:bernidam"],"prob":1},"fields":{},"normalizations":{}},{"classId":"e_14","part":"s1v1","offsets":[{"start":512,"text":"az emberi életet"}],"coordinates":[],"confidence":{"state":"pre-added","who":["user:szabokristof2333"],"prob":1},"fields":{},"normalizations":{}},{"classId":"e_13","part":"s1v1","offsets":[{"start":529,"text":"támadták meg"}],"coordinates":[],"confidence":{"state":"pre-added","who":["user:szabokristof2333"],"prob":1},"fields":{},"normalizations":{}},{"classId":"e_1","part":"s1v1","offsets":[{"start":543,"text":"ami hétköznapjaink biztonságát fenyegeti"}],"coordinates":[],"confidence":{"state":"pre-added","who":["user:szabokristof2333"],"prob":1},"fields":{},"normalizations":{}},{"classId":"e_14","part":"s1v1","offsets":[{"start":543,"text":"ami"}],"coordinates":[],"confidence":{"state":"pre-added","who":["user:bernidam"],"prob":1},"fields":{},"normalizations":{}},{"classId":"e_14","part":"s1v1","offsets":[{"start":547,"text":"hétköznapjaink biztonságát"}],"coordinates":[],"confidence":{"state":"pre-added","who":["user:szabokristof2333"],"prob":1},"fields":{},"normalizations":{}},{"classId":"e_13","part":"s1v1","offsets":[{"start":562,"text":"biztonságát fenyegeti"}],"coordinates":[],"confidence":{"state":"pre-added","who":["user:szabokristof2333"],"prob":1},"fields":{},"normalizations":{}},{"classId":"e_4","part":"s1v1","offsets":[{"start":585,"text":"Az európai értékek egyik legfontosabbika a tolerancia, a „fogadjátok el egymást szeretetben” keresztény alapértékének 2000 éves jelenléte az európai társadalmakban."}],"coordinates":[],"confidence":{"state":"pre-added","who":["user:szabokristof2333","user:bernidam"],"prob":1},"fields":{},"normalizations":{}},{"classId":"e_14","part":"s1v1","offsets":[{"start":585,"text":"Az európai értékek egyik legfontosabbika"}],"coordinates":[],"confidence":{"state":"pre-added","who":["user:szabokristof2333"],"prob":1},"fields":{},"normalizations":{}},{"classId":"e_13","part":"s1v1","offsets":[{"start":626,"text":"a tolerancia"}],"coordinates":[],"confidence":{"state":"pre-added","who":["user:szabokristof2333"],"prob":1},"fields":{},"normalizations":{}},{"classId":"e_14","part":"s1v1","offsets":[{"start":626,"text":"a tolerancia"}],"coordinates":[],"confidence":{"state":"pre-added","who":["user:szabokristof2333"],"prob":1},"fields":{},"normalizations":{}},{"classId":"e_14","part":"s1v1","offsets":[{"start":640,"text":"a „fogadjátok el egymást szeretetben” keresztény alapértékének 2000 éves jelenléte"}],"coordinates":[],"confidence":{"state":"pre-added","who":["user:bernidam"],"prob":1},"fields":{},"normalizations":{}},{"classId":"e_13","part":"s1v1","offsets":[{"start":643,"text":"fogadjátok el egymást szeretetben"}],"coordinates":[],"confidence":{"state":"pre-added","who":["user:bernidam"],"prob":1},"fields":{},"normalizations":{}},{"classId":"e_14","part":"s1v1","offsets":[{"start":723,"text":"az európai társadalmakban"}],"coordinates":[],"confidence":{"state":"pre-added","who":["user:szabokristof2333"],"prob":1},"fields":{},"normalizations":{}},{"classId":"e_4","part":"s1v1","offsets":[{"start":750,"text":"Minden ember egyedi és megismételhetetlen, ezért tiszteletet érdemel."}],"coordinates":[],"confidence":{"state":"pre-added","who":["user:szabokristof2333","user:bernidam"],"prob":1},"fields":{},"normalizations":{}},{"classId":"e_14","part":"s1v1","offsets":[{"start":750,"text":"Minden ember"}],"coordinates":[],"confidence":{"state":"pre-added","who":["user:szabokristof2333"],"prob":1},"fields":{},"normalizations":{}},{"classId":"e_13","part":"s1v1","offsets":[{"start":763,"text":"egyedi és megismételhetetlen"}],"coordinates":[],"confidence":{"state":"pre-added","who":["user:bernidam"],"prob":1},"fields":{},"normalizations":{}},{"classId":"e_13","part":"s1v1","offsets":[{"start":799,"text":"tiszteletet érdemel"}],"coordinates":[],"confidence":{"state":"pre-added","who":["user:szabokristof2333"],"prob":1},"fields":{},"normalizations":{}},{"classId":"e_14","part":"s1v1","offsets":[{"start":799,"text":"tiszteletet"}],"coordinates":[],"confidence":{"state":"pre-added","who":["user:bernidam"],"prob":1},"fields":{},"normalizations":{}},{"classId":"e_4","part":"s1v1","offsets":[{"start":864,"text":"de éppen ez az összetartozásunk alapértéke is"}],"coordinates":[],"confidence":{"state":"pre-added","who":["user:szabokristof2333","user:bernidam"],"prob":1},"fields":{},"normalizations":{}},{"classId":"e_14","part":"s1v1","offsets":[{"start":873,"text":"ez"}],"coordinates":[],"confidence":{"state":"pre-added","who":["user:bernidam"],"prob":1},"fields":{},"normalizations":{}},{"classId":"e_13","part":"s1v1","offsets":[{"start":876,"text":"az összetartozásunk alapértéke"}],"coordinates":[],"confidence":{"state":"pre-added","who":["user:szabokristof2333"],"prob":1},"fields":{},"normalizations":{}},{"classId":"e_14","part":"s1v1","offsets":[{"start":876,"text":"az összetartozásunk alapértéke"}],"coordinates":[],"confidence":{"state":"pre-added","who":["user:bernidam"],"prob":1},"fields":{},"normalizations":{}},{"classId":"e_14","part":"s1v1","offsets":[{"start":911,"text":"A jog"}],"coordinates":[],"confidence":{"state":"pre-added","who":["user:szabokristof2333"],"prob":1},"fields":{},"normalizations":{}},{"classId":"e_4","part":"s1v1","offsets":[{"start":918,"text":"hogy mindenki a lelkiismerete szerint cselekedjék, az emberi személy elpusztíthatatlan méltóságából következik"}],"coordinates":[],"confidence":{"state":"pre-added","who":["user:szabokristof2333","user:bernidam"],"prob":1},"fields":{},"normalizations":{}},{"classId":"e_14","part":"s1v1","offsets":[{"start":923,"text":"mindenki"}],"coordinates":[],"confidence":{"state":"pre-added","who":["user:bernidam"],"prob":1},"fields":{},"normalizations":{}},{"classId":"e_14","part":"s1v1","offsets":[{"start":932,"text":"a lelkiismerete"}],"coordinates":[],"confidence":{"state":"pre-added","who":["user:bernidam"],"prob":1},"fields":{},"normalizations":{}},{"classId":"e_13","part":"s1v1","offsets":[{"start":934,"text":"lelkiismerete"}],"coordinates":[],"confidence":{"state":"pre-added","who":["user:bernidam"],"prob":1},"fields":{},"normalizations":{}},{"classId":"e_14","part":"s1v1","offsets":[{"start":969,"text":"az emberi személy elpusztíthatatlan méltóságából"}],"coordinates":[],"confidence":{"state":"pre-added","who":["user:bernidam"],"prob":1},"fields":{},"normalizations":{}},{"classId":"e_13","part":"s1v1","offsets":[{"start":987,"text":"elpusztíthatatlan méltóságából"}],"coordinates":[],"confidence":{"state":"pre-added","who":["user:bernidam"],"prob":1},"fields":{},"normalizations":{}},{"classId":"e_4","part":"s1v1","offsets":[{"start":1053,"text":"Húsz évvel ezelőtt az UNESCO kezdeményezésére az ENSZ november 16-át a tolerancia nemzetközi napjának nyilvánította abból a célból, hogy az élet, az egészség védelme, az emberi személyiség tiszteletben tartása legyen az elsődleges, mindennél fontosabb szempont a világon."}],"coordinates":[],"confidence":{"state":"pre-added","who":["user:szabokristof2333"],"prob":1},"fields":{},"normalizations":{}},{"classId":"e_14","part":"s1v1","offsets":[{"start":1053,"text":"Húsz évvel"}],"coordinates":[],"confidence":{"state":"pre-added","who":["user:bernidam"],"prob":1},"fields":{},"normalizations":{}},{"classId":"e_14","part":"s1v1","offsets":[{"start":1072,"text":"az UNESCO kezdeményezésére"}],"coordinates":[],"confidence":{"state":"pre-added","who":["user:szabokristof2333"],"prob":1},"fields":{},"normalizations":{}},{"classId":"e_14","part":"s1v1","offsets":[{"start":1099,"text":"az ENSZ"}],"coordinates":[],"confidence":{"state":"pre-added","who":["user:szabokristof2333"],"prob":1},"fields":{},"normalizations":{}},{"classId":"e_14","part":"s1v1","offsets":[{"start":1107,"text":"november 16-át"}],"coordinates":[],"confidence":{"state":"pre-added","who":["user:szabokristof2333"],"prob":1},"fields":{},"normalizations":{}},{"classId":"e_13","part":"s1v1","offsets":[{"start":1122,"text":"a tolerancia nemzetközi napjának nyilvánította"}],"coordinates":[],"confidence":{"state":"pre-added","who":["user:szabokristof2333"],"prob":1},"fields":{},"normalizations":{}},{"classId":"e_14","part":"s1v1","offsets":[{"start":1122,"text":"a tolerancia nemzetközi napjának"}],"coordinates":[],"confidence":{"state":"pre-added","who":["user:szabokristof2333"],"prob":1},"fields":{},"normalizations":{}},{"classId":"e_14","part":"s1v1","offsets":[{"start":1169,"text":"abból a célból"}],"coordinates":[],"confidence":{"state":"pre-added","who":["user:bernidam"],"prob":1},"fields":{},"normalizations":{}},{"classId":"e_14","part":"s1v1","offsets":[{"start":1190,"text":"az élet, az egészség védelme"}],"coordinates":[],"confidence":{"state":"pre-added","who":["user:bernidam"],"prob":1},"fields":{},"normalizations":{}},{"classId":"e_13","part":"s1v1","offsets":[{"start":1199,"text":"az egészség védelme"}],"coordinates":[],"confidence":{"state":"pre-added","who":["user:szabokristof2333"],"prob":1},"fields":{},"normalizations":{}},{"classId":"e_13","part":"s1v1","offsets":[{"start":1220,"text":"az emberi személyiség tiszteletben tartása"}],"coordinates":[],"confidence":{"state":"pre-added","who":["user:szabokristof2333"],"prob":1},"fields":{},"normalizations":{}},{"classId":"e_14","part":"s1v1","offsets":[{"start":1220,"text":"az emberi személyiség tiszteletben tartása"}],"coordinates":[],"confidence":{"state":"pre-added","who":["user:szabokristof2333"],"prob":1},"fields":{},"normalizations":{}},{"classId":"e_14","part":"s1v1","offsets":[{"start":1270,"text":"az elsődleges, mindennél fontosabb szempont"}],"coordinates":[],"confidence":{"state":"pre-added","who":["user:bernidam"],"prob":1},"fields":{},"normalizations":{}},{"classId":"e_13","part":"s1v1","offsets":[{"start":1285,"text":"mindennél fontosabb szempont"}],"coordinates":[],"confidence":{"state":"pre-added","who":["user:szabokristof2333"],"prob":1},"fields":{},"normalizations":{}},{"classId":"e_14","part":"s1v1","offsets":[{"start":1314,"text":"a világon"}],"coordinates":[],"confidence":{"state":"pre-added","who":["user:szabokristof2333"],"prob":1},"fields":{},"normalizations":{}},{"classId":"e_4","part":"s1v1","offsets":[{"start":1325,"text":"A mai nap tehát a népek közötti kölcsönös megértésről, barátságról, együttműködésről és a tartós békéről kellene hogy szóljon"}],"coordinates":[],"confidence":{"state":"pre-added","who":["user:szabokristof2333"],"prob":1},"fields":{},"normalizations":{}},{"classId":"e_14","part":"s1v1","offsets":[{"start":1325,"text":"A mai nap"}],"coordinates":[],"confidence":{"state":"pre-added","who":["user:szabokristof2333"],"prob":1},"fields":{},"normalizations":{}},{"classId":"e_14","part":"s1v1","offsets":[{"start":1341,"text":"a népek közötti kölcsönös megértésről, barátságról, együttműködésről"}],"coordinates":[],"confidence":{"state":"pre-added","who":["user:bernidam"],"prob":1},"fields":{},"normalizations":{}},{"classId":"e_13","part":"s1v1","offsets":[{"start":1367,"text":"megértésről"}],"coordinates":[],"confidence":{"state":"pre-added","who":["user:bernidam"],"prob":1},"fields":{},"normalizations":{}},{"classId":"e_13","part":"s1v1","offsets":[{"start":1380,"text":"barátságról"}],"coordinates":[],"confidence":{"state":"pre-added","who":["user:szabokristof2333"],"prob":1},"fields":{},"normalizations":{}},{"classId":"e_13","part":"s1v1","offsets":[{"start":1393,"text":"együttműködésről"}],"coordinates":[],"confidence":{"state":"pre-added","who":["user:szabokristof2333"],"prob":1},"fields":{},"normalizations":{}},{"classId":"e_13","part":"s1v1","offsets":[{"start":1413,"text":"a tartós békéről"}],"coordinates":[],"confidence":{"state":"pre-added","who":["user:szabokristof2333"],"prob":1},"fields":{},"normalizations":{}},{"classId":"e_14","part":"s1v1","offsets":[{"start":1413,"text":"a tartós békéről"}],"coordinates":[],"confidence":{"state":"pre-added","who":["user:bernidam"],"prob":1},"fields":{},"normalizations":{}},{"classId":"e_3","part":"s1v1","offsets":[{"start":1452,"text":"ehelyett ma a terror és a mérhetetlen gyász uralkodik Európában és Magyarországon"}],"coordinates":[],"confidence":{"state":"pre-added","who":["user:szabokristof2333","user:bernidam"],"prob":1},"fields":{},"normalizations":{}},{"classId":"e_13","part":"s1v1","offsets":[{"start":1464,"text":"a terror és a mérhetetlen gyász uralkodik"}],"coordinates":[],"confidence":{"state":"pre-added","who":["user:szabokristof2333"],"prob":1},"fields":{},"normalizations":{}},{"classId":"e_14","part":"s1v1","offsets":[{"start":1464,"text":"a terror"}],"coordinates":[],"confidence":{"state":"pre-added","who":["user:szabokristof2333"],"prob":1},"fields":{},"normalizations":{}},{"classId":"e_14","part":"s1v1","offsets":[{"start":1476,"text":"a mérhetetlen gyász"}],"coordinates":[],"confidence":{"state":"pre-added","who":["user:szabokristof2333"],"prob":1},"fields":{},"normalizations":{}},{"classId":"e_14","part":"s1v1","offsets":[{"start":1506,"text":"Európában"}],"coordinates":[],"confidence":{"state":"pre-added","who":["user:szabokristof2333"],"prob":1},"fields":{},"normalizations":{}},{"classId":"e_14","part":"s1v1","offsets":[{"start":1519,"text":"Magyarországon"}],"coordinates":[],"confidence":{"state":"pre-added","who":["user:szabokristof2333"],"prob":1},"fields":{},"normalizations":{}},{"classId":"e_2","part":"s1v1","offsets":[{"start":1564,"text":"„Ami Párizsban történt, az nem emberi, és nincsen rá semmilyen igazolás, sem vallási, sem emberi."}],"coordinates":[],"confidence":{"state":"pre-added","who":["user:szabokristof2333"],"prob":1},"fields":{},"normalizations":{}},{"classId":"e_14","part":"s1v1","offsets":[{"start":1565,"text":"Ami"}],"coordinates":[],"confidence":{"state":"pre-added","who":["user:bernidam"],"prob":1},"fields":{},"normalizations":{}},{"classId":"e_14","part":"s1v1","offsets":[{"start":1569,"text":"Párizsban"}],"coordinates":[],"confidence":{"state":"pre-added","who":["user:szabokristof2333"],"prob":1},"fields":{},"normalizations":{}},{"classId":"e_13","part":"s1v1","offsets":[{"start":1588,"text":"az nem emberi"}],"coordinates":[],"confidence":{"state":"pre-added","who":["user:szabokristof2333"],"prob":1},"fields":{},"normalizations":{}},{"classId":"e_14","part":"s1v1","offsets":[{"start":1588,"text":"az"}],"coordinates":[],"confidence":{"state":"pre-added","who":["user:bernidam"],"prob":1},"fields":{},"normalizations":{}},{"classId":"e_13","part":"s1v1","offsets":[{"start":1606,"text":"nincsen rá semmilyen igazolás"}],"coordinates":[],"confidence":{"state":"pre-added","who":["user:szabokristof2333"],"prob":1},"fields":{},"normalizations":{}},{"classId":"e_14","part":"s1v1","offsets":[{"start":1617,"text":"semmilyen igazolás"}],"coordinates":[],"confidence":{"state":"pre-added","who":["user:szabokristof2333"],"prob":1},"fields":{},"normalizations":{}},{"classId":"e_3","part":"s1v1","offsets":[{"start":1671,"text":"A párizsi terrortámadás minden szempontból tehát tolerálhatatlan, elfogadhatatlan és egyúttal kijózanító esemény."}],"coordinates":[],"confidence":{"state":"pre-added","who":["user:szabokristof2333"],"prob":1},"fields":{},"normalizations":{}},{"classId":"e_13","part":"s1v1","offsets":[{"start":1671,"text":"A párizsi terrortámadás"}],"coordinates":[],"confidence":{"state":"pre-added","who":["user:szabokristof2333"],"prob":1},"fields":{},"normalizations":{}},{"classId":"e_14","part":"s1v1","offsets":[{"start":1671,"text":"A párizsi terrortámadás"}],"coordinates":[],"confidence":{"state":"pre-added","who":["user:szabokristof2333"],"prob":1},"fields":{},"normalizations":{}},{"classId":"e_14","part":"s1v1","offsets":[{"start":1695,"text":"minden szempontból"}],"coordinates":[],"confidence":{"state":"pre-added","who":["user:szabokristof2333"],"prob":1},"fields":{},"normalizations":{}},{"classId":"e_14","part":"s1v1","offsets":[{"start":1720,"text":"tolerálhatatlan, elfogadhatatlan és egyúttal kijózanító esemény"}],"coordinates":[],"confidence":{"state":"pre-added","who":["user:bernidam"],"prob":1},"fields":{},"normalizations":{}},{"classId":"e_5","part":"s1v1","offsets":[{"start":1785,"text":"Európának fel kell ébrednie, és az üressé vált liberális rózsaszín ködből ki kell józanodnia."}],"coordinates":[],"confidence":{"state":"pre-added","who":["user:szabokristof2333"],"prob":1},"fields":{},"normalizations":{}},{"classId":"e_13","part":"s1v1","offsets":[{"start":1785,"text":"Európának fel kell ébrednie"}],"coordinates":[],"confidence":{"state":"pre-added","who":["user:szabokristof2333"],"prob":1},"fields":{},"normalizations":{}},{"classId":"e_14","part":"s1v1","offsets":[{"start":1785,"text":"Európának"}],"coordinates":[],"confidence":{"state":"pre-added","who":["user:szabokristof2333"],"prob":1},"fields":{},"normalizations":{}},{"classId":"e_14","part":"s1v1","offsets":[{"start":1817,"text":"az üressé vált liberális rózsaszín ködből"}],"coordinates":[],"confidence":{"state":"pre-added","who":["user:szabokristof2333"],"prob":1},"fields":{},"normalizations":{}},{"classId":"e_13","part":"s1v1","offsets":[{"start":1859,"text":"ki kell józanodnia"}],"coordinates":[],"confidence":{"state":"pre-added","who":["user:szabokristof2333"],"prob":1},"fields":{},"normalizations":{}},{"classId":"e_13","part":"s1v1","offsets":[{"start":1879,"text":"Újra fel kell fedeznünk"}],"coordinates":[],"confidence":{"state":"pre-added","who":["user:szabokristof2333"],"prob":1},"fields":{},"normalizations":{}},{"classId":"e_4","part":"s1v1","offsets":[{"start":1879,"text":"Újra fel kell fedeznünk, és meg kell védenünk a nemzetek Európájának értékeit, hagyományait, sokszínűségét, szellemi gazdagságát, amely mégiscsak megtartotta évezredeken keresztül."}],"coordinates":[],"confidence":{"state":"pre-added","who":["user:bernidam"],"prob":1},"fields":{},"normalizations":{}},{"classId":"e_13","part":"s1v1","offsets":[{"start":1907,"text":"meg kell védenünk"}],"coordinates":[],"confidence":{"state":"pre-added","who":["user:szabokristof2333"],"prob":1},"fields":{},"normalizations":{}},{"classId":"e_14","part":"s1v1","offsets":[{"start":1925,"text":"a nemzetek Európájának értékeit, hagyományait, sokszínűségét, szellemi gazdagságát"}],"coordinates":[],"confidence":{"state":"pre-added","who":["user:bernidam"],"prob":1},"fields":{},"normalizations":{}},{"classId":"e_13","part":"s1v1","offsets":[{"start":1948,"text":"értékeit"}],"coordinates":[],"confidence":{"state":"pre-added","who":["user:bernidam"],"prob":1},"fields":{},"normalizations":{}},{"classId":"e_13","part":"s1v1","offsets":[{"start":1958,"text":"hagyományait"}],"coordinates":[],"confidence":{"state":"pre-added","who":["user:bernidam"],"prob":1},"fields":{},"normalizations":{}},{"classId":"e_13","part":"s1v1","offsets":[{"start":1972,"text":"sokszínűségét"}],"coordinates":[],"confidence":{"state":"pre-added","who":["user:bernidam"],"prob":1},"fields":{},"normalizations":{}},{"classId":"e_13","part":"s1v1","offsets":[{"start":1996,"text":"gazdagságát"}],"coordinates":[],"confidence":{"state":"pre-added","who":["user:bernidam"],"prob":1},"fields":{},"normalizations":{}},{"classId":"e_14","part":"s1v1","offsets":[{"start":2009,"text":"amely"}],"coordinates":[],"confidence":{"state":"pre-added","who":["user:bernidam"],"prob":1},"fields":{},"normalizations":{}},{"classId":"e_14","part":"s1v1","offsets":[{"start":2037,"text":"évezredeken"}],"coordinates":[],"confidence":{"state":"pre-added","who":["user:bernidam"],"prob":1},"fields":{},"normalizations":{}},{"classId":"e_4","part":"s1v1","offsets":[{"start":2060,"text":"Szellemileg és lelkileg is meg kell újulnia Európának annak érdekében, hogy ismét biztonságos és egészséges kontinens legyen."}],"coordinates":[],"confidence":{"state":"pre-added","who":["user:szabokristof2333"],"prob":1},"fields":{},"normalizations":{}},{"classId":"e_13","part":"s1v1","offsets":[{"start":2087,"text":"meg kell újulnia"}],"coordinates":[],"confidence":{"state":"pre-added","who":["user:bernidam"],"prob":1},"fields":{},"normalizations":{}},{"classId":"e_14","part":"s1v1","offsets":[{"start":2104,"text":"Európának"}],"coordinates":[],"confidence":{"state":"pre-added","who":["user:szabokristof2333"],"prob":1},"fields":{},"normalizations":{}},{"classId":"e_14","part":"s1v1","offsets":[{"start":2114,"text":"annak érdekében"}],"coordinates":[],"confidence":{"state":"pre-added","who":["user:bernidam"],"prob":1},"fields":{},"normalizations":{}},{"classId":"e_14","part":"s1v1","offsets":[{"start":2142,"text":"biztonságos és egészséges kontinens"}],"coordinates":[],"confidence":{"state":"pre-added","who":["user:bernidam"],"prob":1},"fields":{},"normalizations":{}},{"classId":"e_13","part":"s1v1","offsets":[{"start":2142,"text":"biztonságos és egészséges"}],"coordinates":[],"confidence":{"state":"pre-added","who":["user:bernidam"],"prob":1},"fields":{},"normalizations":{}},{"classId":"e_4","part":"s1v1","offsets":[{"start":2200,"text":"A magyar kormány a párizsi terrortámadás hatására azonnal intézkedéseket kezdeményezett a magyar emberek védelmében."}],"coordinates":[],"confidence":{"state":"pre-added","who":["user:szabokristof2333"],"prob":1},"fields":{},"normalizations":{}},{"classId":"e_14","part":"s1v1","offsets":[{"start":2200,"text":"A magyar kormány"}],"coordinates":[],"confidence":{"state":"pre-added","who":["user:szabokristof2333"],"prob":1},"fields":{},"normalizations":{}},{"classId":"e_14","part":"s1v1","offsets":[{"start":2217,"text":"a párizsi terrortámadás hatására"}],"coordinates":[],"confidence":{"state":"pre-added","who":["user:szabokristof2333"],"prob":1},"fields":{},"normalizations":{}},{"classId":"e_14","part":"s1v1","offsets":[{"start":2250,"text":"azonnal intézkedéseket"}],"coordinates":[],"confidence":{"state":"pre-added","who":["user:szabokristof2333"],"prob":1},"fields":{},"normalizations":{}},{"classId":"e_13","part":"s1v1","offsets":[{"start":2258,"text":"intézkedéseket kezdeményezett"}],"coordinates":[],"confidence":{"state":"pre-added","who":["user:szabokristof2333"],"prob":1},"fields":{},"normalizations":{}},{"classId":"e_14","part":"s1v1","offsets":[{"start":2288,"text":"a magyar emberek védelmében"}],"coordinates":[],"confidence":{"state":"pre-added","who":["user:szabokristof2333"],"prob":1},"fields":{},"normalizations":{}},{"classId":"e_13","part":"s1v1","offsets":[{"start":2305,"text":"védelmében"}],"coordinates":[],"confidence":{"state":"pre-added","who":["user:bernidam"],"prob":1},"fields":{},"normalizations":{}},{"classId":"e_4","part":"s1v1","offsets":[{"start":2317,"text":"A nemzetbiztonsági kabinet döntése értelmében megerősített biztonsági intézkedések léptek érvénybe Magyarországon."}],"coordinates":[],"confidence":{"state":"pre-added","who":["user:szabokristof2333"],"prob":1},"fields":{},"normalizations":{}},{"classId":"e_14","part":"s1v1","offsets":[{"start":2317,"text":"A nemzetbiztonsági kabinet döntése értelmében"}],"coordinates":[],"confidence":{"state":"pre-added","who":["user:szabokristof2333"],"prob":1},"fields":{},"normalizations":{}},{"classId":"e_13","part":"s1v1","offsets":[{"start":2363,"text":"megerősített biztonsági intézkedések léptek érvénybe"}],"coordinates":[],"confidence":{"state":"pre-added","who":["user:szabokristof2333"],"prob":1},"fields":{},"normalizations":{}},{"classId":"e_14","part":"s1v1","offsets":[{"start":2363,"text":"megerősített biztonsági intézkedések"}],"coordinates":[],"confidence":{"state":"pre-added","who":["user:szabokristof2333"],"prob":1},"fields":{},"normalizations":{}},{"classId":"e_14","part":"s1v1","offsets":[{"start":2416,"text":"Magyarországon"}],"coordinates":[],"confidence":{"state":"pre-added","who":["user:szabokristof2333"],"prob":1},"fields":{},"normalizations":{}},{"classId":"e_4","part":"s1v1","offsets":[{"start":2447,"text":"hogy péntekre összehívták az uniós belügyi és igazságügyi miniszterek rendkívüli tanácskozását a párizsi merényletekre adandó válasz megvitatására"}],"coordinates":[],"confidence":{"state":"pre-added","who":["user:szabokristof2333"],"prob":1},"fields":{},"normalizations":{}},{"classId":"e_14","part":"s1v1","offsets":[{"start":2452,"text":"péntekre"}],"coordinates":[],"confidence":{"state":"pre-added","who":["user:szabokristof2333"],"prob":1},"fields":{},"normalizations":{}},{"classId":"e_13","part":"s1v1","offsets":[{"start":2461,"text":"összehívták"}],"coordinates":[],"confidence":{"state":"pre-added","who":["user:szabokristof2333"],"prob":1},"fields":{},"normalizations":{}},{"classId":"e_14","part":"s1v1","offsets":[{"start":2473,"text":"az uniós belügyi és igazságügyi miniszterek rendkívüli tanácskozását"}],"coordinates":[],"confidence":{"state":"pre-added","who":["user:szabokristof2333"],"prob":1},"fields":{},"normalizations":{}},{"classId":"e_14","part":"s1v1","offsets":[{"start":2542,"text":"a párizsi merényletekre adandó válasz megvitatására"}],"coordinates":[],"confidence":{"state":"pre-added","who":["user:szabokristof2333"],"prob":1},"fields":{},"normalizations":{}},{"classId":"e_13","part":"s1v1","offsets":[{"start":2573,"text":"válasz"}],"coordinates":[],"confidence":{"state":"pre-added","who":["user:bernidam"],"prob":1},"fields":{},"normalizations":{}},{"classId":"e_3","part":"s1v1","offsets":[{"start":2595,"text":"Európának szembesülnie kellett és kell a barbárság és a terrorizmus veszélyeivel"}],"coordinates":[],"confidence":{"state":"pre-added","who":["user:szabokristof2333","user:bernidam"],"prob":1},"fields":{},"normalizations":{}},{"classId":"e_14","part":"s1v1","offsets":[{"start":2595,"text":"Európának"}],"coordinates":[],"confidence":{"state":"pre-added","who":["user:szabokristof2333"],"prob":1},"fields":{},"normalizations":{}},{"classId":"e_14","part":"s1v1","offsets":[{"start":2634,"text":"a barbárság és a terrorizmus veszélyeivel"}],"coordinates":[],"confidence":{"state":"pre-added","who":["user:bernidam"],"prob":1},"fields":{},"normalizations":{}},{"classId":"e_13","part":"s1v1","offsets":[{"start":2636,"text":"barbárság"}],"coordinates":[],"confidence":{"state":"pre-added","who":["user:bernidam"],"prob":1},"fields":{},"normalizations":{}},{"classId":"e_13","part":"s1v1","offsets":[{"start":2651,"text":"terrorizmus"}],"coordinates":[],"confidence":{"state":"pre-added","who":["user:bernidam"],"prob":1},"fields":{},"normalizations":{}},{"classId":"e_4","part":"s1v1","offsets":[{"start":2712,"text":"hogy össze kell fognunk"}],"coordinates":[],"confidence":{"state":"pre-added","who":["user:bernidam"],"prob":1},"fields":{},"normalizations":{}},{"classId":"e_13","part":"s1v1","offsets":[{"start":2717,"text":"össze kell fognunk"}],"coordinates":[],"confidence":{"state":"pre-added","who":["user:szabokristof2333"],"prob":1},"fields":{},"normalizations":{}},{"classId":"e_4","part":"s1v1","offsets":[{"start":2813,"text":"hogy ezekben a vészterhes időkben is továbbra is tegyen meg mindent a magyar emberek és az európai értékek védelmében"}],"coordinates":[],"confidence":{"state":"pre-added","who":["user:szabokristof2333"],"prob":1},"fields":{},"normalizations":{}},{"classId":"e_14","part":"s1v1","offsets":[{"start":2818,"text":"ezekben a vészterhes időkben"}],"coordinates":[],"confidence":{"state":"pre-added","who":["user:szabokristof2333"],"prob":1},"fields":{},"normalizations":{}},{"classId":"e_13","part":"s1v1","offsets":[{"start":2862,"text":"tegyen meg mindent"}],"coordinates":[],"confidence":{"state":"pre-added","who":["user:szabokristof2333"],"prob":1},"fields":{},"normalizations":{}},{"classId":"e_14","part":"s1v1","offsets":[{"start":2873,"text":"mindent"}],"coordinates":[],"confidence":{"state":"pre-added","who":["user:bernidam"],"prob":1},"fields":{},"normalizations":{}},{"classId":"e_14","part":"s1v1","offsets":[{"start":2881,"text":"a magyar emberek és az európai értékek védelmében"}],"coordinates":[],"confidence":{"state":"pre-added","who":["user:bernidam"],"prob":1},"fields":{},"normalizations":{}},{"classId":"e_13","part":"s1v1","offsets":[{"start":2920,"text":"védelmében"}],"coordinates":[],"confidence":{"state":"pre-added","who":["user:bernidam"],"prob":1},"fields":{},"normalizations":{}}],"relations":[{"classId":"r_15","type":"linked","directed":false,"entities":["s1v1|e_14|543,545","s1v1|e_1|543,582"],"confidence":{"state":"pre-added","who":["user:bernidam"],"prob":1}},{"classId":"r_15","type":"linked","directed":false,"entities":["s1v1|e_14|547,572","s1v1|e_1|543,582"],"confidence":{"state":"pre-added","who":["user:bernidam"],"prob":1}},{"classId":"r_16","type":"linked","directed":false,"entities":["s1v1|e_14|1565,1567","s1v1|e_2|1564,1660"],"confidence":{"state":"pre-added","who":["user:bernidam"],"prob":1}},{"classId":"r_16","type":"linked","directed":false,"entities":["s1v1|e_14|1569,1577","s1v1|e_2|1564,1660"],"confidence":{"state":"pre-added","who":["user:bernidam"],"prob":1}},{"classId":"r_16","type":"linked","directed":false,"entities":["s1v1|e_14|1588,1589","s1v1|e_2|1564,1660"],"confidence":{"state":"pre-added","who":["user:bernidam"],"prob":1}},{"classId":"r_16","type":"linked","directed":false,"entities":["s1v1|e_14|1617,1634","s1v1|e_2|1564,1660"],"confidence":{"state":"pre-added","who":["user:bernidam"],"prob":1}},{"classId":"r_17","type":"linked","directed":false,"entities":["s1v1|e_14|358,393","s1v1|e_3|358,399"],"confidence":{"state":"pre-added","who":["user:bernidam"],"prob":1}},{"classId":"r_17","type":"linked","directed":false,"entities":["s1v1|e_14|395,399","s1v1|e_3|358,399"],"confidence":{"state":"pre-added","who":["user:bernidam"],"prob":1}},{"classId":"r_17","type":"linked","directed":false,"entities":["s1v1|e_14|466,509","s1v1|e_3|466,540"],"confidence":{"state":"pre-added","who":["user:bernidam"],"prob":1}},{"classId":"r_17","type":"linked","directed":false,"entities":["s1v1|e_14|512,527","s1v1|e_3|466,540"],"confidence":{"state":"pre-added","who":["user:bernidam"],"prob":1}},{"classId":"r_17","type":"linked","directed":false,"entities":["s1v1|e_14|1464,1471","s1v1|e_3|1452,1532"],"confidence":{"state":"pre-added","who":["user:bernidam"],"prob":1}},{"classId":"r_17","type":"linked","directed":false,"entities":["s1v1|e_14|1476,1494","s1v1|e_3|1452,1532"],"confidence":{"state":"pre-added","who":["user:bernidam"],"prob":1}},{"classId":"r_17","type":"linked","directed":false,"entities":["s1v1|e_14|1506,1514","s1v1|e_3|1452,1532"],"confidence":{"state":"pre-added","who":["user:bernidam"],"prob":1}},{"classId":"r_17","type":"linked","directed":false,"entities":["s1v1|e_14|1519,1532","s1v1|e_3|1452,1532"],"confidence":{"state":"pre-added","who":["user:bernidam"],"prob":1}},{"classId":"r_17","type":"linked","directed":false,"entities":["s1v1|e_14|1671,1693","s1v1|e_3|1671,1783"],"confidence":{"state":"pre-added","who":["user:bernidam"],"prob":1}},{"classId":"r_17","type":"linked","directed":false,"entities":["s1v1|e_14|1695,1712","s1v1|e_3|1671,1783"],"confidence":{"state":"pre-added","who":["user:bernidam"],"prob":1}},{"classId":"r_17","type":"linked","directed":false,"entities":["s1v1|e_14|1720,1782","s1v1|e_3|1671,1783"],"confidence":{"state":"pre-added","who":["user:bernidam"],"prob":1}},{"classId":"r_17","type":"linked","directed":false,"entities":["s1v1|e_14|2595,2603","s1v1|e_3|2595,2674"],"confidence":{"state":"pre-added","who":["user:bernidam"],"prob":1}},{"classId":"r_17","type":"linked","directed":false,"entities":["s1v1|e_14|2634,2674","s1v1|e_3|2595,2674"],"confidence":{"state":"pre-added","who":["user:bernidam"],"prob":1}},{"classId":"r_18","type":"linked","directed":false,"entities":["s1v1|e_14|303,307","s1v1|e_4|303,355"],"confidence":{"state":"pre-added","who":["user:bernidam"],"prob":1}},{"classId":"r_18","type":"linked","directed":false,"entities":["s1v1|e_14|322,355","s1v1|e_4|303,355"],"confidence":{"state":"pre-added","who":["user:bernidam"],"prob":1}},{"classId":"r_18","type":"linked","directed":false,"entities":["s1v1|e_14|585,624","s1v1|e_4|585,748"],"confidence":{"state":"pre-added","who":["user:bernidam"],"prob":1}},{"classId":"r_18","type":"linked","directed":false,"entities":["s1v1|e_14|626,637","s1v1|e_4|585,748"],"confidence":{"state":"pre-added","who":["user:bernidam"],"prob":1}},{"classId":"r_18","type":"linked","directed":false,"entities":["s1v1|e_14|640,721","s1v1|e_4|585,748"],"confidence":{"state":"pre-added","who":["user:bernidam"],"prob":1}},{"classId":"r_18","type":"linked","directed":false,"entities":["s1v1|e_14|723,747","s1v1|e_4|585,748"],"confidence":{"state":"pre-added","who":["user:bernidam"],"prob":1}},{"classId":"r_18","type":"linked","directed":false,"entities":["s1v1|e_14|750,761","s1v1|e_4|750,818"],"confidence":{"state":"pre-added","who":["user:bernidam"],"prob":1}},{"classId":"r_18","type":"linked","directed":false,"entities":["s1v1|e_14|799,809","s1v1|e_4|750,818"],"confidence":{"state":"pre-added","who":["user:bernidam"],"prob":1}},{"classId":"r_18","type":"linked","directed":false,"entities":["s1v1|e_14|873,874","s1v1|e_4|864,908"],"confidence":{"state":"pre-added","who":["user:bernidam"],"prob":1}},{"classId":"r_18","type":"linked","directed":false,"entities":["s1v1|e_14|876,905","s1v1|e_4|864,908"],"confidence":{"state":"pre-added","who":["user:bernidam"],"prob":1}},{"classId":"r_18","type":"linked","directed":false,"entities":["s1v1|e_14|911,915","s1v1|e_4|918,1027"],"confidence":{"state":"pre-added","who":["user:bernidam"],"prob":1}},{"classId":"r_18","type":"linked","directed":false,"entities":["s1v1|e_14|923,930","s1v1|e_4|918,1027"],"confidence":{"state":"pre-added","who":["user:bernidam"],"prob":1}},{"classId":"r_18","type":"linked","directed":false,"entities":["s1v1|e_14|932,946","s1v1|e_4|918,1027"],"confidence":{"state":"pre-added","who":["user:bernidam"],"prob":1}},{"classId":"r_18","type":"linked","directed":false,"entities":["s1v1|e_14|969,1016","s1v1|e_4|918,1027"],"confidence":{"state":"pre-added","who":["user:bernidam"],"prob":1}},{"classId":"r_18","type":"linked","directed":false,"entities":["s1v1|e_14|1053,1062","s1v1|e_4|1053,1323"],"confidence":{"state":"pre-added","who":["user:bernidam"],"prob":1}},{"classId":"r_18","type":"linked","directed":false,"entities":["s1v1|e_14|1072,1097","s1v1|e_4|1053,1323"],"confidence":{"state":"pre-added","who":["user:bernidam"],"prob":1}},{"classId":"r_18","type":"linked","directed":false,"entities":["s1v1|e_14|1099,1105","s1v1|e_4|1053,1323"],"confidence":{"state":"pre-added","who":["user:bernidam"],"prob":1}},{"classId":"r_18","type":"linked","directed":false,"entities":["s1v1|e_14|1107,1120","s1v1|e_4|1053,1323"],"confidence":{"state":"pre-added","who":["user:bernidam"],"prob":1}},{"classId":"r_18","type":"linked","directed":false,"entities":["s1v1|e_14|1122,1153","s1v1|e_4|1053,1323"],"confidence":{"state":"pre-added","who":["user:bernidam"],"prob":1}},{"classId":"r_18","type":"linked","directed":false,"entities":["s1v1|e_14|1169,1182","s1v1|e_4|1053,1323"],"confidence":{"state":"pre-added","who":["user:bernidam"],"prob":1}},{"classId":"r_18","type":"linked","directed":false,"entities":["s1v1|e_14|1190,1217","s1v1|e_4|1053,1323"],"confidence":{"state":"pre-added","who":["user:bernidam"],"prob":1}},{"classId":"r_18","type":"linked","directed":false,"entities":["s1v1|e_14|1220,1261","s1v1|e_4|1053,1323"],"confidence":{"state":"pre-added","who":["user:bernidam"],"prob":1}},{"classId":"r_18","type":"linked","directed":false,"entities":["s1v1|e_14|1270,1312","s1v1|e_4|1053,1323"],"confidence":{"state":"pre-added","who":["user:bernidam"],"prob":1}},{"classId":"r_18","type":"linked","directed":false,"entities":["s1v1|e_14|1314,1322","s1v1|e_4|1053,1323"],"confidence":{"state":"pre-added","who":["user:bernidam"],"prob":1}},{"classId":"r_18","type":"linked","directed":false,"entities":["s1v1|e_14|1325,1333","s1v1|e_4|1325,1449"],"confidence":{"state":"pre-added","who":["user:bernidam"],"prob":1}},{"classId":"r_18","type":"linked","directed":false,"entities":["s1v1|e_14|1341,1408","s1v1|e_4|1325,1449"],"confidence":{"state":"pre-added","who":["user:bernidam"],"prob":1}},{"classId":"r_18","type":"linked","directed":false,"entities":["s1v1|e_14|1413,1428","s1v1|e_4|1325,1449"],"confidence":{"state":"pre-added","who":["user:bernidam"],"prob":1}},{"classId":"r_18","type":"linked","directed":false,"entities":["s1v1|e_14|1925,2006","s1v1|e_4|1879,2058"],"confidence":{"state":"pre-added","who":["user:bernidam"],"prob":1}},{"classId":"r_18","type":"linked","directed":false,"entities":["s1v1|e_14|2009,2013","s1v1|e_4|1879,2058"],"confidence":{"state":"pre-added","who":["user:bernidam"],"prob":1}},{"classId":"r_18","type":"linked","directed":false,"entities":["s1v1|e_14|2037,2047","s1v1|e_4|1879,2058"],"confidence":{"state":"pre-added","who":["user:bernidam"],"prob":1}},{"classId":"r_18","type":"linked","directed":false,"entities":["s1v1|e_14|2104,2112","s1v1|e_4|2060,2184"],"confidence":{"state":"pre-added","who":["user:bernidam"],"prob":1}},{"classId":"r_18","type":"linked","directed":false,"entities":["s1v1|e_14|2114,2128","s1v1|e_4|2060,2184"],"confidence":{"state":"pre-added","who":["user:bernidam"],"prob":1}},{"classId":"r_18","type":"linked","directed":false,"entities":["s1v1|e_14|2142,2176","s1v1|e_4|2060,2184"],"confidence":{"state":"pre-added","who":["user:bernidam"],"prob":1}},{"classId":"r_18","type":"linked","directed":false,"entities":["s1v1|e_14|2200,2215","s1v1|e_4|2200,2315"],"confidence":{"state":"pre-added","who":["user:bernidam"],"prob":1}},{"classId":"r_18","type":"linked","directed":false,"entities":["s1v1|e_14|2217,2248","s1v1|e_4|2200,2315"],"confidence":{"state":"pre-added","who":["user:bernidam"],"prob":1}},{"classId":"r_18","type":"linked","directed":false,"entities":["s1v1|e_14|2250,2271","s1v1|e_4|2200,2315"],"confidence":{"state":"pre-added","who":["user:bernidam"],"prob":1}},{"classId":"r_18","type":"linked","directed":false,"entities":["s1v1|e_14|2288,2314","s1v1|e_4|2200,2315"],"confidence":{"state":"pre-added","who":["user:bernidam"],"prob":1}},{"classId":"r_18","type":"linked","directed":false,"entities":["s1v1|e_14|2317,2361","s1v1|e_4|2317,2430"],"confidence":{"state":"pre-added","who":["user:bernidam"],"prob":1}},{"classId":"r_18","type":"linked","directed":false,"entities":["s1v1|e_14|2363,2398","s1v1|e_4|2317,2430"],"confidence":{"state":"pre-added","who":["user:bernidam"],"prob":1}},{"classId":"r_18","type":"linked","directed":false,"entities":["s1v1|e_14|2416,2429","s1v1|e_4|2317,2430"],"confidence":{"state":"pre-added","who":["user:bernidam"],"prob":1}},{"classId":"r_18","type":"linked","directed":false,"entities":["s1v1|e_14|2452,2459","s1v1|e_4|2447,2592"],"confidence":{"state":"pre-added","who":["user:bernidam"],"prob":1}},{"classId":"r_18","type":"linked","directed":false,"entities":["s1v1|e_14|2473,2540","s1v1|e_4|2447,2592"],"confidence":{"state":"pre-added","who":["user:bernidam"],"prob":1}},{"classId":"r_18","type":"linked","directed":false,"entities":["s1v1|e_14|2542,2592","s1v1|e_4|2447,2592"],"confidence":{"state":"pre-added","who":["user:bernidam"],"prob":1}},{"classId":"r_18","type":"linked","directed":false,"entities":["s1v1|e_14|2818,2845","s1v1|e_4|2813,2929"],"confidence":{"state":"pre-added","who":["user:bernidam"],"prob":1}},{"classId":"r_18","type":"linked","directed":false,"entities":["s1v1|e_14|2873,2879","s1v1|e_4|2813,2929"],"confidence":{"state":"pre-added","who":["user:bernidam"],"prob":1}},{"classId":"r_18","type":"linked","directed":false,"entities":["s1v1|e_14|2881,2929","s1v1|e_4|2813,2929"],"confidence":{"state":"pre-added","who":["user:bernidam"],"prob":1}},{"classId":"r_19","type":"linked","directed":false,"entities":["s1v1|e_14|415,445","s1v1|e_5|402,463"],"confidence":{"state":"pre-added","who":["user:bernidam"],"prob":1}},{"classId":"r_19","type":"linked","directed":false,"entities":["s1v1|e_14|461,463","s1v1|e_5|402,463"],"confidence":{"state":"pre-added","who":["user:bernidam"],"prob":1}},{"classId":"r_19","type":"linked","directed":false,"entities":["s1v1|e_14|1785,1793","s1v1|e_5|1785,1877"],"confidence":{"state":"pre-added","who":["user:bernidam"],"prob":1}},{"classId":"r_19","type":"linked","directed":false,"entities":["s1v1|e_14|1817,1857","s1v1|e_5|1785,1877"],"confidence":{"state":"pre-added","who":["user:bernidam"],"prob":1}},{"classId":"r_21","type":"linked","directed":false,"entities":["s1v1|e_14|67,84","s1v1|e_7|67,147"],"confidence":{"state":"pre-added","who":["user:bernidam"],"prob":1}},{"classId":"r_21","type":"linked","directed":false,"entities":["s1v1|e_14|86,102","s1v1|e_7|67,147"],"confidence":{"state":"pre-added","who":["user:bernidam"],"prob":1}},{"classId":"r_21","type":"linked","directed":false,"entities":["s1v1|e_14|118,146","s1v1|e_7|67,147"],"confidence":{"state":"pre-added","who":["user:bernidam"],"prob":1}},{"classId":"r_21","type":"linked","directed":false,"entities":["s1v1|e_14|149,157","s1v1|e_7|149,300"],"confidence":{"state":"pre-added","who":["user:bernidam"],"prob":1}},{"classId":"r_21","type":"linked","directed":false,"entities":["s1v1|e_14|159,205","s1v1|e_7|149,300"],"confidence":{"state":"pre-added","who":["user:bernidam"],"prob":1}},{"classId":"r_21","type":"linked","directed":false,"entities":["s1v1|e_14|207,222","s1v1|e_7|149,300"],"confidence":{"state":"pre-added","who":["user:bernidam"],"prob":1}},{"classId":"r_21","type":"linked","directed":false,"entities":["s1v1|e_14|229,241","s1v1|e_7|149,300"],"confidence":{"state":"pre-added","who":["user:bernidam"],"prob":1}},{"classId":"r_21","type":"linked","directed":false,"entities":["s1v1|e_14|244,255","s1v1|e_7|149,300"],"confidence":{"state":"pre-added","who":["user:bernidam"],"prob":1}},{"classId":"r_21","type":"linked","directed":false,"entities":["s1v1|e_14|257,265","s1v1|e_7|149,300"],"confidence":{"state":"pre-added","who":["user:bernidam"],"prob":1}},{"classId":"r_21","type":"linked","directed":false,"entities":["s1v1|e_14|267,290","s1v1|e_7|149,300"],"confidence":{"state":"pre-added","who":["user:bernidam"],"prob":1}}]}