{"annotatable":{"parts":["s1v1"]},"anncomplete":false,"sources":[],"metas":{},"entities":[{"classId":"e_4","part":"s1v1","offsets":[{"start":74,"text":"Többször megszólaltam már ebben a Házban elsősorban a Dél-Pest megyét érintő fejlesztésekkel kapcsolatban."}],"coordinates":[],"confidence":{"state":"pre-added","who":["user:bernidam"],"prob":1},"fields":{},"normalizations":{}},{"classId":"e_14","part":"s1v1","offsets":[{"start":100,"text":"ebben a Házban"}],"coordinates":[],"confidence":{"state":"pre-added","who":["user:bernidam"],"prob":1},"fields":{},"normalizations":{}},{"classId":"e_14","part":"s1v1","offsets":[{"start":126,"text":"a Dél-Pest megyét érintő fejlesztésekkel"}],"coordinates":[],"confidence":{"state":"pre-added","who":["user:bernidam"],"prob":1},"fields":{},"normalizations":{}},{"classId":"e_13","part":"s1v1","offsets":[{"start":151,"text":"fejlesztésekkel"}],"coordinates":[],"confidence":{"state":"pre-added","who":["user:bernidam"],"prob":1},"fields":{},"normalizations":{}},{"classId":"e_8","part":"s1v1","offsets":[{"start":181,"text":"Most tulajdonképpen arról az örömről tudok beszámolni"}],"coordinates":[],"confidence":{"state":"pre-added","who":["user:viragnandor"],"prob":1},"fields":{},"normalizations":{}},{"classId":"e_14","part":"s1v1","offsets":[{"start":201,"text":"arról az örömről"}],"coordinates":[],"confidence":{"state":"pre-added","who":["user:viragnandor"],"prob":1},"fields":{},"normalizations":{}},{"classId":"e_13","part":"s1v1","offsets":[{"start":210,"text":"örömről"}],"coordinates":[],"confidence":{"state":"pre-added","who":["user:viragnandor"],"prob":1},"fields":{},"normalizations":{}},{"classId":"e_13","part":"s1v1","offsets":[{"start":304,"text":"aláírtak"}],"coordinates":[],"confidence":{"state":"pre-added","who":["user:viragnandor"],"prob":1},"fields":{},"normalizations":{}},{"classId":"e_4","part":"s1v1","offsets":[{"start":304,"text":"aláírtak egy megállapodást"}],"coordinates":[],"confidence":{"state":"pre-added","who":["user:bernidam"],"prob":1},"fields":{},"normalizations":{}},{"classId":"e_14","part":"s1v1","offsets":[{"start":313,"text":"egy megállapodást"}],"coordinates":[],"confidence":{"state":"pre-added","who":["user:viragnandor"],"prob":1},"fields":{},"normalizations":{}},{"classId":"e_4","part":"s1v1","offsets":[{"start":352,"text":"hogy 2019-ig Szolnokot gyorsforgalmi úthálózat révén összekötik a fővárossal, és a hagyományos útvonalon meg fog épülni az M4-es autóút"}],"coordinates":[],"confidence":{"state":"pre-added","who":["user:bernidam"],"prob":1},"fields":{},"normalizations":{}},{"classId":"e_14","part":"s1v1","offsets":[{"start":357,"text":"2019-ig"}],"coordinates":[],"confidence":{"state":"pre-added","who":["user:bernidam"],"prob":1},"fields":{},"normalizations":{}},{"classId":"e_14","part":"s1v1","offsets":[{"start":365,"text":"Szolnokot"}],"coordinates":[],"confidence":{"state":"pre-added","who":["user:viragnandor"],"prob":1},"fields":{},"normalizations":{}},{"classId":"e_14","part":"s1v1","offsets":[{"start":375,"text":"gyorsforgalmi úthálózat"}],"coordinates":[],"confidence":{"state":"pre-added","who":["user:bernidam"],"prob":1},"fields":{},"normalizations":{}},{"classId":"e_13","part":"s1v1","offsets":[{"start":405,"text":"összekötik"}],"coordinates":[],"confidence":{"state":"pre-added","who":["user:viragnandor"],"prob":1},"fields":{},"normalizations":{}},{"classId":"e_14","part":"s1v1","offsets":[{"start":416,"text":"a fővárossal"}],"coordinates":[],"confidence":{"state":"pre-added","who":["user:viragnandor"],"prob":1},"fields":{},"normalizations":{}},{"classId":"e_14","part":"s1v1","offsets":[{"start":433,"text":"a hagyományos útvonalon"}],"coordinates":[],"confidence":{"state":"pre-added","who":["user:bernidam"],"prob":1},"fields":{},"normalizations":{}},{"classId":"e_13","part":"s1v1","offsets":[{"start":457,"text":"meg fog épülni"}],"coordinates":[],"confidence":{"state":"pre-added","who":["user:viragnandor"],"prob":1},"fields":{},"normalizations":{}},{"classId":"e_14","part":"s1v1","offsets":[{"start":472,"text":"az M4-es autóút"}],"coordinates":[],"confidence":{"state":"pre-added","who":["user:viragnandor"],"prob":1},"fields":{},"normalizations":{}},{"classId":"e_4","part":"s1v1","offsets":[{"start":489,"text":"Ez azért fontos, mert Ceglédet, Nagykőröst, Abonyt is érinti az én választókerületem, és epedve várjuk ennek az útnak a megépítését."}],"coordinates":[],"confidence":{"state":"pre-added","who":["user:viragnandor"],"prob":1},"fields":{},"normalizations":{}},{"classId":"e_14","part":"s1v1","offsets":[{"start":489,"text":"Ez"}],"coordinates":[],"confidence":{"state":"pre-added","who":["user:viragnandor"],"prob":1},"fields":{},"normalizations":{}},{"classId":"e_13","part":"s1v1","offsets":[{"start":498,"text":"fontos"}],"coordinates":[],"confidence":{"state":"pre-added","who":["user:viragnandor"],"prob":1},"fields":{},"normalizations":{}},{"classId":"e_14","part":"s1v1","offsets":[{"start":511,"text":"Ceglédet"}],"coordinates":[],"confidence":{"state":"pre-added","who":["user:viragnandor"],"prob":1},"fields":{},"normalizations":{}},{"classId":"e_14","part":"s1v1","offsets":[{"start":521,"text":"Nagykőröst"}],"coordinates":[],"confidence":{"state":"pre-added","who":["user:viragnandor"],"prob":1},"fields":{},"normalizations":{}},{"classId":"e_14","part":"s1v1","offsets":[{"start":533,"text":"Abonyt"}],"coordinates":[],"confidence":{"state":"pre-added","who":["user:viragnandor"],"prob":1},"fields":{},"normalizations":{}},{"classId":"e_13","part":"s1v1","offsets":[{"start":543,"text":"érinti"}],"coordinates":[],"confidence":{"state":"pre-added","who":["user:viragnandor"],"prob":1},"fields":{},"normalizations":{}},{"classId":"e_14","part":"s1v1","offsets":[{"start":550,"text":"az én választókerületem"}],"coordinates":[],"confidence":{"state":"pre-added","who":["user:viragnandor"],"prob":1},"fields":{},"normalizations":{}},{"classId":"e_14","part":"s1v1","offsets":[{"start":592,"text":"ennek az útnak a megépítését"}],"coordinates":[],"confidence":{"state":"pre-added","who":["user:viragnandor"],"prob":1},"fields":{},"normalizations":{}},{"classId":"e_13","part":"s1v1","offsets":[{"start":609,"text":"megépítését"}],"coordinates":[],"confidence":{"state":"pre-added","who":["user:viragnandor"],"prob":1},"fields":{},"normalizations":{}},{"classId":"e_8","part":"s1v1","offsets":[{"start":622,"text":"Nagyon bízunk abban"}],"coordinates":[],"confidence":{"state":"pre-added","who":["user:viragnandor"],"prob":1},"fields":{},"normalizations":{}},{"classId":"e_13","part":"s1v1","offsets":[{"start":629,"text":"bízunk"}],"coordinates":[],"confidence":{"state":"pre-added","who":["user:viragnandor"],"prob":1},"fields":{},"normalizations":{}},{"classId":"e_14","part":"s1v1","offsets":[{"start":636,"text":"abban"}],"coordinates":[],"confidence":{"state":"pre-added","who":["user:viragnandor"],"prob":1},"fields":{},"normalizations":{}},{"classId":"e_4","part":"s1v1","offsets":[{"start":643,"text":"hogy 2016-ban elindul ennek az útnak a megépítése"}],"coordinates":[],"confidence":{"state":"pre-added","who":["user:viragnandor"],"prob":1},"fields":{},"normalizations":{}},{"classId":"e_14","part":"s1v1","offsets":[{"start":648,"text":"2016-ban"}],"coordinates":[],"confidence":{"state":"pre-added","who":["user:viragnandor"],"prob":1},"fields":{},"normalizations":{}},{"classId":"e_13","part":"s1v1","offsets":[{"start":657,"text":"elindul"}],"coordinates":[],"confidence":{"state":"pre-added","who":["user:viragnandor"],"prob":1},"fields":{},"normalizations":{}},{"classId":"e_14","part":"s1v1","offsets":[{"start":665,"text":"ennek az útnak a megépítése"}],"coordinates":[],"confidence":{"state":"pre-added","who":["user:viragnandor"],"prob":1},"fields":{},"normalizations":{}},{"classId":"e_2","part":"s1v1","offsets":[{"start":749,"text":"nekünk az uniós forrásokból csak épphogy egy kicsi szeletke jut"}],"coordinates":[],"confidence":{"state":"pre-added","who":["user:bernidam"],"prob":1},"fields":{},"normalizations":{}},{"classId":"e_14","part":"s1v1","offsets":[{"start":749,"text":"nekünk"}],"coordinates":[],"confidence":{"state":"pre-added","who":["user:bernidam"],"prob":1},"fields":{},"normalizations":{}},{"classId":"e_14","part":"s1v1","offsets":[{"start":756,"text":"az uniós forrásokból"}],"coordinates":[],"confidence":{"state":"pre-added","who":["user:bernidam"],"prob":1},"fields":{},"normalizations":{}},{"classId":"e_14","part":"s1v1","offsets":[{"start":790,"text":"egy kicsi szeletke"}],"coordinates":[],"confidence":{"state":"pre-added","who":["user:bernidam"],"prob":1},"fields":{},"normalizations":{}},{"classId":"e_13","part":"s1v1","offsets":[{"start":790,"text":"egy kicsi szeletke jut"}],"coordinates":[],"confidence":{"state":"pre-added","who":["user:bernidam"],"prob":1},"fields":{},"normalizations":{}},{"classId":"e_4","part":"s1v1","offsets":[{"start":814,"text":"ezért hazai forrásokat kell igénybe venni több fejlesztésre is"}],"coordinates":[],"confidence":{"state":"pre-added","who":["user:viragnandor"],"prob":1},"fields":{},"normalizations":{}},{"classId":"e_14","part":"s1v1","offsets":[{"start":820,"text":"hazai forrásokat"}],"coordinates":[],"confidence":{"state":"pre-added","who":["user:viragnandor"],"prob":1},"fields":{},"normalizations":{}},{"classId":"e_14","part":"s1v1","offsets":[{"start":856,"text":"több fejlesztésre"}],"coordinates":[],"confidence":{"state":"pre-added","who":["user:viragnandor"],"prob":1},"fields":{},"normalizations":{}},{"classId":"e_13","part":"s1v1","offsets":[{"start":861,"text":"fejlesztésre"}],"coordinates":[],"confidence":{"state":"pre-added","who":["user:bernidam"],"prob":1},"fields":{},"normalizations":{}},{"classId":"e_4","part":"s1v1","offsets":[{"start":878,"text":"Ez így van nemcsak a közúthálózat fejlesztésénél, hanem így van ipari létesítmények, üzemek megépítésénél is"}],"coordinates":[],"confidence":{"state":"pre-added","who":["user:bernidam"],"prob":1},"fields":{},"normalizations":{}},{"classId":"e_14","part":"s1v1","offsets":[{"start":878,"text":"Ez"}],"coordinates":[],"confidence":{"state":"pre-added","who":["user:bernidam"],"prob":1},"fields":{},"normalizations":{}},{"classId":"e_14","part":"s1v1","offsets":[{"start":897,"text":"a közúthálózat fejlesztésénél"}],"coordinates":[],"confidence":{"state":"pre-added","who":["user:bernidam"],"prob":1},"fields":{},"normalizations":{}},{"classId":"e_13","part":"s1v1","offsets":[{"start":912,"text":"fejlesztésénél"}],"coordinates":[],"confidence":{"state":"pre-added","who":["user:bernidam"],"prob":1},"fields":{},"normalizations":{}},{"classId":"e_14","part":"s1v1","offsets":[{"start":942,"text":"ipari létesítmények, üzemek megépítésénél"}],"coordinates":[],"confidence":{"state":"pre-added","who":["user:bernidam"],"prob":1},"fields":{},"normalizations":{}},{"classId":"e_13","part":"s1v1","offsets":[{"start":970,"text":"megépítésénél"}],"coordinates":[],"confidence":{"state":"pre-added","who":["user:bernidam"],"prob":1},"fields":{},"normalizations":{}},{"classId":"e_4","part":"s1v1","offsets":[{"start":988,"text":"Azért, hál’ istennek, erre is van példa a körzetben."}],"coordinates":[],"confidence":{"state":"pre-added","who":["user:viragnandor","user:bernidam"],"prob":1},"fields":{},"normalizations":{}},{"classId":"e_13","part":"s1v1","offsets":[{"start":995,"text":"hál’ istennek"}],"coordinates":[],"confidence":{"state":"pre-added","who":["user:viragnandor"],"prob":1},"fields":{},"normalizations":{}},{"classId":"e_14","part":"s1v1","offsets":[{"start":1010,"text":"erre"}],"coordinates":[],"confidence":{"state":"pre-added","who":["user:viragnandor"],"prob":1},"fields":{},"normalizations":{}},{"classId":"e_13","part":"s1v1","offsets":[{"start":1010,"text":"erre is van példa"}],"coordinates":[],"confidence":{"state":"pre-added","who":["user:bernidam"],"prob":1},"fields":{},"normalizations":{}},{"classId":"e_14","part":"s1v1","offsets":[{"start":1022,"text":"példa"}],"coordinates":[],"confidence":{"state":"pre-added","who":["user:viragnandor"],"prob":1},"fields":{},"normalizations":{}},{"classId":"e_14","part":"s1v1","offsets":[{"start":1028,"text":"a körzetben"}],"coordinates":[],"confidence":{"state":"pre-added","who":["user:bernidam"],"prob":1},"fields":{},"normalizations":{}},{"classId":"e_4","part":"s1v1","offsets":[{"start":1041,"text":"Az elmúlt napokban két olyan üzemcsarnokot avattunk, amelyek részben pályázati pénzből, részben pedig hazai forrásból épültek meg."}],"coordinates":[],"confidence":{"state":"pre-added","who":["user:viragnandor"],"prob":1},"fields":{},"normalizations":{}},{"classId":"e_14","part":"s1v1","offsets":[{"start":1041,"text":"Az elmúlt napokban"}],"coordinates":[],"confidence":{"state":"pre-added","who":["user:bernidam"],"prob":1},"fields":{},"normalizations":{}},{"classId":"e_14","part":"s1v1","offsets":[{"start":1060,"text":"két olyan üzemcsarnokot"}],"coordinates":[],"confidence":{"state":"pre-added","who":["user:viragnandor"],"prob":1},"fields":{},"normalizations":{}},{"classId":"e_13","part":"s1v1","offsets":[{"start":1084,"text":"avattunk"}],"coordinates":[],"confidence":{"state":"pre-added","who":["user:viragnandor"],"prob":1},"fields":{},"normalizations":{}},{"classId":"e_14","part":"s1v1","offsets":[{"start":1094,"text":"amelyek"}],"coordinates":[],"confidence":{"state":"pre-added","who":["user:viragnandor"],"prob":1},"fields":{},"normalizations":{}},{"classId":"e_14","part":"s1v1","offsets":[{"start":1110,"text":"pályázati pénzből"}],"coordinates":[],"confidence":{"state":"pre-added","who":["user:bernidam"],"prob":1},"fields":{},"normalizations":{}},{"classId":"e_14","part":"s1v1","offsets":[{"start":1143,"text":"hazai forrásból"}],"coordinates":[],"confidence":{"state":"pre-added","who":["user:bernidam"],"prob":1},"fields":{},"normalizations":{}},{"classId":"e_13","part":"s1v1","offsets":[{"start":1159,"text":"épültek meg"}],"coordinates":[],"confidence":{"state":"pre-added","who":["user:viragnandor"],"prob":1},"fields":{},"normalizations":{}},{"classId":"e_4","part":"s1v1","offsets":[{"start":1191,"text":"hogy a kormánynak kiemelkedő fontosságú az úthálózat fejlesztése, illetve a kötöttpályás vasút építése, azok fejlesztése"}],"coordinates":[],"confidence":{"state":"pre-added","who":["user:viragnandor"],"prob":1},"fields":{},"normalizations":{}},{"classId":"e_14","part":"s1v1","offsets":[{"start":1196,"text":"a kormánynak"}],"coordinates":[],"confidence":{"state":"pre-added","who":["user:viragnandor"],"prob":1},"fields":{},"normalizations":{}},{"classId":"e_14","part":"s1v1","offsets":[{"start":1231,"text":"az úthálózat fejlesztése"}],"coordinates":[],"confidence":{"state":"pre-added","who":["user:viragnandor"],"prob":1},"fields":{},"normalizations":{}},{"classId":"e_13","part":"s1v1","offsets":[{"start":1244,"text":"fejlesztése"}],"coordinates":[],"confidence":{"state":"pre-added","who":["user:viragnandor"],"prob":1},"fields":{},"normalizations":{}},{"classId":"e_14","part":"s1v1","offsets":[{"start":1265,"text":"a kötöttpályás vasút építése"}],"coordinates":[],"confidence":{"state":"pre-added","who":["user:viragnandor"],"prob":1},"fields":{},"normalizations":{}},{"classId":"e_13","part":"s1v1","offsets":[{"start":1286,"text":"építése"}],"coordinates":[],"confidence":{"state":"pre-added","who":["user:viragnandor"],"prob":1},"fields":{},"normalizations":{}},{"classId":"e_14","part":"s1v1","offsets":[{"start":1295,"text":"azok fejlesztése"}],"coordinates":[],"confidence":{"state":"pre-added","who":["user:viragnandor"],"prob":1},"fields":{},"normalizations":{}},{"classId":"e_13","part":"s1v1","offsets":[{"start":1300,"text":"fejlesztése"}],"coordinates":[],"confidence":{"state":"pre-added","who":["user:viragnandor"],"prob":1},"fields":{},"normalizations":{}},{"classId":"e_4","part":"s1v1","offsets":[{"start":1328,"text":"a mi térségünk ilyen szempontból nem áll rosszul, hiszen a vasúti közlekedés Cegléd, Szolnok irányából Budapest, illetve Debrecen, Szeged irányába megfelelő fejlettségű"}],"coordinates":[],"confidence":{"state":"pre-added","who":["user:viragnandor"],"prob":1},"fields":{},"normalizations":{}},{"classId":"e_14","part":"s1v1","offsets":[{"start":1328,"text":"a mi térségünk"}],"coordinates":[],"confidence":{"state":"pre-added","who":["user:viragnandor"],"prob":1},"fields":{},"normalizations":{}},{"classId":"e_14","part":"s1v1","offsets":[{"start":1343,"text":"ilyen szempontból"}],"coordinates":[],"confidence":{"state":"pre-added","who":["user:bernidam"],"prob":1},"fields":{},"normalizations":{}},{"classId":"e_13","part":"s1v1","offsets":[{"start":1361,"text":"nem áll rosszul"}],"coordinates":[],"confidence":{"state":"pre-added","who":["user:viragnandor"],"prob":1},"fields":{},"normalizations":{}},{"classId":"e_14","part":"s1v1","offsets":[{"start":1385,"text":"a vasúti közlekedés"}],"coordinates":[],"confidence":{"state":"pre-added","who":["user:viragnandor"],"prob":1},"fields":{},"normalizations":{}},{"classId":"e_14","part":"s1v1","offsets":[{"start":1405,"text":"Cegléd, Szolnok irányából"}],"coordinates":[],"confidence":{"state":"pre-added","who":["user:viragnandor"],"prob":1},"fields":{},"normalizations":{}},{"classId":"e_14","part":"s1v1","offsets":[{"start":1431,"text":"Budapest, illetve Debrecen, Szeged irányába"}],"coordinates":[],"confidence":{"state":"pre-added","who":["user:viragnandor"],"prob":1},"fields":{},"normalizations":{}},{"classId":"e_13","part":"s1v1","offsets":[{"start":1475,"text":"megfelelő fejlettségű"}],"coordinates":[],"confidence":{"state":"pre-added","who":["user:viragnandor"],"prob":1},"fields":{},"normalizations":{}},{"classId":"e_2","part":"s1v1","offsets":[{"start":1535,"text":"hogy ezen úthálózaton belül az M4-es megépítése után is maradnak alsóbbrendű utak"}],"coordinates":[],"confidence":{"state":"pre-added","who":["user:bernidam"],"prob":1},"fields":{},"normalizations":{}},{"classId":"e_14","part":"s1v1","offsets":[{"start":1540,"text":"ezen úthálózaton"}],"coordinates":[],"confidence":{"state":"pre-added","who":["user:bernidam"],"prob":1},"fields":{},"normalizations":{}},{"classId":"e_14","part":"s1v1","offsets":[{"start":1563,"text":"az M4-es megépítése"}],"coordinates":[],"confidence":{"state":"pre-added","who":["user:bernidam"],"prob":1},"fields":{},"normalizations":{}},{"classId":"e_13","part":"s1v1","offsets":[{"start":1591,"text":"maradnak alsóbbrendű utak"}],"coordinates":[],"confidence":{"state":"pre-added","who":["user:bernidam"],"prob":1},"fields":{},"normalizations":{}},{"classId":"e_14","part":"s1v1","offsets":[{"start":1600,"text":"alsóbbrendű utak"}],"coordinates":[],"confidence":{"state":"pre-added","who":["user:bernidam"],"prob":1},"fields":{},"normalizations":{}},{"classId":"e_4","part":"s1v1","offsets":[{"start":1618,"text":"amelyek fejlesztése ebben a térségben nagyon fontos lenne, illetve kerékpárutak fejlesztésére is van komoly igény"}],"coordinates":[],"confidence":{"state":"pre-added","who":["user:bernidam"],"prob":1},"fields":{},"normalizations":{}},{"classId":"e_14","part":"s1v1","offsets":[{"start":1618,"text":"amelyek fejlesztése"}],"coordinates":[],"confidence":{"state":"pre-added","who":["user:bernidam"],"prob":1},"fields":{},"normalizations":{}},{"classId":"e_13","part":"s1v1","offsets":[{"start":1626,"text":"fejlesztése"}],"coordinates":[],"confidence":{"state":"pre-added","who":["user:bernidam"],"prob":1},"fields":{},"normalizations":{}},{"classId":"e_14","part":"s1v1","offsets":[{"start":1638,"text":"ebben a térségben"}],"coordinates":[],"confidence":{"state":"pre-added","who":["user:bernidam"],"prob":1},"fields":{},"normalizations":{}},{"classId":"e_14","part":"s1v1","offsets":[{"start":1685,"text":"kerékpárutak fejlesztésére"}],"coordinates":[],"confidence":{"state":"pre-added","who":["user:bernidam"],"prob":1},"fields":{},"normalizations":{}},{"classId":"e_13","part":"s1v1","offsets":[{"start":1698,"text":"fejlesztésére"}],"coordinates":[],"confidence":{"state":"pre-added","who":["user:bernidam"],"prob":1},"fields":{},"normalizations":{}},{"classId":"e_14","part":"s1v1","offsets":[{"start":1719,"text":"komoly igény"}],"coordinates":[],"confidence":{"state":"pre-added","who":["user:bernidam"],"prob":1},"fields":{},"normalizations":{}},{"classId":"e_4","part":"s1v1","offsets":[{"start":1753,"text":"hogy ennek a régiónak, ennek a kistérségnek a településeit vonzóbbá tudjuk majd tenni cégek számára, befektetők számára, és reményeink szerint ennek kapcsán majd az itt élő emberek életminősége is javulni fog, és biztos megélhetést biztosítanak ezek a fejlesztések a térségben"}],"coordinates":[],"confidence":{"state":"pre-added","who":["user:bernidam"],"prob":1},"fields":{},"normalizations":{}},{"classId":"e_14","part":"s1v1","offsets":[{"start":1758,"text":"ennek a régiónak, ennek a kistérségnek a településeit"}],"coordinates":[],"confidence":{"state":"pre-added","who":["user:viragnandor"],"prob":1},"fields":{},"normalizations":{}},{"classId":"e_13","part":"s1v1","offsets":[{"start":1812,"text":"vonzóbbá tudjuk majd tenni"}],"coordinates":[],"confidence":{"state":"pre-added","who":["user:viragnandor"],"prob":1},"fields":{},"normalizations":{}},{"classId":"e_14","part":"s1v1","offsets":[{"start":1839,"text":"cégek"}],"coordinates":[],"confidence":{"state":"pre-added","who":["user:bernidam"],"prob":1},"fields":{},"normalizations":{}},{"classId":"e_14","part":"s1v1","offsets":[{"start":1854,"text":"befektetők"}],"coordinates":[],"confidence":{"state":"pre-added","who":["user:bernidam"],"prob":1},"fields":{},"normalizations":{}},{"classId":"e_14","part":"s1v1","offsets":[{"start":1877,"text":"reményeink"}],"coordinates":[],"confidence":{"state":"pre-added","who":["user:bernidam"],"prob":1},"fields":{},"normalizations":{}},{"classId":"e_14","part":"s1v1","offsets":[{"start":1896,"text":"ennek"}],"coordinates":[],"confidence":{"state":"pre-added","who":["user:bernidam"],"prob":1},"fields":{},"normalizations":{}},{"classId":"e_14","part":"s1v1","offsets":[{"start":1915,"text":"az itt élő emberek életminősége"}],"coordinates":[],"confidence":{"state":"pre-added","who":["user:viragnandor"],"prob":1},"fields":{},"normalizations":{}},{"classId":"e_13","part":"s1v1","offsets":[{"start":1950,"text":"javulni fog"}],"coordinates":[],"confidence":{"state":"pre-added","who":["user:viragnandor"],"prob":1},"fields":{},"normalizations":{}},{"classId":"e_14","part":"s1v1","offsets":[{"start":1966,"text":"biztos megélhetést"}],"coordinates":[],"confidence":{"state":"pre-added","who":["user:viragnandor"],"prob":1},"fields":{},"normalizations":{}},{"classId":"e_13","part":"s1v1","offsets":[{"start":1985,"text":"biztosítanak"}],"coordinates":[],"confidence":{"state":"pre-added","who":["user:viragnandor"],"prob":1},"fields":{},"normalizations":{}},{"classId":"e_14","part":"s1v1","offsets":[{"start":1998,"text":"ezek a fejlesztések"}],"coordinates":[],"confidence":{"state":"pre-added","who":["user:viragnandor"],"prob":1},"fields":{},"normalizations":{}},{"classId":"e_14","part":"s1v1","offsets":[{"start":2018,"text":"a térségben"}],"coordinates":[],"confidence":{"state":"pre-added","who":["user:bernidam"],"prob":1},"fields":{},"normalizations":{}}],"relations":[{"classId":"r_16","type":"linked","directed":false,"entities":["s1v1|e_14|749,754","s1v1|e_2|749,811"],"confidence":{"state":"pre-added","who":["user:bernidam"],"prob":1}},{"classId":"r_16","type":"linked","directed":false,"entities":["s1v1|e_14|756,775","s1v1|e_2|749,811"],"confidence":{"state":"pre-added","who":["user:bernidam"],"prob":1}},{"classId":"r_16","type":"linked","directed":false,"entities":["s1v1|e_14|790,807","s1v1|e_2|749,811"],"confidence":{"state":"pre-added","who":["user:bernidam"],"prob":1}},{"classId":"r_16","type":"linked","directed":false,"entities":["s1v1|e_14|1540,1555","s1v1|e_2|1535,1615"],"confidence":{"state":"pre-added","who":["user:bernidam"],"prob":1}},{"classId":"r_16","type":"linked","directed":false,"entities":["s1v1|e_14|1563,1581","s1v1|e_2|1535,1615"],"confidence":{"state":"pre-added","who":["user:bernidam"],"prob":1}},{"classId":"r_16","type":"linked","directed":false,"entities":["s1v1|e_14|1600,1615","s1v1|e_2|1535,1615"],"confidence":{"state":"pre-added","who":["user:bernidam"],"prob":1}},{"classId":"r_18","type":"linked","directed":false,"entities":["s1v1|e_14|100,113","s1v1|e_4|74,179"],"confidence":{"state":"pre-added","who":["user:bernidam"],"prob":1}},{"classId":"r_18","type":"linked","directed":false,"entities":["s1v1|e_14|126,165","s1v1|e_4|74,179"],"confidence":{"state":"pre-added","who":["user:bernidam"],"prob":1}},{"classId":"r_18","type":"linked","directed":false,"entities":["s1v1|e_14|313,329","s1v1|e_4|304,329"],"confidence":{"state":"pre-added","who":["user:bernidam"],"prob":1}},{"classId":"r_18","type":"linked","directed":false,"entities":["s1v1|e_14|357,363","s1v1|e_4|352,486"],"confidence":{"state":"pre-added","who":["user:bernidam"],"prob":1}},{"classId":"r_18","type":"linked","directed":false,"entities":["s1v1|e_14|365,373","s1v1|e_4|352,486"],"confidence":{"state":"pre-added","who":["user:bernidam"],"prob":1}},{"classId":"r_18","type":"linked","directed":false,"entities":["s1v1|e_14|375,397","s1v1|e_4|352,486"],"confidence":{"state":"pre-added","who":["user:bernidam"],"prob":1}},{"classId":"r_18","type":"linked","directed":false,"entities":["s1v1|e_14|416,427","s1v1|e_4|352,486"],"confidence":{"state":"pre-added","who":["user:bernidam"],"prob":1}},{"classId":"r_18","type":"linked","directed":false,"entities":["s1v1|e_14|433,455","s1v1|e_4|352,486"],"confidence":{"state":"pre-added","who":["user:bernidam"],"prob":1}},{"classId":"r_18","type":"linked","directed":false,"entities":["s1v1|e_14|472,486","s1v1|e_4|352,486"],"confidence":{"state":"pre-added","who":["user:bernidam"],"prob":1}},{"classId":"r_18","type":"linked","directed":false,"entities":["s1v1|e_14|489,490","s1v1|e_4|489,620"],"confidence":{"state":"pre-added","who":["user:viragnandor"],"prob":1}},{"classId":"r_18","type":"linked","directed":false,"entities":["s1v1|e_14|511,518","s1v1|e_4|489,620"],"confidence":{"state":"pre-added","who":["user:viragnandor"],"prob":1}},{"classId":"r_18","type":"linked","directed":false,"entities":["s1v1|e_14|521,530","s1v1|e_4|489,620"],"confidence":{"state":"pre-added","who":["user:viragnandor"],"prob":1}},{"classId":"r_18","type":"linked","directed":false,"entities":["s1v1|e_14|533,538","s1v1|e_4|489,620"],"confidence":{"state":"pre-added","who":["user:viragnandor"],"prob":1}},{"classId":"r_18","type":"linked","directed":false,"entities":["s1v1|e_14|550,572","s1v1|e_4|489,620"],"confidence":{"state":"pre-added","who":["user:viragnandor"],"prob":1}},{"classId":"r_18","type":"linked","directed":false,"entities":["s1v1|e_14|592,619","s1v1|e_4|489,620"],"confidence":{"state":"pre-added","who":["user:viragnandor"],"prob":1}},{"classId":"r_18","type":"linked","directed":false,"entities":["s1v1|e_14|648,655","s1v1|e_4|643,691"],"confidence":{"state":"pre-added","who":["user:viragnandor"],"prob":1}},{"classId":"r_18","type":"linked","directed":false,"entities":["s1v1|e_14|665,691","s1v1|e_4|643,691"],"confidence":{"state":"pre-added","who":["user:viragnandor"],"prob":1}},{"classId":"r_18","type":"linked","directed":false,"entities":["s1v1|e_14|820,835","s1v1|e_4|814,875"],"confidence":{"state":"pre-added","who":["user:viragnandor"],"prob":1}},{"classId":"r_18","type":"linked","directed":false,"entities":["s1v1|e_14|856,872","s1v1|e_4|814,875"],"confidence":{"state":"pre-added","who":["user:viragnandor"],"prob":1}},{"classId":"r_18","type":"linked","directed":false,"entities":["s1v1|e_14|878,879","s1v1|e_4|878,985"],"confidence":{"state":"pre-added","who":["user:bernidam"],"prob":1}},{"classId":"r_18","type":"linked","directed":false,"entities":["s1v1|e_14|897,925","s1v1|e_4|878,985"],"confidence":{"state":"pre-added","who":["user:bernidam"],"prob":1}},{"classId":"r_18","type":"linked","directed":false,"entities":["s1v1|e_14|942,982","s1v1|e_4|878,985"],"confidence":{"state":"pre-added","who":["user:bernidam"],"prob":1}},{"classId":"r_18","type":"linked","directed":false,"entities":["s1v1|e_14|1010,1013","s1v1|e_4|988,1039"],"confidence":{"state":"pre-added","who":["user:bernidam"],"prob":1}},{"classId":"r_18","type":"linked","directed":false,"entities":["s1v1|e_14|1022,1026","s1v1|e_4|988,1039"],"confidence":{"state":"pre-added","who":["user:bernidam"],"prob":1}},{"classId":"r_18","type":"linked","directed":false,"entities":["s1v1|e_14|1028,1038","s1v1|e_4|988,1039"],"confidence":{"state":"pre-added","who":["user:bernidam"],"prob":1}},{"classId":"r_18","type":"linked","directed":false,"entities":["s1v1|e_14|1041,1058","s1v1|e_4|1041,1170"],"confidence":{"state":"pre-added","who":["user:bernidam"],"prob":1}},{"classId":"r_18","type":"linked","directed":false,"entities":["s1v1|e_14|1060,1082","s1v1|e_4|1041,1170"],"confidence":{"state":"pre-added","who":["user:viragnandor"],"prob":1}},{"classId":"r_18","type":"linked","directed":false,"entities":["s1v1|e_14|1094,1100","s1v1|e_4|1041,1170"],"confidence":{"state":"pre-added","who":["user:viragnandor"],"prob":1}},{"classId":"r_18","type":"linked","directed":false,"entities":["s1v1|e_14|1110,1126","s1v1|e_4|1041,1170"],"confidence":{"state":"pre-added","who":["user:bernidam"],"prob":1}},{"classId":"r_18","type":"linked","directed":false,"entities":["s1v1|e_14|1143,1157","s1v1|e_4|1041,1170"],"confidence":{"state":"pre-added","who":["user:bernidam"],"prob":1}},{"classId":"r_18","type":"linked","directed":false,"entities":["s1v1|e_14|1196,1207","s1v1|e_4|1191,1310"],"confidence":{"state":"pre-added","who":["user:viragnandor"],"prob":1}},{"classId":"r_18","type":"linked","directed":false,"entities":["s1v1|e_14|1231,1254","s1v1|e_4|1191,1310"],"confidence":{"state":"pre-added","who":["user:viragnandor"],"prob":1}},{"classId":"r_18","type":"linked","directed":false,"entities":["s1v1|e_14|1265,1292","s1v1|e_4|1191,1310"],"confidence":{"state":"pre-added","who":["user:viragnandor"],"prob":1}},{"classId":"r_18","type":"linked","directed":false,"entities":["s1v1|e_14|1295,1310","s1v1|e_4|1191,1310"],"confidence":{"state":"pre-added","who":["user:viragnandor"],"prob":1}},{"classId":"r_18","type":"linked","directed":false,"entities":["s1v1|e_14|1328,1341","s1v1|e_4|1328,1495"],"confidence":{"state":"pre-added","who":["user:viragnandor"],"prob":1}},{"classId":"r_18","type":"linked","directed":false,"entities":["s1v1|e_14|1343,1359","s1v1|e_4|1328,1495"],"confidence":{"state":"pre-added","who":["user:bernidam"],"prob":1}},{"classId":"r_18","type":"linked","directed":false,"entities":["s1v1|e_14|1385,1403","s1v1|e_4|1328,1495"],"confidence":{"state":"pre-added","who":["user:viragnandor"],"prob":1}},{"classId":"r_18","type":"linked","directed":false,"entities":["s1v1|e_14|1405,1429","s1v1|e_4|1328,1495"],"confidence":{"state":"pre-added","who":["user:viragnandor"],"prob":1}},{"classId":"r_18","type":"linked","directed":false,"entities":["s1v1|e_14|1431,1473","s1v1|e_4|1328,1495"],"confidence":{"state":"pre-added","who":["user:viragnandor"],"prob":1}},{"classId":"r_18","type":"linked","directed":false,"entities":["s1v1|e_14|1618,1636","s1v1|e_4|1618,1730"],"confidence":{"state":"pre-added","who":["user:bernidam"],"prob":1}},{"classId":"r_18","type":"linked","directed":false,"entities":["s1v1|e_14|1638,1654","s1v1|e_4|1618,1730"],"confidence":{"state":"pre-added","who":["user:bernidam"],"prob":1}},{"classId":"r_18","type":"linked","directed":false,"entities":["s1v1|e_14|1685,1710","s1v1|e_4|1618,1730"],"confidence":{"state":"pre-added","who":["user:bernidam"],"prob":1}},{"classId":"r_18","type":"linked","directed":false,"entities":["s1v1|e_14|1719,1730","s1v1|e_4|1618,1730"],"confidence":{"state":"pre-added","who":["user:bernidam"],"prob":1}},{"classId":"r_18","type":"linked","directed":false,"entities":["s1v1|e_14|1758,1810","s1v1|e_4|1753,2028"],"confidence":{"state":"pre-added","who":["user:bernidam"],"prob":1}},{"classId":"r_18","type":"linked","directed":false,"entities":["s1v1|e_14|1839,1843","s1v1|e_4|1753,2028"],"confidence":{"state":"pre-added","who":["user:bernidam"],"prob":1}},{"classId":"r_18","type":"linked","directed":false,"entities":["s1v1|e_14|1854,1863","s1v1|e_4|1753,2028"],"confidence":{"state":"pre-added","who":["user:bernidam"],"prob":1}},{"classId":"r_18","type":"linked","directed":false,"entities":["s1v1|e_14|1877,1886","s1v1|e_4|1753,2028"],"confidence":{"state":"pre-added","who":["user:bernidam"],"prob":1}},{"classId":"r_18","type":"linked","directed":false,"entities":["s1v1|e_14|1896,1900","s1v1|e_4|1753,2028"],"confidence":{"state":"pre-added","who":["user:bernidam"],"prob":1}},{"classId":"r_18","type":"linked","directed":false,"entities":["s1v1|e_14|1915,1945","s1v1|e_4|1753,2028"],"confidence":{"state":"pre-added","who":["user:bernidam"],"prob":1}},{"classId":"r_18","type":"linked","directed":false,"entities":["s1v1|e_14|1966,1983","s1v1|e_4|1753,2028"],"confidence":{"state":"pre-added","who":["user:bernidam"],"prob":1}},{"classId":"r_18","type":"linked","directed":false,"entities":["s1v1|e_14|1998,2016","s1v1|e_4|1753,2028"],"confidence":{"state":"pre-added","who":["user:bernidam"],"prob":1}},{"classId":"r_18","type":"linked","directed":false,"entities":["s1v1|e_14|2018,2028","s1v1|e_4|1753,2028"],"confidence":{"state":"pre-added","who":["user:bernidam"],"prob":1}},{"classId":"r_22","type":"linked","directed":false,"entities":["s1v1|e_14|201,216","s1v1|e_8|181,233"],"confidence":{"state":"pre-added","who":["user:viragnandor"],"prob":1}},{"classId":"r_22","type":"linked","directed":false,"entities":["s1v1|e_14|636,640","s1v1|e_8|622,640"],"confidence":{"state":"pre-added","who":["user:viragnandor"],"prob":1}}]}