{"annotatable":{"parts":["s1v1"]},"anncomplete":false,"sources":[],"metas":{},"entities":[{"classId":"e_14","part":"s1v1","offsets":[{"start":51,"text":"A kormánytöbbségre"}],"coordinates":[],"confidence":{"state":"pre-added","who":["user:TarCintia"],"prob":1},"fields":{},"normalizations":{}},{"classId":"e_14","part":"s1v1","offsets":[{"start":71,"text":"a kormányra"}],"coordinates":[],"confidence":{"state":"pre-added","who":["user:TarCintia"],"prob":1},"fields":{},"normalizations":{}},{"classId":"e_14","part":"s1v1","offsets":[{"start":100,"text":"a vasárnapi zárvatartás"}],"coordinates":[],"confidence":{"state":"pre-added","who":["user:TarCintia"],"prob":1},"fields":{},"normalizations":{}},{"classId":"e_2","part":"s1v1","offsets":[{"start":125,"text":"de a bankpolitikája is ráégett"}],"coordinates":[],"confidence":{"state":"pre-added","who":["user:TarCintia"],"prob":1},"fields":{},"normalizations":{}},{"classId":"e_14","part":"s1v1","offsets":[{"start":128,"text":"a bankpolitikája"}],"coordinates":[],"confidence":{"state":"pre-added","who":["user:TarCintia"],"prob":1},"fields":{},"normalizations":{}},{"classId":"e_13","part":"s1v1","offsets":[{"start":148,"text":"ráégett"}],"coordinates":[],"confidence":{"state":"pre-added","who":["user:TarCintia"],"prob":1},"fields":{},"normalizations":{}},{"classId":"e_14","part":"s1v1","offsets":[{"start":188,"text":"a kormány"}],"coordinates":[],"confidence":{"state":"pre-added","who":["user:TarCintia"],"prob":1},"fields":{},"normalizations":{}},{"classId":"e_14","part":"s1v1","offsets":[{"start":198,"text":"pénzügyi stabilitás alatt"}],"coordinates":[],"confidence":{"state":"pre-added","who":["user:TarCintia"],"prob":1},"fields":{},"normalizations":{}},{"classId":"e_14","part":"s1v1","offsets":[{"start":254,"text":"saját kézbe"}],"coordinates":[],"confidence":{"state":"pre-added","who":["user:TarCintia"],"prob":1},"fields":{},"normalizations":{}},{"classId":"e_14","part":"s1v1","offsets":[{"start":271,"text":"minden olyan eszközt"}],"coordinates":[],"confidence":{"state":"pre-added","who":["user:TarCintia"],"prob":1},"fields":{},"normalizations":{}},{"classId":"e_5","part":"s1v1","offsets":[{"start":293,"text":"amivel stabilan tudja finanszírozni a Fidesz gazdasági hátországának pénz­ügyi igényeit"}],"coordinates":[],"confidence":{"state":"pre-added","who":["user:TarCintia"],"prob":1},"fields":{},"normalizations":{}},{"classId":"e_14","part":"s1v1","offsets":[{"start":329,"text":"a Fidesz gazdasági hátországának pénz­ügyi igényeit"}],"coordinates":[],"confidence":{"state":"pre-added","who":["user:TarCintia"],"prob":1},"fields":{},"normalizations":{}},{"classId":"e_13","part":"s1v1","offsets":[{"start":331,"text":"Fidesz gazdasági hátországának pénz­ügyi igényeit"}],"coordinates":[],"confidence":{"state":"pre-added","who":["user:TarCintia"],"prob":1},"fields":{},"normalizations":{}},{"classId":"e_14","part":"s1v1","offsets":[{"start":382,"text":"A kormánypárt pénzügypolitikája"}],"coordinates":[],"confidence":{"state":"pre-added","who":["user:TarCintia"],"prob":1},"fields":{},"normalizations":{}},{"classId":"e_14","part":"s1v1","offsets":[{"start":414,"text":"jelenleg"}],"coordinates":[],"confidence":{"state":"pre-added","who":["user:TarCintia"],"prob":1},"fields":{},"normalizations":{}},{"classId":"e_14","part":"s1v1","offsets":[{"start":423,"text":"egyetlen dologra"}],"coordinates":[],"confidence":{"state":"pre-added","who":["user:TarCintia"],"prob":1},"fields":{},"normalizations":{}},{"classId":"e_5","part":"s1v1","offsets":[{"start":446,"text":"adófizetői pénzen feltőkésíteni az új oligarcháit"}],"coordinates":[],"confidence":{"state":"pre-added","who":["user:TarCintia"],"prob":1},"fields":{},"normalizations":{}},{"classId":"e_14","part":"s1v1","offsets":[{"start":446,"text":"adófizetői pénzen"}],"coordinates":[],"confidence":{"state":"pre-added","who":["user:TarCintia"],"prob":1},"fields":{},"normalizations":{}},{"classId":"e_13","part":"s1v1","offsets":[{"start":464,"text":"feltőkésíteni"}],"coordinates":[],"confidence":{"state":"pre-added","who":["user:TarCintia"],"prob":1},"fields":{},"normalizations":{}},{"classId":"e_14","part":"s1v1","offsets":[{"start":478,"text":"az új oligarcháit"}],"coordinates":[],"confidence":{"state":"pre-added","who":["user:TarCintia"],"prob":1},"fields":{},"normalizations":{}},{"classId":"e_13","part":"s1v1","offsets":[{"start":484,"text":"oligarcháit"}],"coordinates":[],"confidence":{"state":"pre-added","who":["user:TarCintia"],"prob":1},"fields":{},"normalizations":{}},{"classId":"e_5","part":"s1v1","offsets":[{"start":497,"text":"Ez pedig a Simicska-Orbán háború kitörése után annyira fontos, hogy még az államadósság növelése sem drága a cél elérése érdekében."}],"coordinates":[],"confidence":{"state":"pre-added","who":["user:TarCintia"],"prob":1},"fields":{},"normalizations":{}},{"classId":"e_14","part":"s1v1","offsets":[{"start":497,"text":"Ez"}],"coordinates":[],"confidence":{"state":"pre-added","who":["user:gcsenge"],"prob":1},"fields":{},"normalizations":{}},{"classId":"e_14","part":"s1v1","offsets":[{"start":506,"text":"a Simicska-Orbán háború kitörése után"}],"coordinates":[],"confidence":{"state":"pre-added","who":["user:TarCintia"],"prob":1},"fields":{},"normalizations":{}},{"classId":"e_13","part":"s1v1","offsets":[{"start":508,"text":"Simicska-Orbán háború"}],"coordinates":[],"confidence":{"state":"pre-added","who":["user:TarCintia"],"prob":1},"fields":{},"normalizations":{}},{"classId":"e_14","part":"s1v1","offsets":[{"start":569,"text":"az államadósság növelése"}],"coordinates":[],"confidence":{"state":"pre-added","who":["user:TarCintia"],"prob":1},"fields":{},"normalizations":{}},{"classId":"e_13","part":"s1v1","offsets":[{"start":569,"text":"az államadósság növelése sem drága"}],"coordinates":[],"confidence":{"state":"pre-added","who":["user:gcsenge"],"prob":1},"fields":{},"normalizations":{}},{"classId":"e_14","part":"s1v1","offsets":[{"start":604,"text":"a cél elérése érdekében"}],"coordinates":[],"confidence":{"state":"pre-added","who":["user:TarCintia"],"prob":1},"fields":{},"normalizations":{}},{"classId":"e_2","part":"s1v1","offsets":[{"start":629,"text":"Az államadósság ellen hirdetett harc ugyanis végérvényesen elbukhat"}],"coordinates":[],"confidence":{"state":"pre-added","who":["user:TarCintia"],"prob":1},"fields":{},"normalizations":{}},{"classId":"e_14","part":"s1v1","offsets":[{"start":629,"text":"Az államadósság ellen hirdetett harc"}],"coordinates":[],"confidence":{"state":"pre-added","who":["user:TarCintia"],"prob":1},"fields":{},"normalizations":{}},{"classId":"e_14","part":"s1v1","offsets":[{"start":674,"text":"végérvényesen"}],"coordinates":[],"confidence":{"state":"pre-added","who":["user:TarCintia"],"prob":1},"fields":{},"normalizations":{}},{"classId":"e_13","part":"s1v1","offsets":[{"start":688,"text":"elbukhat"}],"coordinates":[],"confidence":{"state":"pre-added","who":["user:TarCintia"],"prob":1},"fields":{},"normalizations":{}},{"classId":"e_14","part":"s1v1","offsets":[{"start":701,"text":"az Európai Unió statisztikai hivatalának"}],"coordinates":[],"confidence":{"state":"pre-added","who":["user:TarCintia"],"prob":1},"fields":{},"normalizations":{}},{"classId":"e_14","part":"s1v1","offsets":[{"start":747,"text":"javaslata"}],"coordinates":[],"confidence":{"state":"pre-added","who":["user:TarCintia"],"prob":1},"fields":{},"normalizations":{}},{"classId":"e_14","part":"s1v1","offsets":[{"start":783,"text":"az Eximbankot"}],"coordinates":[],"confidence":{"state":"pre-added","who":["user:TarCintia"],"prob":1},"fields":{},"normalizations":{}},{"classId":"e_14","part":"s1v1","offsets":[{"start":800,"text":"az államháztartási körön belülinek"}],"coordinates":[],"confidence":{"state":"pre-added","who":["user:TarCintia"],"prob":1},"fields":{},"normalizations":{}},{"classId":"e_14","part":"s1v1","offsets":[{"start":859,"text":"szabály szerint"}],"coordinates":[],"confidence":{"state":"pre-added","who":["user:TarCintia"],"prob":1},"fields":{},"normalizations":{}},{"classId":"e_14","part":"s1v1","offsets":[{"start":894,"text":"az államadósságot"}],"coordinates":[],"confidence":{"state":"pre-added","who":["user:TarCintia"],"prob":1},"fields":{},"normalizations":{}},{"classId":"e_2","part":"s1v1","offsets":[{"start":946,"text":"hogy az államadósság sem 2013-ban, sem 2014?ben egyáltalán nem csökkent"}],"coordinates":[],"confidence":{"state":"pre-added","who":["user:TarCintia"],"prob":1},"fields":{},"normalizations":{}},{"classId":"e_14","part":"s1v1","offsets":[{"start":951,"text":"az államadósság"}],"coordinates":[],"confidence":{"state":"pre-added","who":["user:TarCintia"],"prob":1},"fields":{},"normalizations":{}},{"classId":"e_14","part":"s1v1","offsets":[{"start":971,"text":"2013-ban"}],"coordinates":[],"confidence":{"state":"pre-added","who":["user:TarCintia"],"prob":1},"fields":{},"normalizations":{}},{"classId":"e_14","part":"s1v1","offsets":[{"start":985,"text":"2014?ben"}],"coordinates":[],"confidence":{"state":"pre-added","who":["user:TarCintia"],"prob":1},"fields":{},"normalizations":{}},{"classId":"e_13","part":"s1v1","offsets":[{"start":1005,"text":"nem csökkent"}],"coordinates":[],"confidence":{"state":"pre-added","who":["user:TarCintia"],"prob":1},"fields":{},"normalizations":{}},{"classId":"e_14","part":"s1v1","offsets":[{"start":1023,"text":"papíron sem"}],"coordinates":[],"confidence":{"state":"pre-added","who":["user:TarCintia"],"prob":1},"fields":{},"normalizations":{}},{"classId":"e_14","part":"s1v1","offsets":[{"start":1051,"text":"az oka"}],"coordinates":[],"confidence":{"state":"pre-added","who":["user:TarCintia"],"prob":1},"fields":{},"normalizations":{}},{"classId":"e_2","part":"s1v1","offsets":[{"start":1059,"text":"hogy egy 2013-as törvénymódosítás után nagymértékben megnőtt az Eximbank általi hitelkihelyezés"}],"coordinates":[],"confidence":{"state":"pre-added","who":["user:TarCintia"],"prob":1},"fields":{},"normalizations":{}},{"classId":"e_14","part":"s1v1","offsets":[{"start":1064,"text":"egy 2013-as törvénymódosítás után"}],"coordinates":[],"confidence":{"state":"pre-added","who":["user:TarCintia"],"prob":1},"fields":{},"normalizations":{}},{"classId":"e_13","part":"s1v1","offsets":[{"start":1112,"text":"megnőtt az Eximbank általi hitelkihelyezés"}],"coordinates":[],"confidence":{"state":"pre-added","who":["user:gcsenge"],"prob":1},"fields":{},"normalizations":{}},{"classId":"e_14","part":"s1v1","offsets":[{"start":1120,"text":"az Eximbank általi hitelkihelyezés"}],"coordinates":[],"confidence":{"state":"pre-added","who":["user:TarCintia"],"prob":1},"fields":{},"normalizations":{}},{"classId":"e_5","part":"s1v1","offsets":[{"start":1182,"text":"hogy az Eximbank megnövekedett hitelkihelyezése mögött elsősorban a Fidesz-közeli vállalkozók finanszírozása állt"}],"coordinates":[],"confidence":{"state":"pre-added","who":["user:TarCintia"],"prob":1},"fields":{},"normalizations":{}},{"classId":"e_14","part":"s1v1","offsets":[{"start":1187,"text":"az Eximbank megnövekedett hitelkihelyezése mögött"}],"coordinates":[],"confidence":{"state":"pre-added","who":["user:TarCintia"],"prob":1},"fields":{},"normalizations":{}},{"classId":"e_13","part":"s1v1","offsets":[{"start":1199,"text":"megnövekedett hitelkihelyezése"}],"coordinates":[],"confidence":{"state":"pre-added","who":["user:gcsenge"],"prob":1},"fields":{},"normalizations":{}},{"classId":"e_14","part":"s1v1","offsets":[{"start":1248,"text":"a Fidesz-közeli vállalkozók finanszírozása"}],"coordinates":[],"confidence":{"state":"pre-added","who":["user:TarCintia"],"prob":1},"fields":{},"normalizations":{}},{"classId":"e_13","part":"s1v1","offsets":[{"start":1250,"text":"Fidesz-közeli vállalkozók finanszírozása"}],"coordinates":[],"confidence":{"state":"pre-added","who":["user:TarCintia"],"prob":1},"fields":{},"normalizations":{}},{"classId":"e_14","part":"s1v1","offsets":[{"start":1297,"text":"Köztudott tény"}],"coordinates":[],"confidence":{"state":"pre-added","who":["user:TarCintia"],"prob":1},"fields":{},"normalizations":{}},{"classId":"e_5","part":"s1v1","offsets":[{"start":1313,"text":"hogy több export-import tevékenységet nem folytató cég is kapott a banktól hitelt"}],"coordinates":[],"confidence":{"state":"pre-added","who":["user:TarCintia"],"prob":1},"fields":{},"normalizations":{}},{"classId":"e_14","part":"s1v1","offsets":[{"start":1318,"text":"több export-import tevékenységet nem folytató cég"}],"coordinates":[],"confidence":{"state":"pre-added","who":["user:TarCintia"],"prob":1},"fields":{},"normalizations":{}},{"classId":"e_14","part":"s1v1","offsets":[{"start":1378,"text":"a banktól"}],"coordinates":[],"confidence":{"state":"pre-added","who":["user:TarCintia"],"prob":1},"fields":{},"normalizations":{}},{"classId":"e_14","part":"s1v1","offsets":[{"start":1388,"text":"hitelt"}],"coordinates":[],"confidence":{"state":"pre-added","who":["user:TarCintia"],"prob":1},"fields":{},"normalizations":{}},{"classId":"e_5","part":"s1v1","offsets":[{"start":1396,"text":"Garancsi István 16,5 milliárdot kapott a Kopaszi-gát"}],"coordinates":[],"confidence":{"state":"pre-added","who":["user:TarCintia"],"prob":1},"fields":{},"normalizations":{}},{"classId":"e_14","part":"s1v1","offsets":[{"start":1396,"text":"Garancsi István"}],"coordinates":[],"confidence":{"state":"pre-added","who":["user:TarCintia"],"prob":1},"fields":{},"normalizations":{}},{"classId":"e_14","part":"s1v1","offsets":[{"start":1412,"text":"16,5 milliárdot"}],"coordinates":[],"confidence":{"state":"pre-added","who":["user:TarCintia"],"prob":1},"fields":{},"normalizations":{}},{"classId":"e_14","part":"s1v1","offsets":[{"start":1435,"text":"a Kopaszi-gát"}],"coordinates":[],"confidence":{"state":"pre-added","who":["user:TarCintia"],"prob":1},"fields":{},"normalizations":{}},{"classId":"e_14","part":"s1v1","offsets":[{"start":1450,"text":"Andy Vajna"}],"coordinates":[],"confidence":{"state":"pre-added","who":["user:TarCintia"],"prob":1},"fields":{},"normalizations":{}},{"classId":"e_14","part":"s1v1","offsets":[{"start":1461,"text":"6,7 milliárdot"}],"coordinates":[],"confidence":{"state":"pre-added","who":["user:TarCintia"],"prob":1},"fields":{},"normalizations":{}},{"classId":"e_14","part":"s1v1","offsets":[{"start":1476,"text":"a TV2 megvásárlására"}],"coordinates":[],"confidence":{"state":"pre-added","who":["user:TarCintia"],"prob":1},"fields":{},"normalizations":{}},{"classId":"e_5","part":"s1v1","offsets":[{"start":1498,"text":"de a hitelkihelyezési listán még Csányi Sándor is szerepelt"}],"coordinates":[],"confidence":{"state":"pre-added","who":["user:TarCintia"],"prob":1},"fields":{},"normalizations":{}},{"classId":"e_14","part":"s1v1","offsets":[{"start":1501,"text":"a hitelkihelyezési listán"}],"coordinates":[],"confidence":{"state":"pre-added","who":["user:TarCintia"],"prob":1},"fields":{},"normalizations":{}},{"classId":"e_14","part":"s1v1","offsets":[{"start":1531,"text":"Csányi Sándor"}],"coordinates":[],"confidence":{"state":"pre-added","who":["user:TarCintia"],"prob":1},"fields":{},"normalizations":{}},{"classId":"e_13","part":"s1v1","offsets":[{"start":1548,"text":"szerepelt"}],"coordinates":[],"confidence":{"state":"pre-added","who":["user:TarCintia"],"prob":1},"fields":{},"normalizations":{}},{"classId":"e_14","part":"s1v1","offsets":[{"start":1563,"text":"használtgumi-feldolgozót"}],"coordinates":[],"confidence":{"state":"pre-added","who":["user:TarCintia"],"prob":1},"fields":{},"normalizations":{}},{"classId":"e_14","part":"s1v1","offsets":[{"start":1604,"text":"Százhalombattán"}],"coordinates":[],"confidence":{"state":"pre-added","who":["user:TarCintia"],"prob":1},"fields":{},"normalizations":{}},{"classId":"e_14","part":"s1v1","offsets":[{"start":1659,"text":"Magyarországon"}],"coordinates":[],"confidence":{"state":"pre-added","who":["user:TarCintia"],"prob":1},"fields":{},"normalizations":{}},{"classId":"e_5","part":"s1v1","offsets":[{"start":1685,"text":"Márpedig ha a kormány nem tudja meggyőzni az Eurostatot az igazáról"}],"coordinates":[],"confidence":{"state":"pre-added","who":["user:TarCintia"],"prob":1},"fields":{},"normalizations":{}},{"classId":"e_14","part":"s1v1","offsets":[{"start":1697,"text":"a kormány"}],"coordinates":[],"confidence":{"state":"pre-added","who":["user:TarCintia"],"prob":1},"fields":{},"normalizations":{}},{"classId":"e_13","part":"s1v1","offsets":[{"start":1707,"text":"nem tudja meggyőzni"}],"coordinates":[],"confidence":{"state":"pre-added","who":["user:TarCintia"],"prob":1},"fields":{},"normalizations":{}},{"classId":"e_14","part":"s1v1","offsets":[{"start":1727,"text":"az Eurostatot"}],"coordinates":[],"confidence":{"state":"pre-added","who":["user:TarCintia"],"prob":1},"fields":{},"normalizations":{}},{"classId":"e_13","part":"s1v1","offsets":[{"start":1741,"text":"az igazáról"}],"coordinates":[],"confidence":{"state":"pre-added","who":["user:TarCintia"],"prob":1},"fields":{},"normalizations":{}},{"classId":"e_14","part":"s1v1","offsets":[{"start":1741,"text":"az igazáról"}],"coordinates":[],"confidence":{"state":"pre-added","who":["user:TarCintia"],"prob":1},"fields":{},"normalizations":{}},{"classId":"e_2","part":"s1v1","offsets":[{"start":1754,"text":"akkor ezek a pénzek mind növelni fogják az államadósságot"}],"coordinates":[],"confidence":{"state":"pre-added","who":["user:TarCintia"],"prob":1},"fields":{},"normalizations":{}},{"classId":"e_14","part":"s1v1","offsets":[{"start":1760,"text":"ezek a pénzek"}],"coordinates":[],"confidence":{"state":"pre-added","who":["user:gcsenge"],"prob":1},"fields":{},"normalizations":{}},{"classId":"e_13","part":"s1v1","offsets":[{"start":1779,"text":"növelni fogják"}],"coordinates":[],"confidence":{"state":"pre-added","who":["user:TarCintia"],"prob":1},"fields":{},"normalizations":{}},{"classId":"e_14","part":"s1v1","offsets":[{"start":1794,"text":"az államadósságot"}],"coordinates":[],"confidence":{"state":"pre-added","who":["user:TarCintia"],"prob":1},"fields":{},"normalizations":{}},{"classId":"e_5","part":"s1v1","offsets":[{"start":1845,"text":"a kormány azért bukja el az államadósság elleni harcot, mert fontosabb volt az új oligarchák pénzzel való kitömése"}],"coordinates":[],"confidence":{"state":"pre-added","who":["user:TarCintia"],"prob":1},"fields":{},"normalizations":{}},{"classId":"e_14","part":"s1v1","offsets":[{"start":1845,"text":"a kormány"}],"coordinates":[],"confidence":{"state":"pre-added","who":["user:TarCintia"],"prob":1},"fields":{},"normalizations":{}},{"classId":"e_13","part":"s1v1","offsets":[{"start":1861,"text":"bukja el"}],"coordinates":[],"confidence":{"state":"pre-added","who":["user:TarCintia"],"prob":1},"fields":{},"normalizations":{}},{"classId":"e_14","part":"s1v1","offsets":[{"start":1870,"text":"az államadósság elleni harcot"}],"coordinates":[],"confidence":{"state":"pre-added","who":["user:TarCintia"],"prob":1},"fields":{},"normalizations":{}},{"classId":"e_14","part":"s1v1","offsets":[{"start":1921,"text":"az új oligarchák pénzzel való kitömése"}],"coordinates":[],"confidence":{"state":"pre-added","who":["user:TarCintia"],"prob":1},"fields":{},"normalizations":{}},{"classId":"e_13","part":"s1v1","offsets":[{"start":1927,"text":"oligarchák pénzzel való kitömése"}],"coordinates":[],"confidence":{"state":"pre-added","who":["user:TarCintia"],"prob":1},"fields":{},"normalizations":{}},{"classId":"e_5","part":"s1v1","offsets":[{"start":1961,"text":"Persze a bankpolitikáról beszélve nem mehetünk el szó nélkül az MNB viselt dolgai mellett sem."}],"coordinates":[],"confidence":{"state":"pre-added","who":["user:TarCintia"],"prob":1},"fields":{},"normalizations":{}},{"classId":"e_14","part":"s1v1","offsets":[{"start":1968,"text":"a bankpolitikáról"}],"coordinates":[],"confidence":{"state":"pre-added","who":["user:TarCintia"],"prob":1},"fields":{},"normalizations":{}},{"classId":"e_13","part":"s1v1","offsets":[{"start":1995,"text":"nem mehetünk el szó nélkül"}],"coordinates":[],"confidence":{"state":"pre-added","who":["user:TarCintia"],"prob":1},"fields":{},"normalizations":{}},{"classId":"e_14","part":"s1v1","offsets":[{"start":2022,"text":"az MNB viselt dolgai mellett"}],"coordinates":[],"confidence":{"state":"pre-added","who":["user:TarCintia"],"prob":1},"fields":{},"normalizations":{}},{"classId":"e_5","part":"s1v1","offsets":[{"start":2056,"text":"A Magyar Nemzeti Bank számára már nem a tisztességes monetáris politika az elsődleges feladat."}],"coordinates":[],"confidence":{"state":"pre-added","who":["user:TarCintia"],"prob":1},"fields":{},"normalizations":{}},{"classId":"e_14","part":"s1v1","offsets":[{"start":2056,"text":"A Magyar Nemzeti Bank számára"}],"coordinates":[],"confidence":{"state":"pre-added","who":["user:TarCintia"],"prob":1},"fields":{},"normalizations":{}},{"classId":"e_13","part":"s1v1","offsets":[{"start":2090,"text":"nem a tisztességes monetáris politika"}],"coordinates":[],"confidence":{"state":"pre-added","who":["user:TarCintia"],"prob":1},"fields":{},"normalizations":{}},{"classId":"e_14","part":"s1v1","offsets":[{"start":2090,"text":"nem a tisztességes monetáris politika"}],"coordinates":[],"confidence":{"state":"pre-added","who":["user:TarCintia"],"prob":1},"fields":{},"normalizations":{}},{"classId":"e_14","part":"s1v1","offsets":[{"start":2128,"text":"az elsődleges feladat"}],"coordinates":[],"confidence":{"state":"pre-added","who":["user:TarCintia"],"prob":1},"fields":{},"normalizations":{}},{"classId":"e_5","part":"s1v1","offsets":[{"start":2151,"text":"Matolcsy György hírhedt kreativitását ma már csak az állami pénzek kitalicskázásának újabb és újabb módszereinek kitalálására fordítja."}],"coordinates":[],"confidence":{"state":"pre-added","who":["user:TarCintia"],"prob":1},"fields":{},"normalizations":{}},{"classId":"e_14","part":"s1v1","offsets":[{"start":2151,"text":"Matolcsy György hírhedt kreativitását"}],"coordinates":[],"confidence":{"state":"pre-added","who":["user:TarCintia"],"prob":1},"fields":{},"normalizations":{}},{"classId":"e_14","part":"s1v1","offsets":[{"start":2201,"text":"az állami pénzek kitalicskázásának újabb és újabb módszereinek kitalálására"}],"coordinates":[],"confidence":{"state":"pre-added","who":["user:TarCintia"],"prob":1},"fields":{},"normalizations":{}},{"classId":"e_13","part":"s1v1","offsets":[{"start":2204,"text":"állami pénzek kitalicskázásának"}],"coordinates":[],"confidence":{"state":"pre-added","who":["user:TarCintia"],"prob":1},"fields":{},"normalizations":{}},{"classId":"e_5","part":"s1v1","offsets":[{"start":2321,"text":"Az MKB Bank privatizációja pedig a kormányzati átverés betetőzése."}],"coordinates":[],"confidence":{"state":"pre-added","who":["user:TarCintia"],"prob":1},"fields":{},"normalizations":{}},{"classId":"e_14","part":"s1v1","offsets":[{"start":2321,"text":"Az MKB Bank privatizációja"}],"coordinates":[],"confidence":{"state":"pre-added","who":["user:TarCintia"],"prob":1},"fields":{},"normalizations":{}},{"classId":"e_14","part":"s1v1","offsets":[{"start":2354,"text":"a kormányzati átverés betetőzése"}],"coordinates":[],"confidence":{"state":"pre-added","who":["user:TarCintia"],"prob":1},"fields":{},"normalizations":{}},{"classId":"e_13","part":"s1v1","offsets":[{"start":2368,"text":"átverés"}],"coordinates":[],"confidence":{"state":"pre-added","who":["user:TarCintia"],"prob":1},"fields":{},"normalizations":{}},{"classId":"e_5","part":"s1v1","offsets":[{"start":2388,"text":"A bankszektor hazai tulajdonú hányadának növelése és az egyéb orbáni szólamok hamisak voltak."}],"coordinates":[],"confidence":{"state":"pre-added","who":["user:TarCintia"],"prob":1},"fields":{},"normalizations":{}},{"classId":"e_14","part":"s1v1","offsets":[{"start":2388,"text":"A bankszektor hazai tulajdonú hányadának növelése"}],"coordinates":[],"confidence":{"state":"pre-added","who":["user:TarCintia"],"prob":1},"fields":{},"normalizations":{}},{"classId":"e_14","part":"s1v1","offsets":[{"start":2441,"text":"az egyéb orbáni szólamok"}],"coordinates":[],"confidence":{"state":"pre-added","who":["user:TarCintia"],"prob":1},"fields":{},"normalizations":{}},{"classId":"e_13","part":"s1v1","offsets":[{"start":2466,"text":"hamisak voltak"}],"coordinates":[],"confidence":{"state":"pre-added","who":["user:TarCintia"],"prob":1},"fields":{},"normalizations":{}},{"classId":"e_5","part":"s1v1","offsets":[{"start":2482,"text":"A magyar miniszterelnök éveken keresztül több mint 50 százalékos hazai tulajdoni arányért kardoskodott a bankszektorban."}],"coordinates":[],"confidence":{"state":"pre-added","who":["user:TarCintia"],"prob":1},"fields":{},"normalizations":{}},{"classId":"e_14","part":"s1v1","offsets":[{"start":2482,"text":"A magyar miniszterelnök"}],"coordinates":[],"confidence":{"state":"pre-added","who":["user:TarCintia"],"prob":1},"fields":{},"normalizations":{}},{"classId":"e_14","part":"s1v1","offsets":[{"start":2506,"text":"éveken keresztül"}],"coordinates":[],"confidence":{"state":"pre-added","who":["user:TarCintia"],"prob":1},"fields":{},"normalizations":{}},{"classId":"e_14","part":"s1v1","offsets":[{"start":2523,"text":"több mint 50 százalékos hazai tulajdoni arányért"}],"coordinates":[],"confidence":{"state":"pre-added","who":["user:TarCintia"],"prob":1},"fields":{},"normalizations":{}},{"classId":"e_13","part":"s1v1","offsets":[{"start":2572,"text":"kardoskodott"}],"coordinates":[],"confidence":{"state":"pre-added","who":["user:TarCintia"],"prob":1},"fields":{},"normalizations":{}},{"classId":"e_14","part":"s1v1","offsets":[{"start":2585,"text":"a bankszektorban"}],"coordinates":[],"confidence":{"state":"pre-added","who":["user:TarCintia"],"prob":1},"fields":{},"normalizations":{}},{"classId":"e_14","part":"s1v1","offsets":[{"start":2603,"text":"A kormány"}],"coordinates":[],"confidence":{"state":"pre-added","who":["user:TarCintia"],"prob":1},"fields":{},"normalizations":{}},{"classId":"e_4","part":"s1v1","offsets":[{"start":2631,"text":"hogy ezek a lépések aktívabb hitelezéshez fognak vezetni"}],"coordinates":[],"confidence":{"state":"pre-added","who":["user:TarCintia"],"prob":1},"fields":{},"normalizations":{}},{"classId":"e_14","part":"s1v1","offsets":[{"start":2636,"text":"ezek a lépések"}],"coordinates":[],"confidence":{"state":"pre-added","who":["user:gcsenge"],"prob":1},"fields":{},"normalizations":{}},{"classId":"e_13","part":"s1v1","offsets":[{"start":2651,"text":"aktívabb hitelezéshez fognak vezetni"}],"coordinates":[],"confidence":{"state":"pre-added","who":["user:TarCintia"],"prob":1},"fields":{},"normalizations":{}},{"classId":"e_14","part":"s1v1","offsets":[{"start":2651,"text":"aktívabb hitelezéshez"}],"coordinates":[],"confidence":{"state":"pre-added","who":["user:TarCintia"],"prob":1},"fields":{},"normalizations":{}},{"classId":"e_2","part":"s1v1","offsets":[{"start":2689,"text":"ez azonban nem következett be"}],"coordinates":[],"confidence":{"state":"pre-added","who":["user:TarCintia"],"prob":1},"fields":{},"normalizations":{}},{"classId":"e_14","part":"s1v1","offsets":[{"start":2689,"text":"ez"}],"coordinates":[],"confidence":{"state":"pre-added","who":["user:gcsenge"],"prob":1},"fields":{},"normalizations":{}},{"classId":"e_13","part":"s1v1","offsets":[{"start":2700,"text":"nem következett be"}],"coordinates":[],"confidence":{"state":"pre-added","who":["user:TarCintia"],"prob":1},"fields":{},"normalizations":{}},{"classId":"e_2","part":"s1v1","offsets":[{"start":2720,"text":"Az MKB privatizációja tehát az orbáni gazdaságpolitika újabb kudarcának a beismerése."}],"coordinates":[],"confidence":{"state":"pre-added","who":["user:TarCintia"],"prob":1},"fields":{},"normalizations":{}},{"classId":"e_14","part":"s1v1","offsets":[{"start":2720,"text":"Az MKB privatizációja"}],"coordinates":[],"confidence":{"state":"pre-added","who":["user:TarCintia"],"prob":1},"fields":{},"normalizations":{}},{"classId":"e_14","part":"s1v1","offsets":[{"start":2748,"text":"az orbáni gazdaságpolitika újabb kudarcának a beismerése"}],"coordinates":[],"confidence":{"state":"pre-added","who":["user:TarCintia"],"prob":1},"fields":{},"normalizations":{}},{"classId":"e_13","part":"s1v1","offsets":[{"start":2781,"text":"kudarcának a beismerése"}],"coordinates":[],"confidence":{"state":"pre-added","who":["user:TarCintia"],"prob":1},"fields":{},"normalizations":{}},{"classId":"e_5","part":"s1v1","offsets":[{"start":2806,"text":"Ezzel mit sem foglalkozva mégis az értékesítés mellett döntöttek"}],"coordinates":[],"confidence":{"state":"pre-added","who":["user:TarCintia"],"prob":1},"fields":{},"normalizations":{}},{"classId":"e_14","part":"s1v1","offsets":[{"start":2806,"text":"Ezzel"}],"coordinates":[],"confidence":{"state":"pre-added","who":["user:gcsenge"],"prob":1},"fields":{},"normalizations":{}},{"classId":"e_13","part":"s1v1","offsets":[{"start":2812,"text":"mit sem foglalkozva"}],"coordinates":[],"confidence":{"state":"pre-added","who":["user:TarCintia"],"prob":1},"fields":{},"normalizations":{}},{"classId":"e_14","part":"s1v1","offsets":[{"start":2838,"text":"az értékesítés mellett"}],"coordinates":[],"confidence":{"state":"pre-added","who":["user:TarCintia"],"prob":1},"fields":{},"normalizations":{}},{"classId":"e_14","part":"s1v1","offsets":[{"start":2897,"text":"milyen módon"}],"coordinates":[],"confidence":{"state":"pre-added","who":["user:TarCintia"],"prob":1},"fields":{},"normalizations":{}},{"classId":"e_5","part":"s1v1","offsets":[{"start":2911,"text":"Az adófizetők pénzén, több mint 100 milliárd forinton rendbe tett bankot offshore hátterű, nemrégen létrehozott kockázatitőke-befek­tetők­nek akarják eladni."}],"coordinates":[],"confidence":{"state":"pre-added","who":["user:TarCintia"],"prob":1},"fields":{},"normalizations":{}},{"classId":"e_14","part":"s1v1","offsets":[{"start":2911,"text":"Az adófizetők pénzén"}],"coordinates":[],"confidence":{"state":"pre-added","who":["user:TarCintia"],"prob":1},"fields":{},"normalizations":{}},{"classId":"e_13","part":"s1v1","offsets":[{"start":2914,"text":"adófizetők pénzén"}],"coordinates":[],"confidence":{"state":"pre-added","who":["user:TarCintia"],"prob":1},"fields":{},"normalizations":{}},{"classId":"e_14","part":"s1v1","offsets":[{"start":2933,"text":"több mint 100 milliárd forinton rendbe tett bankot"}],"coordinates":[],"confidence":{"state":"pre-added","who":["user:TarCintia"],"prob":1},"fields":{},"normalizations":{}},{"classId":"e_13","part":"s1v1","offsets":[{"start":2984,"text":"offshore hátterű"}],"coordinates":[],"confidence":{"state":"pre-added","who":["user:TarCintia"],"prob":1},"fields":{},"normalizations":{}},{"classId":"e_14","part":"s1v1","offsets":[{"start":2984,"text":"offshore hátterű"}],"coordinates":[],"confidence":{"state":"pre-added","who":["user:TarCintia"],"prob":1},"fields":{},"normalizations":{}},{"classId":"e_14","part":"s1v1","offsets":[{"start":3002,"text":"nemrégen létrehozott kockázatitőke-befek­tetők­nek"}],"coordinates":[],"confidence":{"state":"pre-added","who":["user:TarCintia"],"prob":1},"fields":{},"normalizations":{}},{"classId":"e_13","part":"s1v1","offsets":[{"start":3053,"text":"akarják eladni"}],"coordinates":[],"confidence":{"state":"pre-added","who":["user:TarCintia"],"prob":1},"fields":{},"normalizations":{}},{"classId":"e_14","part":"s1v1","offsets":[{"start":3117,"text":"a kormány"}],"coordinates":[],"confidence":{"state":"pre-added","who":["user:TarCintia"],"prob":1},"fields":{},"normalizations":{}},{"classId":"e_14","part":"s1v1","offsets":[{"start":3127,"text":"alig egy évvel ezelőtt"}],"coordinates":[],"confidence":{"state":"pre-added","who":["user:TarCintia"],"prob":1},"fields":{},"normalizations":{}},{"classId":"e_14","part":"s1v1","offsets":[{"start":3156,"text":"megállapodást"}],"coordinates":[],"confidence":{"state":"pre-added","who":["user:TarCintia"],"prob":1},"fields":{},"normalizations":{}},{"classId":"e_14","part":"s1v1","offsets":[{"start":3177,"text":"a bankokkal"}],"coordinates":[],"confidence":{"state":"pre-added","who":["user:TarCintia"],"prob":1},"fields":{},"normalizations":{}},{"classId":"e_4","part":"s1v1","offsets":[{"start":3190,"text":"amely szerint garantálja, hogy nem hoz olyan intézkedéseket"}],"coordinates":[],"confidence":{"state":"pre-added","who":["user:TarCintia"],"prob":1},"fields":{},"normalizations":{}},{"classId":"e_13","part":"s1v1","offsets":[{"start":3204,"text":"garantálja"}],"coordinates":[],"confidence":{"state":"pre-added","who":["user:TarCintia"],"prob":1},"fields":{},"normalizations":{}},{"classId":"e_13","part":"s1v1","offsets":[{"start":3221,"text":"nem hoz olyan intézkedéseket"}],"coordinates":[],"confidence":{"state":"pre-added","who":["user:TarCintia"],"prob":1},"fields":{},"normalizations":{}},{"classId":"e_14","part":"s1v1","offsets":[{"start":3229,"text":"olyan intézkedéseket"}],"coordinates":[],"confidence":{"state":"pre-added","who":["user:TarCintia"],"prob":1},"fields":{},"normalizations":{}},{"classId":"e_2","part":"s1v1","offsets":[{"start":3251,"text":"amelyek rontanák a pénzintézetek profitkilátásait"}],"coordinates":[],"confidence":{"state":"pre-added","who":["user:TarCintia"],"prob":1},"fields":{},"normalizations":{}},{"classId":"e_14","part":"s1v1","offsets":[{"start":3251,"text":"amelyek"}],"coordinates":[],"confidence":{"state":"pre-added","who":["user:gcsenge"],"prob":1},"fields":{},"normalizations":{}},{"classId":"e_13","part":"s1v1","offsets":[{"start":3259,"text":"rontanák"}],"coordinates":[],"confidence":{"state":"pre-added","who":["user:TarCintia"],"prob":1},"fields":{},"normalizations":{}},{"classId":"e_14","part":"s1v1","offsets":[{"start":3268,"text":"a pénzintézetek profitkilátásait"}],"coordinates":[],"confidence":{"state":"pre-added","who":["user:TarCintia"],"prob":1},"fields":{},"normalizations":{}},{"classId":"e_14","part":"s1v1","offsets":[{"start":3352,"text":"a devizahiteleket"}],"coordinates":[],"confidence":{"state":"pre-added","who":["user:TarCintia"],"prob":1},"fields":{},"normalizations":{}},{"classId":"e_5","part":"s1v1","offsets":[{"start":3371,"text":"hogy annak minden terhét a hitelesek fizették, miközben az MNB több mint 100 milliárdot nyert rajta"}],"coordinates":[],"confidence":{"state":"pre-added","who":["user:TarCintia"],"prob":1},"fields":{},"normalizations":{}},{"classId":"e_14","part":"s1v1","offsets":[{"start":3376,"text":"annak minden terhét"}],"coordinates":[],"confidence":{"state":"pre-added","who":["user:gcsenge"],"prob":1},"fields":{},"normalizations":{}},{"classId":"e_13","part":"s1v1","offsets":[{"start":3382,"text":"minden terhét a hitelesek fizették"}],"coordinates":[],"confidence":{"state":"pre-added","who":["user:gcsenge"],"prob":1},"fields":{},"normalizations":{}},{"classId":"e_14","part":"s1v1","offsets":[{"start":3396,"text":"a hitelesek"}],"coordinates":[],"confidence":{"state":"pre-added","who":["user:TarCintia"],"prob":1},"fields":{},"normalizations":{}},{"classId":"e_14","part":"s1v1","offsets":[{"start":3427,"text":"az MNB"}],"coordinates":[],"confidence":{"state":"pre-added","who":["user:TarCintia"],"prob":1},"fields":{},"normalizations":{}},{"classId":"e_14","part":"s1v1","offsets":[{"start":3434,"text":"több mint 100 milliárdot"}],"coordinates":[],"confidence":{"state":"pre-added","who":["user:TarCintia"],"prob":1},"fields":{},"normalizations":{}},{"classId":"e_14","part":"s1v1","offsets":[{"start":3465,"text":"rajta"}],"coordinates":[],"confidence":{"state":"pre-added","who":["user:gcsenge"],"prob":1},"fields":{},"normalizations":{}},{"classId":"e_5","part":"s1v1","offsets":[{"start":3472,"text":"Ezzel a kormány hivatalosan is letette a fegyvert a pénzintézetekkel szembeni szabadságharcban."}],"coordinates":[],"confidence":{"state":"pre-added","who":["user:TarCintia"],"prob":1},"fields":{},"normalizations":{}},{"classId":"e_14","part":"s1v1","offsets":[{"start":3472,"text":"Ezzel"}],"coordinates":[],"confidence":{"state":"pre-added","who":["user:gcsenge"],"prob":1},"fields":{},"normalizations":{}},{"classId":"e_14","part":"s1v1","offsets":[{"start":3478,"text":"a kormány"}],"coordinates":[],"confidence":{"state":"pre-added","who":["user:TarCintia"],"prob":1},"fields":{},"normalizations":{}},{"classId":"e_13","part":"s1v1","offsets":[{"start":3503,"text":"letette a fegyvert"}],"coordinates":[],"confidence":{"state":"pre-added","who":["user:TarCintia"],"prob":1},"fields":{},"normalizations":{}},{"classId":"e_14","part":"s1v1","offsets":[{"start":3511,"text":"a fegyvert"}],"coordinates":[],"confidence":{"state":"pre-added","who":["user:TarCintia"],"prob":1},"fields":{},"normalizations":{}},{"classId":"e_14","part":"s1v1","offsets":[{"start":3522,"text":"a pénzintézetekkel szembeni szabadságharcban"}],"coordinates":[],"confidence":{"state":"pre-added","who":["user:TarCintia"],"prob":1},"fields":{},"normalizations":{}},{"classId":"e_13","part":"s1v1","offsets":[{"start":3524,"text":"pénzintézetekkel szembeni szabadságharcban"}],"coordinates":[],"confidence":{"state":"pre-added","who":["user:TarCintia"],"prob":1},"fields":{},"normalizations":{}},{"classId":"e_5","part":"s1v1","offsets":[{"start":3607,"text":"hogy a Fidesz által felépített korrupciós gépezet szépen lassan, de biztosan a markába zárja az egész kormányt"}],"coordinates":[],"confidence":{"state":"pre-added","who":["user:TarCintia"],"prob":1},"fields":{},"normalizations":{}},{"classId":"e_14","part":"s1v1","offsets":[{"start":3612,"text":"a Fidesz által felépített korrupciós gépezet"}],"coordinates":[],"confidence":{"state":"pre-added","who":["user:TarCintia"],"prob":1},"fields":{},"normalizations":{}},{"classId":"e_13","part":"s1v1","offsets":[{"start":3638,"text":"korrupciós gépezet"}],"coordinates":[],"confidence":{"state":"pre-added","who":["user:TarCintia"],"prob":1},"fields":{},"normalizations":{}},{"classId":"e_13","part":"s1v1","offsets":[{"start":3686,"text":"markába zárja"}],"coordinates":[],"confidence":{"state":"pre-added","who":["user:TarCintia"],"prob":1},"fields":{},"normalizations":{}},{"classId":"e_14","part":"s1v1","offsets":[{"start":3700,"text":"az egész kormányt"}],"coordinates":[],"confidence":{"state":"pre-added","who":["user:TarCintia"],"prob":1},"fields":{},"normalizations":{}},{"classId":"e_14","part":"s1v1","offsets":[{"start":3719,"text":"Ma"}],"coordinates":[],"confidence":{"state":"pre-added","who":["user:gcsenge"],"prob":1},"fields":{},"normalizations":{}},{"classId":"e_14","part":"s1v1","offsets":[{"start":3726,"text":"nem a kormánynak"}],"coordinates":[],"confidence":{"state":"pre-added","who":["user:TarCintia"],"prob":1},"fields":{},"normalizations":{}},{"classId":"e_14","part":"s1v1","offsets":[{"start":3747,"text":"gazdasági hátországa"}],"coordinates":[],"confidence":{"state":"pre-added","who":["user:TarCintia"],"prob":1},"fields":{},"normalizations":{}},{"classId":"e_5","part":"s1v1","offsets":[{"start":3769,"text":"hanem az oligarcháknak kormánya"}],"coordinates":[],"confidence":{"state":"pre-added","who":["user:TarCintia"],"prob":1},"fields":{},"normalizations":{}},{"classId":"e_14","part":"s1v1","offsets":[{"start":3775,"text":"az oligarcháknak"}],"coordinates":[],"confidence":{"state":"pre-added","who":["user:TarCintia"],"prob":1},"fields":{},"normalizations":{}},{"classId":"e_13","part":"s1v1","offsets":[{"start":3778,"text":"oligarcháknak"}],"coordinates":[],"confidence":{"state":"pre-added","who":["user:TarCintia"],"prob":1},"fields":{},"normalizations":{}},{"classId":"e_14","part":"s1v1","offsets":[{"start":3792,"text":"kormánya"}],"coordinates":[],"confidence":{"state":"pre-added","who":["user:TarCintia"],"prob":1},"fields":{},"normalizations":{}},{"classId":"e_5","part":"s1v1","offsets":[{"start":3802,"text":"Ma már nem káros velejárója a korrupció a kormányzásnak, hanem a kormányzás kiegészítője csupán a korrupciónak."}],"coordinates":[],"confidence":{"state":"pre-added","who":["user:TarCintia"],"prob":1},"fields":{},"normalizations":{}},{"classId":"e_14","part":"s1v1","offsets":[{"start":3802,"text":"Ma"}],"coordinates":[],"confidence":{"state":"pre-added","who":["user:gcsenge"],"prob":1},"fields":{},"normalizations":{}},{"classId":"e_14","part":"s1v1","offsets":[{"start":3809,"text":"nem káros velejárója"}],"coordinates":[],"confidence":{"state":"pre-added","who":["user:TarCintia"],"prob":1},"fields":{},"normalizations":{}},{"classId":"e_14","part":"s1v1","offsets":[{"start":3830,"text":"a korrupció"}],"coordinates":[],"confidence":{"state":"pre-added","who":["user:TarCintia"],"prob":1},"fields":{},"normalizations":{}},{"classId":"e_13","part":"s1v1","offsets":[{"start":3832,"text":"korrupció"}],"coordinates":[],"confidence":{"state":"pre-added","who":["user:TarCintia"],"prob":1},"fields":{},"normalizations":{}},{"classId":"e_14","part":"s1v1","offsets":[{"start":3842,"text":"a kormányzásnak"}],"coordinates":[],"confidence":{"state":"pre-added","who":["user:TarCintia"],"prob":1},"fields":{},"normalizations":{}},{"classId":"e_14","part":"s1v1","offsets":[{"start":3865,"text":"a kormányzás kiegészítője"}],"coordinates":[],"confidence":{"state":"pre-added","who":["user:TarCintia"],"prob":1},"fields":{},"normalizations":{}},{"classId":"e_14","part":"s1v1","offsets":[{"start":3898,"text":"a korrupciónak"}],"coordinates":[],"confidence":{"state":"pre-added","who":["user:TarCintia"],"prob":1},"fields":{},"normalizations":{}},{"classId":"e_13","part":"s1v1","offsets":[{"start":3900,"text":"korrupciónak"}],"coordinates":[],"confidence":{"state":"pre-added","who":["user:TarCintia"],"prob":1},"fields":{},"normalizations":{}},{"classId":"e_14","part":"s1v1","offsets":[{"start":3920,"text":"a kormány egyik tanácsadója"}],"coordinates":[],"confidence":{"state":"pre-added","who":["user:TarCintia"],"prob":1},"fields":{},"normalizations":{}},{"classId":"e_5","part":"s1v1","offsets":[{"start":3956,"text":"amit korrupciónak neveznek"}],"coordinates":[],"confidence":{"state":"pre-added","who":["user:TarCintia"],"prob":1},"fields":{},"normalizations":{}},{"classId":"e_13","part":"s1v1","offsets":[{"start":3961,"text":"korrupciónak neveznek"}],"coordinates":[],"confidence":{"state":"pre-added","who":["user:TarCintia"],"prob":1},"fields":{},"normalizations":{}},{"classId":"e_14","part":"s1v1","offsets":[{"start":3961,"text":"korrupciónak"}],"coordinates":[],"confidence":{"state":"pre-added","who":["user:TarCintia"],"prob":1},"fields":{},"normalizations":{}},{"classId":"e_14","part":"s1v1","offsets":[{"start":4001,"text":"a Fidesz legfőbb politikája"}],"coordinates":[],"confidence":{"state":"pre-added","who":["user:TarCintia"],"prob":1},"fields":{},"normalizations":{}},{"classId":"e_5","part":"s1v1","offsets":[{"start":4044,"text":"A „foglyul ejtett pénzügyi intézmény” kifejezés nagyon jól tükrözi, hogy a regnáló hatalom a Nemzeti Bankkal kézen fogva mit művel a teljes hazai pénzügyi szektorral."}],"coordinates":[],"confidence":{"state":"pre-added","who":["user:TarCintia"],"prob":1},"fields":{},"normalizations":{}},{"classId":"e_14","part":"s1v1","offsets":[{"start":4044,"text":"A „foglyul ejtett pénzügyi intézmény” kifejezés"}],"coordinates":[],"confidence":{"state":"pre-added","who":["user:TarCintia"],"prob":1},"fields":{},"normalizations":{}},{"classId":"e_13","part":"s1v1","offsets":[{"start":4046,"text":"„foglyul ejtett pénzügyi intézmény”"}],"coordinates":[],"confidence":{"state":"pre-added","who":["user:TarCintia"],"prob":1},"fields":{},"normalizations":{}},{"classId":"e_14","part":"s1v1","offsets":[{"start":4117,"text":"a regnáló hatalom"}],"coordinates":[],"confidence":{"state":"pre-added","who":["user:TarCintia"],"prob":1},"fields":{},"normalizations":{}},{"classId":"e_14","part":"s1v1","offsets":[{"start":4135,"text":"a Nemzeti Bankkal kézen fogva"}],"coordinates":[],"confidence":{"state":"pre-added","who":["user:TarCintia"],"prob":1},"fields":{},"normalizations":{}},{"classId":"e_13","part":"s1v1","offsets":[{"start":4165,"text":"mit művel"}],"coordinates":[],"confidence":{"state":"pre-added","who":["user:gcsenge"],"prob":1},"fields":{},"normalizations":{}},{"classId":"e_14","part":"s1v1","offsets":[{"start":4175,"text":"a teljes hazai pénzügyi szektorral"}],"coordinates":[],"confidence":{"state":"pre-added","who":["user:TarCintia"],"prob":1},"fields":{},"normalizations":{}},{"classId":"e_5","part":"s1v1","offsets":[{"start":4235,"text":"önök mindezért valóban képesek kockáztatni az államadósság elleni harc sikerét"}],"coordinates":[],"confidence":{"state":"pre-added","who":["user:TarCintia"],"prob":1},"fields":{},"normalizations":{}},{"classId":"e_14","part":"s1v1","offsets":[{"start":4235,"text":"önök"}],"coordinates":[],"confidence":{"state":"pre-added","who":["user:TarCintia"],"prob":1},"fields":{},"normalizations":{}},{"classId":"e_14","part":"s1v1","offsets":[{"start":4240,"text":"mindezért"}],"coordinates":[],"confidence":{"state":"pre-added","who":["user:gcsenge"],"prob":1},"fields":{},"normalizations":{}},{"classId":"e_13","part":"s1v1","offsets":[{"start":4258,"text":"képesek kockáztatni"}],"coordinates":[],"confidence":{"state":"pre-added","who":["user:TarCintia"],"prob":1},"fields":{},"normalizations":{}},{"classId":"e_14","part":"s1v1","offsets":[{"start":4278,"text":"az államadósság elleni harc sikerét"}],"coordinates":[],"confidence":{"state":"pre-added","who":["user:TarCintia"],"prob":1},"fields":{},"normalizations":{}}],"relations":[{"classId":"r_16","type":"linked","directed":false,"entities":["s1v1|e_14|51,68","s1v1|e_2|125,154"],"confidence":{"state":"pre-added","who":["user:TarCintia"],"prob":1}},{"classId":"r_16","type":"linked","directed":false,"entities":["s1v1|e_14|71,81","s1v1|e_2|125,154"],"confidence":{"state":"pre-added","who":["user:TarCintia"],"prob":1}},{"classId":"r_16","type":"linked","directed":false,"entities":["s1v1|e_14|100,122","s1v1|e_2|125,154"],"confidence":{"state":"pre-added","who":["user:TarCintia"],"prob":1}},{"classId":"r_16","type":"linked","directed":false,"entities":["s1v1|e_14|128,143","s1v1|e_2|125,154"],"confidence":{"state":"pre-added","who":["user:TarCintia"],"prob":1}},{"classId":"r_16","type":"linked","directed":false,"entities":["s1v1|e_14|629,664","s1v1|e_2|629,695"],"confidence":{"state":"pre-added","who":["user:TarCintia"],"prob":1}},{"classId":"r_16","type":"linked","directed":false,"entities":["s1v1|e_14|674,686","s1v1|e_2|629,695"],"confidence":{"state":"pre-added","who":["user:TarCintia"],"prob":1}},{"classId":"r_16","type":"linked","directed":false,"entities":["s1v1|e_14|701,740","s1v1|e_2|629,695"],"confidence":{"state":"pre-added","who":["user:TarCintia"],"prob":1}},{"classId":"r_16","type":"linked","directed":false,"entities":["s1v1|e_14|747,755","s1v1|e_2|629,695"],"confidence":{"state":"pre-added","who":["user:TarCintia"],"prob":1}},{"classId":"r_16","type":"linked","directed":false,"entities":["s1v1|e_14|783,795","s1v1|e_2|629,695"],"confidence":{"state":"pre-added","who":["user:TarCintia"],"prob":1}},{"classId":"r_16","type":"linked","directed":false,"entities":["s1v1|e_14|800,833","s1v1|e_2|629,695"],"confidence":{"state":"pre-added","who":["user:TarCintia"],"prob":1}},{"classId":"r_16","type":"linked","directed":false,"entities":["s1v1|e_14|859,873","s1v1|e_2|946,1016"],"confidence":{"state":"pre-added","who":["user:TarCintia"],"prob":1}},{"classId":"r_16","type":"linked","directed":false,"entities":["s1v1|e_14|894,910","s1v1|e_2|946,1016"],"confidence":{"state":"pre-added","who":["user:TarCintia"],"prob":1}},{"classId":"r_16","type":"linked","directed":false,"entities":["s1v1|e_14|951,965","s1v1|e_2|946,1016"],"confidence":{"state":"pre-added","who":["user:TarCintia"],"prob":1}},{"classId":"r_16","type":"linked","directed":false,"entities":["s1v1|e_14|971,978","s1v1|e_2|946,1016"],"confidence":{"state":"pre-added","who":["user:TarCintia"],"prob":1}},{"classId":"r_16","type":"linked","directed":false,"entities":["s1v1|e_14|985,992","s1v1|e_2|946,1016"],"confidence":{"state":"pre-added","who":["user:TarCintia"],"prob":1}},{"classId":"r_16","type":"linked","directed":false,"entities":["s1v1|e_14|1023,1033","s1v1|e_2|946,1016"],"confidence":{"state":"pre-added","who":["user:TarCintia"],"prob":1}},{"classId":"r_16","type":"linked","directed":false,"entities":["s1v1|e_14|1051,1056","s1v1|e_2|1059,1153"],"confidence":{"state":"pre-added","who":["user:TarCintia"],"prob":1}},{"classId":"r_16","type":"linked","directed":false,"entities":["s1v1|e_14|1064,1096","s1v1|e_2|1059,1153"],"confidence":{"state":"pre-added","who":["user:TarCintia"],"prob":1}},{"classId":"r_16","type":"linked","directed":false,"entities":["s1v1|e_14|1120,1153","s1v1|e_2|1059,1153"],"confidence":{"state":"pre-added","who":["user:TarCintia"],"prob":1}},{"classId":"r_16","type":"linked","directed":false,"entities":["s1v1|e_14|1760,1772","s1v1|e_2|1754,1810"],"confidence":{"state":"pre-added","who":["user:gcsenge"],"prob":1}},{"classId":"r_16","type":"linked","directed":false,"entities":["s1v1|e_14|1794,1810","s1v1|e_2|1754,1810"],"confidence":{"state":"pre-added","who":["user:TarCintia"],"prob":1}},{"classId":"r_16","type":"linked","directed":false,"entities":["s1v1|e_14|2720,2740","s1v1|e_2|2720,2804"],"confidence":{"state":"pre-added","who":["user:TarCintia"],"prob":1}},{"classId":"r_16","type":"linked","directed":false,"entities":["s1v1|e_14|2748,2803","s1v1|e_2|2720,2804"],"confidence":{"state":"pre-added","who":["user:TarCintia"],"prob":1}},{"classId":"r_16","type":"linked","directed":false,"entities":["s1v1|e_14|3251,3257","s1v1|e_2|3251,3299"],"confidence":{"state":"pre-added","who":["user:gcsenge"],"prob":1}},{"classId":"r_16","type":"linked","directed":false,"entities":["s1v1|e_14|3268,3299","s1v1|e_2|3251,3299"],"confidence":{"state":"pre-added","who":["user:TarCintia"],"prob":1}},{"classId":"r_18","type":"linked","directed":false,"entities":["s1v1|e_14|2603,2611","s1v1|e_4|2631,2686"],"confidence":{"state":"pre-added","who":["user:TarCintia"],"prob":1}},{"classId":"r_18","type":"linked","directed":false,"entities":["s1v1|e_14|2636,2649","s1v1|e_4|2631,2686"],"confidence":{"state":"pre-added","who":["user:gcsenge"],"prob":1}},{"classId":"r_18","type":"linked","directed":false,"entities":["s1v1|e_14|2651,2671","s1v1|e_4|2631,2686"],"confidence":{"state":"pre-added","who":["user:TarCintia"],"prob":1}},{"classId":"r_18","type":"linked","directed":false,"entities":["s1v1|e_14|3117,3125","s1v1|e_4|3190,3248"],"confidence":{"state":"pre-added","who":["user:TarCintia"],"prob":1}},{"classId":"r_18","type":"linked","directed":false,"entities":["s1v1|e_14|3127,3148","s1v1|e_4|3190,3248"],"confidence":{"state":"pre-added","who":["user:TarCintia"],"prob":1}},{"classId":"r_18","type":"linked","directed":false,"entities":["s1v1|e_14|3156,3168","s1v1|e_4|3190,3248"],"confidence":{"state":"pre-added","who":["user:TarCintia"],"prob":1}},{"classId":"r_18","type":"linked","directed":false,"entities":["s1v1|e_14|3177,3187","s1v1|e_4|3190,3248"],"confidence":{"state":"pre-added","who":["user:TarCintia"],"prob":1}},{"classId":"r_18","type":"linked","directed":false,"entities":["s1v1|e_14|3229,3248","s1v1|e_4|3190,3248"],"confidence":{"state":"pre-added","who":["user:TarCintia"],"prob":1}},{"classId":"r_19","type":"linked","directed":false,"entities":["s1v1|e_14|188,196","s1v1|e_5|293,379"],"confidence":{"state":"pre-added","who":["user:TarCintia"],"prob":1}},{"classId":"r_19","type":"linked","directed":false,"entities":["s1v1|e_14|198,222","s1v1|e_5|293,379"],"confidence":{"state":"pre-added","who":["user:TarCintia"],"prob":1}},{"classId":"r_19","type":"linked","directed":false,"entities":["s1v1|e_14|254,264","s1v1|e_5|293,379"],"confidence":{"state":"pre-added","who":["user:TarCintia"],"prob":1}},{"classId":"r_19","type":"linked","directed":false,"entities":["s1v1|e_14|271,290","s1v1|e_5|293,379"],"confidence":{"state":"pre-added","who":["user:TarCintia"],"prob":1}},{"classId":"r_19","type":"linked","directed":false,"entities":["s1v1|e_14|329,379","s1v1|e_5|293,379"],"confidence":{"state":"pre-added","who":["user:TarCintia"],"prob":1}},{"classId":"r_19","type":"linked","directed":false,"entities":["s1v1|e_14|382,412","s1v1|e_5|446,494"],"confidence":{"state":"pre-added","who":["user:TarCintia"],"prob":1}},{"classId":"r_19","type":"linked","directed":false,"entities":["s1v1|e_14|414,421","s1v1|e_5|446,494"],"confidence":{"state":"pre-added","who":["user:TarCintia"],"prob":1}},{"classId":"r_19","type":"linked","directed":false,"entities":["s1v1|e_14|423,438","s1v1|e_5|446,494"],"confidence":{"state":"pre-added","who":["user:TarCintia"],"prob":1}},{"classId":"r_19","type":"linked","directed":false,"entities":["s1v1|e_14|446,462","s1v1|e_5|446,494"],"confidence":{"state":"pre-added","who":["user:TarCintia"],"prob":1}},{"classId":"r_19","type":"linked","directed":false,"entities":["s1v1|e_14|478,494","s1v1|e_5|446,494"],"confidence":{"state":"pre-added","who":["user:TarCintia"],"prob":1}},{"classId":"r_19","type":"linked","directed":false,"entities":["s1v1|e_14|506,542","s1v1|e_5|497,627"],"confidence":{"state":"pre-added","who":["user:TarCintia"],"prob":1}},{"classId":"r_19","type":"linked","directed":false,"entities":["s1v1|e_14|569,592","s1v1|e_5|497,627"],"confidence":{"state":"pre-added","who":["user:TarCintia"],"prob":1}},{"classId":"r_19","type":"linked","directed":false,"entities":["s1v1|e_14|604,626","s1v1|e_5|497,627"],"confidence":{"state":"pre-added","who":["user:TarCintia"],"prob":1}},{"classId":"r_19","type":"linked","directed":false,"entities":["s1v1|e_14|1187,1235","s1v1|e_5|1182,1294"],"confidence":{"state":"pre-added","who":["user:TarCintia"],"prob":1}},{"classId":"r_19","type":"linked","directed":false,"entities":["s1v1|e_14|1248,1289","s1v1|e_5|1182,1294"],"confidence":{"state":"pre-added","who":["user:TarCintia"],"prob":1}},{"classId":"r_19","type":"linked","directed":false,"entities":["s1v1|e_14|1297,1310","s1v1|e_5|1313,1393"],"confidence":{"state":"pre-added","who":["user:TarCintia"],"prob":1}},{"classId":"r_19","type":"linked","directed":false,"entities":["s1v1|e_14|1318,1366","s1v1|e_5|1313,1393"],"confidence":{"state":"pre-added","who":["user:TarCintia"],"prob":1}},{"classId":"r_19","type":"linked","directed":false,"entities":["s1v1|e_14|1378,1386","s1v1|e_5|1313,1393"],"confidence":{"state":"pre-added","who":["user:TarCintia"],"prob":1}},{"classId":"r_19","type":"linked","directed":false,"entities":["s1v1|e_14|1388,1393","s1v1|e_5|1313,1393"],"confidence":{"state":"pre-added","who":["user:TarCintia"],"prob":1}},{"classId":"r_19","type":"linked","directed":false,"entities":["s1v1|e_14|1396,1410","s1v1|e_5|1396,1447"],"confidence":{"state":"pre-added","who":["user:TarCintia"],"prob":1}},{"classId":"r_19","type":"linked","directed":false,"entities":["s1v1|e_14|1412,1426","s1v1|e_5|1396,1447"],"confidence":{"state":"pre-added","who":["user:TarCintia"],"prob":1}},{"classId":"r_19","type":"linked","directed":false,"entities":["s1v1|e_14|1435,1447","s1v1|e_5|1396,1447"],"confidence":{"state":"pre-added","who":["user:TarCintia"],"prob":1}},{"classId":"r_19","type":"linked","directed":false,"entities":["s1v1|e_14|1450,1459","s1v1|e_5|1396,1447"],"confidence":{"state":"pre-added","who":["user:TarCintia"],"prob":1}},{"classId":"r_19","type":"linked","directed":false,"entities":["s1v1|e_14|1461,1474","s1v1|e_5|1396,1447"],"confidence":{"state":"pre-added","who":["user:TarCintia"],"prob":1}},{"classId":"r_19","type":"linked","directed":false,"entities":["s1v1|e_14|1476,1495","s1v1|e_5|1396,1447"],"confidence":{"state":"pre-added","who":["user:TarCintia"],"prob":1}},{"classId":"r_19","type":"linked","directed":false,"entities":["s1v1|e_14|1501,1525","s1v1|e_5|1498,1556"],"confidence":{"state":"pre-added","who":["user:TarCintia"],"prob":1}},{"classId":"r_19","type":"linked","directed":false,"entities":["s1v1|e_14|1531,1543","s1v1|e_5|1498,1556"],"confidence":{"state":"pre-added","who":["user:TarCintia"],"prob":1}},{"classId":"r_19","type":"linked","directed":false,"entities":["s1v1|e_14|1563,1586","s1v1|e_5|1498,1556"],"confidence":{"state":"pre-added","who":["user:TarCintia"],"prob":1}},{"classId":"r_19","type":"linked","directed":false,"entities":["s1v1|e_14|1604,1618","s1v1|e_5|1498,1556"],"confidence":{"state":"pre-added","who":["user:TarCintia"],"prob":1}},{"classId":"r_19","type":"linked","directed":false,"entities":["s1v1|e_14|1659,1672","s1v1|e_5|1498,1556"],"confidence":{"state":"pre-added","who":["user:TarCintia"],"prob":1}},{"classId":"r_19","type":"linked","directed":false,"entities":["s1v1|e_14|1697,1705","s1v1|e_5|1685,1751"],"confidence":{"state":"pre-added","who":["user:TarCintia"],"prob":1}},{"classId":"r_19","type":"linked","directed":false,"entities":["s1v1|e_14|1727,1739","s1v1|e_5|1685,1751"],"confidence":{"state":"pre-added","who":["user:TarCintia"],"prob":1}},{"classId":"r_19","type":"linked","directed":false,"entities":["s1v1|e_14|1741,1751","s1v1|e_5|1685,1751"],"confidence":{"state":"pre-added","who":["user:TarCintia"],"prob":1}},{"classId":"r_19","type":"linked","directed":false,"entities":["s1v1|e_14|1845,1853","s1v1|e_5|1845,1958"],"confidence":{"state":"pre-added","who":["user:TarCintia"],"prob":1}},{"classId":"r_19","type":"linked","directed":false,"entities":["s1v1|e_14|1870,1898","s1v1|e_5|1845,1958"],"confidence":{"state":"pre-added","who":["user:TarCintia"],"prob":1}},{"classId":"r_19","type":"linked","directed":false,"entities":["s1v1|e_14|1921,1958","s1v1|e_5|1845,1958"],"confidence":{"state":"pre-added","who":["user:TarCintia"],"prob":1}},{"classId":"r_19","type":"linked","directed":false,"entities":["s1v1|e_14|1968,1984","s1v1|e_5|1961,2054"],"confidence":{"state":"pre-added","who":["user:TarCintia"],"prob":1}},{"classId":"r_19","type":"linked","directed":false,"entities":["s1v1|e_14|2022,2049","s1v1|e_5|1961,2054"],"confidence":{"state":"pre-added","who":["user:TarCintia"],"prob":1}},{"classId":"r_19","type":"linked","directed":false,"entities":["s1v1|e_14|2056,2084","s1v1|e_5|2056,2149"],"confidence":{"state":"pre-added","who":["user:TarCintia"],"prob":1}},{"classId":"r_19","type":"linked","directed":false,"entities":["s1v1|e_14|2090,2126","s1v1|e_5|2056,2149"],"confidence":{"state":"pre-added","who":["user:TarCintia"],"prob":1}},{"classId":"r_19","type":"linked","directed":false,"entities":["s1v1|e_14|2128,2148","s1v1|e_5|2056,2149"],"confidence":{"state":"pre-added","who":["user:TarCintia"],"prob":1}},{"classId":"r_19","type":"linked","directed":false,"entities":["s1v1|e_14|2151,2187","s1v1|e_5|2151,2285"],"confidence":{"state":"pre-added","who":["user:TarCintia"],"prob":1}},{"classId":"r_19","type":"linked","directed":false,"entities":["s1v1|e_14|2201,2275","s1v1|e_5|2151,2285"],"confidence":{"state":"pre-added","who":["user:TarCintia"],"prob":1}},{"classId":"r_19","type":"linked","directed":false,"entities":["s1v1|e_14|2321,2346","s1v1|e_5|2321,2386"],"confidence":{"state":"pre-added","who":["user:TarCintia"],"prob":1}},{"classId":"r_19","type":"linked","directed":false,"entities":["s1v1|e_14|2354,2385","s1v1|e_5|2321,2386"],"confidence":{"state":"pre-added","who":["user:TarCintia"],"prob":1}},{"classId":"r_19","type":"linked","directed":false,"entities":["s1v1|e_14|2388,2436","s1v1|e_5|2388,2480"],"confidence":{"state":"pre-added","who":["user:TarCintia"],"prob":1}},{"classId":"r_19","type":"linked","directed":false,"entities":["s1v1|e_14|2441,2464","s1v1|e_5|2388,2480"],"confidence":{"state":"pre-added","who":["user:TarCintia"],"prob":1}},{"classId":"r_19","type":"linked","directed":false,"entities":["s1v1|e_14|2482,2504","s1v1|e_5|2482,2601"],"confidence":{"state":"pre-added","who":["user:TarCintia"],"prob":1}},{"classId":"r_19","type":"linked","directed":false,"entities":["s1v1|e_14|2506,2521","s1v1|e_5|2482,2601"],"confidence":{"state":"pre-added","who":["user:TarCintia"],"prob":1}},{"classId":"r_19","type":"linked","directed":false,"entities":["s1v1|e_14|2523,2570","s1v1|e_5|2482,2601"],"confidence":{"state":"pre-added","who":["user:TarCintia"],"prob":1}},{"classId":"r_19","type":"linked","directed":false,"entities":["s1v1|e_14|2585,2600","s1v1|e_5|2482,2601"],"confidence":{"state":"pre-added","who":["user:TarCintia"],"prob":1}},{"classId":"r_19","type":"linked","directed":false,"entities":["s1v1|e_14|2838,2859","s1v1|e_5|2806,2869"],"confidence":{"state":"pre-added","who":["user:TarCintia"],"prob":1}},{"classId":"r_19","type":"linked","directed":false,"entities":["s1v1|e_14|2897,2908","s1v1|e_5|2806,2869"],"confidence":{"state":"pre-added","who":["user:TarCintia"],"prob":1}},{"classId":"r_19","type":"linked","directed":false,"entities":["s1v1|e_14|2911,2930","s1v1|e_5|2911,3067"],"confidence":{"state":"pre-added","who":["user:TarCintia"],"prob":1}},{"classId":"r_19","type":"linked","directed":false,"entities":["s1v1|e_14|2933,2982","s1v1|e_5|2911,3067"],"confidence":{"state":"pre-added","who":["user:TarCintia"],"prob":1}},{"classId":"r_19","type":"linked","directed":false,"entities":["s1v1|e_14|2984,2999","s1v1|e_5|2911,3067"],"confidence":{"state":"pre-added","who":["user:TarCintia"],"prob":1}},{"classId":"r_19","type":"linked","directed":false,"entities":["s1v1|e_14|3002,3051","s1v1|e_5|2911,3067"],"confidence":{"state":"pre-added","who":["user:TarCintia"],"prob":1}},{"classId":"r_19","type":"linked","directed":false,"entities":["s1v1|e_14|3352,3368","s1v1|e_5|3371,3469"],"confidence":{"state":"pre-added","who":["user:TarCintia"],"prob":1}},{"classId":"r_19","type":"linked","directed":false,"entities":["s1v1|e_14|3376,3394","s1v1|e_5|3371,3469"],"confidence":{"state":"pre-added","who":["user:gcsenge"],"prob":1}},{"classId":"r_19","type":"linked","directed":false,"entities":["s1v1|e_14|3396,3406","s1v1|e_5|3371,3469"],"confidence":{"state":"pre-added","who":["user:TarCintia"],"prob":1}},{"classId":"r_19","type":"linked","directed":false,"entities":["s1v1|e_14|3427,3432","s1v1|e_5|3371,3469"],"confidence":{"state":"pre-added","who":["user:TarCintia"],"prob":1}},{"classId":"r_19","type":"linked","directed":false,"entities":["s1v1|e_14|3434,3457","s1v1|e_5|3371,3469"],"confidence":{"state":"pre-added","who":["user:TarCintia"],"prob":1}},{"classId":"r_19","type":"linked","directed":false,"entities":["s1v1|e_14|3465,3469","s1v1|e_5|3371,3469"],"confidence":{"state":"pre-added","who":["user:gcsenge"],"prob":1}},{"classId":"r_19","type":"linked","directed":false,"entities":["s1v1|e_14|3472,3476","s1v1|e_5|3472,3566"],"confidence":{"state":"pre-added","who":["user:gcsenge"],"prob":1}},{"classId":"r_19","type":"linked","directed":false,"entities":["s1v1|e_14|3478,3486","s1v1|e_5|3472,3566"],"confidence":{"state":"pre-added","who":["user:TarCintia"],"prob":1}},{"classId":"r_19","type":"linked","directed":false,"entities":["s1v1|e_14|3511,3520","s1v1|e_5|3472,3566"],"confidence":{"state":"pre-added","who":["user:TarCintia"],"prob":1}},{"classId":"r_19","type":"linked","directed":false,"entities":["s1v1|e_14|3612,3655","s1v1|e_5|3607,3716"],"confidence":{"state":"pre-added","who":["user:TarCintia"],"prob":1}},{"classId":"r_19","type":"linked","directed":false,"entities":["s1v1|e_14|3700,3716","s1v1|e_5|3607,3716"],"confidence":{"state":"pre-added","who":["user:TarCintia"],"prob":1}},{"classId":"r_19","type":"linked","directed":false,"entities":["s1v1|e_14|3719,3720","s1v1|e_5|3769,3799"],"confidence":{"state":"pre-added","who":["user:gcsenge"],"prob":1}},{"classId":"r_19","type":"linked","directed":false,"entities":["s1v1|e_14|3726,3741","s1v1|e_5|3769,3799"],"confidence":{"state":"pre-added","who":["user:TarCintia"],"prob":1}},{"classId":"r_19","type":"linked","directed":false,"entities":["s1v1|e_14|3747,3766","s1v1|e_5|3769,3799"],"confidence":{"state":"pre-added","who":["user:TarCintia"],"prob":1}},{"classId":"r_19","type":"linked","directed":false,"entities":["s1v1|e_14|3775,3790","s1v1|e_5|3769,3799"],"confidence":{"state":"pre-added","who":["user:TarCintia"],"prob":1}},{"classId":"r_19","type":"linked","directed":false,"entities":["s1v1|e_14|3792,3799","s1v1|e_5|3769,3799"],"confidence":{"state":"pre-added","who":["user:TarCintia"],"prob":1}},{"classId":"r_19","type":"linked","directed":false,"entities":["s1v1|e_14|3802,3803","s1v1|e_5|3802,3912"],"confidence":{"state":"pre-added","who":["user:gcsenge"],"prob":1}},{"classId":"r_19","type":"linked","directed":false,"entities":["s1v1|e_14|3809,3828","s1v1|e_5|3802,3912"],"confidence":{"state":"pre-added","who":["user:TarCintia"],"prob":1}},{"classId":"r_19","type":"linked","directed":false,"entities":["s1v1|e_14|3830,3840","s1v1|e_5|3802,3912"],"confidence":{"state":"pre-added","who":["user:TarCintia"],"prob":1}},{"classId":"r_19","type":"linked","directed":false,"entities":["s1v1|e_14|3842,3856","s1v1|e_5|3802,3912"],"confidence":{"state":"pre-added","who":["user:TarCintia"],"prob":1}},{"classId":"r_19","type":"linked","directed":false,"entities":["s1v1|e_14|3865,3889","s1v1|e_5|3802,3912"],"confidence":{"state":"pre-added","who":["user:TarCintia"],"prob":1}},{"classId":"r_19","type":"linked","directed":false,"entities":["s1v1|e_14|3898,3911","s1v1|e_5|3802,3912"],"confidence":{"state":"pre-added","who":["user:TarCintia"],"prob":1}},{"classId":"r_19","type":"linked","directed":false,"entities":["s1v1|e_14|3920,3946","s1v1|e_5|3956,3981"],"confidence":{"state":"pre-added","who":["user:TarCintia"],"prob":1}},{"classId":"r_19","type":"linked","directed":false,"entities":["s1v1|e_14|3961,3972","s1v1|e_5|3956,3981"],"confidence":{"state":"pre-added","who":["user:TarCintia"],"prob":1}},{"classId":"r_19","type":"linked","directed":false,"entities":["s1v1|e_14|4001,4027","s1v1|e_5|3956,3981"],"confidence":{"state":"pre-added","who":["user:TarCintia"],"prob":1}},{"classId":"r_19","type":"linked","directed":false,"entities":["s1v1|e_14|4044,4090","s1v1|e_5|4044,4209"],"confidence":{"state":"pre-added","who":["user:TarCintia"],"prob":1}},{"classId":"r_19","type":"linked","directed":false,"entities":["s1v1|e_14|4117,4133","s1v1|e_5|4044,4209"],"confidence":{"state":"pre-added","who":["user:TarCintia"],"prob":1}},{"classId":"r_19","type":"linked","directed":false,"entities":["s1v1|e_14|4135,4163","s1v1|e_5|4044,4209"],"confidence":{"state":"pre-added","who":["user:TarCintia"],"prob":1}},{"classId":"r_19","type":"linked","directed":false,"entities":["s1v1|e_14|4175,4208","s1v1|e_5|4044,4209"],"confidence":{"state":"pre-added","who":["user:TarCintia"],"prob":1}},{"classId":"r_19","type":"linked","directed":false,"entities":["s1v1|e_14|4235,4238","s1v1|e_5|4235,4312"],"confidence":{"state":"pre-added","who":["user:TarCintia"],"prob":1}},{"classId":"r_19","type":"linked","directed":false,"entities":["s1v1|e_14|4240,4248","s1v1|e_5|4235,4312"],"confidence":{"state":"pre-added","who":["user:gcsenge"],"prob":1}},{"classId":"r_19","type":"linked","directed":false,"entities":["s1v1|e_14|4278,4312","s1v1|e_5|4235,4312"],"confidence":{"state":"pre-added","who":["user:TarCintia"],"prob":1}}]}