{"annotatable":{"parts":["s1v1"]},"anncomplete":false,"sources":[],"metas":{},"entities":[{"classId":"e_1","part":"s1v1","offsets":[{"start":63,"text":"hogy az Európát elárasztó migrációs hullám rendkívül komoly biztonsági, a terrorizmussal kapcsolatos fenyegetettséget jelent"}],"coordinates":[],"confidence":{"state":"pre-added","who":["user:bernidam"],"prob":1},"fields":{},"normalizations":{}},{"classId":"e_13","part":"s1v1","offsets":[{"start":68,"text":"az Európát elárasztó migrációs hullám"}],"coordinates":[],"confidence":{"state":"pre-added","who":["user:szabokristof2333"],"prob":1},"fields":{},"normalizations":{}},{"classId":"e_14","part":"s1v1","offsets":[{"start":68,"text":"az Európát elárasztó migrációs hullám"}],"coordinates":[],"confidence":{"state":"pre-added","who":["user:szabokristof2333"],"prob":1},"fields":{},"normalizations":{}},{"classId":"e_14","part":"s1v1","offsets":[{"start":106,"text":"rendkívül komoly biztonsági, a terrorizmussal kapcsolatos fenyegetettséget"}],"coordinates":[],"confidence":{"state":"pre-added","who":["user:bernidam"],"prob":1},"fields":{},"normalizations":{}},{"classId":"e_13","part":"s1v1","offsets":[{"start":135,"text":"a terrorizmussal kapcsolatos fenyegetettséget jelent"}],"coordinates":[],"confidence":{"state":"pre-added","who":["user:szabokristof2333"],"prob":1},"fields":{},"normalizations":{}},{"classId":"e_3","part":"s1v1","offsets":[{"start":189,"text":"de sajnos nemcsak a nagy merényletekre kell ilyenkor gondolni"}],"coordinates":[],"confidence":{"state":"pre-added","who":["user:bernidam"],"prob":1},"fields":{},"normalizations":{}},{"classId":"e_14","part":"s1v1","offsets":[{"start":207,"text":"a nagy merényletekre"}],"coordinates":[],"confidence":{"state":"pre-added","who":["user:szabokristof2333"],"prob":1},"fields":{},"normalizations":{}},{"classId":"e_13","part":"s1v1","offsets":[{"start":214,"text":"merényletekre"}],"coordinates":[],"confidence":{"state":"pre-added","who":["user:bernidam"],"prob":1},"fields":{},"normalizations":{}},{"classId":"e_14","part":"s1v1","offsets":[{"start":297,"text":"ott"}],"coordinates":[],"confidence":{"state":"pre-added","who":["user:szabokristof2333"],"prob":1},"fields":{},"normalizations":{}},{"classId":"e_5","part":"s1v1","offsets":[{"start":302,"text":"ahol a migrációs egy bizonyos méretnél jobban jelen van"}],"coordinates":[],"confidence":{"state":"pre-added","who":["user:bernidam"],"prob":1},"fields":{},"normalizations":{}},{"classId":"e_14","part":"s1v1","offsets":[{"start":302,"text":"ahol"}],"coordinates":[],"confidence":{"state":"pre-added","who":["user:bernidam"],"prob":1},"fields":{},"normalizations":{}},{"classId":"e_14","part":"s1v1","offsets":[{"start":307,"text":"a migrációs"}],"coordinates":[],"confidence":{"state":"pre-added","who":["user:bernidam"],"prob":1},"fields":{},"normalizations":{}},{"classId":"e_13","part":"s1v1","offsets":[{"start":309,"text":"migrációs"}],"coordinates":[],"confidence":{"state":"pre-added","who":["user:bernidam"],"prob":1},"fields":{},"normalizations":{}},{"classId":"e_14","part":"s1v1","offsets":[{"start":319,"text":"egy bizonyos méretnél"}],"coordinates":[],"confidence":{"state":"pre-added","who":["user:bernidam"],"prob":1},"fields":{},"normalizations":{}},{"classId":"e_14","part":"s1v1","offsets":[{"start":359,"text":"ott"}],"coordinates":[],"confidence":{"state":"pre-added","who":["ml:regex","user:szabokristof2333"],"prob":1},"fields":{},"normalizations":{}},{"classId":"e_1","part":"s1v1","offsets":[{"start":359,"text":"ott bizony a mindennapok biztonsága is odavan"}],"coordinates":[],"confidence":{"state":"pre-added","who":["user:bernidam"],"prob":1},"fields":{},"normalizations":{}},{"classId":"e_13","part":"s1v1","offsets":[{"start":370,"text":"a mindennapok biztonsága is odavan"}],"coordinates":[],"confidence":{"state":"pre-added","who":["user:szabokristof2333"],"prob":1},"fields":{},"normalizations":{}},{"classId":"e_14","part":"s1v1","offsets":[{"start":370,"text":"a mindennapok biztonsága"}],"coordinates":[],"confidence":{"state":"pre-added","who":["user:bernidam"],"prob":1},"fields":{},"normalizations":{}},{"classId":"e_14","part":"s1v1","offsets":[{"start":425,"text":"számos ország"}],"coordinates":[],"confidence":{"state":"pre-added","who":["user:bernidam"],"prob":1},"fields":{},"normalizations":{}},{"classId":"e_14","part":"s1v1","offsets":[{"start":439,"text":"Európában"}],"coordinates":[],"confidence":{"state":"pre-added","who":["user:bernidam"],"prob":1},"fields":{},"normalizations":{}},{"classId":"e_1","part":"s1v1","offsets":[{"start":462,"text":"hogy mind a terrorfenyegetettség, mind pedig a biztonság gyengülése okán különböző törvényjavaslatokat terjesztenek elő Belgiumtól Olaszországon át Dániáig, Szlovákiától Bulgáriáig"}],"coordinates":[],"confidence":{"state":"pre-added","who":["user:bernidam"],"prob":1},"fields":{},"normalizations":{}},{"classId":"e_14","part":"s1v1","offsets":[{"start":467,"text":"mind a terrorfenyegetettség, mind pedig a biztonság gyengülése okán"}],"coordinates":[],"confidence":{"state":"pre-added","who":["user:bernidam"],"prob":1},"fields":{},"normalizations":{}},{"classId":"e_13","part":"s1v1","offsets":[{"start":472,"text":"a terrorfenyegetettség"}],"coordinates":[],"confidence":{"state":"pre-added","who":["user:szabokristof2333"],"prob":1},"fields":{},"normalizations":{}},{"classId":"e_13","part":"s1v1","offsets":[{"start":507,"text":"a biztonság gyengülése"}],"coordinates":[],"confidence":{"state":"pre-added","who":["user:szabokristof2333"],"prob":1},"fields":{},"normalizations":{}},{"classId":"e_14","part":"s1v1","offsets":[{"start":535,"text":"különböző törvényjavaslatokat"}],"coordinates":[],"confidence":{"state":"pre-added","who":["user:szabokristof2333"],"prob":1},"fields":{},"normalizations":{}},{"classId":"e_14","part":"s1v1","offsets":[{"start":582,"text":"Belgiumtól"}],"coordinates":[],"confidence":{"state":"pre-added","who":["user:bernidam"],"prob":1},"fields":{},"normalizations":{}},{"classId":"e_14","part":"s1v1","offsets":[{"start":593,"text":"Olaszországon"}],"coordinates":[],"confidence":{"state":"pre-added","who":["user:bernidam"],"prob":1},"fields":{},"normalizations":{}},{"classId":"e_14","part":"s1v1","offsets":[{"start":610,"text":"Dániáig"}],"coordinates":[],"confidence":{"state":"pre-added","who":["user:bernidam"],"prob":1},"fields":{},"normalizations":{}},{"classId":"e_14","part":"s1v1","offsets":[{"start":619,"text":"Szlovákiától"}],"coordinates":[],"confidence":{"state":"pre-added","who":["user:bernidam"],"prob":1},"fields":{},"normalizations":{}},{"classId":"e_14","part":"s1v1","offsets":[{"start":632,"text":"Bulgáriáig"}],"coordinates":[],"confidence":{"state":"pre-added","who":["user:bernidam"],"prob":1},"fields":{},"normalizations":{}},{"classId":"e_5","part":"s1v1","offsets":[{"start":644,"text":"Különböző méretűek ezek a viták."}],"coordinates":[],"confidence":{"state":"pre-added","who":["user:bernidam"],"prob":1},"fields":{},"normalizations":{}},{"classId":"e_14","part":"s1v1","offsets":[{"start":663,"text":"ezek a viták"}],"coordinates":[],"confidence":{"state":"pre-added","who":["user:bernidam"],"prob":1},"fields":{},"normalizations":{}},{"classId":"e_13","part":"s1v1","offsets":[{"start":670,"text":"viták"}],"coordinates":[],"confidence":{"state":"pre-added","who":["user:bernidam"],"prob":1},"fields":{},"normalizations":{}},{"classId":"e_5","part":"s1v1","offsets":[{"start":677,"text":"Ezeknek a vitáknak a jellemzője az"}],"coordinates":[],"confidence":{"state":"pre-added","who":["user:bernidam"],"prob":1},"fields":{},"normalizations":{}},{"classId":"e_14","part":"s1v1","offsets":[{"start":677,"text":"Ezeknek a vitáknak a jellemzője"}],"coordinates":[],"confidence":{"state":"pre-added","who":["user:bernidam"],"prob":1},"fields":{},"normalizations":{}},{"classId":"e_13","part":"s1v1","offsets":[{"start":687,"text":"vitáknak"}],"coordinates":[],"confidence":{"state":"pre-added","who":["user:bernidam"],"prob":1},"fields":{},"normalizations":{}},{"classId":"e_14","part":"s1v1","offsets":[{"start":709,"text":"az"}],"coordinates":[],"confidence":{"state":"pre-added","who":["user:bernidam"],"prob":1},"fields":{},"normalizations":{}},{"classId":"e_4","part":"s1v1","offsets":[{"start":713,"text":"hogy mindenhol felvetődnek az alapvető emberi jogokkal kapcsolatos vélemények"}],"coordinates":[],"confidence":{"state":"pre-added","who":["user:bernidam"],"prob":1},"fields":{},"normalizations":{}},{"classId":"e_14","part":"s1v1","offsets":[{"start":718,"text":"mindenhol"}],"coordinates":[],"confidence":{"state":"pre-added","who":["user:bernidam"],"prob":1},"fields":{},"normalizations":{}},{"classId":"e_14","part":"s1v1","offsets":[{"start":740,"text":"az alapvető emberi jogokkal kapcsolatos vélemények"}],"coordinates":[],"confidence":{"state":"pre-added","who":["user:bernidam"],"prob":1},"fields":{},"normalizations":{}},{"classId":"e_13","part":"s1v1","offsets":[{"start":743,"text":"alapvető emberi jogokkal"}],"coordinates":[],"confidence":{"state":"pre-added","who":["user:bernidam"],"prob":1},"fields":{},"normalizations":{}},{"classId":"e_2","part":"s1v1","offsets":[{"start":805,"text":"hogy egy terrorfenyegetettség miatt bekövetkező válsághelyzet kapcsán a kormány intézkedései adott esetben sérthetik bizonyos alapvető jogok érvényesülését"}],"coordinates":[],"confidence":{"state":"pre-added","who":["user:szabokristof2333"],"prob":1},"fields":{},"normalizations":{}},{"classId":"e_14","part":"s1v1","offsets":[{"start":810,"text":"egy terrorfenyegetettség miatt bekövetkező válsághelyzet"}],"coordinates":[],"confidence":{"state":"pre-added","who":["user:bernidam"],"prob":1},"fields":{},"normalizations":{}},{"classId":"e_14","part":"s1v1","offsets":[{"start":875,"text":"a kormány intézkedései"}],"coordinates":[],"confidence":{"state":"pre-added","who":["user:szabokristof2333"],"prob":1},"fields":{},"normalizations":{}},{"classId":"e_14","part":"s1v1","offsets":[{"start":898,"text":"adott esetben"}],"coordinates":[],"confidence":{"state":"pre-added","who":["user:szabokristof2333"],"prob":1},"fields":{},"normalizations":{}},{"classId":"e_13","part":"s1v1","offsets":[{"start":912,"text":"sérthetik bizonyos alapvető jogok érvényesülését"}],"coordinates":[],"confidence":{"state":"pre-added","who":["user:szabokristof2333"],"prob":1},"fields":{},"normalizations":{}},{"classId":"e_14","part":"s1v1","offsets":[{"start":922,"text":"bizonyos alapvető jogok érvényesülését"}],"coordinates":[],"confidence":{"state":"pre-added","who":["user:szabokristof2333"],"prob":1},"fields":{},"normalizations":{}},{"classId":"e_4","part":"s1v1","offsets":[{"start":976,"text":"hogy a legtöbb helyen törvényváltoztatással próbálják megteremteni a garanciális feltételeit annak, hogy a kormányok kellő felhatalmazással az emberek biztonságának érdekében tudjanak intézkedni"}],"coordinates":[],"confidence":{"state":"pre-added","who":["user:bernidam"],"prob":1},"fields":{},"normalizations":{}},{"classId":"e_14","part":"s1v1","offsets":[{"start":981,"text":"a legtöbb helyen"}],"coordinates":[],"confidence":{"state":"pre-added","who":["user:szabokristof2333"],"prob":1},"fields":{},"normalizations":{}},{"classId":"e_14","part":"s1v1","offsets":[{"start":998,"text":"törvényváltoztatással"}],"coordinates":[],"confidence":{"state":"pre-added","who":["user:szabokristof2333"],"prob":1},"fields":{},"normalizations":{}},{"classId":"e_13","part":"s1v1","offsets":[{"start":1020,"text":"próbálják megteremteni a garanciális feltételeit"}],"coordinates":[],"confidence":{"state":"pre-added","who":["user:szabokristof2333"],"prob":1},"fields":{},"normalizations":{}},{"classId":"e_14","part":"s1v1","offsets":[{"start":1043,"text":"a garanciális feltételeit"}],"coordinates":[],"confidence":{"state":"pre-added","who":["user:szabokristof2333"],"prob":1},"fields":{},"normalizations":{}},{"classId":"e_14","part":"s1v1","offsets":[{"start":1069,"text":"annak"}],"coordinates":[],"confidence":{"state":"pre-added","who":["user:szabokristof2333"],"prob":1},"fields":{},"normalizations":{}},{"classId":"e_14","part":"s1v1","offsets":[{"start":1081,"text":"a kormányok"}],"coordinates":[],"confidence":{"state":"pre-added","who":["user:szabokristof2333"],"prob":1},"fields":{},"normalizations":{}},{"classId":"e_14","part":"s1v1","offsets":[{"start":1093,"text":"kellő felhatalmazással"}],"coordinates":[],"confidence":{"state":"pre-added","who":["user:szabokristof2333"],"prob":1},"fields":{},"normalizations":{}},{"classId":"e_13","part":"s1v1","offsets":[{"start":1116,"text":"az emberek biztonságának érdekében tudjanak intézkedni"}],"coordinates":[],"confidence":{"state":"pre-added","who":["user:szabokristof2333"],"prob":1},"fields":{},"normalizations":{}},{"classId":"e_14","part":"s1v1","offsets":[{"start":1116,"text":"az emberek biztonságának érdekében"}],"coordinates":[],"confidence":{"state":"pre-added","who":["user:szabokristof2333"],"prob":1},"fields":{},"normalizations":{}},{"classId":"e_4","part":"s1v1","offsets":[{"start":1245,"text":"a Honvédelmi Minisztérium vezetésével egy ötpárti egyeztetésen a magyar kormány előterjesztette azt az alaptörvény-változ­tatási elképzelését"}],"coordinates":[],"confidence":{"state":"pre-added","who":["user:bernidam"],"prob":1},"fields":{},"normalizations":{}},{"classId":"e_14","part":"s1v1","offsets":[{"start":1245,"text":"a Honvédelmi Minisztérium vezetésével"}],"coordinates":[],"confidence":{"state":"pre-added","who":["user:bernidam"],"prob":1},"fields":{},"normalizations":{}},{"classId":"e_14","part":"s1v1","offsets":[{"start":1283,"text":"egy ötpárti egyeztetésen"}],"coordinates":[],"confidence":{"state":"pre-added","who":["user:bernidam"],"prob":1},"fields":{},"normalizations":{}},{"classId":"e_13","part":"s1v1","offsets":[{"start":1287,"text":"ötpárti egyeztetésen"}],"coordinates":[],"confidence":{"state":"pre-added","who":["user:bernidam"],"prob":1},"fields":{},"normalizations":{}},{"classId":"e_14","part":"s1v1","offsets":[{"start":1308,"text":"a magyar kormány"}],"coordinates":[],"confidence":{"state":"pre-added","who":["user:bernidam"],"prob":1},"fields":{},"normalizations":{}},{"classId":"e_13","part":"s1v1","offsets":[{"start":1325,"text":"előterjesztette"}],"coordinates":[],"confidence":{"state":"pre-added","who":["user:bernidam"],"prob":1},"fields":{},"normalizations":{}},{"classId":"e_14","part":"s1v1","offsets":[{"start":1341,"text":"azt az alaptörvény-változ­tatási elképzelését"}],"coordinates":[],"confidence":{"state":"pre-added","who":["user:bernidam"],"prob":1},"fields":{},"normalizations":{}},{"classId":"e_4","part":"s1v1","offsets":[{"start":1542,"text":"Belgiumban például olyan módosítást terjesztenek elő, amelyben a terrorveszély bevezetése kapcsán különleges helyzetben a parlamentnek semmilyen felhatalmazást nem kell adni a kormány felé, de hasonló megoldással többen is kísérleteznek"}],"coordinates":[],"confidence":{"state":"pre-added","who":["user:bernidam"],"prob":1},"fields":{},"normalizations":{}},{"classId":"e_14","part":"s1v1","offsets":[{"start":1542,"text":"Belgiumban"}],"coordinates":[],"confidence":{"state":"pre-added","who":["user:bernidam"],"prob":1},"fields":{},"normalizations":{}},{"classId":"e_14","part":"s1v1","offsets":[{"start":1561,"text":"olyan módosítást"}],"coordinates":[],"confidence":{"state":"pre-added","who":["user:bernidam"],"prob":1},"fields":{},"normalizations":{}},{"classId":"e_13","part":"s1v1","offsets":[{"start":1567,"text":"módosítást terjesztenek elő"}],"coordinates":[],"confidence":{"state":"pre-added","who":["user:bernidam"],"prob":1},"fields":{},"normalizations":{}},{"classId":"e_14","part":"s1v1","offsets":[{"start":1596,"text":"amelyben"}],"coordinates":[],"confidence":{"state":"pre-added","who":["user:bernidam"],"prob":1},"fields":{},"normalizations":{}},{"classId":"e_14","part":"s1v1","offsets":[{"start":1605,"text":"a terrorveszély bevezetése"}],"coordinates":[],"confidence":{"state":"pre-added","who":["user:bernidam"],"prob":1},"fields":{},"normalizations":{}},{"classId":"e_14","part":"s1v1","offsets":[{"start":1640,"text":"különleges helyzetben"}],"coordinates":[],"confidence":{"state":"pre-added","who":["user:bernidam"],"prob":1},"fields":{},"normalizations":{}},{"classId":"e_14","part":"s1v1","offsets":[{"start":1662,"text":"a parlamentnek"}],"coordinates":[],"confidence":{"state":"pre-added","who":["user:bernidam"],"prob":1},"fields":{},"normalizations":{}},{"classId":"e_14","part":"s1v1","offsets":[{"start":1677,"text":"semmilyen felhatalmazást"}],"coordinates":[],"confidence":{"state":"pre-added","who":["user:bernidam"],"prob":1},"fields":{},"normalizations":{}},{"classId":"e_13","part":"s1v1","offsets":[{"start":1677,"text":"semmilyen felhatalmazást nem kell adni"}],"coordinates":[],"confidence":{"state":"pre-added","who":["user:bernidam"],"prob":1},"fields":{},"normalizations":{}},{"classId":"e_14","part":"s1v1","offsets":[{"start":1716,"text":"a kormány"}],"coordinates":[],"confidence":{"state":"pre-added","who":["user:bernidam"],"prob":1},"fields":{},"normalizations":{}},{"classId":"e_14","part":"s1v1","offsets":[{"start":1735,"text":"hasonló megoldással"}],"coordinates":[],"confidence":{"state":"pre-added","who":["user:bernidam"],"prob":1},"fields":{},"normalizations":{}},{"classId":"e_13","part":"s1v1","offsets":[{"start":1735,"text":"hasonló megoldással"}],"coordinates":[],"confidence":{"state":"pre-added","who":["user:bernidam"],"prob":1},"fields":{},"normalizations":{}},{"classId":"e_14","part":"s1v1","offsets":[{"start":1755,"text":"többen"}],"coordinates":[],"confidence":{"state":"pre-added","who":["user:bernidam"],"prob":1},"fields":{},"normalizations":{}},{"classId":"e_4","part":"s1v1","offsets":[{"start":1863,"text":"hogy egy demokráciában a kormányok és a törvényhozók végiggondolják, hogy az alaptörvények érvényesülését és az emberek biztonságának a követelményét hogyan próbálják egyensúlyba hozni"}],"coordinates":[],"confidence":{"state":"pre-added","who":["user:szabokristof2333"],"prob":1},"fields":{},"normalizations":{}},{"classId":"e_14","part":"s1v1","offsets":[{"start":1868,"text":"egy demokráciában"}],"coordinates":[],"confidence":{"state":"pre-added","who":["user:szabokristof2333"],"prob":1},"fields":{},"normalizations":{}},{"classId":"e_14","part":"s1v1","offsets":[{"start":1886,"text":"a kormányok"}],"coordinates":[],"confidence":{"state":"pre-added","who":["user:szabokristof2333"],"prob":1},"fields":{},"normalizations":{}},{"classId":"e_14","part":"s1v1","offsets":[{"start":1901,"text":"a törvényhozók"}],"coordinates":[],"confidence":{"state":"pre-added","who":["user:szabokristof2333"],"prob":1},"fields":{},"normalizations":{}},{"classId":"e_13","part":"s1v1","offsets":[{"start":1916,"text":"végiggondolják"}],"coordinates":[],"confidence":{"state":"pre-added","who":["user:bernidam"],"prob":1},"fields":{},"normalizations":{}},{"classId":"e_13","part":"s1v1","offsets":[{"start":1937,"text":"az alaptörvények érvényesülését"}],"coordinates":[],"confidence":{"state":"pre-added","who":["user:szabokristof2333"],"prob":1},"fields":{},"normalizations":{}},{"classId":"e_14","part":"s1v1","offsets":[{"start":1937,"text":"az alaptörvények érvényesülését"}],"coordinates":[],"confidence":{"state":"pre-added","who":["user:szabokristof2333"],"prob":1},"fields":{},"normalizations":{}},{"classId":"e_13","part":"s1v1","offsets":[{"start":1972,"text":"az emberek biztonságának"}],"coordinates":[],"confidence":{"state":"pre-added","who":["user:szabokristof2333"],"prob":1},"fields":{},"normalizations":{}},{"classId":"e_14","part":"s1v1","offsets":[{"start":1972,"text":"az emberek biztonságának a követelményét"}],"coordinates":[],"confidence":{"state":"pre-added","who":["user:bernidam"],"prob":1},"fields":{},"normalizations":{}},{"classId":"e_13","part":"s1v1","offsets":[{"start":2013,"text":"hogyan próbálják egyensúlyba hozni"}],"coordinates":[],"confidence":{"state":"pre-added","who":["user:szabokristof2333"],"prob":1},"fields":{},"normalizations":{}},{"classId":"e_14","part":"s1v1","offsets":[{"start":2030,"text":"egyensúlyba"}],"coordinates":[],"confidence":{"state":"pre-added","who":["user:szabokristof2333"],"prob":1},"fields":{},"normalizations":{}},{"classId":"e_5","part":"s1v1","offsets":[{"start":2061,"text":"a legtöbb helyen nagyon komoly viták után"}],"coordinates":[],"confidence":{"state":"pre-added","who":["user:szabokristof2333"],"prob":1},"fields":{},"normalizations":{}},{"classId":"e_14","part":"s1v1","offsets":[{"start":2061,"text":"a legtöbb helyen"}],"coordinates":[],"confidence":{"state":"pre-added","who":["user:szabokristof2333"],"prob":1},"fields":{},"normalizations":{}},{"classId":"e_13","part":"s1v1","offsets":[{"start":2078,"text":"nagyon komoly viták"}],"coordinates":[],"confidence":{"state":"pre-added","who":["user:szabokristof2333"],"prob":1},"fields":{},"normalizations":{}},{"classId":"e_14","part":"s1v1","offsets":[{"start":2078,"text":"nagyon komoly viták"}],"coordinates":[],"confidence":{"state":"pre-added","who":["user:bernidam"],"prob":1},"fields":{},"normalizations":{}},{"classId":"e_4","part":"s1v1","offsets":[{"start":2104,"text":"de valamilyen megoldásra jutnak"}],"coordinates":[],"confidence":{"state":"pre-added","who":["user:szabokristof2333"],"prob":1},"fields":{},"normalizations":{}},{"classId":"e_14","part":"s1v1","offsets":[{"start":2107,"text":"valamilyen megoldásra"}],"coordinates":[],"confidence":{"state":"pre-added","who":["user:szabokristof2333"],"prob":1},"fields":{},"normalizations":{}},{"classId":"e_13","part":"s1v1","offsets":[{"start":2118,"text":"megoldásra jutnak"}],"coordinates":[],"confidence":{"state":"pre-added","who":["user:szabokristof2333"],"prob":1},"fields":{},"normalizations":{}},{"classId":"e_14","part":"s1v1","offsets":[{"start":2137,"text":"Belgium"}],"coordinates":[],"confidence":{"state":"pre-added","who":["user:szabokristof2333"],"prob":1},"fields":{},"normalizations":{}},{"classId":"e_14","part":"s1v1","offsets":[{"start":2146,"text":"Franciaország"}],"coordinates":[],"confidence":{"state":"pre-added","who":["user:szabokristof2333"],"prob":1},"fields":{},"normalizations":{}},{"classId":"e_14","part":"s1v1","offsets":[{"start":2161,"text":"Németország"}],"coordinates":[],"confidence":{"state":"pre-added","who":["user:szabokristof2333"],"prob":1},"fields":{},"normalizations":{}},{"classId":"e_14","part":"s1v1","offsets":[{"start":2174,"text":"Olaszország"}],"coordinates":[],"confidence":{"state":"pre-added","who":["user:szabokristof2333"],"prob":1},"fields":{},"normalizations":{}},{"classId":"e_14","part":"s1v1","offsets":[{"start":2187,"text":"Dánia"}],"coordinates":[],"confidence":{"state":"pre-added","who":["user:szabokristof2333"],"prob":1},"fields":{},"normalizations":{}},{"classId":"e_14","part":"s1v1","offsets":[{"start":2194,"text":"ezek"}],"coordinates":[],"confidence":{"state":"pre-added","who":["user:bernidam"],"prob":1},"fields":{},"normalizations":{}},{"classId":"e_14","part":"s1v1","offsets":[{"start":2199,"text":"azok az országok"}],"coordinates":[],"confidence":{"state":"pre-added","who":["user:bernidam"],"prob":1},"fields":{},"normalizations":{}},{"classId":"e_4","part":"s1v1","offsets":[{"start":2217,"text":"amelyek ezeket a vitákat többé-kevésbé sikeresen lebonyolították, és megértették az ottani ellenzéki politikusok is, hogy egyrészt az emberek biztonsága rendkívül fontos érték"}],"coordinates":[],"confidence":{"state":"pre-added","who":["user:szabokristof2333"],"prob":1},"fields":{},"normalizations":{}},{"classId":"e_14","part":"s1v1","offsets":[{"start":2217,"text":"amelyek"}],"coordinates":[],"confidence":{"state":"pre-added","who":["user:szabokristof2333"],"prob":1},"fields":{},"normalizations":{}},{"classId":"e_14","part":"s1v1","offsets":[{"start":2225,"text":"ezeket a vitákat"}],"coordinates":[],"confidence":{"state":"pre-added","who":["user:szabokristof2333"],"prob":1},"fields":{},"normalizations":{}},{"classId":"e_13","part":"s1v1","offsets":[{"start":2256,"text":"sikeresen lebonyolították"}],"coordinates":[],"confidence":{"state":"pre-added","who":["user:szabokristof2333"],"prob":1},"fields":{},"normalizations":{}},{"classId":"e_13","part":"s1v1","offsets":[{"start":2286,"text":"megértették"}],"coordinates":[],"confidence":{"state":"pre-added","who":["user:szabokristof2333"],"prob":1},"fields":{},"normalizations":{}},{"classId":"e_14","part":"s1v1","offsets":[{"start":2298,"text":"az ottani ellenzéki politikusok"}],"coordinates":[],"confidence":{"state":"pre-added","who":["user:bernidam"],"prob":1},"fields":{},"normalizations":{}},{"classId":"e_13","part":"s1v1","offsets":[{"start":2348,"text":"az emberek biztonsága rendkívül fontos érték"}],"coordinates":[],"confidence":{"state":"pre-added","who":["user:szabokristof2333"],"prob":1},"fields":{},"normalizations":{}},{"classId":"e_14","part":"s1v1","offsets":[{"start":2348,"text":"az emberek biztonsága"}],"coordinates":[],"confidence":{"state":"pre-added","who":["user:szabokristof2333"],"prob":1},"fields":{},"normalizations":{}},{"classId":"e_14","part":"s1v1","offsets":[{"start":2370,"text":"rendkívül fontos érték"}],"coordinates":[],"confidence":{"state":"pre-added","who":["user:szabokristof2333"],"prob":1},"fields":{},"normalizations":{}},{"classId":"e_5","part":"s1v1","offsets":[{"start":2394,"text":"másrészt ha nem segítik azt"}],"coordinates":[],"confidence":{"state":"pre-added","who":["user:bernidam"],"prob":1},"fields":{},"normalizations":{}},{"classId":"e_13","part":"s1v1","offsets":[{"start":2403,"text":"ha nem segítik azt"}],"coordinates":[],"confidence":{"state":"pre-added","who":["user:szabokristof2333"],"prob":1},"fields":{},"normalizations":{}},{"classId":"e_14","part":"s1v1","offsets":[{"start":2418,"text":"azt"}],"coordinates":[],"confidence":{"state":"pre-added","who":["user:szabokristof2333"],"prob":1},"fields":{},"normalizations":{}},{"classId":"e_4","part":"s1v1","offsets":[{"start":2423,"text":"hogy a kormány az emberek biztonságát valamilyen módon garantálja"}],"coordinates":[],"confidence":{"state":"pre-added","who":["user:bernidam"],"prob":1},"fields":{},"normalizations":{}},{"classId":"e_14","part":"s1v1","offsets":[{"start":2428,"text":"a kormány"}],"coordinates":[],"confidence":{"state":"pre-added","who":["user:szabokristof2333"],"prob":1},"fields":{},"normalizations":{}},{"classId":"e_14","part":"s1v1","offsets":[{"start":2438,"text":"az emberek biztonságát"}],"coordinates":[],"confidence":{"state":"pre-added","who":["user:szabokristof2333"],"prob":1},"fields":{},"normalizations":{}},{"classId":"e_13","part":"s1v1","offsets":[{"start":2438,"text":"az emberek biztonságát valamilyen módon garantálja"}],"coordinates":[],"confidence":{"state":"pre-added","who":["user:bernidam"],"prob":1},"fields":{},"normalizations":{}},{"classId":"e_2","part":"s1v1","offsets":[{"start":2490,"text":"és nem rendelnek ehhez hozzá törvényi kereteket és garanciális elemeket, akkor mindenki rosszabbul jár"}],"coordinates":[],"confidence":{"state":"pre-added","who":["user:bernidam"],"prob":1},"fields":{},"normalizations":{}},{"classId":"e_13","part":"s1v1","offsets":[{"start":2493,"text":"nem rendelnek ehhez hozzá törvényi kereteket"}],"coordinates":[],"confidence":{"state":"pre-added","who":["user:szabokristof2333"],"prob":1},"fields":{},"normalizations":{}},{"classId":"e_14","part":"s1v1","offsets":[{"start":2507,"text":"ehhez"}],"coordinates":[],"confidence":{"state":"pre-added","who":["user:szabokristof2333"],"prob":1},"fields":{},"normalizations":{}},{"classId":"e_14","part":"s1v1","offsets":[{"start":2519,"text":"törvényi kereteket"}],"coordinates":[],"confidence":{"state":"pre-added","who":["user:szabokristof2333"],"prob":1},"fields":{},"normalizations":{}},{"classId":"e_14","part":"s1v1","offsets":[{"start":2541,"text":"garanciális elemeket"}],"coordinates":[],"confidence":{"state":"pre-added","who":["user:szabokristof2333"],"prob":1},"fields":{},"normalizations":{}},{"classId":"e_13","part":"s1v1","offsets":[{"start":2563,"text":"akkor mindenki rosszabbul jár"}],"coordinates":[],"confidence":{"state":"pre-added","who":["user:szabokristof2333"],"prob":1},"fields":{},"normalizations":{}},{"classId":"e_14","part":"s1v1","offsets":[{"start":2569,"text":"mindenki"}],"coordinates":[],"confidence":{"state":"pre-added","who":["user:bernidam"],"prob":1},"fields":{},"normalizations":{}},{"classId":"e_14","part":"s1v1","offsets":[{"start":2608,"text":"a kormányok"}],"coordinates":[],"confidence":{"state":"pre-added","who":["user:bernidam"],"prob":1},"fields":{},"normalizations":{}},{"classId":"e_3","part":"s1v1","offsets":[{"start":2637,"text":"amikor bekövetkezik ? isten ne adja! ? egy vérfürdő, valami vészhelyzet"}],"coordinates":[],"confidence":{"state":"pre-added","who":["user:bernidam"],"prob":1},"fields":{},"normalizations":{}},{"classId":"e_14","part":"s1v1","offsets":[{"start":2659,"text":"isten"}],"coordinates":[],"confidence":{"state":"pre-added","who":["user:bernidam"],"prob":1},"fields":{},"normalizations":{}},{"classId":"e_14","part":"s1v1","offsets":[{"start":2676,"text":"egy vérfürdő"}],"coordinates":[],"confidence":{"state":"pre-added","who":["user:szabokristof2333"],"prob":1},"fields":{},"normalizations":{}},{"classId":"e_13","part":"s1v1","offsets":[{"start":2680,"text":"vérfürdő"}],"coordinates":[],"confidence":{"state":"pre-added","who":["user:bernidam"],"prob":1},"fields":{},"normalizations":{}},{"classId":"e_14","part":"s1v1","offsets":[{"start":2690,"text":"valami vészhelyzet"}],"coordinates":[],"confidence":{"state":"pre-added","who":["user:szabokristof2333"],"prob":1},"fields":{},"normalizations":{}},{"classId":"e_13","part":"s1v1","offsets":[{"start":2697,"text":"vészhelyzet"}],"coordinates":[],"confidence":{"state":"pre-added","who":["user:bernidam"],"prob":1},"fields":{},"normalizations":{}},{"classId":"e_4","part":"s1v1","offsets":[{"start":2710,"text":"akkor kénytelenek intézkedni, mert egyébként ezt a politikai közvélemény meg az emberek is kikövetelik tőle"}],"coordinates":[],"confidence":{"state":"pre-added","who":["user:bernidam"],"prob":1},"fields":{},"normalizations":{}},{"classId":"e_13","part":"s1v1","offsets":[{"start":2716,"text":"kénytelenek intézkedni"}],"coordinates":[],"confidence":{"state":"pre-added","who":["user:szabokristof2333"],"prob":1},"fields":{},"normalizations":{}},{"classId":"e_14","part":"s1v1","offsets":[{"start":2755,"text":"ezt"}],"coordinates":[],"confidence":{"state":"pre-added","who":["user:bernidam"],"prob":1},"fields":{},"normalizations":{}},{"classId":"e_14","part":"s1v1","offsets":[{"start":2759,"text":"a politikai közvélemény"}],"coordinates":[],"confidence":{"state":"pre-added","who":["user:bernidam"],"prob":1},"fields":{},"normalizations":{}},{"classId":"e_14","part":"s1v1","offsets":[{"start":2787,"text":"az emberek"}],"coordinates":[],"confidence":{"state":"pre-added","who":["user:bernidam"],"prob":1},"fields":{},"normalizations":{}},{"classId":"e_13","part":"s1v1","offsets":[{"start":2801,"text":"kikövetelik tőle"}],"coordinates":[],"confidence":{"state":"pre-added","who":["user:szabokristof2333"],"prob":1},"fields":{},"normalizations":{}},{"classId":"e_14","part":"s1v1","offsets":[{"start":2813,"text":"tőle"}],"coordinates":[],"confidence":{"state":"pre-added","who":["user:szabokristof2333"],"prob":1},"fields":{},"normalizations":{}},{"classId":"e_2","part":"s1v1","offsets":[{"start":2833,"text":"hogy azon garanciális keretek nélkül"}],"coordinates":[],"confidence":{"state":"pre-added","who":["user:bernidam"],"prob":1},"fields":{},"normalizations":{}},{"classId":"e_14","part":"s1v1","offsets":[{"start":2838,"text":"azon garanciális keretek"}],"coordinates":[],"confidence":{"state":"pre-added","who":["user:bernidam"],"prob":1},"fields":{},"normalizations":{}},{"classId":"e_13","part":"s1v1","offsets":[{"start":2843,"text":"garanciális keretek nélkül"}],"coordinates":[],"confidence":{"state":"pre-added","who":["user:bernidam"],"prob":1},"fields":{},"normalizations":{}},{"classId":"e_14","part":"s1v1","offsets":[{"start":2871,"text":"amit"}],"coordinates":[],"confidence":{"state":"pre-added","who":["user:szabokristof2333"],"prob":1},"fields":{},"normalizations":{}},{"classId":"e_4","part":"s1v1","offsets":[{"start":2871,"text":"amit egyébként a különböző törvényhozások ezen viták kapcsán kidolgoztak"}],"coordinates":[],"confidence":{"state":"pre-added","who":["user:bernidam"],"prob":1},"fields":{},"normalizations":{}},{"classId":"e_14","part":"s1v1","offsets":[{"start":2886,"text":"a különböző törvényhozások"}],"coordinates":[],"confidence":{"state":"pre-added","who":["user:szabokristof2333"],"prob":1},"fields":{},"normalizations":{}},{"classId":"e_14","part":"s1v1","offsets":[{"start":2913,"text":"ezen viták"}],"coordinates":[],"confidence":{"state":"pre-added","who":["user:bernidam"],"prob":1},"fields":{},"normalizations":{}},{"classId":"e_13","part":"s1v1","offsets":[{"start":2932,"text":"kidolgoztak"}],"coordinates":[],"confidence":{"state":"pre-added","who":["user:bernidam"],"prob":1},"fields":{},"normalizations":{}},{"classId":"e_2","part":"s1v1","offsets":[{"start":2945,"text":"Tehát a létező legrosszabb megoldás az"}],"coordinates":[],"confidence":{"state":"pre-added","who":["user:szabokristof2333"],"prob":1},"fields":{},"normalizations":{}},{"classId":"e_13","part":"s1v1","offsets":[{"start":2951,"text":"a létező legrosszabb megoldás"}],"coordinates":[],"confidence":{"state":"pre-added","who":["user:szabokristof2333"],"prob":1},"fields":{},"normalizations":{}},{"classId":"e_14","part":"s1v1","offsets":[{"start":2951,"text":"a létező legrosszabb megoldás"}],"coordinates":[],"confidence":{"state":"pre-added","who":["user:bernidam"],"prob":1},"fields":{},"normalizations":{}},{"classId":"e_14","part":"s1v1","offsets":[{"start":2981,"text":"az"}],"coordinates":[],"confidence":{"state":"pre-added","who":["user:bernidam"],"prob":1},"fields":{},"normalizations":{}},{"classId":"e_3","part":"s1v1","offsets":[{"start":3038,"text":"hogy van terrorfenyegetettség"}],"coordinates":[],"confidence":{"state":"pre-added","who":["user:bernidam"],"prob":1},"fields":{},"normalizations":{}},{"classId":"e_14","part":"s1v1","offsets":[{"start":3047,"text":"terrorfenyegetettség"}],"coordinates":[],"confidence":{"state":"pre-added","who":["user:szabokristof2333"],"prob":1},"fields":{},"normalizations":{}},{"classId":"e_13","part":"s1v1","offsets":[{"start":3047,"text":"terrorfenyegetettség"}],"coordinates":[],"confidence":{"state":"pre-added","who":["user:bernidam"],"prob":1},"fields":{},"normalizations":{}},{"classId":"e_5","part":"s1v1","offsets":[{"start":3169,"text":"hogy migrációs válság nincs is, ez a Fidesznek egyfajta figyelemelterelő akciója"}],"coordinates":[],"confidence":{"state":"pre-added","who":["user:bernidam"],"prob":1},"fields":{},"normalizations":{}},{"classId":"e_13","part":"s1v1","offsets":[{"start":3174,"text":"migrációs válság nincs is"}],"coordinates":[],"confidence":{"state":"pre-added","who":["user:szabokristof2333"],"prob":1},"fields":{},"normalizations":{}},{"classId":"e_14","part":"s1v1","offsets":[{"start":3174,"text":"migrációs válság"}],"coordinates":[],"confidence":{"state":"pre-added","who":["user:szabokristof2333"],"prob":1},"fields":{},"normalizations":{}},{"classId":"e_14","part":"s1v1","offsets":[{"start":3201,"text":"ez"}],"coordinates":[],"confidence":{"state":"pre-added","who":["user:bernidam"],"prob":1},"fields":{},"normalizations":{}},{"classId":"e_14","part":"s1v1","offsets":[{"start":3204,"text":"a Fidesznek egyfajta figyelemelterelő akciója"}],"coordinates":[],"confidence":{"state":"pre-added","who":["user:bernidam"],"prob":1},"fields":{},"normalizations":{}},{"classId":"e_13","part":"s1v1","offsets":[{"start":3225,"text":"figyelemelterelő akciója"}],"coordinates":[],"confidence":{"state":"pre-added","who":["user:bernidam"],"prob":1},"fields":{},"normalizations":{}},{"classId":"e_3","part":"s1v1","offsets":[{"start":3251,"text":"de ma már ezt talán a párizsi, a londoni, az egyéb merényletek kapcsán senki nem mondhatja felelősséggel"}],"coordinates":[],"confidence":{"state":"pre-added","who":["user:bernidam"],"prob":1},"fields":{},"normalizations":{}},{"classId":"e_14","part":"s1v1","offsets":[{"start":3261,"text":"ezt"}],"coordinates":[],"confidence":{"state":"pre-added","who":["user:bernidam"],"prob":1},"fields":{},"normalizations":{}},{"classId":"e_14","part":"s1v1","offsets":[{"start":3271,"text":"a párizsi, a londoni, az egyéb merényletek"}],"coordinates":[],"confidence":{"state":"pre-added","who":["user:bernidam"],"prob":1},"fields":{},"normalizations":{}},{"classId":"e_13","part":"s1v1","offsets":[{"start":3302,"text":"merényletek"}],"coordinates":[],"confidence":{"state":"pre-added","who":["user:bernidam"],"prob":1},"fields":{},"normalizations":{}},{"classId":"e_14","part":"s1v1","offsets":[{"start":3322,"text":"senki"}],"coordinates":[],"confidence":{"state":"pre-added","who":["user:bernidam"],"prob":1},"fields":{},"normalizations":{}},{"classId":"e_14","part":"s1v1","offsets":[{"start":3342,"text":"felelősséggel"}],"coordinates":[],"confidence":{"state":"pre-added","who":["user:szabokristof2333"],"prob":1},"fields":{},"normalizations":{}},{"classId":"e_4","part":"s1v1","offsets":[{"start":3415,"text":"hogy a kereteket határozzuk meg és legyenek jelen a garanciális elemek"}],"coordinates":[],"confidence":{"state":"pre-added","who":["user:bernidam"],"prob":1},"fields":{},"normalizations":{}},{"classId":"e_14","part":"s1v1","offsets":[{"start":3420,"text":"a kereteket"}],"coordinates":[],"confidence":{"state":"pre-added","who":["user:szabokristof2333"],"prob":1},"fields":{},"normalizations":{}},{"classId":"e_13","part":"s1v1","offsets":[{"start":3420,"text":"a kereteket határozzuk meg"}],"coordinates":[],"confidence":{"state":"pre-added","who":["user:bernidam"],"prob":1},"fields":{},"normalizations":{}},{"classId":"e_13","part":"s1v1","offsets":[{"start":3450,"text":"legyenek jelen a garanciális elemek"}],"coordinates":[],"confidence":{"state":"pre-added","who":["user:bernidam"],"prob":1},"fields":{},"normalizations":{}},{"classId":"e_14","part":"s1v1","offsets":[{"start":3465,"text":"a garanciális elemek"}],"coordinates":[],"confidence":{"state":"pre-added","who":["user:szabokristof2333"],"prob":1},"fields":{},"normalizations":{}},{"classId":"e_2","part":"s1v1","offsets":[{"start":3487,"text":"hogy ha itt, ezek mentén nem tudunk megegyezni valamilyen alkotmányos feltételrendszerben, akkor óhatatlanul is egyszerre sérül az emberek biztonsághoz való joga és a biztonságérzetük gyengül, ráadásul még a demokratikus jogok érvényesülésének az intézményrendszere vagy feltételrendszere is gyengül"}],"coordinates":[],"confidence":{"state":"pre-added","who":["user:szabokristof2333"],"prob":1},"fields":{},"normalizations":{}},{"classId":"e_14","part":"s1v1","offsets":[{"start":3495,"text":"itt"}],"coordinates":[],"confidence":{"state":"pre-added","who":["user:bernidam"],"prob":1},"fields":{},"normalizations":{}},{"classId":"e_14","part":"s1v1","offsets":[{"start":3500,"text":"ezek"}],"coordinates":[],"confidence":{"state":"pre-added","who":["user:bernidam"],"prob":1},"fields":{},"normalizations":{}},{"classId":"e_13","part":"s1v1","offsets":[{"start":3512,"text":"nem tudunk megegyezni"}],"coordinates":[],"confidence":{"state":"pre-added","who":["user:szabokristof2333"],"prob":1},"fields":{},"normalizations":{}},{"classId":"e_14","part":"s1v1","offsets":[{"start":3534,"text":"valamilyen alkotmányos feltételrendszerben"}],"coordinates":[],"confidence":{"state":"pre-added","who":["user:szabokristof2333"],"prob":1},"fields":{},"normalizations":{}},{"classId":"e_13","part":"s1v1","offsets":[{"start":3599,"text":"egyszerre sérül az emberek biztonsághoz való joga és a biztonságérzetük gyengül"}],"coordinates":[],"confidence":{"state":"pre-added","who":["user:szabokristof2333"],"prob":1},"fields":{},"normalizations":{}},{"classId":"e_14","part":"s1v1","offsets":[{"start":3615,"text":"az emberek biztonsághoz való joga"}],"coordinates":[],"confidence":{"state":"pre-added","who":["user:szabokristof2333"],"prob":1},"fields":{},"normalizations":{}},{"classId":"e_14","part":"s1v1","offsets":[{"start":3652,"text":"a biztonságérzetük"}],"coordinates":[],"confidence":{"state":"pre-added","who":["user:szabokristof2333"],"prob":1},"fields":{},"normalizations":{}},{"classId":"e_14","part":"s1v1","offsets":[{"start":3693,"text":"a demokratikus jogok érvényesülésének az intézményrendszere vagy feltételrendszere"}],"coordinates":[],"confidence":{"state":"pre-added","who":["user:bernidam"],"prob":1},"fields":{},"normalizations":{}},{"classId":"e_13","part":"s1v1","offsets":[{"start":3758,"text":"feltételrendszere is gyengül"}],"coordinates":[],"confidence":{"state":"pre-added","who":["user:szabokristof2333"],"prob":1},"fields":{},"normalizations":{}},{"classId":"e_14","part":"s1v1","offsets":[{"start":3836,"text":"az a megoldás"}],"coordinates":[],"confidence":{"state":"pre-added","who":["user:bernidam"],"prob":1},"fields":{},"normalizations":{}},{"classId":"e_2","part":"s1v1","offsets":[{"start":3900,"text":"a létező legrosszabb, mert ennél rosszabb helyzetet nem is lehet kialakítani"}],"coordinates":[],"confidence":{"state":"pre-added","who":["user:szabokristof2333"],"prob":1},"fields":{},"normalizations":{}},{"classId":"e_13","part":"s1v1","offsets":[{"start":3900,"text":"a létező legrosszabb"}],"coordinates":[],"confidence":{"state":"pre-added","who":["user:szabokristof2333"],"prob":1},"fields":{},"normalizations":{}},{"classId":"e_13","part":"s1v1","offsets":[{"start":3927,"text":"ennél rosszabb helyzetet nem is lehet kialakítani"}],"coordinates":[],"confidence":{"state":"pre-added","who":["user:szabokristof2333"],"prob":1},"fields":{},"normalizations":{}},{"classId":"e_14","part":"s1v1","offsets":[{"start":3927,"text":"ennél rosszabb helyzetet"}],"coordinates":[],"confidence":{"state":"pre-added","who":["user:szabokristof2333"],"prob":1},"fields":{},"normalizations":{}},{"classId":"e_4","part":"s1v1","offsets":[{"start":3978,"text":"Ezt ma már Európában szinte minden ország belátta."}],"coordinates":[],"confidence":{"state":"pre-added","who":["user:szabokristof2333"],"prob":1},"fields":{},"normalizations":{}},{"classId":"e_14","part":"s1v1","offsets":[{"start":3978,"text":"Ezt"}],"coordinates":[],"confidence":{"state":"pre-added","who":["user:bernidam"],"prob":1},"fields":{},"normalizations":{}},{"classId":"e_14","part":"s1v1","offsets":[{"start":3989,"text":"Európában"}],"coordinates":[],"confidence":{"state":"pre-added","who":["user:szabokristof2333"],"prob":1},"fields":{},"normalizations":{}},{"classId":"e_13","part":"s1v1","offsets":[{"start":3999,"text":"szinte minden ország belátta"}],"coordinates":[],"confidence":{"state":"pre-added","who":["user:szabokristof2333"],"prob":1},"fields":{},"normalizations":{}},{"classId":"e_14","part":"s1v1","offsets":[{"start":3999,"text":"szinte minden ország"}],"coordinates":[],"confidence":{"state":"pre-added","who":["user:szabokristof2333"],"prob":1},"fields":{},"normalizations":{}},{"classId":"e_4","part":"s1v1","offsets":[{"start":4046,"text":"hogy a magyar ellenzék sem lesz akadálya annak (Az elnök a csengő megkocogtatásával jelzi az időkeret leteltét.), hogy a magyar emberek biztonságát itthon garantálni tudjuk"}],"coordinates":[],"confidence":{"state":"pre-added","who":["user:bernidam"],"prob":1},"fields":{},"normalizations":{}},{"classId":"e_13","part":"s1v1","offsets":[{"start":4051,"text":"a magyar ellenzék sem lesz akadálya"}],"coordinates":[],"confidence":{"state":"pre-added","who":["user:szabokristof2333"],"prob":1},"fields":{},"normalizations":{}},{"classId":"e_14","part":"s1v1","offsets":[{"start":4051,"text":"a magyar ellenzék"}],"coordinates":[],"confidence":{"state":"pre-added","who":["user:bernidam"],"prob":1},"fields":{},"normalizations":{}},{"classId":"e_14","part":"s1v1","offsets":[{"start":4078,"text":"akadálya"}],"coordinates":[],"confidence":{"state":"pre-added","who":["user:szabokristof2333"],"prob":1},"fields":{},"normalizations":{}},{"classId":"e_14","part":"s1v1","offsets":[{"start":4087,"text":"annak"}],"coordinates":[],"confidence":{"state":"pre-added","who":["user:szabokristof2333"],"prob":1},"fields":{},"normalizations":{}},{"classId":"e_13","part":"s1v1","offsets":[{"start":4165,"text":"a magyar emberek biztonságát itthon garantálni tudjuk"}],"coordinates":[],"confidence":{"state":"pre-added","who":["user:szabokristof2333"],"prob":1},"fields":{},"normalizations":{}},{"classId":"e_14","part":"s1v1","offsets":[{"start":4165,"text":"a magyar emberek biztonságát"}],"coordinates":[],"confidence":{"state":"pre-added","who":["user:szabokristof2333"],"prob":1},"fields":{},"normalizations":{}},{"classId":"e_14","part":"s1v1","offsets":[{"start":4194,"text":"itthon"}],"coordinates":[],"confidence":{"state":"pre-added","who":["user:szabokristof2333"],"prob":1},"fields":{},"normalizations":{}}],"relations":[{"classId":"r_15","type":"linked","directed":false,"entities":["s1v1|e_14|68,104","s1v1|e_1|63,186"],"confidence":{"state":"pre-added","who":["user:bernidam"],"prob":1}},{"classId":"r_15","type":"linked","directed":false,"entities":["s1v1|e_14|106,179","s1v1|e_1|63,186"],"confidence":{"state":"pre-added","who":["user:bernidam"],"prob":1}},{"classId":"r_15","type":"linked","directed":false,"entities":["s1v1|e_14|359,361","s1v1|e_1|359,403"],"confidence":{"state":"pre-added","who":["user:bernidam"],"prob":1}},{"classId":"r_15","type":"linked","directed":false,"entities":["s1v1|e_14|370,393","s1v1|e_1|359,403"],"confidence":{"state":"pre-added","who":["user:bernidam"],"prob":1}},{"classId":"r_15","type":"linked","directed":false,"entities":["s1v1|e_14|425,437","s1v1|e_1|462,641"],"confidence":{"state":"pre-added","who":["user:bernidam"],"prob":1}},{"classId":"r_15","type":"linked","directed":false,"entities":["s1v1|e_14|439,447","s1v1|e_1|462,641"],"confidence":{"state":"pre-added","who":["user:bernidam"],"prob":1}},{"classId":"r_15","type":"linked","directed":false,"entities":["s1v1|e_14|467,533","s1v1|e_1|462,641"],"confidence":{"state":"pre-added","who":["user:bernidam"],"prob":1}},{"classId":"r_15","type":"linked","directed":false,"entities":["s1v1|e_14|535,563","s1v1|e_1|462,641"],"confidence":{"state":"pre-added","who":["user:bernidam"],"prob":1}},{"classId":"r_15","type":"linked","directed":false,"entities":["s1v1|e_14|582,591","s1v1|e_1|462,641"],"confidence":{"state":"pre-added","who":["user:bernidam"],"prob":1}},{"classId":"r_15","type":"linked","directed":false,"entities":["s1v1|e_14|593,605","s1v1|e_1|462,641"],"confidence":{"state":"pre-added","who":["user:bernidam"],"prob":1}},{"classId":"r_15","type":"linked","directed":false,"entities":["s1v1|e_14|610,616","s1v1|e_1|462,641"],"confidence":{"state":"pre-added","who":["user:bernidam"],"prob":1}},{"classId":"r_15","type":"linked","directed":false,"entities":["s1v1|e_14|619,630","s1v1|e_1|462,641"],"confidence":{"state":"pre-added","who":["user:bernidam"],"prob":1}},{"classId":"r_15","type":"linked","directed":false,"entities":["s1v1|e_14|632,641","s1v1|e_1|462,641"],"confidence":{"state":"pre-added","who":["user:bernidam"],"prob":1}},{"classId":"r_16","type":"linked","directed":false,"entities":["s1v1|e_14|810,865","s1v1|e_2|805,959"],"confidence":{"state":"pre-added","who":["user:bernidam"],"prob":1}},{"classId":"r_16","type":"linked","directed":false,"entities":["s1v1|e_14|875,896","s1v1|e_2|805,959"],"confidence":{"state":"pre-added","who":["user:bernidam"],"prob":1}},{"classId":"r_16","type":"linked","directed":false,"entities":["s1v1|e_14|898,910","s1v1|e_2|805,959"],"confidence":{"state":"pre-added","who":["user:bernidam"],"prob":1}},{"classId":"r_16","type":"linked","directed":false,"entities":["s1v1|e_14|922,959","s1v1|e_2|805,959"],"confidence":{"state":"pre-added","who":["user:bernidam"],"prob":1}},{"classId":"r_16","type":"linked","directed":false,"entities":["s1v1|e_14|2507,2511","s1v1|e_2|2490,2591"],"confidence":{"state":"pre-added","who":["user:bernidam"],"prob":1}},{"classId":"r_16","type":"linked","directed":false,"entities":["s1v1|e_14|2519,2536","s1v1|e_2|2490,2591"],"confidence":{"state":"pre-added","who":["user:bernidam"],"prob":1}},{"classId":"r_16","type":"linked","directed":false,"entities":["s1v1|e_14|2541,2560","s1v1|e_2|2490,2591"],"confidence":{"state":"pre-added","who":["user:bernidam"],"prob":1}},{"classId":"r_16","type":"linked","directed":false,"entities":["s1v1|e_14|2569,2576","s1v1|e_2|2490,2591"],"confidence":{"state":"pre-added","who":["user:bernidam"],"prob":1}},{"classId":"r_16","type":"linked","directed":false,"entities":["s1v1|e_14|2838,2861","s1v1|e_2|2833,2868"],"confidence":{"state":"pre-added","who":["user:bernidam"],"prob":1}},{"classId":"r_16","type":"linked","directed":false,"entities":["s1v1|e_14|2951,2979","s1v1|e_2|2945,2982"],"confidence":{"state":"pre-added","who":["user:bernidam"],"prob":1}},{"classId":"r_16","type":"linked","directed":false,"entities":["s1v1|e_14|2981,2982","s1v1|e_2|2945,2982"],"confidence":{"state":"pre-added","who":["user:bernidam"],"prob":1}},{"classId":"r_16","type":"linked","directed":false,"entities":["s1v1|e_14|3495,3497","s1v1|e_2|3487,3785"],"confidence":{"state":"pre-added","who":["user:bernidam"],"prob":1}},{"classId":"r_16","type":"linked","directed":false,"entities":["s1v1|e_14|3500,3503","s1v1|e_2|3487,3785"],"confidence":{"state":"pre-added","who":["user:bernidam"],"prob":1}},{"classId":"r_16","type":"linked","directed":false,"entities":["s1v1|e_14|3534,3575","s1v1|e_2|3487,3785"],"confidence":{"state":"pre-added","who":["user:bernidam"],"prob":1}},{"classId":"r_16","type":"linked","directed":false,"entities":["s1v1|e_14|3615,3647","s1v1|e_2|3487,3785"],"confidence":{"state":"pre-added","who":["user:bernidam"],"prob":1}},{"classId":"r_16","type":"linked","directed":false,"entities":["s1v1|e_14|3652,3669","s1v1|e_2|3487,3785"],"confidence":{"state":"pre-added","who":["user:bernidam"],"prob":1}},{"classId":"r_16","type":"linked","directed":false,"entities":["s1v1|e_14|3693,3774","s1v1|e_2|3487,3785"],"confidence":{"state":"pre-added","who":["user:bernidam"],"prob":1}},{"classId":"r_16","type":"linked","directed":false,"entities":["s1v1|e_14|3836,3848","s1v1|e_2|3900,3975"],"confidence":{"state":"pre-added","who":["user:bernidam"],"prob":1}},{"classId":"r_16","type":"linked","directed":false,"entities":["s1v1|e_14|3927,3950","s1v1|e_2|3900,3975"],"confidence":{"state":"pre-added","who":["user:bernidam"],"prob":1}},{"classId":"r_17","type":"linked","directed":false,"entities":["s1v1|e_14|207,226","s1v1|e_3|189,249"],"confidence":{"state":"pre-added","who":["user:bernidam"],"prob":1}},{"classId":"r_17","type":"linked","directed":false,"entities":["s1v1|e_14|2659,2663","s1v1|e_3|2637,2707"],"confidence":{"state":"pre-added","who":["user:bernidam"],"prob":1}},{"classId":"r_17","type":"linked","directed":false,"entities":["s1v1|e_14|2676,2687","s1v1|e_3|2637,2707"],"confidence":{"state":"pre-added","who":["user:bernidam"],"prob":1}},{"classId":"r_17","type":"linked","directed":false,"entities":["s1v1|e_14|2690,2707","s1v1|e_3|2637,2707"],"confidence":{"state":"pre-added","who":["user:bernidam"],"prob":1}},{"classId":"r_17","type":"linked","directed":false,"entities":["s1v1|e_14|3047,3066","s1v1|e_3|3038,3066"],"confidence":{"state":"pre-added","who":["user:bernidam"],"prob":1}},{"classId":"r_17","type":"linked","directed":false,"entities":["s1v1|e_14|3261,3263","s1v1|e_3|3251,3354"],"confidence":{"state":"pre-added","who":["user:bernidam"],"prob":1}},{"classId":"r_17","type":"linked","directed":false,"entities":["s1v1|e_14|3271,3312","s1v1|e_3|3251,3354"],"confidence":{"state":"pre-added","who":["user:bernidam"],"prob":1}},{"classId":"r_17","type":"linked","directed":false,"entities":["s1v1|e_14|3322,3326","s1v1|e_3|3251,3354"],"confidence":{"state":"pre-added","who":["user:bernidam"],"prob":1}},{"classId":"r_17","type":"linked","directed":false,"entities":["s1v1|e_14|3342,3354","s1v1|e_3|3251,3354"],"confidence":{"state":"pre-added","who":["user:bernidam"],"prob":1}},{"classId":"r_18","type":"linked","directed":false,"entities":["s1v1|e_14|718,726","s1v1|e_4|713,789"],"confidence":{"state":"pre-added","who":["user:bernidam"],"prob":1}},{"classId":"r_18","type":"linked","directed":false,"entities":["s1v1|e_14|740,789","s1v1|e_4|713,789"],"confidence":{"state":"pre-added","who":["user:bernidam"],"prob":1}},{"classId":"r_18","type":"linked","directed":false,"entities":["s1v1|e_14|981,996","s1v1|e_4|976,1169"],"confidence":{"state":"pre-added","who":["user:bernidam"],"prob":1}},{"classId":"r_18","type":"linked","directed":false,"entities":["s1v1|e_14|998,1018","s1v1|e_4|976,1169"],"confidence":{"state":"pre-added","who":["user:bernidam"],"prob":1}},{"classId":"r_18","type":"linked","directed":false,"entities":["s1v1|e_14|1043,1067","s1v1|e_4|976,1169"],"confidence":{"state":"pre-added","who":["user:bernidam"],"prob":1}},{"classId":"r_18","type":"linked","directed":false,"entities":["s1v1|e_14|1069,1073","s1v1|e_4|976,1169"],"confidence":{"state":"pre-added","who":["user:bernidam"],"prob":1}},{"classId":"r_18","type":"linked","directed":false,"entities":["s1v1|e_14|1081,1091","s1v1|e_4|976,1169"],"confidence":{"state":"pre-added","who":["user:bernidam"],"prob":1}},{"classId":"r_18","type":"linked","directed":false,"entities":["s1v1|e_14|1093,1114","s1v1|e_4|976,1169"],"confidence":{"state":"pre-added","who":["user:bernidam"],"prob":1}},{"classId":"r_18","type":"linked","directed":false,"entities":["s1v1|e_14|1116,1149","s1v1|e_4|976,1169"],"confidence":{"state":"pre-added","who":["user:bernidam"],"prob":1}},{"classId":"r_18","type":"linked","directed":false,"entities":["s1v1|e_14|1245,1281","s1v1|e_4|1245,1385"],"confidence":{"state":"pre-added","who":["user:bernidam"],"prob":1}},{"classId":"r_18","type":"linked","directed":false,"entities":["s1v1|e_14|1283,1306","s1v1|e_4|1245,1385"],"confidence":{"state":"pre-added","who":["user:bernidam"],"prob":1}},{"classId":"r_18","type":"linked","directed":false,"entities":["s1v1|e_14|1308,1323","s1v1|e_4|1245,1385"],"confidence":{"state":"pre-added","who":["user:bernidam"],"prob":1}},{"classId":"r_18","type":"linked","directed":false,"entities":["s1v1|e_14|1341,1385","s1v1|e_4|1245,1385"],"confidence":{"state":"pre-added","who":["user:bernidam"],"prob":1}},{"classId":"r_18","type":"linked","directed":false,"entities":["s1v1|e_14|1542,1551","s1v1|e_4|1542,1777"],"confidence":{"state":"pre-added","who":["user:bernidam"],"prob":1}},{"classId":"r_18","type":"linked","directed":false,"entities":["s1v1|e_14|1561,1576","s1v1|e_4|1542,1777"],"confidence":{"state":"pre-added","who":["user:bernidam"],"prob":1}},{"classId":"r_18","type":"linked","directed":false,"entities":["s1v1|e_14|1596,1603","s1v1|e_4|1542,1777"],"confidence":{"state":"pre-added","who":["user:bernidam"],"prob":1}},{"classId":"r_18","type":"linked","directed":false,"entities":["s1v1|e_14|1605,1630","s1v1|e_4|1542,1777"],"confidence":{"state":"pre-added","who":["user:bernidam"],"prob":1}},{"classId":"r_18","type":"linked","directed":false,"entities":["s1v1|e_14|1640,1660","s1v1|e_4|1542,1777"],"confidence":{"state":"pre-added","who":["user:bernidam"],"prob":1}},{"classId":"r_18","type":"linked","directed":false,"entities":["s1v1|e_14|1662,1675","s1v1|e_4|1542,1777"],"confidence":{"state":"pre-added","who":["user:bernidam"],"prob":1}},{"classId":"r_18","type":"linked","directed":false,"entities":["s1v1|e_14|1677,1700","s1v1|e_4|1542,1777"],"confidence":{"state":"pre-added","who":["user:bernidam"],"prob":1}},{"classId":"r_18","type":"linked","directed":false,"entities":["s1v1|e_14|1716,1724","s1v1|e_4|1542,1777"],"confidence":{"state":"pre-added","who":["user:bernidam"],"prob":1}},{"classId":"r_18","type":"linked","directed":false,"entities":["s1v1|e_14|1735,1753","s1v1|e_4|1542,1777"],"confidence":{"state":"pre-added","who":["user:bernidam"],"prob":1}},{"classId":"r_18","type":"linked","directed":false,"entities":["s1v1|e_14|1755,1760","s1v1|e_4|1542,1777"],"confidence":{"state":"pre-added","who":["user:bernidam"],"prob":1}},{"classId":"r_18","type":"linked","directed":false,"entities":["s1v1|e_14|1868,1884","s1v1|e_4|1863,2046"],"confidence":{"state":"pre-added","who":["user:bernidam"],"prob":1}},{"classId":"r_18","type":"linked","directed":false,"entities":["s1v1|e_14|1886,1896","s1v1|e_4|1863,2046"],"confidence":{"state":"pre-added","who":["user:bernidam"],"prob":1}},{"classId":"r_18","type":"linked","directed":false,"entities":["s1v1|e_14|1901,1914","s1v1|e_4|1863,2046"],"confidence":{"state":"pre-added","who":["user:bernidam"],"prob":1}},{"classId":"r_18","type":"linked","directed":false,"entities":["s1v1|e_14|1937,1967","s1v1|e_4|1863,2046"],"confidence":{"state":"pre-added","who":["user:bernidam"],"prob":1}},{"classId":"r_18","type":"linked","directed":false,"entities":["s1v1|e_14|1972,2011","s1v1|e_4|1863,2046"],"confidence":{"state":"pre-added","who":["user:bernidam"],"prob":1}},{"classId":"r_18","type":"linked","directed":false,"entities":["s1v1|e_14|2030,2040","s1v1|e_4|1863,2046"],"confidence":{"state":"pre-added","who":["user:bernidam"],"prob":1}},{"classId":"r_18","type":"linked","directed":false,"entities":["s1v1|e_14|2107,2127","s1v1|e_4|2104,2134"],"confidence":{"state":"pre-added","who":["user:bernidam"],"prob":1}},{"classId":"r_18","type":"linked","directed":false,"entities":["s1v1|e_14|2194,2197","s1v1|e_4|2217,2391"],"confidence":{"state":"pre-added","who":["user:bernidam"],"prob":1}},{"classId":"r_18","type":"linked","directed":false,"entities":["s1v1|e_14|2199,2214","s1v1|e_4|2217,2391"],"confidence":{"state":"pre-added","who":["user:bernidam"],"prob":1}},{"classId":"r_18","type":"linked","directed":false,"entities":["s1v1|e_14|2217,2223","s1v1|e_4|2217,2391"],"confidence":{"state":"pre-added","who":["user:bernidam"],"prob":1}},{"classId":"r_18","type":"linked","directed":false,"entities":["s1v1|e_14|2225,2240","s1v1|e_4|2217,2391"],"confidence":{"state":"pre-added","who":["user:bernidam"],"prob":1}},{"classId":"r_18","type":"linked","directed":false,"entities":["s1v1|e_14|2298,2328","s1v1|e_4|2217,2391"],"confidence":{"state":"pre-added","who":["user:bernidam"],"prob":1}},{"classId":"r_18","type":"linked","directed":false,"entities":["s1v1|e_14|2348,2368","s1v1|e_4|2217,2391"],"confidence":{"state":"pre-added","who":["user:bernidam"],"prob":1}},{"classId":"r_18","type":"linked","directed":false,"entities":["s1v1|e_14|2370,2391","s1v1|e_4|2217,2391"],"confidence":{"state":"pre-added","who":["user:bernidam"],"prob":1}},{"classId":"r_18","type":"linked","directed":false,"entities":["s1v1|e_14|2428,2436","s1v1|e_4|2423,2487"],"confidence":{"state":"pre-added","who":["user:bernidam"],"prob":1}},{"classId":"r_18","type":"linked","directed":false,"entities":["s1v1|e_14|2438,2459","s1v1|e_4|2423,2487"],"confidence":{"state":"pre-added","who":["user:bernidam"],"prob":1}},{"classId":"r_18","type":"linked","directed":false,"entities":["s1v1|e_14|2608,2618","s1v1|e_4|2710,2816"],"confidence":{"state":"pre-added","who":["user:bernidam"],"prob":1}},{"classId":"r_18","type":"linked","directed":false,"entities":["s1v1|e_14|2755,2757","s1v1|e_4|2710,2816"],"confidence":{"state":"pre-added","who":["user:bernidam"],"prob":1}},{"classId":"r_18","type":"linked","directed":false,"entities":["s1v1|e_14|2759,2781","s1v1|e_4|2710,2816"],"confidence":{"state":"pre-added","who":["user:bernidam"],"prob":1}},{"classId":"r_18","type":"linked","directed":false,"entities":["s1v1|e_14|2787,2796","s1v1|e_4|2710,2816"],"confidence":{"state":"pre-added","who":["user:bernidam"],"prob":1}},{"classId":"r_18","type":"linked","directed":false,"entities":["s1v1|e_14|2813,2816","s1v1|e_4|2710,2816"],"confidence":{"state":"pre-added","who":["user:bernidam"],"prob":1}},{"classId":"r_18","type":"linked","directed":false,"entities":["s1v1|e_14|2871,2874","s1v1|e_4|2871,2942"],"confidence":{"state":"pre-added","who":["user:bernidam"],"prob":1}},{"classId":"r_18","type":"linked","directed":false,"entities":["s1v1|e_14|2886,2911","s1v1|e_4|2871,2942"],"confidence":{"state":"pre-added","who":["user:bernidam"],"prob":1}},{"classId":"r_18","type":"linked","directed":false,"entities":["s1v1|e_14|2913,2922","s1v1|e_4|2871,2942"],"confidence":{"state":"pre-added","who":["user:bernidam"],"prob":1}},{"classId":"r_18","type":"linked","directed":false,"entities":["s1v1|e_14|3420,3430","s1v1|e_4|3415,3484"],"confidence":{"state":"pre-added","who":["user:bernidam"],"prob":1}},{"classId":"r_18","type":"linked","directed":false,"entities":["s1v1|e_14|3465,3484","s1v1|e_4|3415,3484"],"confidence":{"state":"pre-added","who":["user:bernidam"],"prob":1}},{"classId":"r_18","type":"linked","directed":false,"entities":["s1v1|e_14|3978,3980","s1v1|e_4|3978,4027"],"confidence":{"state":"pre-added","who":["user:bernidam"],"prob":1}},{"classId":"r_18","type":"linked","directed":false,"entities":["s1v1|e_14|3989,3997","s1v1|e_4|3978,4027"],"confidence":{"state":"pre-added","who":["user:bernidam"],"prob":1}},{"classId":"r_18","type":"linked","directed":false,"entities":["s1v1|e_14|3999,4018","s1v1|e_4|3978,4027"],"confidence":{"state":"pre-added","who":["user:bernidam"],"prob":1}},{"classId":"r_18","type":"linked","directed":false,"entities":["s1v1|e_14|4051,4067","s1v1|e_4|4046,4217"],"confidence":{"state":"pre-added","who":["user:bernidam"],"prob":1}},{"classId":"r_18","type":"linked","directed":false,"entities":["s1v1|e_14|4078,4085","s1v1|e_4|4046,4217"],"confidence":{"state":"pre-added","who":["user:bernidam"],"prob":1}},{"classId":"r_18","type":"linked","directed":false,"entities":["s1v1|e_14|4087,4091","s1v1|e_4|4046,4217"],"confidence":{"state":"pre-added","who":["user:bernidam"],"prob":1}},{"classId":"r_18","type":"linked","directed":false,"entities":["s1v1|e_14|4165,4192","s1v1|e_4|4046,4217"],"confidence":{"state":"pre-added","who":["user:bernidam"],"prob":1}},{"classId":"r_18","type":"linked","directed":false,"entities":["s1v1|e_14|4194,4199","s1v1|e_4|4046,4217"],"confidence":{"state":"pre-added","who":["user:bernidam"],"prob":1}},{"classId":"r_19","type":"linked","directed":false,"entities":["s1v1|e_14|297,299","s1v1|e_5|302,356"],"confidence":{"state":"pre-added","who":["user:bernidam"],"prob":1}},{"classId":"r_19","type":"linked","directed":false,"entities":["s1v1|e_14|302,305","s1v1|e_5|302,356"],"confidence":{"state":"pre-added","who":["user:bernidam"],"prob":1}},{"classId":"r_19","type":"linked","directed":false,"entities":["s1v1|e_14|307,317","s1v1|e_5|302,356"],"confidence":{"state":"pre-added","who":["user:bernidam"],"prob":1}},{"classId":"r_19","type":"linked","directed":false,"entities":["s1v1|e_14|319,339","s1v1|e_5|302,356"],"confidence":{"state":"pre-added","who":["user:bernidam"],"prob":1}},{"classId":"r_19","type":"linked","directed":false,"entities":["s1v1|e_14|663,674","s1v1|e_5|644,675"],"confidence":{"state":"pre-added","who":["user:bernidam"],"prob":1}},{"classId":"r_19","type":"linked","directed":false,"entities":["s1v1|e_14|677,707","s1v1|e_5|677,710"],"confidence":{"state":"pre-added","who":["user:bernidam"],"prob":1}},{"classId":"r_19","type":"linked","directed":false,"entities":["s1v1|e_14|709,710","s1v1|e_5|677,710"],"confidence":{"state":"pre-added","who":["user:bernidam"],"prob":1}},{"classId":"r_19","type":"linked","directed":false,"entities":["s1v1|e_14|2061,2076","s1v1|e_5|2061,2101"],"confidence":{"state":"pre-added","who":["user:bernidam"],"prob":1}},{"classId":"r_19","type":"linked","directed":false,"entities":["s1v1|e_14|2078,2096","s1v1|e_5|2061,2101"],"confidence":{"state":"pre-added","who":["user:bernidam"],"prob":1}},{"classId":"r_19","type":"linked","directed":false,"entities":["s1v1|e_14|2137,2143","s1v1|e_4|2217,2391"],"confidence":{"state":"pre-added","who":["user:szabokristof2333"],"prob":1}},{"classId":"r_19","type":"linked","directed":false,"entities":["s1v1|e_14|2146,2158","s1v1|e_4|2217,2391"],"confidence":{"state":"pre-added","who":["user:szabokristof2333"],"prob":1}},{"classId":"r_19","type":"linked","directed":false,"entities":["s1v1|e_14|2161,2171","s1v1|e_4|2217,2391"],"confidence":{"state":"pre-added","who":["user:szabokristof2333"],"prob":1}},{"classId":"r_19","type":"linked","directed":false,"entities":["s1v1|e_14|2174,2184","s1v1|e_4|2217,2391"],"confidence":{"state":"pre-added","who":["user:szabokristof2333"],"prob":1}},{"classId":"r_19","type":"linked","directed":false,"entities":["s1v1|e_14|2187,2191","s1v1|e_4|2217,2391"],"confidence":{"state":"pre-added","who":["user:szabokristof2333"],"prob":1}},{"classId":"r_19","type":"linked","directed":false,"entities":["s1v1|e_14|2418,2420","s1v1|e_5|2394,2420"],"confidence":{"state":"pre-added","who":["user:bernidam"],"prob":1}},{"classId":"r_19","type":"linked","directed":false,"entities":["s1v1|e_14|3174,3189","s1v1|e_5|3169,3248"],"confidence":{"state":"pre-added","who":["user:bernidam"],"prob":1}},{"classId":"r_19","type":"linked","directed":false,"entities":["s1v1|e_14|3201,3202","s1v1|e_5|3169,3248"],"confidence":{"state":"pre-added","who":["user:bernidam"],"prob":1}},{"classId":"r_19","type":"linked","directed":false,"entities":["s1v1|e_14|3204,3248","s1v1|e_5|3169,3248"],"confidence":{"state":"pre-added","who":["user:bernidam"],"prob":1}}]}