{"annotatable":{"parts":["s1v1"]},"anncomplete":false,"sources":[],"metas":{},"entities":[{"classId":"e_2","part":"s1v1","offsets":[{"start":35,"text":"Napjainkban Magyarországon kétségkívül lakhatási válsággal találkozhatunk"}],"coordinates":[],"confidence":{"state":"pre-added","who":["user:bernidam"],"prob":1},"fields":{},"normalizations":{}},{"classId":"e_14","part":"s1v1","offsets":[{"start":47,"text":"Magyarországon"}],"coordinates":[],"confidence":{"state":"pre-added","who":["user:bernidam"],"prob":1},"fields":{},"normalizations":{}},{"classId":"e_13","part":"s1v1","offsets":[{"start":74,"text":"lakhatási válsággal"}],"coordinates":[],"confidence":{"state":"pre-added","who":["user:bernidam"],"prob":1},"fields":{},"normalizations":{}},{"classId":"e_14","part":"s1v1","offsets":[{"start":74,"text":"lakhatási válsággal"}],"coordinates":[],"confidence":{"state":"pre-added","who":["user:bernidam"],"prob":1},"fields":{},"normalizations":{}},{"classId":"e_14","part":"s1v1","offsets":[{"start":115,"text":"egyre több fiatal ember"}],"coordinates":[],"confidence":{"state":"pre-added","who":["user:gcsenge"],"prob":1},"fields":{},"normalizations":{}},{"classId":"e_14","part":"s1v1","offsets":[{"start":161,"text":"középkorúak"}],"coordinates":[],"confidence":{"state":"pre-added","who":["user:gcsenge"],"prob":1},"fields":{},"normalizations":{}},{"classId":"e_14","part":"s1v1","offsets":[{"start":174,"text":"idősebbek"}],"coordinates":[],"confidence":{"state":"pre-added","who":["user:gcsenge"],"prob":1},"fields":{},"normalizations":{}},{"classId":"e_2","part":"s1v1","offsets":[{"start":222,"text":"hogy egész egyszerűen irreális terheket jelent számukra a puszta lakhatás megőrzése vagy fenntartása"}],"coordinates":[],"confidence":{"state":"pre-added","who":["user:bernidam"],"prob":1},"fields":{},"normalizations":{}},{"classId":"e_13","part":"s1v1","offsets":[{"start":244,"text":"irreális terheket jelent"}],"coordinates":[],"confidence":{"state":"pre-added","who":["user:bernidam"],"prob":1},"fields":{},"normalizations":{}},{"classId":"e_14","part":"s1v1","offsets":[{"start":244,"text":"irreális terheket"}],"coordinates":[],"confidence":{"state":"pre-added","who":["user:bernidam"],"prob":1},"fields":{},"normalizations":{}},{"classId":"e_14","part":"s1v1","offsets":[{"start":278,"text":"a puszta lakhatás megőrzése vagy fenntartása"}],"coordinates":[],"confidence":{"state":"pre-added","who":["user:bernidam"],"prob":1},"fields":{},"normalizations":{}},{"classId":"e_2","part":"s1v1","offsets":[{"start":324,"text":"Egy eleve túladóztatott gazdaságban jelentkeznek ezek az irreális költségek"}],"coordinates":[],"confidence":{"state":"pre-added","who":["user:bernidam"],"prob":1},"fields":{},"normalizations":{}},{"classId":"e_14","part":"s1v1","offsets":[{"start":324,"text":"Egy eleve túladóztatott gazdaságban"}],"coordinates":[],"confidence":{"state":"pre-added","who":["user:bernidam"],"prob":1},"fields":{},"normalizations":{}},{"classId":"e_13","part":"s1v1","offsets":[{"start":334,"text":"túladóztatott"}],"coordinates":[],"confidence":{"state":"pre-added","who":["user:bernidam"],"prob":1},"fields":{},"normalizations":{}},{"classId":"e_14","part":"s1v1","offsets":[{"start":373,"text":"ezek az irreális költségek"}],"coordinates":[],"confidence":{"state":"pre-added","who":["user:bernidam"],"prob":1},"fields":{},"normalizations":{}},{"classId":"e_13","part":"s1v1","offsets":[{"start":381,"text":"irreális költségek"}],"coordinates":[],"confidence":{"state":"pre-added","who":["user:bernidam"],"prob":1},"fields":{},"normalizations":{}},{"classId":"e_2","part":"s1v1","offsets":[{"start":557,"text":"hogy a negyedik legdurvább adóteher a magyar adófizetőket éri a vizsgált országok tekintetében"}],"coordinates":[],"confidence":{"state":"pre-added","who":["user:bernidam"],"prob":1},"fields":{},"normalizations":{}},{"classId":"e_14","part":"s1v1","offsets":[{"start":562,"text":"a negyedik legdurvább adóteher"}],"coordinates":[],"confidence":{"state":"pre-added","who":["user:bernidam"],"prob":1},"fields":{},"normalizations":{}},{"classId":"e_13","part":"s1v1","offsets":[{"start":573,"text":"legdurvább adóteher"}],"coordinates":[],"confidence":{"state":"pre-added","who":["user:bernidam"],"prob":1},"fields":{},"normalizations":{}},{"classId":"e_14","part":"s1v1","offsets":[{"start":593,"text":"a magyar adófizetőket"}],"coordinates":[],"confidence":{"state":"pre-added","who":["user:bernidam"],"prob":1},"fields":{},"normalizations":{}},{"classId":"e_14","part":"s1v1","offsets":[{"start":619,"text":"a vizsgált országok"}],"coordinates":[],"confidence":{"state":"pre-added","who":["user:bernidam"],"prob":1},"fields":{},"normalizations":{}},{"classId":"e_2","part":"s1v1","offsets":[{"start":653,"text":"Az albérletárak utóbbi másfél-két évben történő elszállása pedig egyértelműen tapasztalható."}],"coordinates":[],"confidence":{"state":"pre-added","who":["user:bernidam"],"prob":1},"fields":{},"normalizations":{}},{"classId":"e_13","part":"s1v1","offsets":[{"start":653,"text":"Az albérletárak utóbbi másfél-két évben történő elszállása"}],"coordinates":[],"confidence":{"state":"pre-added","who":["user:bernidam"],"prob":1},"fields":{},"normalizations":{}},{"classId":"e_14","part":"s1v1","offsets":[{"start":653,"text":"Az albérletárak utóbbi másfél-két évben történő elszállása"}],"coordinates":[],"confidence":{"state":"pre-added","who":["user:bernidam"],"prob":1},"fields":{},"normalizations":{}},{"classId":"e_2","part":"s1v1","offsets":[{"start":746,"text":"A fővárosban egy év alatt mintegy 40-60 százalékkal nőttek az albérleti díjak"}],"coordinates":[],"confidence":{"state":"pre-added","who":["user:bernidam"],"prob":1},"fields":{},"normalizations":{}},{"classId":"e_14","part":"s1v1","offsets":[{"start":746,"text":"A fővárosban"}],"coordinates":[],"confidence":{"state":"pre-added","who":["user:bernidam"],"prob":1},"fields":{},"normalizations":{}},{"classId":"e_14","part":"s1v1","offsets":[{"start":759,"text":"egy év"}],"coordinates":[],"confidence":{"state":"pre-added","who":["user:bernidam"],"prob":1},"fields":{},"normalizations":{}},{"classId":"e_14","part":"s1v1","offsets":[{"start":780,"text":"40-60 százalékkal"}],"coordinates":[],"confidence":{"state":"pre-added","who":["user:bernidam"],"prob":1},"fields":{},"normalizations":{}},{"classId":"e_13","part":"s1v1","offsets":[{"start":798,"text":"nőttek az albérleti díjak"}],"coordinates":[],"confidence":{"state":"pre-added","who":["user:bernidam"],"prob":1},"fields":{},"normalizations":{}},{"classId":"e_14","part":"s1v1","offsets":[{"start":805,"text":"az albérleti díjak"}],"coordinates":[],"confidence":{"state":"pre-added","who":["user:bernidam"],"prob":1},"fields":{},"normalizations":{}},{"classId":"e_14","part":"s1v1","offsets":[{"start":881,"text":"a vidéki nagyvárosokban"}],"coordinates":[],"confidence":{"state":"pre-added","who":["user:gcsenge"],"prob":1},"fields":{},"normalizations":{}},{"classId":"e_2","part":"s1v1","offsets":[{"start":931,"text":"ahol az átlagbér nettó 155 ezer forint a Statisztikai Hivatal számításai szerint, a nettó 155 ezer forinthoz képest egy átlagos budapesti lakás díja 110-150 ezer forint között mozog, plusz rezsi"}],"coordinates":[],"confidence":{"state":"pre-added","who":["user:bernidam"],"prob":1},"fields":{},"normalizations":{}},{"classId":"e_13","part":"s1v1","offsets":[{"start":936,"text":"az átlagbér nettó 155 ezer forint"}],"coordinates":[],"confidence":{"state":"pre-added","who":["user:bernidam"],"prob":1},"fields":{},"normalizations":{}},{"classId":"e_14","part":"s1v1","offsets":[{"start":936,"text":"az átlagbér"}],"coordinates":[],"confidence":{"state":"pre-added","who":["user:bernidam"],"prob":1},"fields":{},"normalizations":{}},{"classId":"e_14","part":"s1v1","offsets":[{"start":948,"text":"nettó 155 ezer forint"}],"coordinates":[],"confidence":{"state":"pre-added","who":["user:bernidam"],"prob":1},"fields":{},"normalizations":{}},{"classId":"e_14","part":"s1v1","offsets":[{"start":970,"text":"a Statisztikai Hivatal számításai"}],"coordinates":[],"confidence":{"state":"pre-added","who":["user:bernidam"],"prob":1},"fields":{},"normalizations":{}},{"classId":"e_14","part":"s1v1","offsets":[{"start":1013,"text":"a nettó 155 ezer forinthoz"}],"coordinates":[],"confidence":{"state":"pre-added","who":["user:bernidam"],"prob":1},"fields":{},"normalizations":{}},{"classId":"e_14","part":"s1v1","offsets":[{"start":1047,"text":"egy átlagos budapesti lakás díja"}],"coordinates":[],"confidence":{"state":"pre-added","who":["user:bernidam"],"prob":1},"fields":{},"normalizations":{}},{"classId":"e_13","part":"s1v1","offsets":[{"start":1069,"text":"lakás díja 110-150 ezer forint"}],"coordinates":[],"confidence":{"state":"pre-added","who":["user:bernidam"],"prob":1},"fields":{},"normalizations":{}},{"classId":"e_14","part":"s1v1","offsets":[{"start":1080,"text":"110-150 ezer forint"}],"coordinates":[],"confidence":{"state":"pre-added","who":["user:bernidam"],"prob":1},"fields":{},"normalizations":{}},{"classId":"e_14","part":"s1v1","offsets":[{"start":1120,"text":"rezsi"}],"coordinates":[],"confidence":{"state":"pre-added","who":["user:bernidam"],"prob":1},"fields":{},"normalizations":{}},{"classId":"e_2","part":"s1v1","offsets":[{"start":1144,"text":"a vidéki nagyvárosok a kínálat szűkössége mentén hasonló problémákkal küzdenek, és az is hozzájárul a bajokhoz, hogy sokan az elképesztően sikertelen devizahiteles rendezést követően feladni kényszerültek lakásukat, albérletbe kényszerültek"}],"coordinates":[],"confidence":{"state":"pre-added","who":["user:bernidam"],"prob":1},"fields":{},"normalizations":{}},{"classId":"e_14","part":"s1v1","offsets":[{"start":1144,"text":"a vidéki nagyvárosok"}],"coordinates":[],"confidence":{"state":"pre-added","who":["user:bernidam"],"prob":1},"fields":{},"normalizations":{}},{"classId":"e_14","part":"s1v1","offsets":[{"start":1165,"text":"a kínálat szűkössége"}],"coordinates":[],"confidence":{"state":"pre-added","who":["user:bernidam"],"prob":1},"fields":{},"normalizations":{}},{"classId":"e_13","part":"s1v1","offsets":[{"start":1167,"text":"kínálat szűkössége"}],"coordinates":[],"confidence":{"state":"pre-added","who":["user:bernidam"],"prob":1},"fields":{},"normalizations":{}},{"classId":"e_14","part":"s1v1","offsets":[{"start":1193,"text":"hasonló problémákkal"}],"coordinates":[],"confidence":{"state":"pre-added","who":["user:bernidam"],"prob":1},"fields":{},"normalizations":{}},{"classId":"e_13","part":"s1v1","offsets":[{"start":1201,"text":"problémákkal küzdenek"}],"coordinates":[],"confidence":{"state":"pre-added","who":["user:bernidam"],"prob":1},"fields":{},"normalizations":{}},{"classId":"e_14","part":"s1v1","offsets":[{"start":1244,"text":"a bajokhoz"}],"coordinates":[],"confidence":{"state":"pre-added","who":["user:bernidam"],"prob":1},"fields":{},"normalizations":{}},{"classId":"e_13","part":"s1v1","offsets":[{"start":1246,"text":"bajokhoz"}],"coordinates":[],"confidence":{"state":"pre-added","who":["user:bernidam"],"prob":1},"fields":{},"normalizations":{}},{"classId":"e_14","part":"s1v1","offsets":[{"start":1267,"text":"az elképesztően sikertelen devizahiteles rendezést"}],"coordinates":[],"confidence":{"state":"pre-added","who":["user:bernidam"],"prob":1},"fields":{},"normalizations":{}},{"classId":"e_13","part":"s1v1","offsets":[{"start":1270,"text":"elképesztően sikertelen"}],"coordinates":[],"confidence":{"state":"pre-added","who":["user:bernidam"],"prob":1},"fields":{},"normalizations":{}},{"classId":"e_13","part":"s1v1","offsets":[{"start":1327,"text":"feladni kényszerültek"}],"coordinates":[],"confidence":{"state":"pre-added","who":["user:bernidam"],"prob":1},"fields":{},"normalizations":{}},{"classId":"e_14","part":"s1v1","offsets":[{"start":1349,"text":"lakásukat"}],"coordinates":[],"confidence":{"state":"pre-added","who":["user:bernidam"],"prob":1},"fields":{},"normalizations":{}},{"classId":"e_14","part":"s1v1","offsets":[{"start":1360,"text":"albérletbe"}],"coordinates":[],"confidence":{"state":"pre-added","who":["user:bernidam"],"prob":1},"fields":{},"normalizations":{}},{"classId":"e_13","part":"s1v1","offsets":[{"start":1371,"text":"kényszerültek"}],"coordinates":[],"confidence":{"state":"pre-added","who":["user:bernidam"],"prob":1},"fields":{},"normalizations":{}},{"classId":"e_2","part":"s1v1","offsets":[{"start":1432,"text":"amelyek értelmében a belső kerületek nehéz pénzügyi helyzetbe került lakói kiadják lakásukat külföldieknek, és kiköltöznek vagy a perifériára"}],"coordinates":[],"confidence":{"state":"pre-added","who":["user:bernidam"],"prob":1},"fields":{},"normalizations":{}},{"classId":"e_14","part":"s1v1","offsets":[{"start":1451,"text":"a belső kerületek nehéz pénzügyi helyzetbe került lakói"}],"coordinates":[],"confidence":{"state":"pre-added","who":["user:bernidam"],"prob":1},"fields":{},"normalizations":{}},{"classId":"e_13","part":"s1v1","offsets":[{"start":1469,"text":"nehéz pénzügyi helyzetbe"}],"coordinates":[],"confidence":{"state":"pre-added","who":["user:bernidam"],"prob":1},"fields":{},"normalizations":{}},{"classId":"e_14","part":"s1v1","offsets":[{"start":1515,"text":"lakásukat"}],"coordinates":[],"confidence":{"state":"pre-added","who":["user:bernidam"],"prob":1},"fields":{},"normalizations":{}},{"classId":"e_14","part":"s1v1","offsets":[{"start":1525,"text":"külföldieknek"}],"coordinates":[],"confidence":{"state":"pre-added","who":["user:bernidam"],"prob":1},"fields":{},"normalizations":{}},{"classId":"e_13","part":"s1v1","offsets":[{"start":1543,"text":"kiköltöznek"}],"coordinates":[],"confidence":{"state":"pre-added","who":["user:bernidam"],"prob":1},"fields":{},"normalizations":{}},{"classId":"e_14","part":"s1v1","offsets":[{"start":1560,"text":"a perifériára"}],"coordinates":[],"confidence":{"state":"pre-added","who":["user:bernidam"],"prob":1},"fields":{},"normalizations":{}},{"classId":"e_14","part":"s1v1","offsets":[{"start":1580,"text":"a peremkerületekbe"}],"coordinates":[],"confidence":{"state":"pre-added","who":["user:gcsenge"],"prob":1},"fields":{},"normalizations":{}},{"classId":"e_2","part":"s1v1","offsets":[{"start":1683,"text":"A problémákat tetézi a szállásmegosztó oldalak térnyerése, amelyek a saját bevallásuk szerint csak budapesti viszonylatban mintegy 4500 lakással szűkítették a kínálatot."}],"coordinates":[],"confidence":{"state":"pre-added","who":["user:bernidam"],"prob":1},"fields":{},"normalizations":{}},{"classId":"e_14","part":"s1v1","offsets":[{"start":1683,"text":"A problémákat"}],"coordinates":[],"confidence":{"state":"pre-added","who":["user:bernidam"],"prob":1},"fields":{},"normalizations":{}},{"classId":"e_13","part":"s1v1","offsets":[{"start":1685,"text":"problémákat tetézi"}],"coordinates":[],"confidence":{"state":"pre-added","who":["user:bernidam"],"prob":1},"fields":{},"normalizations":{}},{"classId":"e_14","part":"s1v1","offsets":[{"start":1704,"text":"a szállásmegosztó oldalak térnyerése"}],"coordinates":[],"confidence":{"state":"pre-added","who":["user:bernidam"],"prob":1},"fields":{},"normalizations":{}},{"classId":"e_14","part":"s1v1","offsets":[{"start":1750,"text":"a saját bevallásuk"}],"coordinates":[],"confidence":{"state":"pre-added","who":["user:bernidam"],"prob":1},"fields":{},"normalizations":{}},{"classId":"e_14","part":"s1v1","offsets":[{"start":1806,"text":"mintegy 4500 lakással"}],"coordinates":[],"confidence":{"state":"pre-added","who":["user:bernidam"],"prob":1},"fields":{},"normalizations":{}},{"classId":"e_13","part":"s1v1","offsets":[{"start":1828,"text":"szűkítették a kínálatot"}],"coordinates":[],"confidence":{"state":"pre-added","who":["user:bernidam"],"prob":1},"fields":{},"normalizations":{}},{"classId":"e_14","part":"s1v1","offsets":[{"start":1840,"text":"a kínálatot"}],"coordinates":[],"confidence":{"state":"pre-added","who":["user:bernidam"],"prob":1},"fields":{},"normalizations":{}},{"classId":"e_2","part":"s1v1","offsets":[{"start":1872,"text":"hogy szakmai észrevételek szerint San Francisco tekintetében kétezer lakásos ugyanilyen mínusz már komoly árproblémákat és árfelhajtó hatást okozott"}],"coordinates":[],"confidence":{"state":"pre-added","who":["user:bernidam"],"prob":1},"fields":{},"normalizations":{}},{"classId":"e_14","part":"s1v1","offsets":[{"start":1877,"text":"szakmai észrevételek"}],"coordinates":[],"confidence":{"state":"pre-added","who":["user:bernidam"],"prob":1},"fields":{},"normalizations":{}},{"classId":"e_14","part":"s1v1","offsets":[{"start":1906,"text":"San Francisco"}],"coordinates":[],"confidence":{"state":"pre-added","who":["user:bernidam"],"prob":1},"fields":{},"normalizations":{}},{"classId":"e_14","part":"s1v1","offsets":[{"start":1933,"text":"kétezer lakásos ugyanilyen mínusz"}],"coordinates":[],"confidence":{"state":"pre-added","who":["user:bernidam"],"prob":1},"fields":{},"normalizations":{}},{"classId":"e_13","part":"s1v1","offsets":[{"start":1971,"text":"komoly árproblémákat és árfelhajtó hatást okozott"}],"coordinates":[],"confidence":{"state":"pre-added","who":["user:bernidam"],"prob":1},"fields":{},"normalizations":{}},{"classId":"e_14","part":"s1v1","offsets":[{"start":1971,"text":"komoly árproblémákat"}],"coordinates":[],"confidence":{"state":"pre-added","who":["user:bernidam"],"prob":1},"fields":{},"normalizations":{}},{"classId":"e_14","part":"s1v1","offsets":[{"start":1995,"text":"árfelhajtó hatást"}],"coordinates":[],"confidence":{"state":"pre-added","who":["user:bernidam"],"prob":1},"fields":{},"normalizations":{}},{"classId":"e_2","part":"s1v1","offsets":[{"start":2054,"text":"hogy önmagában a világhálós oldalakkal van a probléma"}],"coordinates":[],"confidence":{"state":"pre-added","who":["user:bernidam"],"prob":1},"fields":{},"normalizations":{}},{"classId":"e_14","part":"s1v1","offsets":[{"start":2069,"text":"a világhálós oldalakkal"}],"coordinates":[],"confidence":{"state":"pre-added","who":["user:bernidam"],"prob":1},"fields":{},"normalizations":{}},{"classId":"e_14","part":"s1v1","offsets":[{"start":2097,"text":"a probléma"}],"coordinates":[],"confidence":{"state":"pre-added","who":["user:bernidam"],"prob":1},"fields":{},"normalizations":{}},{"classId":"e_13","part":"s1v1","offsets":[{"start":2099,"text":"probléma"}],"coordinates":[],"confidence":{"state":"pre-added","who":["user:bernidam"],"prob":1},"fields":{},"normalizations":{}},{"classId":"e_5","part":"s1v1","offsets":[{"start":2122,"text":"hogy a kormányzattól lenne elvárható egy ilyen kínálati szűkösség esetén az"}],"coordinates":[],"confidence":{"state":"pre-added","who":["user:bernidam"],"prob":1},"fields":{},"normalizations":{}},{"classId":"e_13","part":"s1v1","offsets":[{"start":2127,"text":"a kormányzattól lenne elvárható"}],"coordinates":[],"confidence":{"state":"pre-added","who":["user:bernidam"],"prob":1},"fields":{},"normalizations":{}},{"classId":"e_14","part":"s1v1","offsets":[{"start":2127,"text":"a kormányzattól"}],"coordinates":[],"confidence":{"state":"pre-added","who":["user:bernidam"],"prob":1},"fields":{},"normalizations":{}},{"classId":"e_14","part":"s1v1","offsets":[{"start":2159,"text":"egy ilyen kínálati szűkösség"}],"coordinates":[],"confidence":{"state":"pre-added","who":["user:bernidam"],"prob":1},"fields":{},"normalizations":{}},{"classId":"e_4","part":"s1v1","offsets":[{"start":2199,"text":"hogy ezeket a hatalmas árfelhajtó hatásokat kezelje, és az, hogy bizony beavatkozzon"}],"coordinates":[],"confidence":{"state":"pre-added","who":["user:bernidam"],"prob":1},"fields":{},"normalizations":{}},{"classId":"e_14","part":"s1v1","offsets":[{"start":2204,"text":"ezeket a hatalmas árfelhajtó hatásokat"}],"coordinates":[],"confidence":{"state":"pre-added","who":["user:bernidam"],"prob":1},"fields":{},"normalizations":{}},{"classId":"e_13","part":"s1v1","offsets":[{"start":2243,"text":"kezelje"}],"coordinates":[],"confidence":{"state":"pre-added","who":["user:bernidam"],"prob":1},"fields":{},"normalizations":{}},{"classId":"e_13","part":"s1v1","offsets":[{"start":2271,"text":"beavatkozzon"}],"coordinates":[],"confidence":{"state":"pre-added","who":["user:bernidam"],"prob":1},"fields":{},"normalizations":{}},{"classId":"e_6","part":"s1v1","offsets":[{"start":2332,"text":"merthogy öt év alatt cselekvésről önök kapcsán még nem tudunk beszámolni"}],"coordinates":[],"confidence":{"state":"pre-added","who":["user:bernidam"],"prob":1},"fields":{},"normalizations":{}},{"classId":"e_14","part":"s1v1","offsets":[{"start":2341,"text":"öt év"}],"coordinates":[],"confidence":{"state":"pre-added","who":["user:bernidam"],"prob":1},"fields":{},"normalizations":{}},{"classId":"e_13","part":"s1v1","offsets":[{"start":2353,"text":"cselekvésről önök kapcsán még nem tudunk beszámolni"}],"coordinates":[],"confidence":{"state":"pre-added","who":["user:bernidam"],"prob":1},"fields":{},"normalizations":{}},{"classId":"e_14","part":"s1v1","offsets":[{"start":2353,"text":"cselekvésről"}],"coordinates":[],"confidence":{"state":"pre-added","who":["user:bernidam"],"prob":1},"fields":{},"normalizations":{}},{"classId":"e_14","part":"s1v1","offsets":[{"start":2366,"text":"önök"}],"coordinates":[],"confidence":{"state":"pre-added","who":["user:bernidam"],"prob":1},"fields":{},"normalizations":{}},{"classId":"e_2","part":"s1v1","offsets":[{"start":2407,"text":"egész rossz irányba indulnak el"}],"coordinates":[],"confidence":{"state":"pre-added","who":["user:bernidam"],"prob":1},"fields":{},"normalizations":{}},{"classId":"e_14","part":"s1v1","offsets":[{"start":2407,"text":"egész rossz irányba"}],"coordinates":[],"confidence":{"state":"pre-added","who":["user:bernidam"],"prob":1},"fields":{},"normalizations":{}},{"classId":"e_13","part":"s1v1","offsets":[{"start":2413,"text":"rossz irányba indulnak el"}],"coordinates":[],"confidence":{"state":"pre-added","who":["user:bernidam"],"prob":1},"fields":{},"normalizations":{}},{"classId":"e_4","part":"s1v1","offsets":[{"start":2450,"text":"hogy egyébként vitára alapot adó módon kezelnék a szállásmegosztó oldalak körül kialakult helyzetet, reguláznák őket"}],"coordinates":[],"confidence":{"state":"pre-added","who":["user:bernidam"],"prob":1},"fields":{},"normalizations":{}},{"classId":"e_13","part":"s1v1","offsets":[{"start":2489,"text":"kezelnék"}],"coordinates":[],"confidence":{"state":"pre-added","who":["user:bernidam"],"prob":1},"fields":{},"normalizations":{}},{"classId":"e_14","part":"s1v1","offsets":[{"start":2498,"text":"a szállásmegosztó oldalak körül kialakult helyzetet"}],"coordinates":[],"confidence":{"state":"pre-added","who":["user:bernidam"],"prob":1},"fields":{},"normalizations":{}},{"classId":"e_13","part":"s1v1","offsets":[{"start":2551,"text":"reguláznák"}],"coordinates":[],"confidence":{"state":"pre-added","who":["user:bernidam"],"prob":1},"fields":{},"normalizations":{}},{"classId":"e_6","part":"s1v1","offsets":[{"start":2568,"text":"tulajdonképpen nem tudtak érdemi ötletet sem felmutatni"}],"coordinates":[],"confidence":{"state":"pre-added","who":["user:bernidam"],"prob":1},"fields":{},"normalizations":{}},{"classId":"e_13","part":"s1v1","offsets":[{"start":2583,"text":"nem tudtak érdemi ötletet sem felmutatni"}],"coordinates":[],"confidence":{"state":"pre-added","who":["user:bernidam"],"prob":1},"fields":{},"normalizations":{}},{"classId":"e_14","part":"s1v1","offsets":[{"start":2594,"text":"érdemi ötletet"}],"coordinates":[],"confidence":{"state":"pre-added","who":["user:bernidam"],"prob":1},"fields":{},"normalizations":{}},{"classId":"e_2","part":"s1v1","offsets":[{"start":2713,"text":"mindezzel Magyar­országon vélhetően csak a feketegazdaság erősödne, és a jelenség szintjén nem sikerülne komolyabb életlehetőségeket biztosítani"}],"coordinates":[],"confidence":{"state":"pre-added","who":["user:bernidam"],"prob":1},"fields":{},"normalizations":{}},{"classId":"e_14","part":"s1v1","offsets":[{"start":2723,"text":"Magyar­országon"}],"coordinates":[],"confidence":{"state":"pre-added","who":["user:bernidam"],"prob":1},"fields":{},"normalizations":{}},{"classId":"e_14","part":"s1v1","offsets":[{"start":2754,"text":"a feketegazdaság"}],"coordinates":[],"confidence":{"state":"pre-added","who":["user:bernidam"],"prob":1},"fields":{},"normalizations":{}},{"classId":"e_13","part":"s1v1","offsets":[{"start":2756,"text":"feketegazdaság erősödne"}],"coordinates":[],"confidence":{"state":"pre-added","who":["user:bernidam"],"prob":1},"fields":{},"normalizations":{}},{"classId":"e_14","part":"s1v1","offsets":[{"start":2784,"text":"a jelenség"}],"coordinates":[],"confidence":{"state":"pre-added","who":["user:bernidam"],"prob":1},"fields":{},"normalizations":{}},{"classId":"e_13","part":"s1v1","offsets":[{"start":2804,"text":"nem sikerülne komolyabb életlehetőségeket biztosítani"}],"coordinates":[],"confidence":{"state":"pre-added","who":["user:bernidam"],"prob":1},"fields":{},"normalizations":{}},{"classId":"e_14","part":"s1v1","offsets":[{"start":2818,"text":"komolyabb életlehetőségeket"}],"coordinates":[],"confidence":{"state":"pre-added","who":["user:bernidam"],"prob":1},"fields":{},"normalizations":{}},{"classId":"e_4","part":"s1v1","offsets":[{"start":2859,"text":"Márpedig a Jobbik XXI. századi pártként nem a szűkös kínálaton belül lavírozna és manőverezne, hanem bizony elképesztő fejlesztő programba kezdve, egy állami támogatású otthonteremtési és bérlakásépítési programmal lehetővé tennénk fiatalok tízezrei számára, hogy igen, az állam segítő keze által messze a piaci árak alatt tudjanak beköltözni bérlakásokba, majd ha képesek és hajlandók betartani az alapvető együttélési szabályokat, akkor később a tulajdonukba kerülhessenek ezek az ingatlanok."}],"coordinates":[],"confidence":{"state":"pre-added","who":["user:bernidam"],"prob":1},"fields":{},"normalizations":{}},{"classId":"e_14","part":"s1v1","offsets":[{"start":2868,"text":"a Jobbik"}],"coordinates":[],"confidence":{"state":"pre-added","who":["user:bernidam"],"prob":1},"fields":{},"normalizations":{}},{"classId":"e_14","part":"s1v1","offsets":[{"start":2877,"text":"XXI. századi pártként"}],"coordinates":[],"confidence":{"state":"pre-added","who":["user:bernidam"],"prob":1},"fields":{},"normalizations":{}},{"classId":"e_13","part":"s1v1","offsets":[{"start":2899,"text":"nem a szűkös kínálaton belül lavírozna és manőverezne"}],"coordinates":[],"confidence":{"state":"pre-added","who":["user:bernidam"],"prob":1},"fields":{},"normalizations":{}},{"classId":"e_14","part":"s1v1","offsets":[{"start":2903,"text":"a szűkös kínálaton"}],"coordinates":[],"confidence":{"state":"pre-added","who":["user:bernidam"],"prob":1},"fields":{},"normalizations":{}},{"classId":"e_13","part":"s1v1","offsets":[{"start":2967,"text":"elképesztő fejlesztő programba kezdve"}],"coordinates":[],"confidence":{"state":"pre-added","who":["user:bernidam"],"prob":1},"fields":{},"normalizations":{}},{"classId":"e_14","part":"s1v1","offsets":[{"start":2967,"text":"elképesztő fejlesztő programba"}],"coordinates":[],"confidence":{"state":"pre-added","who":["user:bernidam"],"prob":1},"fields":{},"normalizations":{}},{"classId":"e_14","part":"s1v1","offsets":[{"start":3006,"text":"egy állami támogatású otthonteremtési és bérlakásépítési programmal"}],"coordinates":[],"confidence":{"state":"pre-added","who":["user:bernidam"],"prob":1},"fields":{},"normalizations":{}},{"classId":"e_13","part":"s1v1","offsets":[{"start":3010,"text":"állami támogatású otthonteremtési és bérlakásépítési programmal"}],"coordinates":[],"confidence":{"state":"pre-added","who":["user:bernidam"],"prob":1},"fields":{},"normalizations":{}},{"classId":"e_14","part":"s1v1","offsets":[{"start":3091,"text":"fiatalok tízezrei"}],"coordinates":[],"confidence":{"state":"pre-added","who":["user:bernidam"],"prob":1},"fields":{},"normalizations":{}},{"classId":"e_14","part":"s1v1","offsets":[{"start":3129,"text":"az állam segítő keze"}],"coordinates":[],"confidence":{"state":"pre-added","who":["user:bernidam"],"prob":1},"fields":{},"normalizations":{}},{"classId":"e_14","part":"s1v1","offsets":[{"start":3163,"text":"a piaci árak"}],"coordinates":[],"confidence":{"state":"pre-added","who":["user:bernidam"],"prob":1},"fields":{},"normalizations":{}},{"classId":"e_13","part":"s1v1","offsets":[{"start":3165,"text":"piaci árak alatt tudjanak beköltözni"}],"coordinates":[],"confidence":{"state":"pre-added","who":["user:bernidam"],"prob":1},"fields":{},"normalizations":{}},{"classId":"e_14","part":"s1v1","offsets":[{"start":3202,"text":"bérlakásokba"}],"coordinates":[],"confidence":{"state":"pre-added","who":["user:bernidam"],"prob":1},"fields":{},"normalizations":{}},{"classId":"e_13","part":"s1v1","offsets":[{"start":3245,"text":"betartani az alapvető együttélési szabályokat"}],"coordinates":[],"confidence":{"state":"pre-added","who":["user:bernidam"],"prob":1},"fields":{},"normalizations":{}},{"classId":"e_14","part":"s1v1","offsets":[{"start":3255,"text":"az alapvető együttélési szabályokat"}],"coordinates":[],"confidence":{"state":"pre-added","who":["user:bernidam"],"prob":1},"fields":{},"normalizations":{}},{"classId":"e_13","part":"s1v1","offsets":[{"start":3307,"text":"tulajdonukba kerülhessenek"}],"coordinates":[],"confidence":{"state":"pre-added","who":["user:bernidam"],"prob":1},"fields":{},"normalizations":{}},{"classId":"e_14","part":"s1v1","offsets":[{"start":3334,"text":"ezek az ingatlanok"}],"coordinates":[],"confidence":{"state":"pre-added","who":["user:bernidam"],"prob":1},"fields":{},"normalizations":{}},{"classId":"e_4","part":"s1v1","offsets":[{"start":3366,"text":"hogy minden ide betett költségvetési forint legalább négy további forintot generálna egy-két költségvetési cikluson belül"}],"coordinates":[],"confidence":{"state":"pre-added","who":["user:bernidam"],"prob":1},"fields":{},"normalizations":{}},{"classId":"e_14","part":"s1v1","offsets":[{"start":3371,"text":"minden ide betett költségvetési forint"}],"coordinates":[],"confidence":{"state":"pre-added","who":["user:bernidam"],"prob":1},"fields":{},"normalizations":{}},{"classId":"e_14","part":"s1v1","offsets":[{"start":3410,"text":"legalább négy további forintot"}],"coordinates":[],"confidence":{"state":"pre-added","who":["user:bernidam"],"prob":1},"fields":{},"normalizations":{}},{"classId":"e_13","part":"s1v1","offsets":[{"start":3419,"text":"négy további forintot generálna"}],"coordinates":[],"confidence":{"state":"pre-added","who":["user:bernidam"],"prob":1},"fields":{},"normalizations":{}},{"classId":"e_14","part":"s1v1","offsets":[{"start":3451,"text":"egy-két költségvetési cikluson"}],"coordinates":[],"confidence":{"state":"pre-added","who":["user:bernidam"],"prob":1},"fields":{},"normalizations":{}},{"classId":"e_6","part":"s1v1","offsets":[{"start":3489,"text":"Érthetetlen, hogy a kormányzat miért nem elszánt azt illetően"}],"coordinates":[],"confidence":{"state":"pre-added","who":["user:bernidam"],"prob":1},"fields":{},"normalizations":{}},{"classId":"e_13","part":"s1v1","offsets":[{"start":3489,"text":"Érthetetlen"}],"coordinates":[],"confidence":{"state":"pre-added","who":["user:bernidam"],"prob":1},"fields":{},"normalizations":{}},{"classId":"e_13","part":"s1v1","offsets":[{"start":3520,"text":"miért nem elszánt"}],"coordinates":[],"confidence":{"state":"pre-added","who":["user:bernidam"],"prob":1},"fields":{},"normalizations":{}},{"classId":"e_11","part":"s1v1","offsets":[{"start":3552,"text":"hogy egy kivándorlási kataklizma közepén segítsen itthon tartani magyar fiatalokat úgy, hogy a lakhatási körülményeiket megkönnyítse"}],"coordinates":[],"confidence":{"state":"pre-added","who":["user:bernidam"],"prob":1},"fields":{},"normalizations":{}},{"classId":"e_14","part":"s1v1","offsets":[{"start":3557,"text":"egy kivándorlási kataklizma"}],"coordinates":[],"confidence":{"state":"pre-added","who":["user:bernidam"],"prob":1},"fields":{},"normalizations":{}},{"classId":"e_13","part":"s1v1","offsets":[{"start":3593,"text":"segítsen"}],"coordinates":[],"confidence":{"state":"pre-added","who":["user:bernidam"],"prob":1},"fields":{},"normalizations":{}},{"classId":"e_14","part":"s1v1","offsets":[{"start":3617,"text":"magyar fiatalokat"}],"coordinates":[],"confidence":{"state":"pre-added","who":["user:bernidam"],"prob":1},"fields":{},"normalizations":{}},{"classId":"e_14","part":"s1v1","offsets":[{"start":3645,"text":"a lakhatási körülményeiket"}],"coordinates":[],"confidence":{"state":"pre-added","who":["user:bernidam"],"prob":1},"fields":{},"normalizations":{}},{"classId":"e_13","part":"s1v1","offsets":[{"start":3672,"text":"megkönnyítse"}],"coordinates":[],"confidence":{"state":"pre-added","who":["user:bernidam"],"prob":1},"fields":{},"normalizations":{}},{"classId":"e_5","part":"s1v1","offsets":[{"start":3686,"text":"De ha már nem akar közvetlenül az adófizető polgárain segíteni"}],"coordinates":[],"confidence":{"state":"pre-added","who":["user:bernidam"],"prob":1},"fields":{},"normalizations":{}},{"classId":"e_13","part":"s1v1","offsets":[{"start":3696,"text":"nem akar közvetlenül az adófizető polgárain segíteni"}],"coordinates":[],"confidence":{"state":"pre-added","who":["user:bernidam"],"prob":1},"fields":{},"normalizations":{}},{"classId":"e_14","part":"s1v1","offsets":[{"start":3717,"text":"az adófizető polgárain"}],"coordinates":[],"confidence":{"state":"pre-added","who":["user:bernidam"],"prob":1},"fields":{},"normalizations":{}},{"classId":"e_14","part":"s1v1","offsets":[{"start":3759,"text":"a vállalkozói szféra"}],"coordinates":[],"confidence":{"state":"pre-added","who":["user:gcsenge"],"prob":1},"fields":{},"normalizations":{}},{"classId":"e_4","part":"s1v1","offsets":[{"start":3806,"text":"hogy az új építésű lakások 27 százalékos brutális áfájának 5 százalékra történő csökkentésével legalább a vállalkozói szféra további 5-10 ezer lakást be tudjon hozni Magyarország idézőjeles piacára évente, ezáltal is a kínálatot szélesítve"}],"coordinates":[],"confidence":{"state":"pre-added","who":["user:bernidam"],"prob":1},"fields":{},"normalizations":{}},{"classId":"e_14","part":"s1v1","offsets":[{"start":3811,"text":"az új építésű lakások 27 százalékos brutális áfájának 5 százalékra történő csökkentésével"}],"coordinates":[],"confidence":{"state":"pre-added","who":["user:bernidam"],"prob":1},"fields":{},"normalizations":{}},{"classId":"e_13","part":"s1v1","offsets":[{"start":3856,"text":"áfájának 5 százalékra történő csökkentésével"}],"coordinates":[],"confidence":{"state":"pre-added","who":["user:bernidam"],"prob":1},"fields":{},"normalizations":{}},{"classId":"e_14","part":"s1v1","offsets":[{"start":3910,"text":"a vállalkozói szféra"}],"coordinates":[],"confidence":{"state":"pre-added","who":["user:bernidam"],"prob":1},"fields":{},"normalizations":{}},{"classId":"e_13","part":"s1v1","offsets":[{"start":3931,"text":"további 5-10 ezer lakást be tudjon hozni"}],"coordinates":[],"confidence":{"state":"pre-added","who":["user:bernidam"],"prob":1},"fields":{},"normalizations":{}},{"classId":"e_14","part":"s1v1","offsets":[{"start":3931,"text":"további 5-10 ezer lakást"}],"coordinates":[],"confidence":{"state":"pre-added","who":["user:bernidam"],"prob":1},"fields":{},"normalizations":{}},{"classId":"e_14","part":"s1v1","offsets":[{"start":3972,"text":"Magyarország idézőjeles piacára"}],"coordinates":[],"confidence":{"state":"pre-added","who":["user:bernidam"],"prob":1},"fields":{},"normalizations":{}},{"classId":"e_13","part":"s1v1","offsets":[{"start":4023,"text":"a kínálatot szélesítve"}],"coordinates":[],"confidence":{"state":"pre-added","who":["user:bernidam"],"prob":1},"fields":{},"normalizations":{}},{"classId":"e_14","part":"s1v1","offsets":[{"start":4023,"text":"a kínálatot"}],"coordinates":[],"confidence":{"state":"pre-added","who":["user:bernidam"],"prob":1},"fields":{},"normalizations":{}},{"classId":"e_6","part":"s1v1","offsets":[{"start":4064,"text":"hogy a kormányzat öt év alatt nem volt képes cselekvést felmutatni"}],"coordinates":[],"confidence":{"state":"pre-added","who":["user:bernidam"],"prob":1},"fields":{},"normalizations":{}},{"classId":"e_14","part":"s1v1","offsets":[{"start":4069,"text":"a kormányzat"}],"coordinates":[],"confidence":{"state":"pre-added","who":["user:bernidam"],"prob":1},"fields":{},"normalizations":{}},{"classId":"e_14","part":"s1v1","offsets":[{"start":4082,"text":"öt év"}],"coordinates":[],"confidence":{"state":"pre-added","who":["user:bernidam"],"prob":1},"fields":{},"normalizations":{}},{"classId":"e_13","part":"s1v1","offsets":[{"start":4094,"text":"nem volt képes cselekvést felmutatni"}],"coordinates":[],"confidence":{"state":"pre-added","who":["user:bernidam"],"prob":1},"fields":{},"normalizations":{}},{"classId":"e_14","part":"s1v1","offsets":[{"start":4109,"text":"cselekvést"}],"coordinates":[],"confidence":{"state":"pre-added","who":["user:bernidam"],"prob":1},"fields":{},"normalizations":{}},{"classId":"e_2","part":"s1v1","offsets":[{"start":4132,"text":"a költségvetésnek nincsen önálló otthonteremtési sora, a családi otthonteremtési kedvezményekkel és egyebekkel statisztikai hibahatáron belüli elmozdulást tudott csak okozni"}],"coordinates":[],"confidence":{"state":"pre-added","who":["user:bernidam"],"prob":1},"fields":{},"normalizations":{}},{"classId":"e_14","part":"s1v1","offsets":[{"start":4132,"text":"a költségvetésnek"}],"coordinates":[],"confidence":{"state":"pre-added","who":["user:bernidam"],"prob":1},"fields":{},"normalizations":{}},{"classId":"e_13","part":"s1v1","offsets":[{"start":4150,"text":"nincsen önálló otthonteremtési sora"}],"coordinates":[],"confidence":{"state":"pre-added","who":["user:bernidam"],"prob":1},"fields":{},"normalizations":{}},{"classId":"e_14","part":"s1v1","offsets":[{"start":4158,"text":"önálló otthonteremtési sora"}],"coordinates":[],"confidence":{"state":"pre-added","who":["user:bernidam"],"prob":1},"fields":{},"normalizations":{}},{"classId":"e_14","part":"s1v1","offsets":[{"start":4187,"text":"a családi otthonteremtési kedvezményekkel"}],"coordinates":[],"confidence":{"state":"pre-added","who":["user:bernidam"],"prob":1},"fields":{},"normalizations":{}},{"classId":"e_14","part":"s1v1","offsets":[{"start":4232,"text":"egyebekkel"}],"coordinates":[],"confidence":{"state":"pre-added","who":["user:bernidam"],"prob":1},"fields":{},"normalizations":{}},{"classId":"e_13","part":"s1v1","offsets":[{"start":4243,"text":"statisztikai hibahatáron belüli elmozdulást tudott csak okozni"}],"coordinates":[],"confidence":{"state":"pre-added","who":["user:bernidam"],"prob":1},"fields":{},"normalizations":{}},{"classId":"e_14","part":"s1v1","offsets":[{"start":4243,"text":"statisztikai hibahatáron belüli elmozdulást"}],"coordinates":[],"confidence":{"state":"pre-added","who":["user:bernidam"],"prob":1},"fields":{},"normalizations":{}},{"classId":"e_5","part":"s1v1","offsets":[{"start":4307,"text":"jelesül a szerencsésebb helyzetűeknek segít, de megint nem csak az igazán rászorulóknak"}],"coordinates":[],"confidence":{"state":"pre-added","who":["user:bernidam"],"prob":1},"fields":{},"normalizations":{}},{"classId":"e_13","part":"s1v1","offsets":[{"start":4315,"text":"a szerencsésebb helyzetűeknek segít"}],"coordinates":[],"confidence":{"state":"pre-added","who":["user:bernidam"],"prob":1},"fields":{},"normalizations":{}},{"classId":"e_14","part":"s1v1","offsets":[{"start":4315,"text":"a szerencsésebb helyzetűeknek"}],"coordinates":[],"confidence":{"state":"pre-added","who":["user:bernidam"],"prob":1},"fields":{},"normalizations":{}},{"classId":"e_13","part":"s1v1","offsets":[{"start":4362,"text":"nem csak az igazán rászorulóknak"}],"coordinates":[],"confidence":{"state":"pre-added","who":["user:bernidam"],"prob":1},"fields":{},"normalizations":{}},{"classId":"e_14","part":"s1v1","offsets":[{"start":4371,"text":"az igazán rászorulóknak"}],"coordinates":[],"confidence":{"state":"pre-added","who":["user:bernidam"],"prob":1},"fields":{},"normalizations":{}},{"classId":"e_2","part":"s1v1","offsets":[{"start":4423,"text":"ha a magyar fiatalok számára nem kínálnak életlehetőségeket, nem könnyítik meg életüket, akkor nemcsak a kivándorlási spirál pörgetéséhez járulnak hozzá, hanem bizony lehetetlenné teszik Magyarország legnagyobb problémája, a demográfiai összeroppanása, a népességcsökkenése feloldása tekintetében is a megoldási javaslatok kimunkálását"}],"coordinates":[],"confidence":{"state":"pre-added","who":["user:bernidam"],"prob":1},"fields":{},"normalizations":{}},{"classId":"e_14","part":"s1v1","offsets":[{"start":4426,"text":"a magyar fiatalok"}],"coordinates":[],"confidence":{"state":"pre-added","who":["user:bernidam"],"prob":1},"fields":{},"normalizations":{}},{"classId":"e_13","part":"s1v1","offsets":[{"start":4452,"text":"nem kínálnak életlehetőségeket"}],"coordinates":[],"confidence":{"state":"pre-added","who":["user:bernidam"],"prob":1},"fields":{},"normalizations":{}},{"classId":"e_14","part":"s1v1","offsets":[{"start":4465,"text":"életlehetőségeket"}],"coordinates":[],"confidence":{"state":"pre-added","who":["user:bernidam"],"prob":1},"fields":{},"normalizations":{}},{"classId":"e_13","part":"s1v1","offsets":[{"start":4484,"text":"nem könnyítik meg"}],"coordinates":[],"confidence":{"state":"pre-added","who":["user:bernidam"],"prob":1},"fields":{},"normalizations":{}},{"classId":"e_14","part":"s1v1","offsets":[{"start":4502,"text":"életüket"}],"coordinates":[],"confidence":{"state":"pre-added","who":["user:bernidam"],"prob":1},"fields":{},"normalizations":{}},{"classId":"e_14","part":"s1v1","offsets":[{"start":4526,"text":"a kivándorlási spirál pörgetéséhez"}],"coordinates":[],"confidence":{"state":"pre-added","who":["user:bernidam"],"prob":1},"fields":{},"normalizations":{}},{"classId":"e_13","part":"s1v1","offsets":[{"start":4528,"text":"kivándorlási spirál"}],"coordinates":[],"confidence":{"state":"pre-added","who":["user:bernidam"],"prob":1},"fields":{},"normalizations":{}},{"classId":"e_13","part":"s1v1","offsets":[{"start":4590,"text":"lehetetlenné teszik"}],"coordinates":[],"confidence":{"state":"pre-added","who":["user:bernidam"],"prob":1},"fields":{},"normalizations":{}},{"classId":"e_14","part":"s1v1","offsets":[{"start":4610,"text":"Magyarország legnagyobb problémája"}],"coordinates":[],"confidence":{"state":"pre-added","who":["user:bernidam"],"prob":1},"fields":{},"normalizations":{}},{"classId":"e_13","part":"s1v1","offsets":[{"start":4634,"text":"problémája"}],"coordinates":[],"confidence":{"state":"pre-added","who":["user:bernidam"],"prob":1},"fields":{},"normalizations":{}},{"classId":"e_14","part":"s1v1","offsets":[{"start":4646,"text":"a demográfiai összeroppanása"}],"coordinates":[],"confidence":{"state":"pre-added","who":["user:bernidam"],"prob":1},"fields":{},"normalizations":{}},{"classId":"e_13","part":"s1v1","offsets":[{"start":4660,"text":"összeroppanása"}],"coordinates":[],"confidence":{"state":"pre-added","who":["user:bernidam"],"prob":1},"fields":{},"normalizations":{}},{"classId":"e_14","part":"s1v1","offsets":[{"start":4676,"text":"a népességcsökkenése feloldása"}],"coordinates":[],"confidence":{"state":"pre-added","who":["user:bernidam"],"prob":1},"fields":{},"normalizations":{}},{"classId":"e_13","part":"s1v1","offsets":[{"start":4678,"text":"népességcsökkenése"}],"coordinates":[],"confidence":{"state":"pre-added","who":["user:bernidam"],"prob":1},"fields":{},"normalizations":{}},{"classId":"e_14","part":"s1v1","offsets":[{"start":4723,"text":"a megoldási javaslatok kimunkálását"}],"coordinates":[],"confidence":{"state":"pre-added","who":["user:bernidam"],"prob":1},"fields":{},"normalizations":{}},{"classId":"e_4","part":"s1v1","offsets":[{"start":4760,"text":"A Jobbik tehát egy kész csomaggal, kész tervvel rendelkezik"}],"coordinates":[],"confidence":{"state":"pre-added","who":["user:bernidam"],"prob":1},"fields":{},"normalizations":{}},{"classId":"e_14","part":"s1v1","offsets":[{"start":4760,"text":"A Jobbik"}],"coordinates":[],"confidence":{"state":"pre-added","who":["user:bernidam"],"prob":1},"fields":{},"normalizations":{}},{"classId":"e_14","part":"s1v1","offsets":[{"start":4775,"text":"egy kész csomaggal"}],"coordinates":[],"confidence":{"state":"pre-added","who":["user:bernidam"],"prob":1},"fields":{},"normalizations":{}},{"classId":"e_13","part":"s1v1","offsets":[{"start":4779,"text":"kész csomaggal, kész tervvel rendelkezik"}],"coordinates":[],"confidence":{"state":"pre-added","who":["user:bernidam"],"prob":1},"fields":{},"normalizations":{}},{"classId":"e_14","part":"s1v1","offsets":[{"start":4795,"text":"kész tervvel"}],"coordinates":[],"confidence":{"state":"pre-added","who":["user:bernidam"],"prob":1},"fields":{},"normalizations":{}}],"relations":[{"classId":"r_16","type":"linked","directed":false,"entities":["s1v1|e_14|47,60","s1v1|e_2|35,107"],"confidence":{"state":"pre-added","who":["user:bernidam"],"prob":1}},{"classId":"r_16","type":"linked","directed":false,"entities":["s1v1|e_14|74,92","s1v1|e_2|35,107"],"confidence":{"state":"pre-added","who":["user:bernidam"],"prob":1}},{"classId":"r_16","type":"linked","directed":false,"entities":["s1v1|e_14|115,137","s1v1|e_2|222,321"],"confidence":{"state":"pre-added","who":["user:gcsenge"],"prob":1}},{"classId":"r_16","type":"linked","directed":false,"entities":["s1v1|e_14|161,171","s1v1|e_2|222,321"],"confidence":{"state":"pre-added","who":["user:gcsenge"],"prob":1}},{"classId":"r_16","type":"linked","directed":false,"entities":["s1v1|e_14|174,182","s1v1|e_2|222,321"],"confidence":{"state":"pre-added","who":["user:gcsenge"],"prob":1}},{"classId":"r_16","type":"linked","directed":false,"entities":["s1v1|e_14|244,260","s1v1|e_2|222,321"],"confidence":{"state":"pre-added","who":["user:bernidam"],"prob":1}},{"classId":"r_16","type":"linked","directed":false,"entities":["s1v1|e_14|278,321","s1v1|e_2|222,321"],"confidence":{"state":"pre-added","who":["user:bernidam"],"prob":1}},{"classId":"r_16","type":"linked","directed":false,"entities":["s1v1|e_14|324,358","s1v1|e_2|324,398"],"confidence":{"state":"pre-added","who":["user:bernidam"],"prob":1}},{"classId":"r_16","type":"linked","directed":false,"entities":["s1v1|e_14|373,398","s1v1|e_2|324,398"],"confidence":{"state":"pre-added","who":["user:bernidam"],"prob":1}},{"classId":"r_16","type":"linked","directed":false,"entities":["s1v1|e_14|562,591","s1v1|e_2|557,650"],"confidence":{"state":"pre-added","who":["user:bernidam"],"prob":1}},{"classId":"r_16","type":"linked","directed":false,"entities":["s1v1|e_14|593,613","s1v1|e_2|557,650"],"confidence":{"state":"pre-added","who":["user:bernidam"],"prob":1}},{"classId":"r_16","type":"linked","directed":false,"entities":["s1v1|e_14|619,637","s1v1|e_2|557,650"],"confidence":{"state":"pre-added","who":["user:bernidam"],"prob":1}},{"classId":"r_16","type":"linked","directed":false,"entities":["s1v1|e_14|653,710","s1v1|e_2|653,744"],"confidence":{"state":"pre-added","who":["user:bernidam"],"prob":1}},{"classId":"r_16","type":"linked","directed":false,"entities":["s1v1|e_14|746,757","s1v1|e_2|746,822"],"confidence":{"state":"pre-added","who":["user:bernidam"],"prob":1}},{"classId":"r_16","type":"linked","directed":false,"entities":["s1v1|e_14|759,764","s1v1|e_2|746,822"],"confidence":{"state":"pre-added","who":["user:bernidam"],"prob":1}},{"classId":"r_16","type":"linked","directed":false,"entities":["s1v1|e_14|780,796","s1v1|e_2|746,822"],"confidence":{"state":"pre-added","who":["user:bernidam"],"prob":1}},{"classId":"r_16","type":"linked","directed":false,"entities":["s1v1|e_14|805,822","s1v1|e_2|653,744"],"confidence":{"state":"pre-added","who":["user:bernidam"],"prob":1}},{"classId":"r_16","type":"linked","directed":false,"entities":["s1v1|e_14|881,903","s1v1|e_2|931,1124"],"confidence":{"state":"pre-added","who":["user:gcsenge"],"prob":1}},{"classId":"r_16","type":"linked","directed":false,"entities":["s1v1|e_14|936,946","s1v1|e_2|931,1124"],"confidence":{"state":"pre-added","who":["user:bernidam"],"prob":1}},{"classId":"r_16","type":"linked","directed":false,"entities":["s1v1|e_14|948,968","s1v1|e_2|931,1124"],"confidence":{"state":"pre-added","who":["user:bernidam"],"prob":1}},{"classId":"r_16","type":"linked","directed":false,"entities":["s1v1|e_14|970,1002","s1v1|e_2|931,1124"],"confidence":{"state":"pre-added","who":["user:bernidam"],"prob":1}},{"classId":"r_16","type":"linked","directed":false,"entities":["s1v1|e_14|1013,1038","s1v1|e_2|931,1124"],"confidence":{"state":"pre-added","who":["user:bernidam"],"prob":1}},{"classId":"r_16","type":"linked","directed":false,"entities":["s1v1|e_14|1047,1078","s1v1|e_2|931,1124"],"confidence":{"state":"pre-added","who":["user:bernidam"],"prob":1}},{"classId":"r_16","type":"linked","directed":false,"entities":["s1v1|e_14|1080,1098","s1v1|e_2|931,1124"],"confidence":{"state":"pre-added","who":["user:bernidam"],"prob":1}},{"classId":"r_16","type":"linked","directed":false,"entities":["s1v1|e_14|1120,1124","s1v1|e_2|931,1124"],"confidence":{"state":"pre-added","who":["user:bernidam"],"prob":1}},{"classId":"r_16","type":"linked","directed":false,"entities":["s1v1|e_14|1144,1163","s1v1|e_2|1144,1383"],"confidence":{"state":"pre-added","who":["user:bernidam"],"prob":1}},{"classId":"r_16","type":"linked","directed":false,"entities":["s1v1|e_14|1165,1184","s1v1|e_2|1144,1383"],"confidence":{"state":"pre-added","who":["user:bernidam"],"prob":1}},{"classId":"r_16","type":"linked","directed":false,"entities":["s1v1|e_14|1193,1212","s1v1|e_2|1144,1383"],"confidence":{"state":"pre-added","who":["user:bernidam"],"prob":1}},{"classId":"r_16","type":"linked","directed":false,"entities":["s1v1|e_14|1244,1253","s1v1|e_2|1144,1383"],"confidence":{"state":"pre-added","who":["user:bernidam"],"prob":1}},{"classId":"r_16","type":"linked","directed":false,"entities":["s1v1|e_14|1267,1316","s1v1|e_2|1144,1383"],"confidence":{"state":"pre-added","who":["user:bernidam"],"prob":1}},{"classId":"r_16","type":"linked","directed":false,"entities":["s1v1|e_14|1349,1357","s1v1|e_2|1144,1383"],"confidence":{"state":"pre-added","who":["user:bernidam"],"prob":1}},{"classId":"r_16","type":"linked","directed":false,"entities":["s1v1|e_14|1360,1369","s1v1|e_2|1144,1383"],"confidence":{"state":"pre-added","who":["user:bernidam"],"prob":1}},{"classId":"r_16","type":"linked","directed":false,"entities":["s1v1|e_14|1451,1505","s1v1|e_2|1432,1572"],"confidence":{"state":"pre-added","who":["user:bernidam"],"prob":1}},{"classId":"r_16","type":"linked","directed":false,"entities":["s1v1|e_14|1515,1523","s1v1|e_2|1432,1572"],"confidence":{"state":"pre-added","who":["user:bernidam"],"prob":1}},{"classId":"r_16","type":"linked","directed":false,"entities":["s1v1|e_14|1525,1537","s1v1|e_2|1432,1572"],"confidence":{"state":"pre-added","who":["user:bernidam"],"prob":1}},{"classId":"r_16","type":"linked","directed":false,"entities":["s1v1|e_14|1560,1572","s1v1|e_2|1432,1572"],"confidence":{"state":"pre-added","who":["user:bernidam"],"prob":1}},{"classId":"r_16","type":"linked","directed":false,"entities":["s1v1|e_14|1580,1597","s1v1|e_2|1432,1572"],"confidence":{"state":"pre-added","who":["user:gcsenge"],"prob":1}},{"classId":"r_16","type":"linked","directed":false,"entities":["s1v1|e_14|1683,1695","s1v1|e_2|1683,1851"],"confidence":{"state":"pre-added","who":["user:bernidam"],"prob":1}},{"classId":"r_16","type":"linked","directed":false,"entities":["s1v1|e_14|1704,1739","s1v1|e_2|1683,1851"],"confidence":{"state":"pre-added","who":["user:bernidam"],"prob":1}},{"classId":"r_16","type":"linked","directed":false,"entities":["s1v1|e_14|1750,1767","s1v1|e_2|1683,1851"],"confidence":{"state":"pre-added","who":["user:bernidam"],"prob":1}},{"classId":"r_16","type":"linked","directed":false,"entities":["s1v1|e_14|1806,1826","s1v1|e_2|1683,1851"],"confidence":{"state":"pre-added","who":["user:bernidam"],"prob":1}},{"classId":"r_16","type":"linked","directed":false,"entities":["s1v1|e_14|1840,1850","s1v1|e_2|1683,1851"],"confidence":{"state":"pre-added","who":["user:bernidam"],"prob":1}},{"classId":"r_16","type":"linked","directed":false,"entities":["s1v1|e_14|1877,1896","s1v1|e_2|1872,2019"],"confidence":{"state":"pre-added","who":["user:bernidam"],"prob":1}},{"classId":"r_16","type":"linked","directed":false,"entities":["s1v1|e_14|1906,1918","s1v1|e_2|1872,2019"],"confidence":{"state":"pre-added","who":["user:bernidam"],"prob":1}},{"classId":"r_16","type":"linked","directed":false,"entities":["s1v1|e_14|1933,1965","s1v1|e_2|1872,2019"],"confidence":{"state":"pre-added","who":["user:bernidam"],"prob":1}},{"classId":"r_16","type":"linked","directed":false,"entities":["s1v1|e_14|1971,1990","s1v1|e_2|1872,2019"],"confidence":{"state":"pre-added","who":["user:bernidam"],"prob":1}},{"classId":"r_16","type":"linked","directed":false,"entities":["s1v1|e_14|1995,2011","s1v1|e_2|1872,2019"],"confidence":{"state":"pre-added","who":["user:bernidam"],"prob":1}},{"classId":"r_16","type":"linked","directed":false,"entities":["s1v1|e_14|2069,2091","s1v1|e_2|2054,2106"],"confidence":{"state":"pre-added","who":["user:bernidam"],"prob":1}},{"classId":"r_16","type":"linked","directed":false,"entities":["s1v1|e_14|2097,2106","s1v1|e_2|2054,2106"],"confidence":{"state":"pre-added","who":["user:bernidam"],"prob":1}},{"classId":"r_16","type":"linked","directed":false,"entities":["s1v1|e_14|2407,2425","s1v1|e_2|2407,2437"],"confidence":{"state":"pre-added","who":["user:bernidam"],"prob":1}},{"classId":"r_16","type":"linked","directed":false,"entities":["s1v1|e_14|2723,2737","s1v1|e_2|2713,2856"],"confidence":{"state":"pre-added","who":["user:bernidam"],"prob":1}},{"classId":"r_16","type":"linked","directed":false,"entities":["s1v1|e_14|2754,2769","s1v1|e_2|2713,2856"],"confidence":{"state":"pre-added","who":["user:bernidam"],"prob":1}},{"classId":"r_16","type":"linked","directed":false,"entities":["s1v1|e_14|2784,2793","s1v1|e_2|2713,2856"],"confidence":{"state":"pre-added","who":["user:bernidam"],"prob":1}},{"classId":"r_16","type":"linked","directed":false,"entities":["s1v1|e_14|2818,2844","s1v1|e_2|2713,2856"],"confidence":{"state":"pre-added","who":["user:bernidam"],"prob":1}},{"classId":"r_16","type":"linked","directed":false,"entities":["s1v1|e_14|4132,4148","s1v1|e_2|4132,4304"],"confidence":{"state":"pre-added","who":["user:bernidam"],"prob":1}},{"classId":"r_16","type":"linked","directed":false,"entities":["s1v1|e_14|4158,4184","s1v1|e_2|4132,4304"],"confidence":{"state":"pre-added","who":["user:bernidam"],"prob":1}},{"classId":"r_16","type":"linked","directed":false,"entities":["s1v1|e_14|4187,4227","s1v1|e_2|4132,4304"],"confidence":{"state":"pre-added","who":["user:bernidam"],"prob":1}},{"classId":"r_16","type":"linked","directed":false,"entities":["s1v1|e_14|4232,4241","s1v1|e_2|4132,4304"],"confidence":{"state":"pre-added","who":["user:bernidam"],"prob":1}},{"classId":"r_16","type":"linked","directed":false,"entities":["s1v1|e_14|4243,4285","s1v1|e_2|4132,4304"],"confidence":{"state":"pre-added","who":["user:bernidam"],"prob":1}},{"classId":"r_16","type":"linked","directed":false,"entities":["s1v1|e_14|4426,4442","s1v1|e_2|4423,4757"],"confidence":{"state":"pre-added","who":["user:bernidam"],"prob":1}},{"classId":"r_16","type":"linked","directed":false,"entities":["s1v1|e_14|4465,4481","s1v1|e_2|4423,4757"],"confidence":{"state":"pre-added","who":["user:bernidam"],"prob":1}},{"classId":"r_16","type":"linked","directed":false,"entities":["s1v1|e_14|4502,4509","s1v1|e_2|4423,4757"],"confidence":{"state":"pre-added","who":["user:bernidam"],"prob":1}},{"classId":"r_16","type":"linked","directed":false,"entities":["s1v1|e_14|4526,4559","s1v1|e_2|4423,4757"],"confidence":{"state":"pre-added","who":["user:bernidam"],"prob":1}},{"classId":"r_16","type":"linked","directed":false,"entities":["s1v1|e_14|4610,4643","s1v1|e_2|4423,4757"],"confidence":{"state":"pre-added","who":["user:bernidam"],"prob":1}},{"classId":"r_16","type":"linked","directed":false,"entities":["s1v1|e_14|4646,4673","s1v1|e_2|4423,4757"],"confidence":{"state":"pre-added","who":["user:bernidam"],"prob":1}},{"classId":"r_16","type":"linked","directed":false,"entities":["s1v1|e_14|4676,4705","s1v1|e_2|4423,4757"],"confidence":{"state":"pre-added","who":["user:bernidam"],"prob":1}},{"classId":"r_16","type":"linked","directed":false,"entities":["s1v1|e_14|4723,4757","s1v1|e_2|4423,4757"],"confidence":{"state":"pre-added","who":["user:bernidam"],"prob":1}},{"classId":"r_18","type":"linked","directed":false,"entities":["s1v1|e_14|2204,2241","s1v1|e_4|2199,2282"],"confidence":{"state":"pre-added","who":["user:bernidam"],"prob":1}},{"classId":"r_18","type":"linked","directed":false,"entities":["s1v1|e_14|2498,2548","s1v1|e_4|2450,2565"],"confidence":{"state":"pre-added","who":["user:bernidam"],"prob":1}},{"classId":"r_18","type":"linked","directed":false,"entities":["s1v1|e_14|2868,2875","s1v1|e_4|2859,3352"],"confidence":{"state":"pre-added","who":["user:bernidam"],"prob":1}},{"classId":"r_18","type":"linked","directed":false,"entities":["s1v1|e_14|2877,2897","s1v1|e_4|2859,3352"],"confidence":{"state":"pre-added","who":["user:bernidam"],"prob":1}},{"classId":"r_18","type":"linked","directed":false,"entities":["s1v1|e_14|2903,2920","s1v1|e_4|2859,3352"],"confidence":{"state":"pre-added","who":["user:bernidam"],"prob":1}},{"classId":"r_18","type":"linked","directed":false,"entities":["s1v1|e_14|2967,2996","s1v1|e_4|2859,3352"],"confidence":{"state":"pre-added","who":["user:bernidam"],"prob":1}},{"classId":"r_18","type":"linked","directed":false,"entities":["s1v1|e_14|3006,3072","s1v1|e_4|2859,3352"],"confidence":{"state":"pre-added","who":["user:bernidam"],"prob":1}},{"classId":"r_18","type":"linked","directed":false,"entities":["s1v1|e_14|3091,3107","s1v1|e_4|2859,3352"],"confidence":{"state":"pre-added","who":["user:bernidam"],"prob":1}},{"classId":"r_18","type":"linked","directed":false,"entities":["s1v1|e_14|3129,3148","s1v1|e_4|2859,3352"],"confidence":{"state":"pre-added","who":["user:bernidam"],"prob":1}},{"classId":"r_18","type":"linked","directed":false,"entities":["s1v1|e_14|3163,3174","s1v1|e_4|2859,3352"],"confidence":{"state":"pre-added","who":["user:bernidam"],"prob":1}},{"classId":"r_18","type":"linked","directed":false,"entities":["s1v1|e_14|3202,3213","s1v1|e_4|2859,3352"],"confidence":{"state":"pre-added","who":["user:bernidam"],"prob":1}},{"classId":"r_18","type":"linked","directed":false,"entities":["s1v1|e_14|3255,3289","s1v1|e_4|2859,3352"],"confidence":{"state":"pre-added","who":["user:bernidam"],"prob":1}},{"classId":"r_18","type":"linked","directed":false,"entities":["s1v1|e_14|3334,3351","s1v1|e_4|2859,3352"],"confidence":{"state":"pre-added","who":["user:bernidam"],"prob":1}},{"classId":"r_18","type":"linked","directed":false,"entities":["s1v1|e_14|3371,3408","s1v1|e_4|3366,3486"],"confidence":{"state":"pre-added","who":["user:bernidam"],"prob":1}},{"classId":"r_18","type":"linked","directed":false,"entities":["s1v1|e_14|3410,3439","s1v1|e_4|3366,3486"],"confidence":{"state":"pre-added","who":["user:bernidam"],"prob":1}},{"classId":"r_18","type":"linked","directed":false,"entities":["s1v1|e_14|3451,3480","s1v1|e_4|3366,3486"],"confidence":{"state":"pre-added","who":["user:bernidam"],"prob":1}},{"classId":"r_18","type":"linked","directed":false,"entities":["s1v1|e_14|3759,3778","s1v1|e_4|3806,4044"],"confidence":{"state":"pre-added","who":["user:gcsenge"],"prob":1}},{"classId":"r_18","type":"linked","directed":false,"entities":["s1v1|e_14|3811,3899","s1v1|e_4|3806,4044"],"confidence":{"state":"pre-added","who":["user:bernidam"],"prob":1}},{"classId":"r_18","type":"linked","directed":false,"entities":["s1v1|e_14|3910,3929","s1v1|e_4|3806,4044"],"confidence":{"state":"pre-added","who":["user:bernidam"],"prob":1}},{"classId":"r_18","type":"linked","directed":false,"entities":["s1v1|e_14|3972,4002","s1v1|e_4|3806,4044"],"confidence":{"state":"pre-added","who":["user:bernidam"],"prob":1}},{"classId":"r_18","type":"linked","directed":false,"entities":["s1v1|e_14|4023,4033","s1v1|e_4|3806,4044"],"confidence":{"state":"pre-added","who":["user:bernidam"],"prob":1}},{"classId":"r_18","type":"linked","directed":false,"entities":["s1v1|e_14|4760,4767","s1v1|e_4|4760,4818"],"confidence":{"state":"pre-added","who":["user:bernidam"],"prob":1}},{"classId":"r_18","type":"linked","directed":false,"entities":["s1v1|e_14|4775,4792","s1v1|e_4|4760,4818"],"confidence":{"state":"pre-added","who":["user:bernidam"],"prob":1}},{"classId":"r_18","type":"linked","directed":false,"entities":["s1v1|e_14|4795,4806","s1v1|e_4|4760,4818"],"confidence":{"state":"pre-added","who":["user:bernidam"],"prob":1}},{"classId":"r_19","type":"linked","directed":false,"entities":["s1v1|e_14|2127,2141","s1v1|e_5|2122,2196"],"confidence":{"state":"pre-added","who":["user:bernidam"],"prob":1}},{"classId":"r_19","type":"linked","directed":false,"entities":["s1v1|e_14|2159,2186","s1v1|e_5|2122,2196"],"confidence":{"state":"pre-added","who":["user:bernidam"],"prob":1}},{"classId":"r_19","type":"linked","directed":false,"entities":["s1v1|e_14|3717,3738","s1v1|e_5|3686,3747"],"confidence":{"state":"pre-added","who":["user:bernidam"],"prob":1}},{"classId":"r_19","type":"linked","directed":false,"entities":["s1v1|e_14|4315,4343","s1v1|e_5|4307,4393"],"confidence":{"state":"pre-added","who":["user:bernidam"],"prob":1}},{"classId":"r_19","type":"linked","directed":false,"entities":["s1v1|e_14|4371,4393","s1v1|e_5|4307,4393"],"confidence":{"state":"pre-added","who":["user:bernidam"],"prob":1}},{"classId":"r_20","type":"linked","directed":false,"entities":["s1v1|e_14|2341,2345","s1v1|e_6|2332,2403"],"confidence":{"state":"pre-added","who":["user:bernidam"],"prob":1}},{"classId":"r_20","type":"linked","directed":false,"entities":["s1v1|e_14|2353,2364","s1v1|e_6|2332,2403"],"confidence":{"state":"pre-added","who":["user:bernidam"],"prob":1}},{"classId":"r_20","type":"linked","directed":false,"entities":["s1v1|e_14|2366,2369","s1v1|e_6|2332,2403"],"confidence":{"state":"pre-added","who":["user:bernidam"],"prob":1}},{"classId":"r_20","type":"linked","directed":false,"entities":["s1v1|e_14|2594,2607","s1v1|e_6|2568,2622"],"confidence":{"state":"pre-added","who":["user:bernidam"],"prob":1}},{"classId":"r_20","type":"linked","directed":false,"entities":["s1v1|e_14|4069,4080","s1v1|e_6|4064,4129"],"confidence":{"state":"pre-added","who":["user:bernidam"],"prob":1}},{"classId":"r_20","type":"linked","directed":false,"entities":["s1v1|e_14|4082,4086","s1v1|e_6|4064,4129"],"confidence":{"state":"pre-added","who":["user:bernidam"],"prob":1}},{"classId":"r_20","type":"linked","directed":false,"entities":["s1v1|e_14|4109,4118","s1v1|e_6|4064,4129"],"confidence":{"state":"pre-added","who":["user:bernidam"],"prob":1}},{"classId":"r_25","type":"linked","directed":false,"entities":["s1v1|e_14|3557,3583","s1v1|e_11|3552,3683"],"confidence":{"state":"pre-added","who":["user:bernidam"],"prob":1}},{"classId":"r_25","type":"linked","directed":false,"entities":["s1v1|e_14|3617,3633","s1v1|e_11|3552,3683"],"confidence":{"state":"pre-added","who":["user:bernidam"],"prob":1}},{"classId":"r_25","type":"linked","directed":false,"entities":["s1v1|e_14|3645,3670","s1v1|e_11|3552,3683"],"confidence":{"state":"pre-added","who":["user:bernidam"],"prob":1}}]}