{"annotatable":{"parts":["s1v1"]},"anncomplete":false,"sources":[],"metas":{},"entities":[{"classId":"e_4","part":"s1v1","offsets":[{"start":86,"text":"A Kereszténydemokrata Néppárt számára a tavaszi ülésszakban is a magyar családok védelme és támogatása volt a legfontosabb célkitűzés."}],"coordinates":[],"confidence":{"state":"pre-added","who":["user:porkolabadrian"],"prob":1},"fields":{},"normalizations":{}},{"classId":"e_14","part":"s1v1","offsets":[{"start":86,"text":"A Kereszténydemokrata Néppárt"}],"coordinates":[],"confidence":{"state":"pre-added","who":["user:bernidam"],"prob":1},"fields":{},"normalizations":{}},{"classId":"e_14","part":"s1v1","offsets":[{"start":124,"text":"a tavaszi ülésszakban"}],"coordinates":[],"confidence":{"state":"pre-added","who":["user:porkolabadrian"],"prob":1},"fields":{},"normalizations":{}},{"classId":"e_13","part":"s1v1","offsets":[{"start":149,"text":"a magyar családok védelme és támogatása volt a legfontosabb célkitűzés"}],"coordinates":[],"confidence":{"state":"pre-added","who":["user:porkolabadrian"],"prob":1},"fields":{},"normalizations":{}},{"classId":"e_14","part":"s1v1","offsets":[{"start":149,"text":"a magyar családok védelme és támogatása"}],"coordinates":[],"confidence":{"state":"pre-added","who":["user:porkolabadrian"],"prob":1},"fields":{},"normalizations":{}},{"classId":"e_14","part":"s1v1","offsets":[{"start":194,"text":"a legfontosabb célkitűzés"}],"coordinates":[],"confidence":{"state":"pre-added","who":["user:porkolabadrian"],"prob":1},"fields":{},"normalizations":{}},{"classId":"e_4","part":"s1v1","offsets":[{"start":221,"text":"A család a társadalom legfontosabb alapsejtje; egészséges, erős társadalom csak egészséges, erős családokból épülhet föl."}],"coordinates":[],"confidence":{"state":"pre-added","who":["user:porkolabadrian"],"prob":1},"fields":{},"normalizations":{}},{"classId":"e_14","part":"s1v1","offsets":[{"start":221,"text":"A család"}],"coordinates":[],"confidence":{"state":"pre-added","who":["user:porkolabadrian"],"prob":1},"fields":{},"normalizations":{}},{"classId":"e_14","part":"s1v1","offsets":[{"start":230,"text":"a társadalom legfontosabb alapsejtje"}],"coordinates":[],"confidence":{"state":"pre-added","who":["user:porkolabadrian"],"prob":1},"fields":{},"normalizations":{}},{"classId":"e_13","part":"s1v1","offsets":[{"start":243,"text":"legfontosabb alapsejtje"}],"coordinates":[],"confidence":{"state":"pre-added","who":["user:porkolabadrian"],"prob":1},"fields":{},"normalizations":{}},{"classId":"e_14","part":"s1v1","offsets":[{"start":268,"text":"egészséges, erős társadalom"}],"coordinates":[],"confidence":{"state":"pre-added","who":["user:porkolabadrian"],"prob":1},"fields":{},"normalizations":{}},{"classId":"e_13","part":"s1v1","offsets":[{"start":296,"text":"csak egészséges, erős családokból épülhet föl"}],"coordinates":[],"confidence":{"state":"pre-added","who":["user:porkolabadrian"],"prob":1},"fields":{},"normalizations":{}},{"classId":"e_14","part":"s1v1","offsets":[{"start":301,"text":"egészséges, erős családokból"}],"coordinates":[],"confidence":{"state":"pre-added","who":["user:bernidam"],"prob":1},"fields":{},"normalizations":{}},{"classId":"e_4","part":"s1v1","offsets":[{"start":350,"text":"Szemléletünk szerint a család a szülők, nagyszülők és gyermekek élő közössége, amelyet együtt kell látnunk, és amelyet egységes, komplex módon kell segítenünk, erősítenünk és támogatnunk."}],"coordinates":[],"confidence":{"state":"pre-added","who":["user:porkolabadrian"],"prob":1},"fields":{},"normalizations":{}},{"classId":"e_14","part":"s1v1","offsets":[{"start":371,"text":"a család"}],"coordinates":[],"confidence":{"state":"pre-added","who":["user:porkolabadrian"],"prob":1},"fields":{},"normalizations":{}},{"classId":"e_14","part":"s1v1","offsets":[{"start":380,"text":"a szülők, nagyszülők és gyermekek élő közössége"}],"coordinates":[],"confidence":{"state":"pre-added","who":["user:porkolabadrian"],"prob":1},"fields":{},"normalizations":{}},{"classId":"e_14","part":"s1v1","offsets":[{"start":429,"text":"amelyet"}],"coordinates":[],"confidence":{"state":"pre-added","who":["user:porkolabadrian"],"prob":1},"fields":{},"normalizations":{}},{"classId":"e_13","part":"s1v1","offsets":[{"start":437,"text":"együtt"}],"coordinates":[],"confidence":{"state":"pre-added","who":["user:bernidam"],"prob":1},"fields":{},"normalizations":{}},{"classId":"e_14","part":"s1v1","offsets":[{"start":461,"text":"amelyet"}],"coordinates":[],"confidence":{"state":"pre-added","who":["ml:regex","user:porkolabadrian"],"prob":1},"fields":{},"normalizations":{}},{"classId":"e_13","part":"s1v1","offsets":[{"start":493,"text":"kell segítenünk, erősítenünk és támogatnunk"}],"coordinates":[],"confidence":{"state":"pre-added","who":["user:porkolabadrian"],"prob":1},"fields":{},"normalizations":{}},{"classId":"e_4","part":"s1v1","offsets":[{"start":538,"text":"Ezért támogattuk a kormány minden olyan erőfeszítését"}],"coordinates":[],"confidence":{"state":"pre-added","who":["user:porkolabadrian"],"prob":1},"fields":{},"normalizations":{}},{"classId":"e_13","part":"s1v1","offsets":[{"start":544,"text":"támogattuk"}],"coordinates":[],"confidence":{"state":"pre-added","who":["user:porkolabadrian"],"prob":1},"fields":{},"normalizations":{}},{"classId":"e_14","part":"s1v1","offsets":[{"start":555,"text":"a kormány minden olyan erőfeszítését"}],"coordinates":[],"confidence":{"state":"pre-added","who":["user:porkolabadrian"],"prob":1},"fields":{},"normalizations":{}},{"classId":"e_11","part":"s1v1","offsets":[{"start":593,"text":"amellyel a nyugdíjasokat, a szülők korosztályát, illetve a gyermekeket, azaz a magyar családokat segítette és támogatta"}],"coordinates":[],"confidence":{"state":"pre-added","who":["user:porkolabadrian"],"prob":1},"fields":{},"normalizations":{}},{"classId":"e_14","part":"s1v1","offsets":[{"start":593,"text":"amellyel"}],"coordinates":[],"confidence":{"state":"pre-added","who":["user:porkolabadrian"],"prob":1},"fields":{},"normalizations":{}},{"classId":"e_14","part":"s1v1","offsets":[{"start":602,"text":"a nyugdíjasokat"}],"coordinates":[],"confidence":{"state":"pre-added","who":["user:bernidam"],"prob":1},"fields":{},"normalizations":{}},{"classId":"e_14","part":"s1v1","offsets":[{"start":619,"text":"a szülők korosztályát"}],"coordinates":[],"confidence":{"state":"pre-added","who":["user:bernidam"],"prob":1},"fields":{},"normalizations":{}},{"classId":"e_14","part":"s1v1","offsets":[{"start":650,"text":"a gyermekeket"}],"coordinates":[],"confidence":{"state":"pre-added","who":["user:bernidam"],"prob":1},"fields":{},"normalizations":{}},{"classId":"e_14","part":"s1v1","offsets":[{"start":670,"text":"a magyar családokat"}],"coordinates":[],"confidence":{"state":"pre-added","who":["user:porkolabadrian"],"prob":1},"fields":{},"normalizations":{}},{"classId":"e_13","part":"s1v1","offsets":[{"start":690,"text":"segítette és támogatta"}],"coordinates":[],"confidence":{"state":"pre-added","who":["user:porkolabadrian"],"prob":1},"fields":{},"normalizations":{}},{"classId":"e_4","part":"s1v1","offsets":[{"start":714,"text":"Az elmúlt hét évben, választási ígéretünknek megfelelően, megőriztük a nyugdíjak vásárlóértékét, sőt azon felül is visszaadtuk a nyugdíjasoknak a szocialisták által elvett 13. havi nyugdíját."}],"coordinates":[],"confidence":{"state":"pre-added","who":["user:porkolabadrian"],"prob":1},"fields":{},"normalizations":{}},{"classId":"e_14","part":"s1v1","offsets":[{"start":714,"text":"Az elmúlt hét évben"}],"coordinates":[],"confidence":{"state":"pre-added","who":["user:porkolabadrian"],"prob":1},"fields":{},"normalizations":{}},{"classId":"e_13","part":"s1v1","offsets":[{"start":735,"text":"választási ígéretünknek megfelelően"}],"coordinates":[],"confidence":{"state":"pre-added","who":["user:porkolabadrian"],"prob":1},"fields":{},"normalizations":{}},{"classId":"e_14","part":"s1v1","offsets":[{"start":735,"text":"választási ígéretünknek"}],"coordinates":[],"confidence":{"state":"pre-added","who":["user:porkolabadrian"],"prob":1},"fields":{},"normalizations":{}},{"classId":"e_13","part":"s1v1","offsets":[{"start":772,"text":"megőriztük"}],"coordinates":[],"confidence":{"state":"pre-added","who":["user:porkolabadrian"],"prob":1},"fields":{},"normalizations":{}},{"classId":"e_14","part":"s1v1","offsets":[{"start":783,"text":"a nyugdíjak vásárlóértékét"}],"coordinates":[],"confidence":{"state":"pre-added","who":["user:porkolabadrian"],"prob":1},"fields":{},"normalizations":{}},{"classId":"e_13","part":"s1v1","offsets":[{"start":829,"text":"visszaadtuk"}],"coordinates":[],"confidence":{"state":"pre-added","who":["user:porkolabadrian"],"prob":1},"fields":{},"normalizations":{}},{"classId":"e_14","part":"s1v1","offsets":[{"start":841,"text":"a nyugdíjasoknak"}],"coordinates":[],"confidence":{"state":"pre-added","who":["user:porkolabadrian"],"prob":1},"fields":{},"normalizations":{}},{"classId":"e_14","part":"s1v1","offsets":[{"start":858,"text":"a szocialisták által elvett 13. havi nyugdíját"}],"coordinates":[],"confidence":{"state":"pre-added","who":["user:porkolabadrian"],"prob":1},"fields":{},"normalizations":{}},{"classId":"e_4","part":"s1v1","offsets":[{"start":906,"text":"Ezenfelül tavaly év végén minden nyugdíjas 10 ezer forintos Erzsébet-utalványt kaphatott."}],"coordinates":[],"confidence":{"state":"pre-added","who":["user:porkolabadrian"],"prob":1},"fields":{},"normalizations":{}},{"classId":"e_14","part":"s1v1","offsets":[{"start":916,"text":"tavaly év végén"}],"coordinates":[],"confidence":{"state":"pre-added","who":["user:porkolabadrian"],"prob":1},"fields":{},"normalizations":{}},{"classId":"e_14","part":"s1v1","offsets":[{"start":932,"text":"minden nyugdíjas"}],"coordinates":[],"confidence":{"state":"pre-added","who":["user:porkolabadrian"],"prob":1},"fields":{},"normalizations":{}},{"classId":"e_13","part":"s1v1","offsets":[{"start":949,"text":"10 ezer forintos Erzsébet-utalványt kaphatott"}],"coordinates":[],"confidence":{"state":"pre-added","who":["user:porkolabadrian"],"prob":1},"fields":{},"normalizations":{}},{"classId":"e_14","part":"s1v1","offsets":[{"start":949,"text":"10 ezer forintos Erzsébet-utalványt"}],"coordinates":[],"confidence":{"state":"pre-added","who":["user:porkolabadrian"],"prob":1},"fields":{},"normalizations":{}},{"classId":"e_4","part":"s1v1","offsets":[{"start":996,"text":"A gazdaság jó teljesítményének köszönhetően pedig ma már arról beszélhetünk reálisan, hogy a következő évben a törvénynek megfelelő nyugdíjemelés mellett nyugdíjprémiumot is fizethetünk a nyugdíjasoknak."}],"coordinates":[],"confidence":{"state":"pre-added","who":["user:porkolabadrian"],"prob":1},"fields":{},"normalizations":{}},{"classId":"e_14","part":"s1v1","offsets":[{"start":996,"text":"A gazdaság jó teljesítményének"}],"coordinates":[],"confidence":{"state":"pre-added","who":["user:porkolabadrian"],"prob":1},"fields":{},"normalizations":{}},{"classId":"e_13","part":"s1v1","offsets":[{"start":1007,"text":"jó teljesítményének"}],"coordinates":[],"confidence":{"state":"pre-added","who":["user:porkolabadrian"],"prob":1},"fields":{},"normalizations":{}},{"classId":"e_14","part":"s1v1","offsets":[{"start":1053,"text":"arról"}],"coordinates":[],"confidence":{"state":"pre-added","who":["user:porkolabadrian"],"prob":1},"fields":{},"normalizations":{}},{"classId":"e_14","part":"s1v1","offsets":[{"start":1087,"text":"a következő évben"}],"coordinates":[],"confidence":{"state":"pre-added","who":["user:porkolabadrian"],"prob":1},"fields":{},"normalizations":{}},{"classId":"e_14","part":"s1v1","offsets":[{"start":1105,"text":"a törvénynek megfelelő nyugdíjemelés mellett"}],"coordinates":[],"confidence":{"state":"pre-added","who":["user:porkolabadrian"],"prob":1},"fields":{},"normalizations":{}},{"classId":"e_13","part":"s1v1","offsets":[{"start":1128,"text":"nyugdíjemelés"}],"coordinates":[],"confidence":{"state":"pre-added","who":["user:bernidam"],"prob":1},"fields":{},"normalizations":{}},{"classId":"e_13","part":"s1v1","offsets":[{"start":1150,"text":"nyugdíjprémiumot is fizethetünk"}],"coordinates":[],"confidence":{"state":"pre-added","who":["user:porkolabadrian"],"prob":1},"fields":{},"normalizations":{}},{"classId":"e_14","part":"s1v1","offsets":[{"start":1150,"text":"nyugdíjprémiumot"}],"coordinates":[],"confidence":{"state":"pre-added","who":["user:porkolabadrian"],"prob":1},"fields":{},"normalizations":{}},{"classId":"e_14","part":"s1v1","offsets":[{"start":1182,"text":"a nyugdíjasoknak"}],"coordinates":[],"confidence":{"state":"pre-added","who":["user:porkolabadrian"],"prob":1},"fields":{},"normalizations":{}},{"classId":"e_4","part":"s1v1","offsets":[{"start":1200,"text":"A szülők korosztálya tekintetében az elmúlt hét évben nemcsak a „segély helyett munkát” programnak megfelelően a munkahelyteremtés, a foglalkoztatás bővítése és erősítése volt a célkitűzésünk, hanem a béremelés programja is."}],"coordinates":[],"confidence":{"state":"pre-added","who":["user:porkolabadrian"],"prob":1},"fields":{},"normalizations":{}},{"classId":"e_14","part":"s1v1","offsets":[{"start":1200,"text":"A szülők korosztálya"}],"coordinates":[],"confidence":{"state":"pre-added","who":["user:bernidam"],"prob":1},"fields":{},"normalizations":{}},{"classId":"e_14","part":"s1v1","offsets":[{"start":1234,"text":"az elmúlt hét évben"}],"coordinates":[],"confidence":{"state":"pre-added","who":["user:porkolabadrian"],"prob":1},"fields":{},"normalizations":{}},{"classId":"e_14","part":"s1v1","offsets":[{"start":1262,"text":"a „segély helyett munkát” programnak"}],"coordinates":[],"confidence":{"state":"pre-added","who":["user:porkolabadrian"],"prob":1},"fields":{},"normalizations":{}},{"classId":"e_14","part":"s1v1","offsets":[{"start":1311,"text":"a munkahelyteremtés"}],"coordinates":[],"confidence":{"state":"pre-added","who":["user:bernidam"],"prob":1},"fields":{},"normalizations":{}},{"classId":"e_13","part":"s1v1","offsets":[{"start":1313,"text":"munkahelyteremtés"}],"coordinates":[],"confidence":{"state":"pre-added","who":["user:porkolabadrian"],"prob":1},"fields":{},"normalizations":{}},{"classId":"e_14","part":"s1v1","offsets":[{"start":1332,"text":"a foglalkoztatás bővítése és erősítése"}],"coordinates":[],"confidence":{"state":"pre-added","who":["user:bernidam"],"prob":1},"fields":{},"normalizations":{}},{"classId":"e_13","part":"s1v1","offsets":[{"start":1334,"text":"foglalkoztatás bővítése"}],"coordinates":[],"confidence":{"state":"pre-added","who":["user:porkolabadrian"],"prob":1},"fields":{},"normalizations":{}},{"classId":"e_14","part":"s1v1","offsets":[{"start":1376,"text":"a célkitűzésünk"}],"coordinates":[],"confidence":{"state":"pre-added","who":["user:porkolabadrian"],"prob":1},"fields":{},"normalizations":{}},{"classId":"e_14","part":"s1v1","offsets":[{"start":1399,"text":"a béremelés programja"}],"coordinates":[],"confidence":{"state":"pre-added","who":["user:porkolabadrian"],"prob":1},"fields":{},"normalizations":{}},{"classId":"e_13","part":"s1v1","offsets":[{"start":1401,"text":"béremelés"}],"coordinates":[],"confidence":{"state":"pre-added","who":["user:porkolabadrian"],"prob":1},"fields":{},"normalizations":{}},{"classId":"e_4","part":"s1v1","offsets":[{"start":1425,"text":"Számtalan területen megindultak az életpályamodellek, a családi adórendszer létrehozása és kibővítése, valamint az elmúlt 27 év legnagyobb arányú minimálbér- és garantáltbérminimum-fejlesztése segítette a családok erősödését."}],"coordinates":[],"confidence":{"state":"pre-added","who":["user:porkolabadrian"],"prob":1},"fields":{},"normalizations":{}},{"classId":"e_14","part":"s1v1","offsets":[{"start":1425,"text":"Számtalan területen"}],"coordinates":[],"confidence":{"state":"pre-added","who":["user:porkolabadrian"],"prob":1},"fields":{},"normalizations":{}},{"classId":"e_13","part":"s1v1","offsets":[{"start":1445,"text":"megindultak az életpályamodellek"}],"coordinates":[],"confidence":{"state":"pre-added","who":["user:porkolabadrian"],"prob":1},"fields":{},"normalizations":{}},{"classId":"e_14","part":"s1v1","offsets":[{"start":1457,"text":"az életpályamodellek"}],"coordinates":[],"confidence":{"state":"pre-added","who":["user:porkolabadrian"],"prob":1},"fields":{},"normalizations":{}},{"classId":"e_14","part":"s1v1","offsets":[{"start":1479,"text":"a családi adórendszer létrehozása és kibővítése"}],"coordinates":[],"confidence":{"state":"pre-added","who":["user:porkolabadrian"],"prob":1},"fields":{},"normalizations":{}},{"classId":"e_14","part":"s1v1","offsets":[{"start":1537,"text":"az elmúlt 27 év legnagyobb arányú minimálbér- és garantáltbérminimum-fejlesztése"}],"coordinates":[],"confidence":{"state":"pre-added","who":["user:porkolabadrian"],"prob":1},"fields":{},"normalizations":{}},{"classId":"e_13","part":"s1v1","offsets":[{"start":1618,"text":"segítette a családok erősödését"}],"coordinates":[],"confidence":{"state":"pre-added","who":["user:porkolabadrian"],"prob":1},"fields":{},"normalizations":{}},{"classId":"e_14","part":"s1v1","offsets":[{"start":1628,"text":"a családok erősödését"}],"coordinates":[],"confidence":{"state":"pre-added","who":["user:porkolabadrian"],"prob":1},"fields":{},"normalizations":{}},{"classId":"e_4","part":"s1v1","offsets":[{"start":1651,"text":"A gyermekek korosztályát pedig a családtámogatási rendszer széles pénzügyi és intézményi hálózata segíti és támogatja."}],"coordinates":[],"confidence":{"state":"pre-added","who":["user:porkolabadrian"],"prob":1},"fields":{},"normalizations":{}},{"classId":"e_14","part":"s1v1","offsets":[{"start":1651,"text":"A gyermekek korosztályát"}],"coordinates":[],"confidence":{"state":"pre-added","who":["user:porkolabadrian"],"prob":1},"fields":{},"normalizations":{}},{"classId":"e_14","part":"s1v1","offsets":[{"start":1682,"text":"a családtámogatási rendszer széles pénzügyi és intézményi hálózata"}],"coordinates":[],"confidence":{"state":"pre-added","who":["user:porkolabadrian"],"prob":1},"fields":{},"normalizations":{}},{"classId":"e_13","part":"s1v1","offsets":[{"start":1749,"text":"segíti és támogatja"}],"coordinates":[],"confidence":{"state":"pre-added","who":["user:porkolabadrian"],"prob":1},"fields":{},"normalizations":{}},{"classId":"e_14","part":"s1v1","offsets":[{"start":1931,"text":"Az egyik"}],"coordinates":[],"confidence":{"state":"pre-added","who":["user:porkolabadrian"],"prob":1},"fields":{},"normalizations":{}},{"classId":"e_12","part":"s1v1","offsets":[{"start":1931,"text":"Az egyik a végrehajtási törvény módosítása volt"}],"coordinates":[],"confidence":{"state":"pre-added","who":["user:bernidam"],"prob":1},"fields":{},"normalizations":{}},{"classId":"e_14","part":"s1v1","offsets":[{"start":1940,"text":"a végrehajtási törvény módosítása"}],"coordinates":[],"confidence":{"state":"pre-added","who":["user:porkolabadrian"],"prob":1},"fields":{},"normalizations":{}},{"classId":"e_13","part":"s1v1","offsets":[{"start":1942,"text":"végrehajtási törvény módosítása"}],"coordinates":[],"confidence":{"state":"pre-added","who":["user:bernidam"],"prob":1},"fields":{},"normalizations":{}},{"classId":"e_14","part":"s1v1","offsets":[{"start":1980,"text":"amellyel"}],"coordinates":[],"confidence":{"state":"pre-added","who":["user:porkolabadrian"],"prob":1},"fields":{},"normalizations":{}},{"classId":"e_11","part":"s1v1","offsets":[{"start":1980,"text":"amellyel a kiszolgáltatott helyzetbe került családokat segítettük"}],"coordinates":[],"confidence":{"state":"pre-added","who":["user:bernidam"],"prob":1},"fields":{},"normalizations":{}},{"classId":"e_14","part":"s1v1","offsets":[{"start":1989,"text":"a kiszolgáltatott helyzetbe került családokat"}],"coordinates":[],"confidence":{"state":"pre-added","who":["user:porkolabadrian"],"prob":1},"fields":{},"normalizations":{}},{"classId":"e_13","part":"s1v1","offsets":[{"start":2035,"text":"segítettük"}],"coordinates":[],"confidence":{"state":"pre-added","who":["user:porkolabadrian"],"prob":1},"fields":{},"normalizations":{}},{"classId":"e_11","part":"s1v1","offsets":[{"start":2047,"text":"A kormány az évek folyamán több adósmentő csomagot hozott létre a bajba jutott adósok megsegítésére: végtörlesztés, árfolyamgát, forintosítás, családi csődvédelem vagy a Nemzeti Eszközkezelő."}],"coordinates":[],"confidence":{"state":"pre-added","who":["user:porkolabadrian"],"prob":1},"fields":{},"normalizations":{}},{"classId":"e_14","part":"s1v1","offsets":[{"start":2047,"text":"A kormány"}],"coordinates":[],"confidence":{"state":"pre-added","who":["user:porkolabadrian"],"prob":1},"fields":{},"normalizations":{}},{"classId":"e_14","part":"s1v1","offsets":[{"start":2057,"text":"az évek folyamán"}],"coordinates":[],"confidence":{"state":"pre-added","who":["user:porkolabadrian"],"prob":1},"fields":{},"normalizations":{}},{"classId":"e_13","part":"s1v1","offsets":[{"start":2074,"text":"több adósmentő csomagot hozott létre"}],"coordinates":[],"confidence":{"state":"pre-added","who":["user:porkolabadrian"],"prob":1},"fields":{},"normalizations":{}},{"classId":"e_14","part":"s1v1","offsets":[{"start":2074,"text":"több adósmentő csomagot"}],"coordinates":[],"confidence":{"state":"pre-added","who":["user:porkolabadrian"],"prob":1},"fields":{},"normalizations":{}},{"classId":"e_14","part":"s1v1","offsets":[{"start":2111,"text":"a bajba jutott adósok megsegítésére"}],"coordinates":[],"confidence":{"state":"pre-added","who":["user:porkolabadrian"],"prob":1},"fields":{},"normalizations":{}},{"classId":"e_13","part":"s1v1","offsets":[{"start":2133,"text":"megsegítésére"}],"coordinates":[],"confidence":{"state":"pre-added","who":["user:porkolabadrian"],"prob":1},"fields":{},"normalizations":{}},{"classId":"e_14","part":"s1v1","offsets":[{"start":2148,"text":"végtörlesztés"}],"coordinates":[],"confidence":{"state":"pre-added","who":["user:bernidam"],"prob":1},"fields":{},"normalizations":{}},{"classId":"e_14","part":"s1v1","offsets":[{"start":2163,"text":"árfolyamgát"}],"coordinates":[],"confidence":{"state":"pre-added","who":["user:bernidam"],"prob":1},"fields":{},"normalizations":{}},{"classId":"e_14","part":"s1v1","offsets":[{"start":2176,"text":"forintosítás"}],"coordinates":[],"confidence":{"state":"pre-added","who":["user:bernidam"],"prob":1},"fields":{},"normalizations":{}},{"classId":"e_14","part":"s1v1","offsets":[{"start":2190,"text":"családi csődvédelem"}],"coordinates":[],"confidence":{"state":"pre-added","who":["user:bernidam"],"prob":1},"fields":{},"normalizations":{}},{"classId":"e_14","part":"s1v1","offsets":[{"start":2215,"text":"a Nemzeti Eszközkezelő"}],"coordinates":[],"confidence":{"state":"pre-added","who":["user:bernidam"],"prob":1},"fields":{},"normalizations":{}},{"classId":"e_11","part":"s1v1","offsets":[{"start":2239,"text":"Ezek több százezer családot segítettek, illetve emeltek ki abból a helyzetből, amelybe a devizahitelek juttatták őket."}],"coordinates":[],"confidence":{"state":"pre-added","who":["user:porkolabadrian"],"prob":1},"fields":{},"normalizations":{}},{"classId":"e_14","part":"s1v1","offsets":[{"start":2239,"text":"Ezek"}],"coordinates":[],"confidence":{"state":"pre-added","who":["user:porkolabadrian"],"prob":1},"fields":{},"normalizations":{}},{"classId":"e_14","part":"s1v1","offsets":[{"start":2244,"text":"több százezer családot"}],"coordinates":[],"confidence":{"state":"pre-added","who":["user:porkolabadrian"],"prob":1},"fields":{},"normalizations":{}},{"classId":"e_13","part":"s1v1","offsets":[{"start":2267,"text":"segítettek, illetve emeltek ki"}],"coordinates":[],"confidence":{"state":"pre-added","who":["user:porkolabadrian"],"prob":1},"fields":{},"normalizations":{}},{"classId":"e_14","part":"s1v1","offsets":[{"start":2298,"text":"abból a helyzetből"}],"coordinates":[],"confidence":{"state":"pre-added","who":["user:porkolabadrian"],"prob":1},"fields":{},"normalizations":{}},{"classId":"e_14","part":"s1v1","offsets":[{"start":2318,"text":"amelybe"}],"coordinates":[],"confidence":{"state":"pre-added","who":["user:porkolabadrian"],"prob":1},"fields":{},"normalizations":{}},{"classId":"e_14","part":"s1v1","offsets":[{"start":2352,"text":"őket"}],"coordinates":[],"confidence":{"state":"pre-added","who":["user:porkolabadrian"],"prob":1},"fields":{},"normalizations":{}},{"classId":"e_2","part":"s1v1","offsets":[{"start":2358,"text":"De így is van még több mint százezer olyan család, amelyek nem tudják a törlesztéseket fizetni, és három hónapnál hosszabb idő óta nem fizettek."}],"coordinates":[],"confidence":{"state":"pre-added","who":["user:porkolabadrian"],"prob":1},"fields":{},"normalizations":{}},{"classId":"e_14","part":"s1v1","offsets":[{"start":2376,"text":"több mint százezer olyan család"}],"coordinates":[],"confidence":{"state":"pre-added","who":["user:porkolabadrian"],"prob":1},"fields":{},"normalizations":{}},{"classId":"e_14","part":"s1v1","offsets":[{"start":2409,"text":"amelyek"}],"coordinates":[],"confidence":{"state":"pre-added","who":["user:porkolabadrian"],"prob":1},"fields":{},"normalizations":{}},{"classId":"e_13","part":"s1v1","offsets":[{"start":2417,"text":"nem tudják a törlesztéseket fizetni"}],"coordinates":[],"confidence":{"state":"pre-added","who":["user:porkolabadrian"],"prob":1},"fields":{},"normalizations":{}},{"classId":"e_14","part":"s1v1","offsets":[{"start":2428,"text":"a törlesztéseket"}],"coordinates":[],"confidence":{"state":"pre-added","who":["user:porkolabadrian"],"prob":1},"fields":{},"normalizations":{}},{"classId":"e_14","part":"s1v1","offsets":[{"start":2457,"text":"három hónapnál hosszabb idő"}],"coordinates":[],"confidence":{"state":"pre-added","who":["user:bernidam"],"prob":1},"fields":{},"normalizations":{}},{"classId":"e_13","part":"s1v1","offsets":[{"start":2489,"text":"nem fizettek"}],"coordinates":[],"confidence":{"state":"pre-added","who":["user:porkolabadrian"],"prob":1},"fields":{},"normalizations":{}},{"classId":"e_4","part":"s1v1","offsets":[{"start":2503,"text":"Az ő megsegítésükre fogadtuk el ? a javaslatunkra ? a végrehajtási törvény módosítását, amely lehetővé teszi, hogy a lakóingatlan árverése esetén a kikiáltási áron tehető csak érvényes vételi ajánlat, szemben a korábbi 70 százalékkal."}],"coordinates":[],"confidence":{"state":"pre-added","who":["user:porkolabadrian"],"prob":1},"fields":{},"normalizations":{}},{"classId":"e_14","part":"s1v1","offsets":[{"start":2503,"text":"Az ő megsegítésükre"}],"coordinates":[],"confidence":{"state":"pre-added","who":["user:porkolabadrian"],"prob":1},"fields":{},"normalizations":{}},{"classId":"e_13","part":"s1v1","offsets":[{"start":2523,"text":"fogadtuk el"}],"coordinates":[],"confidence":{"state":"pre-added","who":["user:porkolabadrian"],"prob":1},"fields":{},"normalizations":{}},{"classId":"e_14","part":"s1v1","offsets":[{"start":2537,"text":"a javaslatunkra"}],"coordinates":[],"confidence":{"state":"pre-added","who":["user:bernidam"],"prob":1},"fields":{},"normalizations":{}},{"classId":"e_14","part":"s1v1","offsets":[{"start":2555,"text":"a végrehajtási törvény módosítását"}],"coordinates":[],"confidence":{"state":"pre-added","who":["user:porkolabadrian"],"prob":1},"fields":{},"normalizations":{}},{"classId":"e_14","part":"s1v1","offsets":[{"start":2591,"text":"amely"}],"coordinates":[],"confidence":{"state":"pre-added","who":["user:porkolabadrian"],"prob":1},"fields":{},"normalizations":{}},{"classId":"e_13","part":"s1v1","offsets":[{"start":2597,"text":"lehetővé teszi"}],"coordinates":[],"confidence":{"state":"pre-added","who":["user:porkolabadrian"],"prob":1},"fields":{},"normalizations":{}},{"classId":"e_14","part":"s1v1","offsets":[{"start":2618,"text":"a lakóingatlan árverése esetén"}],"coordinates":[],"confidence":{"state":"pre-added","who":["user:porkolabadrian"],"prob":1},"fields":{},"normalizations":{}},{"classId":"e_13","part":"s1v1","offsets":[{"start":2649,"text":"a kikiáltási áron tehető csak érvényes vételi ajánlat"}],"coordinates":[],"confidence":{"state":"pre-added","who":["user:porkolabadrian"],"prob":1},"fields":{},"normalizations":{}},{"classId":"e_14","part":"s1v1","offsets":[{"start":2649,"text":"a kikiáltási áron"}],"coordinates":[],"confidence":{"state":"pre-added","who":["user:porkolabadrian"],"prob":1},"fields":{},"normalizations":{}},{"classId":"e_14","part":"s1v1","offsets":[{"start":2679,"text":"érvényes vételi ajánlat"}],"coordinates":[],"confidence":{"state":"pre-added","who":["user:porkolabadrian"],"prob":1},"fields":{},"normalizations":{}},{"classId":"e_14","part":"s1v1","offsets":[{"start":2712,"text":"a korábbi 70 százalékkal"}],"coordinates":[],"confidence":{"state":"pre-added","who":["user:bernidam"],"prob":1},"fields":{},"normalizations":{}},{"classId":"e_4","part":"s1v1","offsets":[{"start":2738,"text":"Többszöri árverés esetén a lakóingatlanra legalább a kikiáltási ár 90 százalékának megfelelő összeggel tett érvényes vételi ajánlat lehet érvényes"}],"coordinates":[],"confidence":{"state":"pre-added","who":["user:porkolabadrian"],"prob":1},"fields":{},"normalizations":{}},{"classId":"e_14","part":"s1v1","offsets":[{"start":2738,"text":"Többszöri árverés esetén"}],"coordinates":[],"confidence":{"state":"pre-added","who":["user:porkolabadrian"],"prob":1},"fields":{},"normalizations":{}},{"classId":"e_14","part":"s1v1","offsets":[{"start":2763,"text":"a lakóingatlanra legalább a kikiáltási ár 90 százalékának megfelelő összeggel tett érvényes vételi ajánlat"}],"coordinates":[],"confidence":{"state":"pre-added","who":["user:bernidam"],"prob":1},"fields":{},"normalizations":{}},{"classId":"e_13","part":"s1v1","offsets":[{"start":2789,"text":"a kikiáltási ár 90 százalékának megfelelő összeggel tett érvényes vételi ajánlat lehet érvényes"}],"coordinates":[],"confidence":{"state":"pre-added","who":["user:porkolabadrian"],"prob":1},"fields":{},"normalizations":{}},{"classId":"e_2","part":"s1v1","offsets":[{"start":2886,"text":"ha a folyamatos árverezés iránti hirdetmény közzététele óta egy év eltelt, és a lakóingatlan még nem került érvényesítésre"}],"coordinates":[],"confidence":{"state":"pre-added","who":["user:porkolabadrian"],"prob":1},"fields":{},"normalizations":{}},{"classId":"e_14","part":"s1v1","offsets":[{"start":2889,"text":"a folyamatos árverezés iránti hirdetmény közzététele"}],"coordinates":[],"confidence":{"state":"pre-added","who":["user:bernidam"],"prob":1},"fields":{},"normalizations":{}},{"classId":"e_13","part":"s1v1","offsets":[{"start":2946,"text":"egy év eltelt"}],"coordinates":[],"confidence":{"state":"pre-added","who":["user:porkolabadrian"],"prob":1},"fields":{},"normalizations":{}},{"classId":"e_14","part":"s1v1","offsets":[{"start":2946,"text":"egy év"}],"coordinates":[],"confidence":{"state":"pre-added","who":["user:porkolabadrian"],"prob":1},"fields":{},"normalizations":{}},{"classId":"e_14","part":"s1v1","offsets":[{"start":2964,"text":"a lakóingatlan"}],"coordinates":[],"confidence":{"state":"pre-added","who":["user:porkolabadrian"],"prob":1},"fields":{},"normalizations":{}},{"classId":"e_13","part":"s1v1","offsets":[{"start":2983,"text":"nem került érvényesítésre"}],"coordinates":[],"confidence":{"state":"pre-added","who":["user:porkolabadrian"],"prob":1},"fields":{},"normalizations":{}},{"classId":"e_14","part":"s1v1","offsets":[{"start":2994,"text":"érvényesítésre"}],"coordinates":[],"confidence":{"state":"pre-added","who":["user:porkolabadrian"],"prob":1},"fields":{},"normalizations":{}},{"classId":"e_11","part":"s1v1","offsets":[{"start":3010,"text":"Ezzel az intézkedéssel majd’ 150 ezer családon tudtunk segíteni."}],"coordinates":[],"confidence":{"state":"pre-added","who":["user:porkolabadrian"],"prob":1},"fields":{},"normalizations":{}},{"classId":"e_14","part":"s1v1","offsets":[{"start":3010,"text":"Ezzel az intézkedéssel"}],"coordinates":[],"confidence":{"state":"pre-added","who":["user:porkolabadrian"],"prob":1},"fields":{},"normalizations":{}},{"classId":"e_14","part":"s1v1","offsets":[{"start":3033,"text":"majd’ 150 ezer családon"}],"coordinates":[],"confidence":{"state":"pre-added","who":["user:porkolabadrian"],"prob":1},"fields":{},"normalizations":{}},{"classId":"e_13","part":"s1v1","offsets":[{"start":3057,"text":"tudtunk segíteni"}],"coordinates":[],"confidence":{"state":"pre-added","who":["user:porkolabadrian"],"prob":1},"fields":{},"normalizations":{}},{"classId":"e_4","part":"s1v1","offsets":[{"start":3147,"text":"A gyermekeket vállaló és nevelő családok támogatására jövőre mintegy 1900 milliárd forintot, az idei évihez képest mintegy 8 százalékkal többet, körülbelül 140 milliárd forinttal többet fordíthatunk."}],"coordinates":[],"confidence":{"state":"pre-added","who":["user:porkolabadrian"],"prob":1},"fields":{},"normalizations":{}},{"classId":"e_14","part":"s1v1","offsets":[{"start":3147,"text":"A gyermekeket vállaló és nevelő családok támogatására"}],"coordinates":[],"confidence":{"state":"pre-added","who":["user:porkolabadrian"],"prob":1},"fields":{},"normalizations":{}},{"classId":"e_13","part":"s1v1","offsets":[{"start":3188,"text":"támogatására"}],"coordinates":[],"confidence":{"state":"pre-added","who":["user:bernidam"],"prob":1},"fields":{},"normalizations":{}},{"classId":"e_14","part":"s1v1","offsets":[{"start":3201,"text":"jövőre"}],"coordinates":[],"confidence":{"state":"pre-added","who":["user:porkolabadrian"],"prob":1},"fields":{},"normalizations":{}},{"classId":"e_14","part":"s1v1","offsets":[{"start":3208,"text":"mintegy 1900 milliárd forintot"}],"coordinates":[],"confidence":{"state":"pre-added","who":["user:porkolabadrian"],"prob":1},"fields":{},"normalizations":{}},{"classId":"e_14","part":"s1v1","offsets":[{"start":3240,"text":"az idei évihez"}],"coordinates":[],"confidence":{"state":"pre-added","who":["user:bernidam"],"prob":1},"fields":{},"normalizations":{}},{"classId":"e_13","part":"s1v1","offsets":[{"start":3262,"text":"mintegy 8 százalékkal többet, körülbelül 140 milliárd forinttal többet fordíthatunk"}],"coordinates":[],"confidence":{"state":"pre-added","who":["user:porkolabadrian"],"prob":1},"fields":{},"normalizations":{}},{"classId":"e_14","part":"s1v1","offsets":[{"start":3262,"text":"mintegy 8 százalékkal"}],"coordinates":[],"confidence":{"state":"pre-added","who":["user:porkolabadrian"],"prob":1},"fields":{},"normalizations":{}},{"classId":"e_14","part":"s1v1","offsets":[{"start":3292,"text":"körülbelül 140 milliárd forinttal"}],"coordinates":[],"confidence":{"state":"pre-added","who":["user:porkolabadrian"],"prob":1},"fields":{},"normalizations":{}},{"classId":"e_4","part":"s1v1","offsets":[{"start":3347,"text":"Mindez 2010-hez képest kétszer akkora összeget, forrást jelent a családok támogatására."}],"coordinates":[],"confidence":{"state":"pre-added","who":["user:porkolabadrian"],"prob":1},"fields":{},"normalizations":{}},{"classId":"e_14","part":"s1v1","offsets":[{"start":3347,"text":"Mindez"}],"coordinates":[],"confidence":{"state":"pre-added","who":["user:porkolabadrian"],"prob":1},"fields":{},"normalizations":{}},{"classId":"e_14","part":"s1v1","offsets":[{"start":3354,"text":"2010-hez"}],"coordinates":[],"confidence":{"state":"pre-added","who":["user:bernidam"],"prob":1},"fields":{},"normalizations":{}},{"classId":"e_13","part":"s1v1","offsets":[{"start":3370,"text":"kétszer akkora összeget, forrást jelent a családok támogatására"}],"coordinates":[],"confidence":{"state":"pre-added","who":["user:porkolabadrian"],"prob":1},"fields":{},"normalizations":{}},{"classId":"e_14","part":"s1v1","offsets":[{"start":3370,"text":"kétszer akkora összeget, forrást"}],"coordinates":[],"confidence":{"state":"pre-added","who":["user:porkolabadrian"],"prob":1},"fields":{},"normalizations":{}},{"classId":"e_14","part":"s1v1","offsets":[{"start":3410,"text":"a családok támogatására"}],"coordinates":[],"confidence":{"state":"pre-added","who":["user:porkolabadrian"],"prob":1},"fields":{},"normalizations":{}},{"classId":"e_14","part":"s1v1","offsets":[{"start":3435,"text":"A gyermekek táboroztatására"}],"coordinates":[],"confidence":{"state":"pre-added","who":["user:porkolabadrian"],"prob":1},"fields":{},"normalizations":{}},{"classId":"e_4","part":"s1v1","offsets":[{"start":3435,"text":"A gyermekek táboroztatására az Erzsébet-program keretén belül 2018-ban több mint 5 milliárd forint áll rendelkezésre, az ingyenes gyermekétkeztetésre majd’ 80 milliárd forintot költhetünk, illetve az ingyenes tankönyvprogram, amely már több mint 1 millió gyermeket fog támogatni"}],"coordinates":[],"confidence":{"state":"pre-added","who":["user:porkolabadrian"],"prob":1},"fields":{},"normalizations":{}},{"classId":"e_14","part":"s1v1","offsets":[{"start":3463,"text":"az Erzsébet-program keretén"}],"coordinates":[],"confidence":{"state":"pre-added","who":["user:bernidam"],"prob":1},"fields":{},"normalizations":{}},{"classId":"e_14","part":"s1v1","offsets":[{"start":3497,"text":"2018-ban"}],"coordinates":[],"confidence":{"state":"pre-added","who":["user:bernidam"],"prob":1},"fields":{},"normalizations":{}},{"classId":"e_14","part":"s1v1","offsets":[{"start":3506,"text":"több mint 5 milliárd forint"}],"coordinates":[],"confidence":{"state":"pre-added","who":["user:porkolabadrian"],"prob":1},"fields":{},"normalizations":{}},{"classId":"e_13","part":"s1v1","offsets":[{"start":3534,"text":"áll rendelkezésre"}],"coordinates":[],"confidence":{"state":"pre-added","who":["user:porkolabadrian"],"prob":1},"fields":{},"normalizations":{}},{"classId":"e_14","part":"s1v1","offsets":[{"start":3553,"text":"az ingyenes gyermekétkeztetésre"}],"coordinates":[],"confidence":{"state":"pre-added","who":["user:porkolabadrian"],"prob":1},"fields":{},"normalizations":{}},{"classId":"e_13","part":"s1v1","offsets":[{"start":3556,"text":"ingyenes"}],"coordinates":[],"confidence":{"state":"pre-added","who":["user:porkolabadrian"],"prob":1},"fields":{},"normalizations":{}},{"classId":"e_13","part":"s1v1","offsets":[{"start":3585,"text":"majd’ 80 milliárd forintot költhetünk"}],"coordinates":[],"confidence":{"state":"pre-added","who":["user:porkolabadrian"],"prob":1},"fields":{},"normalizations":{}},{"classId":"e_14","part":"s1v1","offsets":[{"start":3585,"text":"majd’ 80 milliárd forintot"}],"coordinates":[],"confidence":{"state":"pre-added","who":["user:porkolabadrian"],"prob":1},"fields":{},"normalizations":{}},{"classId":"e_14","part":"s1v1","offsets":[{"start":3632,"text":"az ingyenes tankönyvprogram"}],"coordinates":[],"confidence":{"state":"pre-added","who":["user:porkolabadrian"],"prob":1},"fields":{},"normalizations":{}},{"classId":"e_13","part":"s1v1","offsets":[{"start":3635,"text":"ingyenes"}],"coordinates":[],"confidence":{"state":"pre-added","who":["ml:regex","user:porkolabadrian"],"prob":1},"fields":{},"normalizations":{}},{"classId":"e_14","part":"s1v1","offsets":[{"start":3661,"text":"amely"}],"coordinates":[],"confidence":{"state":"pre-added","who":["user:porkolabadrian"],"prob":1},"fields":{},"normalizations":{}},{"classId":"e_14","part":"s1v1","offsets":[{"start":3671,"text":"több mint 1 millió gyermeket"}],"coordinates":[],"confidence":{"state":"pre-added","who":["user:porkolabadrian"],"prob":1},"fields":{},"normalizations":{}},{"classId":"e_13","part":"s1v1","offsets":[{"start":3700,"text":"fog támogatni"}],"coordinates":[],"confidence":{"state":"pre-added","who":["user:porkolabadrian"],"prob":1},"fields":{},"normalizations":{}},{"classId":"e_11","part":"s1v1","offsets":[{"start":3715,"text":"szintén ezeket a családokat és gyermekeket segíti"}],"coordinates":[],"confidence":{"state":"pre-added","who":["user:porkolabadrian"],"prob":1},"fields":{},"normalizations":{}},{"classId":"e_14","part":"s1v1","offsets":[{"start":3723,"text":"ezeket a családokat és gyermekeket"}],"coordinates":[],"confidence":{"state":"pre-added","who":["user:porkolabadrian"],"prob":1},"fields":{},"normalizations":{}},{"classId":"e_13","part":"s1v1","offsets":[{"start":3758,"text":"segíti"}],"coordinates":[],"confidence":{"state":"pre-added","who":["user:porkolabadrian"],"prob":1},"fields":{},"normalizations":{}},{"classId":"e_4","part":"s1v1","offsets":[{"start":3766,"text":"Végül egy mondatban hadd emlékezzek meg a nemzeti konzultációról, amely a magyar emberek véleményével támogatja a magyar kormánynak ezt a politikáját, amelynek az a lényege, hogy védjük meg Magyarországot, védjük meg a magyar családokat, védjük meg a szuverenitásunkat, a függetlenségünket, hogy mi magunk tudjunk a saját sorsunkról, életünkről dönteni, ne pedig Brüsszel."}],"coordinates":[],"confidence":{"state":"pre-added","who":["user:porkolabadrian"],"prob":1},"fields":{},"normalizations":{}},{"classId":"e_14","part":"s1v1","offsets":[{"start":3772,"text":"egy mondatban"}],"coordinates":[],"confidence":{"state":"pre-added","who":["user:porkolabadrian"],"prob":1},"fields":{},"normalizations":{}},{"classId":"e_13","part":"s1v1","offsets":[{"start":3786,"text":"hadd emlékezzek meg"}],"coordinates":[],"confidence":{"state":"pre-added","who":["user:porkolabadrian"],"prob":1},"fields":{},"normalizations":{}},{"classId":"e_14","part":"s1v1","offsets":[{"start":3806,"text":"a nemzeti konzultációról"}],"coordinates":[],"confidence":{"state":"pre-added","who":["user:porkolabadrian"],"prob":1},"fields":{},"normalizations":{}},{"classId":"e_14","part":"s1v1","offsets":[{"start":3832,"text":"amely"}],"coordinates":[],"confidence":{"state":"pre-added","who":["user:porkolabadrian"],"prob":1},"fields":{},"normalizations":{}},{"classId":"e_14","part":"s1v1","offsets":[{"start":3838,"text":"a magyar emberek véleményével"}],"coordinates":[],"confidence":{"state":"pre-added","who":["user:porkolabadrian"],"prob":1},"fields":{},"normalizations":{}},{"classId":"e_13","part":"s1v1","offsets":[{"start":3868,"text":"támogatja"}],"coordinates":[],"confidence":{"state":"pre-added","who":["user:porkolabadrian"],"prob":1},"fields":{},"normalizations":{}},{"classId":"e_14","part":"s1v1","offsets":[{"start":3878,"text":"a magyar kormánynak ezt a politikáját"}],"coordinates":[],"confidence":{"state":"pre-added","who":["user:porkolabadrian"],"prob":1},"fields":{},"normalizations":{}},{"classId":"e_14","part":"s1v1","offsets":[{"start":3917,"text":"amelynek"}],"coordinates":[],"confidence":{"state":"pre-added","who":["user:porkolabadrian"],"prob":1},"fields":{},"normalizations":{}},{"classId":"e_14","part":"s1v1","offsets":[{"start":3929,"text":"a lényege"}],"coordinates":[],"confidence":{"state":"pre-added","who":["user:bernidam"],"prob":1},"fields":{},"normalizations":{}},{"classId":"e_13","part":"s1v1","offsets":[{"start":3945,"text":"védjük meg"}],"coordinates":[],"confidence":{"state":"pre-added","who":["user:porkolabadrian"],"prob":1},"fields":{},"normalizations":{}},{"classId":"e_14","part":"s1v1","offsets":[{"start":3956,"text":"Magyarországot"}],"coordinates":[],"confidence":{"state":"pre-added","who":["user:porkolabadrian"],"prob":1},"fields":{},"normalizations":{}},{"classId":"e_13","part":"s1v1","offsets":[{"start":3972,"text":"védjük meg"}],"coordinates":[],"confidence":{"state":"pre-added","who":["ml:regex","user:porkolabadrian"],"prob":1},"fields":{},"normalizations":{}},{"classId":"e_14","part":"s1v1","offsets":[{"start":3983,"text":"a magyar családokat"}],"coordinates":[],"confidence":{"state":"pre-added","who":["user:porkolabadrian"],"prob":1},"fields":{},"normalizations":{}},{"classId":"e_13","part":"s1v1","offsets":[{"start":4004,"text":"védjük meg"}],"coordinates":[],"confidence":{"state":"pre-added","who":["ml:regex","user:porkolabadrian"],"prob":1},"fields":{},"normalizations":{}},{"classId":"e_14","part":"s1v1","offsets":[{"start":4015,"text":"a szuverenitásunkat"}],"coordinates":[],"confidence":{"state":"pre-added","who":["user:bernidam"],"prob":1},"fields":{},"normalizations":{}},{"classId":"e_14","part":"s1v1","offsets":[{"start":4036,"text":"a függetlenségünket"}],"coordinates":[],"confidence":{"state":"pre-added","who":["user:bernidam"],"prob":1},"fields":{},"normalizations":{}},{"classId":"e_13","part":"s1v1","offsets":[{"start":4062,"text":"mi magunk tudjunk a saját sorsunkról, életünkről dönteni"}],"coordinates":[],"confidence":{"state":"pre-added","who":["user:porkolabadrian"],"prob":1},"fields":{},"normalizations":{}},{"classId":"e_14","part":"s1v1","offsets":[{"start":4062,"text":"mi magunk"}],"coordinates":[],"confidence":{"state":"pre-added","who":["user:porkolabadrian"],"prob":1},"fields":{},"normalizations":{}},{"classId":"e_14","part":"s1v1","offsets":[{"start":4080,"text":"a saját sorsunkról, életünkről"}],"coordinates":[],"confidence":{"state":"pre-added","who":["user:porkolabadrian"],"prob":1},"fields":{},"normalizations":{}},{"classId":"e_14","part":"s1v1","offsets":[{"start":4129,"text":"Brüsszel"}],"coordinates":[],"confidence":{"state":"pre-added","who":["user:bernidam"],"prob":1},"fields":{},"normalizations":{}},{"classId":"e_4","part":"s1v1","offsets":[{"start":4139,"text":"Támogatjuk továbbra is a kormány ezen erőfeszítéseit."}],"coordinates":[],"confidence":{"state":"pre-added","who":["user:porkolabadrian"],"prob":1},"fields":{},"normalizations":{}},{"classId":"e_13","part":"s1v1","offsets":[{"start":4139,"text":"Támogatjuk"}],"coordinates":[],"confidence":{"state":"pre-added","who":["user:porkolabadrian"],"prob":1},"fields":{},"normalizations":{}},{"classId":"e_14","part":"s1v1","offsets":[{"start":4162,"text":"a kormány ezen erőfeszítéseit"}],"coordinates":[],"confidence":{"state":"pre-added","who":["user:porkolabadrian"],"prob":1},"fields":{},"normalizations":{}}],"relations":[{"classId":"r_16","type":"linked","directed":false,"entities":["s1v1|e_14|2376,2406","s1v1|e_2|2358,2501"],"confidence":{"state":"pre-added","who":["user:porkolabadrian"],"prob":1}},{"classId":"r_16","type":"linked","directed":false,"entities":["s1v1|e_14|2409,2415","s1v1|e_2|2358,2501"],"confidence":{"state":"pre-added","who":["user:porkolabadrian"],"prob":1}},{"classId":"r_16","type":"linked","directed":false,"entities":["s1v1|e_14|2428,2443","s1v1|e_2|2358,2501"],"confidence":{"state":"pre-added","who":["user:porkolabadrian"],"prob":1}},{"classId":"r_16","type":"linked","directed":false,"entities":["s1v1|e_14|2457,2483","s1v1|e_2|2358,2501"],"confidence":{"state":"pre-added","who":["user:bernidam"],"prob":1}},{"classId":"r_16","type":"linked","directed":false,"entities":["s1v1|e_14|2889,2940","s1v1|e_2|2886,3007"],"confidence":{"state":"pre-added","who":["user:bernidam"],"prob":1}},{"classId":"r_16","type":"linked","directed":false,"entities":["s1v1|e_14|2946,2951","s1v1|e_2|2886,3007"],"confidence":{"state":"pre-added","who":["user:porkolabadrian"],"prob":1}},{"classId":"r_16","type":"linked","directed":false,"entities":["s1v1|e_14|2964,2977","s1v1|e_2|2886,3007"],"confidence":{"state":"pre-added","who":["user:porkolabadrian"],"prob":1}},{"classId":"r_16","type":"linked","directed":false,"entities":["s1v1|e_14|2994,3007","s1v1|e_2|2886,3007"],"confidence":{"state":"pre-added","who":["user:porkolabadrian"],"prob":1}},{"classId":"r_18","type":"linked","directed":false,"entities":["s1v1|e_14|86,114","s1v1|e_4|86,219"],"confidence":{"state":"pre-added","who":["user:bernidam"],"prob":1}},{"classId":"r_18","type":"linked","directed":false,"entities":["s1v1|e_14|124,144","s1v1|e_4|86,219"],"confidence":{"state":"pre-added","who":["user:porkolabadrian"],"prob":1}},{"classId":"r_18","type":"linked","directed":false,"entities":["s1v1|e_14|149,187","s1v1|e_4|86,219"],"confidence":{"state":"pre-added","who":["user:porkolabadrian"],"prob":1}},{"classId":"r_18","type":"linked","directed":false,"entities":["s1v1|e_14|194,218","s1v1|e_4|86,219"],"confidence":{"state":"pre-added","who":["user:porkolabadrian"],"prob":1}},{"classId":"r_18","type":"linked","directed":false,"entities":["s1v1|e_14|221,228","s1v1|e_4|221,341"],"confidence":{"state":"pre-added","who":["user:porkolabadrian"],"prob":1}},{"classId":"r_18","type":"linked","directed":false,"entities":["s1v1|e_14|230,265","s1v1|e_4|221,341"],"confidence":{"state":"pre-added","who":["user:porkolabadrian"],"prob":1}},{"classId":"r_18","type":"linked","directed":false,"entities":["s1v1|e_14|268,294","s1v1|e_4|221,341"],"confidence":{"state":"pre-added","who":["user:porkolabadrian"],"prob":1}},{"classId":"r_18","type":"linked","directed":false,"entities":["s1v1|e_14|301,328","s1v1|e_4|221,341"],"confidence":{"state":"pre-added","who":["user:bernidam"],"prob":1}},{"classId":"r_18","type":"linked","directed":false,"entities":["s1v1|e_14|371,378","s1v1|e_4|350,536"],"confidence":{"state":"pre-added","who":["user:porkolabadrian"],"prob":1}},{"classId":"r_18","type":"linked","directed":false,"entities":["s1v1|e_14|380,426","s1v1|e_4|350,536"],"confidence":{"state":"pre-added","who":["user:porkolabadrian"],"prob":1}},{"classId":"r_18","type":"linked","directed":false,"entities":["s1v1|e_14|429,435","s1v1|e_4|350,536"],"confidence":{"state":"pre-added","who":["user:porkolabadrian"],"prob":1}},{"classId":"r_18","type":"linked","directed":false,"entities":["s1v1|e_14|461,467","s1v1|e_4|350,536"],"confidence":{"state":"pre-added","who":["user:porkolabadrian"],"prob":1}},{"classId":"r_18","type":"linked","directed":false,"entities":["s1v1|e_14|714,732","s1v1|e_4|714,904"],"confidence":{"state":"pre-added","who":["user:porkolabadrian"],"prob":1}},{"classId":"r_18","type":"linked","directed":false,"entities":["s1v1|e_14|735,757","s1v1|e_4|714,904"],"confidence":{"state":"pre-added","who":["user:porkolabadrian"],"prob":1}},{"classId":"r_18","type":"linked","directed":false,"entities":["s1v1|e_14|783,808","s1v1|e_4|714,904"],"confidence":{"state":"pre-added","who":["user:porkolabadrian"],"prob":1}},{"classId":"r_18","type":"linked","directed":false,"entities":["s1v1|e_14|841,856","s1v1|e_4|714,904"],"confidence":{"state":"pre-added","who":["user:porkolabadrian"],"prob":1}},{"classId":"r_18","type":"linked","directed":false,"entities":["s1v1|e_14|858,903","s1v1|e_4|714,904"],"confidence":{"state":"pre-added","who":["user:porkolabadrian"],"prob":1}},{"classId":"r_18","type":"linked","directed":false,"entities":["s1v1|e_14|916,930","s1v1|e_4|906,994"],"confidence":{"state":"pre-added","who":["user:porkolabadrian"],"prob":1}},{"classId":"r_18","type":"linked","directed":false,"entities":["s1v1|e_14|932,947","s1v1|e_4|906,994"],"confidence":{"state":"pre-added","who":["user:porkolabadrian"],"prob":1}},{"classId":"r_18","type":"linked","directed":false,"entities":["s1v1|e_14|949,983","s1v1|e_4|906,994"],"confidence":{"state":"pre-added","who":["user:porkolabadrian"],"prob":1}},{"classId":"r_18","type":"linked","directed":false,"entities":["s1v1|e_14|996,1025","s1v1|e_4|996,1198"],"confidence":{"state":"pre-added","who":["user:porkolabadrian"],"prob":1}},{"classId":"r_18","type":"linked","directed":false,"entities":["s1v1|e_14|1053,1057","s1v1|e_4|996,1198"],"confidence":{"state":"pre-added","who":["user:porkolabadrian"],"prob":1}},{"classId":"r_18","type":"linked","directed":false,"entities":["s1v1|e_14|1087,1103","s1v1|e_4|996,1198"],"confidence":{"state":"pre-added","who":["user:porkolabadrian"],"prob":1}},{"classId":"r_18","type":"linked","directed":false,"entities":["s1v1|e_14|1105,1148","s1v1|e_4|996,1198"],"confidence":{"state":"pre-added","who":["user:porkolabadrian"],"prob":1}},{"classId":"r_18","type":"linked","directed":false,"entities":["s1v1|e_14|1150,1165","s1v1|e_4|996,1198"],"confidence":{"state":"pre-added","who":["user:porkolabadrian"],"prob":1}},{"classId":"r_18","type":"linked","directed":false,"entities":["s1v1|e_14|1182,1197","s1v1|e_4|996,1198"],"confidence":{"state":"pre-added","who":["user:porkolabadrian"],"prob":1}},{"classId":"r_18","type":"linked","directed":false,"entities":["s1v1|e_14|1200,1219","s1v1|e_4|1200,1423"],"confidence":{"state":"pre-added","who":["user:bernidam"],"prob":1}},{"classId":"r_18","type":"linked","directed":false,"entities":["s1v1|e_14|1234,1252","s1v1|e_4|1200,1423"],"confidence":{"state":"pre-added","who":["user:porkolabadrian"],"prob":1}},{"classId":"r_18","type":"linked","directed":false,"entities":["s1v1|e_14|1262,1297","s1v1|e_4|1200,1423"],"confidence":{"state":"pre-added","who":["user:porkolabadrian"],"prob":1}},{"classId":"r_18","type":"linked","directed":false,"entities":["s1v1|e_14|1311,1329","s1v1|e_4|1200,1423"],"confidence":{"state":"pre-added","who":["user:bernidam"],"prob":1}},{"classId":"r_18","type":"linked","directed":false,"entities":["s1v1|e_14|1332,1369","s1v1|e_4|1200,1423"],"confidence":{"state":"pre-added","who":["user:bernidam"],"prob":1}},{"classId":"r_18","type":"linked","directed":false,"entities":["s1v1|e_14|1376,1390","s1v1|e_4|1200,1423"],"confidence":{"state":"pre-added","who":["user:porkolabadrian"],"prob":1}},{"classId":"r_18","type":"linked","directed":false,"entities":["s1v1|e_14|1399,1419","s1v1|e_4|1200,1423"],"confidence":{"state":"pre-added","who":["user:porkolabadrian"],"prob":1}},{"classId":"r_18","type":"linked","directed":false,"entities":["s1v1|e_14|1425,1443","s1v1|e_4|1425,1649"],"confidence":{"state":"pre-added","who":["user:porkolabadrian"],"prob":1}},{"classId":"r_18","type":"linked","directed":false,"entities":["s1v1|e_14|1457,1476","s1v1|e_4|1425,1649"],"confidence":{"state":"pre-added","who":["user:porkolabadrian"],"prob":1}},{"classId":"r_18","type":"linked","directed":false,"entities":["s1v1|e_14|1479,1525","s1v1|e_4|1425,1649"],"confidence":{"state":"pre-added","who":["user:porkolabadrian"],"prob":1}},{"classId":"r_18","type":"linked","directed":false,"entities":["s1v1|e_14|1537,1616","s1v1|e_4|1425,1649"],"confidence":{"state":"pre-added","who":["user:porkolabadrian"],"prob":1}},{"classId":"r_18","type":"linked","directed":false,"entities":["s1v1|e_14|1628,1648","s1v1|e_4|1425,1649"],"confidence":{"state":"pre-added","who":["user:porkolabadrian"],"prob":1}},{"classId":"r_18","type":"linked","directed":false,"entities":["s1v1|e_14|1651,1674","s1v1|e_4|1651,1768"],"confidence":{"state":"pre-added","who":["user:porkolabadrian"],"prob":1}},{"classId":"r_18","type":"linked","directed":false,"entities":["s1v1|e_14|1682,1747","s1v1|e_4|1651,1768"],"confidence":{"state":"pre-added","who":["user:porkolabadrian"],"prob":1}},{"classId":"r_18","type":"linked","directed":false,"entities":["s1v1|e_14|2503,2521","s1v1|e_4|2503,2736"],"confidence":{"state":"pre-added","who":["user:porkolabadrian"],"prob":1}},{"classId":"r_18","type":"linked","directed":false,"entities":["s1v1|e_14|2537,2551","s1v1|e_4|2503,2736"],"confidence":{"state":"pre-added","who":["user:bernidam"],"prob":1}},{"classId":"r_18","type":"linked","directed":false,"entities":["s1v1|e_14|2555,2588","s1v1|e_4|2503,2736"],"confidence":{"state":"pre-added","who":["user:porkolabadrian"],"prob":1}},{"classId":"r_18","type":"linked","directed":false,"entities":["s1v1|e_14|2591,2595","s1v1|e_4|2503,2736"],"confidence":{"state":"pre-added","who":["user:porkolabadrian"],"prob":1}},{"classId":"r_18","type":"linked","directed":false,"entities":["s1v1|e_14|2618,2647","s1v1|e_4|2503,2736"],"confidence":{"state":"pre-added","who":["user:porkolabadrian"],"prob":1}},{"classId":"r_18","type":"linked","directed":false,"entities":["s1v1|e_14|2649,2665","s1v1|e_4|2503,2736"],"confidence":{"state":"pre-added","who":["user:porkolabadrian"],"prob":1}},{"classId":"r_18","type":"linked","directed":false,"entities":["s1v1|e_14|2679,2701","s1v1|e_4|2503,2736"],"confidence":{"state":"pre-added","who":["user:porkolabadrian"],"prob":1}},{"classId":"r_18","type":"linked","directed":false,"entities":["s1v1|e_14|2712,2735","s1v1|e_4|2503,2736"],"confidence":{"state":"pre-added","who":["user:bernidam"],"prob":1}},{"classId":"r_18","type":"linked","directed":false,"entities":["s1v1|e_14|2738,2761","s1v1|e_4|2738,2883"],"confidence":{"state":"pre-added","who":["user:porkolabadrian"],"prob":1}},{"classId":"r_18","type":"linked","directed":false,"entities":["s1v1|e_14|2763,2868","s1v1|e_4|2738,2883"],"confidence":{"state":"pre-added","who":["user:bernidam"],"prob":1}},{"classId":"r_18","type":"linked","directed":false,"entities":["s1v1|e_14|3147,3199","s1v1|e_4|3147,3345"],"confidence":{"state":"pre-added","who":["user:bernidam"],"prob":1}},{"classId":"r_18","type":"linked","directed":false,"entities":["s1v1|e_14|3201,3206","s1v1|e_4|3147,3345"],"confidence":{"state":"pre-added","who":["user:bernidam"],"prob":1}},{"classId":"r_18","type":"linked","directed":false,"entities":["s1v1|e_14|3208,3237","s1v1|e_4|3147,3345"],"confidence":{"state":"pre-added","who":["user:porkolabadrian"],"prob":1}},{"classId":"r_18","type":"linked","directed":false,"entities":["s1v1|e_14|3240,3253","s1v1|e_4|3147,3345"],"confidence":{"state":"pre-added","who":["user:bernidam"],"prob":1}},{"classId":"r_18","type":"linked","directed":false,"entities":["s1v1|e_14|3292,3324","s1v1|e_4|3147,3345"],"confidence":{"state":"pre-added","who":["user:bernidam"],"prob":1}},{"classId":"r_18","type":"linked","directed":false,"entities":["s1v1|e_14|3347,3352","s1v1|e_4|3347,3433"],"confidence":{"state":"pre-added","who":["user:porkolabadrian"],"prob":1}},{"classId":"r_18","type":"linked","directed":false,"entities":["s1v1|e_14|3354,3361","s1v1|e_4|3347,3433"],"confidence":{"state":"pre-added","who":["user:bernidam"],"prob":1}},{"classId":"r_18","type":"linked","directed":false,"entities":["s1v1|e_14|3370,3401","s1v1|e_4|3347,3433"],"confidence":{"state":"pre-added","who":["user:porkolabadrian"],"prob":1}},{"classId":"r_18","type":"linked","directed":false,"entities":["s1v1|e_14|3410,3432","s1v1|e_4|3347,3433"],"confidence":{"state":"pre-added","who":["user:porkolabadrian"],"prob":1}},{"classId":"r_18","type":"linked","directed":false,"entities":["s1v1|e_14|3435,3461","s1v1|e_4|3435,3712"],"confidence":{"state":"pre-added","who":["user:porkolabadrian"],"prob":1}},{"classId":"r_18","type":"linked","directed":false,"entities":["s1v1|e_14|3463,3489","s1v1|e_4|3435,3712"],"confidence":{"state":"pre-added","who":["user:bernidam"],"prob":1}},{"classId":"r_18","type":"linked","directed":false,"entities":["s1v1|e_14|3497,3504","s1v1|e_4|3435,3712"],"confidence":{"state":"pre-added","who":["user:bernidam"],"prob":1}},{"classId":"r_18","type":"linked","directed":false,"entities":["s1v1|e_14|3506,3532","s1v1|e_4|3435,3712"],"confidence":{"state":"pre-added","who":["user:porkolabadrian"],"prob":1}},{"classId":"r_18","type":"linked","directed":false,"entities":["s1v1|e_14|3553,3583","s1v1|e_4|3435,3712"],"confidence":{"state":"pre-added","who":["user:porkolabadrian"],"prob":1}},{"classId":"r_18","type":"linked","directed":false,"entities":["s1v1|e_14|3585,3610","s1v1|e_4|3435,3712"],"confidence":{"state":"pre-added","who":["user:porkolabadrian"],"prob":1}},{"classId":"r_18","type":"linked","directed":false,"entities":["s1v1|e_14|3632,3658","s1v1|e_4|3435,3712"],"confidence":{"state":"pre-added","who":["user:porkolabadrian"],"prob":1}},{"classId":"r_18","type":"linked","directed":false,"entities":["s1v1|e_14|3661,3665","s1v1|e_4|3435,3712"],"confidence":{"state":"pre-added","who":["user:porkolabadrian"],"prob":1}},{"classId":"r_18","type":"linked","directed":false,"entities":["s1v1|e_14|3671,3698","s1v1|e_4|3435,3712"],"confidence":{"state":"pre-added","who":["user:porkolabadrian"],"prob":1}},{"classId":"r_18","type":"linked","directed":false,"entities":["s1v1|e_14|3772,3784","s1v1|e_4|3766,4137"],"confidence":{"state":"pre-added","who":["user:porkolabadrian"],"prob":1}},{"classId":"r_18","type":"linked","directed":false,"entities":["s1v1|e_14|3806,3829","s1v1|e_4|3766,4137"],"confidence":{"state":"pre-added","who":["user:porkolabadrian"],"prob":1}},{"classId":"r_18","type":"linked","directed":false,"entities":["s1v1|e_14|3832,3836","s1v1|e_4|3766,4137"],"confidence":{"state":"pre-added","who":["user:porkolabadrian"],"prob":1}},{"classId":"r_18","type":"linked","directed":false,"entities":["s1v1|e_14|3838,3866","s1v1|e_4|3766,4137"],"confidence":{"state":"pre-added","who":["user:porkolabadrian"],"prob":1}},{"classId":"r_18","type":"linked","directed":false,"entities":["s1v1|e_14|3878,3914","s1v1|e_4|3766,4137"],"confidence":{"state":"pre-added","who":["user:porkolabadrian"],"prob":1}},{"classId":"r_18","type":"linked","directed":false,"entities":["s1v1|e_14|3917,3924","s1v1|e_4|3766,4137"],"confidence":{"state":"pre-added","who":["user:porkolabadrian"],"prob":1}},{"classId":"r_18","type":"linked","directed":false,"entities":["s1v1|e_14|3929,3937","s1v1|e_4|3766,4137"],"confidence":{"state":"pre-added","who":["user:bernidam"],"prob":1}},{"classId":"r_18","type":"linked","directed":false,"entities":["s1v1|e_14|3956,3969","s1v1|e_4|3766,4137"],"confidence":{"state":"pre-added","who":["user:porkolabadrian"],"prob":1}},{"classId":"r_18","type":"linked","directed":false,"entities":["s1v1|e_14|3983,4001","s1v1|e_4|3766,4137"],"confidence":{"state":"pre-added","who":["user:porkolabadrian"],"prob":1}},{"classId":"r_18","type":"linked","directed":false,"entities":["s1v1|e_14|4015,4033","s1v1|e_4|3766,4137"],"confidence":{"state":"pre-added","who":["user:bernidam"],"prob":1}},{"classId":"r_18","type":"linked","directed":false,"entities":["s1v1|e_14|4036,4054","s1v1|e_4|3766,4137"],"confidence":{"state":"pre-added","who":["user:bernidam"],"prob":1}},{"classId":"r_18","type":"linked","directed":false,"entities":["s1v1|e_14|4062,4070","s1v1|e_4|3766,4137"],"confidence":{"state":"pre-added","who":["user:porkolabadrian"],"prob":1}},{"classId":"r_18","type":"linked","directed":false,"entities":["s1v1|e_14|4080,4109","s1v1|e_4|3766,4137"],"confidence":{"state":"pre-added","who":["user:porkolabadrian"],"prob":1}},{"classId":"r_18","type":"linked","directed":false,"entities":["s1v1|e_14|4129,4136","s1v1|e_4|3766,4137"],"confidence":{"state":"pre-added","who":["user:bernidam"],"prob":1}},{"classId":"r_18","type":"linked","directed":false,"entities":["s1v1|e_14|4162,4190","s1v1|e_4|4139,4191"],"confidence":{"state":"pre-added","who":["user:porkolabadrian"],"prob":1}},{"classId":"r_25","type":"linked","directed":false,"entities":["s1v1|e_14|555,590","s1v1|e_11|593,711"],"confidence":{"state":"pre-added","who":["user:porkolabadrian"],"prob":1}},{"classId":"r_25","type":"linked","directed":false,"entities":["s1v1|e_14|593,600","s1v1|e_11|593,711"],"confidence":{"state":"pre-added","who":["user:porkolabadrian"],"prob":1}},{"classId":"r_25","type":"linked","directed":false,"entities":["s1v1|e_14|602,616","s1v1|e_11|593,711"],"confidence":{"state":"pre-added","who":["user:bernidam"],"prob":1}},{"classId":"r_25","type":"linked","directed":false,"entities":["s1v1|e_14|619,639","s1v1|e_11|593,711"],"confidence":{"state":"pre-added","who":["user:bernidam"],"prob":1}},{"classId":"r_25","type":"linked","directed":false,"entities":["s1v1|e_14|650,662","s1v1|e_11|593,711"],"confidence":{"state":"pre-added","who":["user:bernidam"],"prob":1}},{"classId":"r_25","type":"linked","directed":false,"entities":["s1v1|e_14|670,688","s1v1|e_11|593,711"],"confidence":{"state":"pre-added","who":["user:porkolabadrian"],"prob":1}},{"classId":"r_25","type":"linked","directed":false,"entities":["s1v1|e_14|1980,1987","s1v1|e_11|1980,2044"],"confidence":{"state":"pre-added","who":["user:bernidam"],"prob":1}},{"classId":"r_25","type":"linked","directed":false,"entities":["s1v1|e_14|1989,2033","s1v1|e_11|1980,2044"],"confidence":{"state":"pre-added","who":["user:bernidam"],"prob":1}},{"classId":"r_25","type":"linked","directed":false,"entities":["s1v1|e_14|2047,2055","s1v1|e_11|2047,2237"],"confidence":{"state":"pre-added","who":["user:porkolabadrian"],"prob":1}},{"classId":"r_25","type":"linked","directed":false,"entities":["s1v1|e_14|2057,2072","s1v1|e_11|2047,2237"],"confidence":{"state":"pre-added","who":["user:porkolabadrian"],"prob":1}},{"classId":"r_25","type":"linked","directed":false,"entities":["s1v1|e_14|2074,2096","s1v1|e_11|2047,2237"],"confidence":{"state":"pre-added","who":["user:porkolabadrian"],"prob":1}},{"classId":"r_25","type":"linked","directed":false,"entities":["s1v1|e_14|2111,2145","s1v1|e_11|2047,2237"],"confidence":{"state":"pre-added","who":["user:porkolabadrian"],"prob":1}},{"classId":"r_25","type":"linked","directed":false,"entities":["s1v1|e_14|2148,2160","s1v1|e_11|2047,2237"],"confidence":{"state":"pre-added","who":["user:bernidam"],"prob":1}},{"classId":"r_25","type":"linked","directed":false,"entities":["s1v1|e_14|2163,2173","s1v1|e_11|2047,2237"],"confidence":{"state":"pre-added","who":["user:bernidam"],"prob":1}},{"classId":"r_25","type":"linked","directed":false,"entities":["s1v1|e_14|2176,2187","s1v1|e_11|2047,2237"],"confidence":{"state":"pre-added","who":["user:bernidam"],"prob":1}},{"classId":"r_25","type":"linked","directed":false,"entities":["s1v1|e_14|2190,2208","s1v1|e_11|2047,2237"],"confidence":{"state":"pre-added","who":["user:bernidam"],"prob":1}},{"classId":"r_25","type":"linked","directed":false,"entities":["s1v1|e_14|2215,2236","s1v1|e_11|2047,2237"],"confidence":{"state":"pre-added","who":["user:bernidam"],"prob":1}},{"classId":"r_25","type":"linked","directed":false,"entities":["s1v1|e_14|2239,2242","s1v1|e_11|2239,2356"],"confidence":{"state":"pre-added","who":["user:porkolabadrian"],"prob":1}},{"classId":"r_25","type":"linked","directed":false,"entities":["s1v1|e_14|2244,2265","s1v1|e_11|2239,2356"],"confidence":{"state":"pre-added","who":["user:porkolabadrian"],"prob":1}},{"classId":"r_25","type":"linked","directed":false,"entities":["s1v1|e_14|2298,2315","s1v1|e_11|2239,2356"],"confidence":{"state":"pre-added","who":["user:porkolabadrian"],"prob":1}},{"classId":"r_25","type":"linked","directed":false,"entities":["s1v1|e_14|2318,2324","s1v1|e_11|2239,2356"],"confidence":{"state":"pre-added","who":["user:porkolabadrian"],"prob":1}},{"classId":"r_25","type":"linked","directed":false,"entities":["s1v1|e_14|2352,2355","s1v1|e_11|2239,2356"],"confidence":{"state":"pre-added","who":["user:porkolabadrian"],"prob":1}},{"classId":"r_25","type":"linked","directed":false,"entities":["s1v1|e_14|3010,3031","s1v1|e_11|3010,3073"],"confidence":{"state":"pre-added","who":["user:porkolabadrian"],"prob":1}},{"classId":"r_25","type":"linked","directed":false,"entities":["s1v1|e_14|3033,3055","s1v1|e_11|3010,3073"],"confidence":{"state":"pre-added","who":["user:porkolabadrian"],"prob":1}},{"classId":"r_25","type":"linked","directed":false,"entities":["s1v1|e_14|3435,3461","s1v1|e_11|3715,3763"],"confidence":{"state":"pre-added","who":["user:porkolabadrian"],"prob":1}},{"classId":"r_25","type":"linked","directed":false,"entities":["s1v1|e_14|3553,3583","s1v1|e_11|3715,3763"],"confidence":{"state":"pre-added","who":["user:porkolabadrian"],"prob":1}},{"classId":"r_25","type":"linked","directed":false,"entities":["s1v1|e_14|3632,3658","s1v1|e_11|3715,3763"],"confidence":{"state":"pre-added","who":["user:porkolabadrian"],"prob":1}},{"classId":"r_25","type":"linked","directed":false,"entities":["s1v1|e_14|3723,3756","s1v1|e_11|3715,3763"],"confidence":{"state":"pre-added","who":["user:bernidam"],"prob":1}},{"classId":"r_26","type":"linked","directed":false,"entities":["s1v1|e_14|1931,1938","s1v1|e_12|1931,1977"],"confidence":{"state":"pre-added","who":["user:bernidam"],"prob":1}},{"classId":"r_26","type":"linked","directed":false,"entities":["s1v1|e_14|1940,1972","s1v1|e_12|1931,1977"],"confidence":{"state":"pre-added","who":["user:bernidam"],"prob":1}}]}