{"annotatable":{"parts":["s1v1"]},"anncomplete":false,"sources":[],"metas":{},"entities":[{"classId":"e_6","part":"s1v1","offsets":[{"start":51,"text":"Ma különös reggelre ébredtünk, hiszen az Európai Unió után maga Soros György is kitöltötte a nemzeti konzultációs ívet"}],"coordinates":[],"confidence":{"state":"pre-added","who":["user:bernidam"],"prob":1},"fields":{},"normalizations":{}},{"classId":"e_14","part":"s1v1","offsets":[{"start":54,"text":"különös reggelre"}],"coordinates":[],"confidence":{"state":"pre-added","who":["user:bernidam"],"prob":1},"fields":{},"normalizations":{}},{"classId":"e_13","part":"s1v1","offsets":[{"start":54,"text":"különös reggelre ébredtünk"}],"coordinates":[],"confidence":{"state":"pre-added","who":["user:bernidam"],"prob":1},"fields":{},"normalizations":{}},{"classId":"e_14","part":"s1v1","offsets":[{"start":89,"text":"az Európai Unió"}],"coordinates":[],"confidence":{"state":"pre-added","who":["user:bernidam"],"prob":1},"fields":{},"normalizations":{}},{"classId":"e_14","part":"s1v1","offsets":[{"start":110,"text":"maga Soros György"}],"coordinates":[],"confidence":{"state":"pre-added","who":["user:porkolabadrian"],"prob":1},"fields":{},"normalizations":{}},{"classId":"e_13","part":"s1v1","offsets":[{"start":110,"text":"maga Soros György is kitöltötte a nemzeti konzultációs ívet"}],"coordinates":[],"confidence":{"state":"pre-added","who":["user:bernidam"],"prob":1},"fields":{},"normalizations":{}},{"classId":"e_14","part":"s1v1","offsets":[{"start":142,"text":"a nemzeti konzultációs ívet"}],"coordinates":[],"confidence":{"state":"pre-added","who":["user:porkolabadrian"],"prob":1},"fields":{},"normalizations":{}},{"classId":"e_14","part":"s1v1","offsets":[{"start":177,"text":"egy interjút"}],"coordinates":[],"confidence":{"state":"pre-added","who":["user:porkolabadrian"],"prob":1},"fields":{},"normalizations":{}},{"classId":"e_14","part":"s1v1","offsets":[{"start":190,"text":"a Financial Timesnak"}],"coordinates":[],"confidence":{"state":"pre-added","who":["user:porkolabadrian"],"prob":1},"fields":{},"normalizations":{}},{"classId":"e_14","part":"s1v1","offsets":[{"start":239,"text":"amiben"}],"coordinates":[],"confidence":{"state":"pre-added","who":["user:porkolabadrian"],"prob":1},"fields":{},"normalizations":{}},{"classId":"e_6","part":"s1v1","offsets":[{"start":239,"text":"amiben kapásból letagadta, hogy lenne ilyen elképzelése a világról"}],"coordinates":[],"confidence":{"state":"pre-added","who":["user:bernidam"],"prob":1},"fields":{},"normalizations":{}},{"classId":"e_13","part":"s1v1","offsets":[{"start":246,"text":"kapásból letagadta"}],"coordinates":[],"confidence":{"state":"pre-added","who":["user:porkolabadrian"],"prob":1},"fields":{},"normalizations":{}},{"classId":"e_14","part":"s1v1","offsets":[{"start":277,"text":"ilyen elképzelése"}],"coordinates":[],"confidence":{"state":"pre-added","who":["user:porkolabadrian"],"prob":1},"fields":{},"normalizations":{}},{"classId":"e_14","part":"s1v1","offsets":[{"start":295,"text":"a világról"}],"coordinates":[],"confidence":{"state":"pre-added","who":["user:porkolabadrian"],"prob":1},"fields":{},"normalizations":{}},{"classId":"e_4","part":"s1v1","offsets":[{"start":307,"text":"amit itt mi a konzultációban megkérdezünk az emberektől"}],"coordinates":[],"confidence":{"state":"pre-added","who":["user:porkolabadrian"],"prob":1},"fields":{},"normalizations":{}},{"classId":"e_14","part":"s1v1","offsets":[{"start":307,"text":"amit"}],"coordinates":[],"confidence":{"state":"pre-added","who":["user:porkolabadrian"],"prob":1},"fields":{},"normalizations":{}},{"classId":"e_14","part":"s1v1","offsets":[{"start":312,"text":"itt"}],"coordinates":[],"confidence":{"state":"pre-added","who":["user:bernidam"],"prob":1},"fields":{},"normalizations":{}},{"classId":"e_14","part":"s1v1","offsets":[{"start":316,"text":"mi"}],"coordinates":[],"confidence":{"state":"pre-added","who":["user:porkolabadrian"],"prob":1},"fields":{},"normalizations":{}},{"classId":"e_14","part":"s1v1","offsets":[{"start":319,"text":"a konzultációban"}],"coordinates":[],"confidence":{"state":"pre-added","who":["user:porkolabadrian"],"prob":1},"fields":{},"normalizations":{}},{"classId":"e_13","part":"s1v1","offsets":[{"start":336,"text":"megkérdezünk"}],"coordinates":[],"confidence":{"state":"pre-added","who":["user:porkolabadrian"],"prob":1},"fields":{},"normalizations":{}},{"classId":"e_14","part":"s1v1","offsets":[{"start":349,"text":"az emberektől"}],"coordinates":[],"confidence":{"state":"pre-added","who":["user:porkolabadrian"],"prob":1},"fields":{},"normalizations":{}},{"classId":"e_6","part":"s1v1","offsets":[{"start":364,"text":"majd a saját honlapján végigment mind a hét ponton, és az összes elképzelésére igent mondott"}],"coordinates":[],"confidence":{"state":"pre-added","who":["user:porkolabadrian"],"prob":1},"fields":{},"normalizations":{}},{"classId":"e_14","part":"s1v1","offsets":[{"start":369,"text":"a saját honlapján"}],"coordinates":[],"confidence":{"state":"pre-added","who":["user:porkolabadrian"],"prob":1},"fields":{},"normalizations":{}},{"classId":"e_14","part":"s1v1","offsets":[{"start":397,"text":"mind a hét ponton"}],"coordinates":[],"confidence":{"state":"pre-added","who":["user:porkolabadrian"],"prob":1},"fields":{},"normalizations":{}},{"classId":"e_14","part":"s1v1","offsets":[{"start":419,"text":"az összes elképzelésére"}],"coordinates":[],"confidence":{"state":"pre-added","who":["user:porkolabadrian"],"prob":1},"fields":{},"normalizations":{}},{"classId":"e_13","part":"s1v1","offsets":[{"start":443,"text":"igent mondott"}],"coordinates":[],"confidence":{"state":"pre-added","who":["user:porkolabadrian"],"prob":1},"fields":{},"normalizations":{}},{"classId":"e_14","part":"s1v1","offsets":[{"start":443,"text":"igent"}],"coordinates":[],"confidence":{"state":"pre-added","who":["user:porkolabadrian"],"prob":1},"fields":{},"normalizations":{}},{"classId":"e_6","part":"s1v1","offsets":[{"start":458,"text":"Egyébként a Financial Timesban nem feledkezett meg arról"}],"coordinates":[],"confidence":{"state":"pre-added","who":["user:bernidam"],"prob":1},"fields":{},"normalizations":{}},{"classId":"e_14","part":"s1v1","offsets":[{"start":468,"text":"a Financial Timesban"}],"coordinates":[],"confidence":{"state":"pre-added","who":["user:porkolabadrian"],"prob":1},"fields":{},"normalizations":{}},{"classId":"e_13","part":"s1v1","offsets":[{"start":489,"text":"nem feledkezett meg"}],"coordinates":[],"confidence":{"state":"pre-added","who":["user:bernidam"],"prob":1},"fields":{},"normalizations":{}},{"classId":"e_14","part":"s1v1","offsets":[{"start":509,"text":"arról"}],"coordinates":[],"confidence":{"state":"pre-added","who":["user:porkolabadrian"],"prob":1},"fields":{},"normalizations":{}},{"classId":"e_5","part":"s1v1","offsets":[{"start":516,"text":"hogy az általa letagadott Soros-tervet, ha nem teljesíti Magyarország"}],"coordinates":[],"confidence":{"state":"pre-added","who":["user:bernidam"],"prob":1},"fields":{},"normalizations":{}},{"classId":"e_14","part":"s1v1","offsets":[{"start":521,"text":"az általa letagadott Soros-tervet"}],"coordinates":[],"confidence":{"state":"pre-added","who":["user:porkolabadrian"],"prob":1},"fields":{},"normalizations":{}},{"classId":"e_13","part":"s1v1","offsets":[{"start":531,"text":"letagadott"}],"coordinates":[],"confidence":{"state":"pre-added","who":["user:bernidam"],"prob":1},"fields":{},"normalizations":{}},{"classId":"e_13","part":"s1v1","offsets":[{"start":559,"text":"nem teljesíti"}],"coordinates":[],"confidence":{"state":"pre-added","who":["user:bernidam"],"prob":1},"fields":{},"normalizations":{}},{"classId":"e_14","part":"s1v1","offsets":[{"start":573,"text":"Magyarország"}],"coordinates":[],"confidence":{"state":"pre-added","who":["user:porkolabadrian"],"prob":1},"fields":{},"normalizations":{}},{"classId":"e_1","part":"s1v1","offsets":[{"start":634,"text":"tehát befenyítette az egész országot"}],"coordinates":[],"confidence":{"state":"pre-added","who":["user:bernidam"],"prob":1},"fields":{},"normalizations":{}},{"classId":"e_13","part":"s1v1","offsets":[{"start":640,"text":"befenyítette"}],"coordinates":[],"confidence":{"state":"pre-added","who":["user:porkolabadrian"],"prob":1},"fields":{},"normalizations":{}},{"classId":"e_14","part":"s1v1","offsets":[{"start":653,"text":"az egész országot"}],"coordinates":[],"confidence":{"state":"pre-added","who":["user:porkolabadrian"],"prob":1},"fields":{},"normalizations":{}},{"classId":"e_14","part":"s1v1","offsets":[{"start":680,"text":"az ideje"}],"coordinates":[],"confidence":{"state":"pre-added","who":["user:porkolabadrian"],"prob":1},"fields":{},"normalizations":{}},{"classId":"e_14","part":"s1v1","offsets":[{"start":689,"text":"annak"}],"coordinates":[],"confidence":{"state":"pre-added","who":["user:porkolabadrian"],"prob":1},"fields":{},"normalizations":{}},{"classId":"e_5","part":"s1v1","offsets":[{"start":696,"text":"hogy a többi EU-tagország kormánya erőteljesebb választ adjon arra, ahogy Orbán a civil társadalommal bánik"}],"coordinates":[],"confidence":{"state":"pre-added","who":["user:bernidam"],"prob":1},"fields":{},"normalizations":{}},{"classId":"e_14","part":"s1v1","offsets":[{"start":701,"text":"a többi EU-tagország kormánya"}],"coordinates":[],"confidence":{"state":"pre-added","who":["user:porkolabadrian"],"prob":1},"fields":{},"normalizations":{}},{"classId":"e_13","part":"s1v1","offsets":[{"start":731,"text":"erőteljesebb választ adjon"}],"coordinates":[],"confidence":{"state":"pre-added","who":["user:porkolabadrian"],"prob":1},"fields":{},"normalizations":{}},{"classId":"e_14","part":"s1v1","offsets":[{"start":731,"text":"erőteljesebb választ"}],"coordinates":[],"confidence":{"state":"pre-added","who":["user:porkolabadrian"],"prob":1},"fields":{},"normalizations":{}},{"classId":"e_14","part":"s1v1","offsets":[{"start":758,"text":"arra"}],"coordinates":[],"confidence":{"state":"pre-added","who":["user:porkolabadrian"],"prob":1},"fields":{},"normalizations":{}},{"classId":"e_13","part":"s1v1","offsets":[{"start":764,"text":"ahogy Orbán a civil társadalommal bánik"}],"coordinates":[],"confidence":{"state":"pre-added","who":["user:bernidam"],"prob":1},"fields":{},"normalizations":{}},{"classId":"e_14","part":"s1v1","offsets":[{"start":770,"text":"Orbán"}],"coordinates":[],"confidence":{"state":"pre-added","who":["user:porkolabadrian"],"prob":1},"fields":{},"normalizations":{}},{"classId":"e_14","part":"s1v1","offsets":[{"start":776,"text":"a civil társadalommal"}],"coordinates":[],"confidence":{"state":"pre-added","who":["user:porkolabadrian"],"prob":1},"fields":{},"normalizations":{}},{"classId":"e_4","part":"s1v1","offsets":[{"start":805,"text":"és foglalkozzon a magyarországi jogállamisággal kapcsolatban felmerült félelmekkel is"}],"coordinates":[],"confidence":{"state":"pre-added","who":["user:bernidam"],"prob":1},"fields":{},"normalizations":{}},{"classId":"e_13","part":"s1v1","offsets":[{"start":808,"text":"foglalkozzon"}],"coordinates":[],"confidence":{"state":"pre-added","who":["user:porkolabadrian"],"prob":1},"fields":{},"normalizations":{}},{"classId":"e_14","part":"s1v1","offsets":[{"start":821,"text":"a magyarországi jogállamisággal kapcsolatban felmerült félelmekkel"}],"coordinates":[],"confidence":{"state":"pre-added","who":["user:porkolabadrian"],"prob":1},"fields":{},"normalizations":{}},{"classId":"e_6","part":"s1v1","offsets":[{"start":893,"text":"Tehát elővette a régi kazettát, és újból lejátszotta."}],"coordinates":[],"confidence":{"state":"pre-added","who":["user:porkolabadrian"],"prob":1},"fields":{},"normalizations":{}},{"classId":"e_13","part":"s1v1","offsets":[{"start":899,"text":"elővette a régi kazettát"}],"coordinates":[],"confidence":{"state":"pre-added","who":["user:bernidam"],"prob":1},"fields":{},"normalizations":{}},{"classId":"e_14","part":"s1v1","offsets":[{"start":908,"text":"a régi kazettát"}],"coordinates":[],"confidence":{"state":"pre-added","who":["user:porkolabadrian"],"prob":1},"fields":{},"normalizations":{}},{"classId":"e_13","part":"s1v1","offsets":[{"start":928,"text":"újból lejátszotta"}],"coordinates":[],"confidence":{"state":"pre-added","who":["user:porkolabadrian"],"prob":1},"fields":{},"normalizations":{}},{"classId":"e_6","part":"s1v1","offsets":[{"start":947,"text":"Ennyit Soros Györgyről."}],"coordinates":[],"confidence":{"state":"pre-added","who":["user:porkolabadrian"],"prob":1},"fields":{},"normalizations":{}},{"classId":"e_13","part":"s1v1","offsets":[{"start":947,"text":"Ennyit Soros Györgyről"}],"coordinates":[],"confidence":{"state":"pre-added","who":["user:porkolabadrian"],"prob":1},"fields":{},"normalizations":{}},{"classId":"e_14","part":"s1v1","offsets":[{"start":954,"text":"Soros Györgyről"}],"coordinates":[],"confidence":{"state":"pre-added","who":["user:porkolabadrian"],"prob":1},"fields":{},"normalizations":{}},{"classId":"e_1","part":"s1v1","offsets":[{"start":1012,"text":"mint hogy most a magyar emberek ezt a fenyegetést meghallják"}],"coordinates":[],"confidence":{"state":"pre-added","who":["user:bernidam"],"prob":1},"fields":{},"normalizations":{}},{"classId":"e_14","part":"s1v1","offsets":[{"start":1027,"text":"a magyar emberek"}],"coordinates":[],"confidence":{"state":"pre-added","who":["user:porkolabadrian"],"prob":1},"fields":{},"normalizations":{}},{"classId":"e_14","part":"s1v1","offsets":[{"start":1044,"text":"ezt a fenyegetést"}],"coordinates":[],"confidence":{"state":"pre-added","who":["user:porkolabadrian"],"prob":1},"fields":{},"normalizations":{}},{"classId":"e_13","part":"s1v1","offsets":[{"start":1050,"text":"fenyegetést"}],"coordinates":[],"confidence":{"state":"pre-added","who":["user:bernidam"],"prob":1},"fields":{},"normalizations":{}},{"classId":"e_4","part":"s1v1","offsets":[{"start":1074,"text":"és elmondják erről is a véleményüket"}],"coordinates":[],"confidence":{"state":"pre-added","who":["user:bernidam"],"prob":1},"fields":{},"normalizations":{}},{"classId":"e_13","part":"s1v1","offsets":[{"start":1077,"text":"elmondják erről is a véleményüket"}],"coordinates":[],"confidence":{"state":"pre-added","who":["user:porkolabadrian"],"prob":1},"fields":{},"normalizations":{}},{"classId":"e_14","part":"s1v1","offsets":[{"start":1087,"text":"erről"}],"coordinates":[],"confidence":{"state":"pre-added","who":["user:porkolabadrian"],"prob":1},"fields":{},"normalizations":{}},{"classId":"e_14","part":"s1v1","offsets":[{"start":1096,"text":"a véleményüket"}],"coordinates":[],"confidence":{"state":"pre-added","who":["user:porkolabadrian"],"prob":1},"fields":{},"normalizations":{}},{"classId":"e_5","part":"s1v1","offsets":[{"start":1411,"text":"hogy a Soros-tervet gyakorlatilag át lehessen nyomni teljes egészében a különböző brüsszeli jogalkotó szerveken"}],"coordinates":[],"confidence":{"state":"pre-added","who":["user:bernidam"],"prob":1},"fields":{},"normalizations":{}},{"classId":"e_14","part":"s1v1","offsets":[{"start":1416,"text":"a Soros-tervet"}],"coordinates":[],"confidence":{"state":"pre-added","who":["user:porkolabadrian"],"prob":1},"fields":{},"normalizations":{}},{"classId":"e_13","part":"s1v1","offsets":[{"start":1445,"text":"át lehessen nyomni"}],"coordinates":[],"confidence":{"state":"pre-added","who":["user:porkolabadrian"],"prob":1},"fields":{},"normalizations":{}},{"classId":"e_14","part":"s1v1","offsets":[{"start":1464,"text":"teljes egészében"}],"coordinates":[],"confidence":{"state":"pre-added","who":["user:porkolabadrian"],"prob":1},"fields":{},"normalizations":{}},{"classId":"e_14","part":"s1v1","offsets":[{"start":1481,"text":"a különböző brüsszeli jogalkotó szerveken"}],"coordinates":[],"confidence":{"state":"pre-added","who":["user:porkolabadrian"],"prob":1},"fields":{},"normalizations":{}},{"classId":"e_6","part":"s1v1","offsets":[{"start":1524,"text":"Nos, ez a hölgy ugyanazt a mantrát elmondta."}],"coordinates":[],"confidence":{"state":"pre-added","who":["user:porkolabadrian"],"prob":1},"fields":{},"normalizations":{}},{"classId":"e_14","part":"s1v1","offsets":[{"start":1529,"text":"ez a hölgy"}],"coordinates":[],"confidence":{"state":"pre-added","who":["user:porkolabadrian"],"prob":1},"fields":{},"normalizations":{}},{"classId":"e_13","part":"s1v1","offsets":[{"start":1540,"text":"ugyanazt a mantrát elmondta"}],"coordinates":[],"confidence":{"state":"pre-added","who":["user:porkolabadrian"],"prob":1},"fields":{},"normalizations":{}},{"classId":"e_14","part":"s1v1","offsets":[{"start":1540,"text":"ugyanazt a mantrát"}],"coordinates":[],"confidence":{"state":"pre-added","who":["user:porkolabadrian"],"prob":1},"fields":{},"normalizations":{}},{"classId":"e_6","part":"s1v1","offsets":[{"start":1608,"text":"hogy senki sem tekinthető illegális bevándorlónak Európában"}],"coordinates":[],"confidence":{"state":"pre-added","who":["user:bernidam"],"prob":1},"fields":{},"normalizations":{}},{"classId":"e_13","part":"s1v1","offsets":[{"start":1613,"text":"senki sem tekinthető illegális bevándorlónak"}],"coordinates":[],"confidence":{"state":"pre-added","who":["user:porkolabadrian"],"prob":1},"fields":{},"normalizations":{}},{"classId":"e_14","part":"s1v1","offsets":[{"start":1613,"text":"senki"}],"coordinates":[],"confidence":{"state":"pre-added","who":["user:porkolabadrian"],"prob":1},"fields":{},"normalizations":{}},{"classId":"e_14","part":"s1v1","offsets":[{"start":1634,"text":"illegális bevándorlónak"}],"coordinates":[],"confidence":{"state":"pre-added","who":["user:porkolabadrian"],"prob":1},"fields":{},"normalizations":{}},{"classId":"e_14","part":"s1v1","offsets":[{"start":1658,"text":"Európában"}],"coordinates":[],"confidence":{"state":"pre-added","who":["user:porkolabadrian"],"prob":1},"fields":{},"normalizations":{}},{"classId":"e_14","part":"s1v1","offsets":[{"start":1675,"text":"mindenki"}],"coordinates":[],"confidence":{"state":"pre-added","who":["user:porkolabadrian"],"prob":1},"fields":{},"normalizations":{}},{"classId":"e_14","part":"s1v1","offsets":[{"start":1685,"text":"aki"}],"coordinates":[],"confidence":{"state":"pre-added","who":["ml:regex","user:porkolabadrian"],"prob":1},"fields":{},"normalizations":{}},{"classId":"e_14","part":"s1v1","offsets":[{"start":1695,"text":"azt"}],"coordinates":[],"confidence":{"state":"pre-added","who":["user:porkolabadrian"],"prob":1},"fields":{},"normalizations":{}},{"classId":"e_6","part":"s1v1","offsets":[{"start":1695,"text":"azt gyakorlatilag Soros kívánalmának megfelelően be kell fogadni"}],"coordinates":[],"confidence":{"state":"pre-added","who":["user:bernidam"],"prob":1},"fields":{},"normalizations":{}},{"classId":"e_14","part":"s1v1","offsets":[{"start":1713,"text":"Soros kívánalmának"}],"coordinates":[],"confidence":{"state":"pre-added","who":["user:porkolabadrian"],"prob":1},"fields":{},"normalizations":{}},{"classId":"e_13","part":"s1v1","offsets":[{"start":1744,"text":"be kell fogadni"}],"coordinates":[],"confidence":{"state":"pre-added","who":["user:porkolabadrian"],"prob":1},"fields":{},"normalizations":{}},{"classId":"e_14","part":"s1v1","offsets":[{"start":1772,"text":"azt"}],"coordinates":[],"confidence":{"state":"pre-added","who":["user:porkolabadrian"],"prob":1},"fields":{},"normalizations":{}},{"classId":"e_14","part":"s1v1","offsets":[{"start":1783,"text":"ebben az interjúban"}],"coordinates":[],"confidence":{"state":"pre-added","who":["user:porkolabadrian"],"prob":1},"fields":{},"normalizations":{}},{"classId":"e_6","part":"s1v1","offsets":[{"start":1804,"text":"hogy néhány ezer menekült magyarországi befogadása kifejezetten üdvözítő lenne"}],"coordinates":[],"confidence":{"state":"pre-added","who":["user:bernidam"],"prob":1},"fields":{},"normalizations":{}},{"classId":"e_14","part":"s1v1","offsets":[{"start":1809,"text":"néhány ezer menekült magyarországi befogadása"}],"coordinates":[],"confidence":{"state":"pre-added","who":["user:porkolabadrian"],"prob":1},"fields":{},"normalizations":{}},{"classId":"e_13","part":"s1v1","offsets":[{"start":1855,"text":"kifejezetten üdvözítő lenne"}],"coordinates":[],"confidence":{"state":"pre-added","who":["user:porkolabadrian"],"prob":1},"fields":{},"normalizations":{}},{"classId":"e_14","part":"s1v1","offsets":[{"start":1922,"text":"az LMP miniszterelnök-jelöltje"}],"coordinates":[],"confidence":{"state":"pre-added","who":["user:porkolabadrian"],"prob":1},"fields":{},"normalizations":{}},{"classId":"e_6","part":"s1v1","offsets":[{"start":1922,"text":"az LMP miniszterelnök-jelöltje ennek nagyon örül"}],"coordinates":[],"confidence":{"state":"pre-added","who":["user:bernidam"],"prob":1},"fields":{},"normalizations":{}},{"classId":"e_14","part":"s1v1","offsets":[{"start":1953,"text":"ennek"}],"coordinates":[],"confidence":{"state":"pre-added","who":["user:porkolabadrian"],"prob":1},"fields":{},"normalizations":{}},{"classId":"e_13","part":"s1v1","offsets":[{"start":1959,"text":"nagyon örül"}],"coordinates":[],"confidence":{"state":"pre-added","who":["user:porkolabadrian"],"prob":1},"fields":{},"normalizations":{}},{"classId":"e_6","part":"s1v1","offsets":[{"start":1972,"text":"Valószínűleg ők ketten egyeztethettek erről az előterjesztésről"}],"coordinates":[],"confidence":{"state":"pre-added","who":["user:porkolabadrian"],"prob":1},"fields":{},"normalizations":{}},{"classId":"e_14","part":"s1v1","offsets":[{"start":1985,"text":"ők ketten"}],"coordinates":[],"confidence":{"state":"pre-added","who":["user:porkolabadrian"],"prob":1},"fields":{},"normalizations":{}},{"classId":"e_13","part":"s1v1","offsets":[{"start":1995,"text":"egyeztethettek"}],"coordinates":[],"confidence":{"state":"pre-added","who":["user:porkolabadrian"],"prob":1},"fields":{},"normalizations":{}},{"classId":"e_14","part":"s1v1","offsets":[{"start":2010,"text":"erről az előterjesztésről"}],"coordinates":[],"confidence":{"state":"pre-added","who":["user:porkolabadrian"],"prob":1},"fields":{},"normalizations":{}},{"classId":"e_6","part":"s1v1","offsets":[{"start":2237,"text":"hogy az LMP miniszterelnök-jelöltje teljes mértékben egyetért a svéd politikusasszonnyal"}],"coordinates":[],"confidence":{"state":"pre-added","who":["user:porkolabadrian"],"prob":1},"fields":{},"normalizations":{}},{"classId":"e_14","part":"s1v1","offsets":[{"start":2242,"text":"az LMP miniszterelnök-jelöltje"}],"coordinates":[],"confidence":{"state":"pre-added","who":["user:porkolabadrian"],"prob":1},"fields":{},"normalizations":{}},{"classId":"e_13","part":"s1v1","offsets":[{"start":2273,"text":"teljes mértékben egyetért"}],"coordinates":[],"confidence":{"state":"pre-added","who":["user:porkolabadrian"],"prob":1},"fields":{},"normalizations":{}},{"classId":"e_14","part":"s1v1","offsets":[{"start":2299,"text":"a svéd politikusasszonnyal"}],"coordinates":[],"confidence":{"state":"pre-added","who":["user:porkolabadrian"],"prob":1},"fields":{},"normalizations":{}},{"classId":"e_1","part":"s1v1","offsets":[{"start":2327,"text":"Aztán ő is megfenyegeti az országot"}],"coordinates":[],"confidence":{"state":"pre-added","who":["user:porkolabadrian"],"prob":1},"fields":{},"normalizations":{}},{"classId":"e_14","part":"s1v1","offsets":[{"start":2333,"text":"ő"}],"coordinates":[],"confidence":{"state":"pre-added","who":["user:porkolabadrian"],"prob":1},"fields":{},"normalizations":{}},{"classId":"e_13","part":"s1v1","offsets":[{"start":2338,"text":"megfenyegeti"}],"coordinates":[],"confidence":{"state":"pre-added","who":["user:porkolabadrian"],"prob":1},"fields":{},"normalizations":{}},{"classId":"e_14","part":"s1v1","offsets":[{"start":2351,"text":"az országot"}],"coordinates":[],"confidence":{"state":"pre-added","who":["user:porkolabadrian"],"prob":1},"fields":{},"normalizations":{}},{"classId":"e_2","part":"s1v1","offsets":[{"start":2379,"text":"hogy ha nem teljesíti Magyarország"}],"coordinates":[],"confidence":{"state":"pre-added","who":["user:bernidam"],"prob":1},"fields":{},"normalizations":{}},{"classId":"e_13","part":"s1v1","offsets":[{"start":2387,"text":"nem teljesíti"}],"coordinates":[],"confidence":{"state":"pre-added","who":["user:porkolabadrian"],"prob":1},"fields":{},"normalizations":{}},{"classId":"e_14","part":"s1v1","offsets":[{"start":2401,"text":"Magyarország"}],"coordinates":[],"confidence":{"state":"pre-added","who":["ml:regex","user:porkolabadrian"],"prob":1},"fields":{},"normalizations":{}},{"classId":"e_4","part":"s1v1","offsets":[{"start":2415,"text":"akkor ő megértéssel fogadná"}],"coordinates":[],"confidence":{"state":"pre-added","who":["user:porkolabadrian"],"prob":1},"fields":{},"normalizations":{}},{"classId":"e_14","part":"s1v1","offsets":[{"start":2421,"text":"ő"}],"coordinates":[],"confidence":{"state":"pre-added","who":["user:porkolabadrian"],"prob":1},"fields":{},"normalizations":{}},{"classId":"e_13","part":"s1v1","offsets":[{"start":2423,"text":"megértéssel fogadná"}],"coordinates":[],"confidence":{"state":"pre-added","who":["user:porkolabadrian"],"prob":1},"fields":{},"normalizations":{}},{"classId":"e_14","part":"s1v1","offsets":[{"start":2423,"text":"megértéssel"}],"coordinates":[],"confidence":{"state":"pre-added","who":["user:porkolabadrian"],"prob":1},"fields":{},"normalizations":{}},{"classId":"e_5","part":"s1v1","offsets":[{"start":2444,"text":"ha egyes kormányok, akár a fejlesztési alapok területén hatnának azokra az országokra"}],"coordinates":[],"confidence":{"state":"pre-added","who":["user:porkolabadrian"],"prob":1},"fields":{},"normalizations":{}},{"classId":"e_14","part":"s1v1","offsets":[{"start":2447,"text":"egyes kormányok"}],"coordinates":[],"confidence":{"state":"pre-added","who":["user:porkolabadrian"],"prob":1},"fields":{},"normalizations":{}},{"classId":"e_14","part":"s1v1","offsets":[{"start":2469,"text":"a fejlesztési alapok területén"}],"coordinates":[],"confidence":{"state":"pre-added","who":["user:porkolabadrian"],"prob":1},"fields":{},"normalizations":{}},{"classId":"e_13","part":"s1v1","offsets":[{"start":2500,"text":"hatnának azokra az országokra"}],"coordinates":[],"confidence":{"state":"pre-added","who":["user:porkolabadrian"],"prob":1},"fields":{},"normalizations":{}},{"classId":"e_14","part":"s1v1","offsets":[{"start":2509,"text":"azokra az országokra"}],"coordinates":[],"confidence":{"state":"pre-added","who":["user:porkolabadrian"],"prob":1},"fields":{},"normalizations":{}},{"classId":"e_2","part":"s1v1","offsets":[{"start":2531,"text":"amelyek mindig ki akarnak maradni valamiből"}],"coordinates":[],"confidence":{"state":"pre-added","who":["user:porkolabadrian"],"prob":1},"fields":{},"normalizations":{}},{"classId":"e_14","part":"s1v1","offsets":[{"start":2531,"text":"amelyek"}],"coordinates":[],"confidence":{"state":"pre-added","who":["user:porkolabadrian"],"prob":1},"fields":{},"normalizations":{}},{"classId":"e_13","part":"s1v1","offsets":[{"start":2546,"text":"ki akarnak maradni"}],"coordinates":[],"confidence":{"state":"pre-added","who":["user:porkolabadrian"],"prob":1},"fields":{},"normalizations":{}},{"classId":"e_14","part":"s1v1","offsets":[{"start":2565,"text":"valamiből"}],"coordinates":[],"confidence":{"state":"pre-added","who":["user:porkolabadrian"],"prob":1},"fields":{},"normalizations":{}},{"classId":"e_6","part":"s1v1","offsets":[{"start":2584,"text":"a svéd állapotokat, a svédeket hozza fel példának számunkra, hogy fogadjuk már el azt"}],"coordinates":[],"confidence":{"state":"pre-added","who":["user:bernidam"],"prob":1},"fields":{},"normalizations":{}},{"classId":"e_14","part":"s1v1","offsets":[{"start":2584,"text":"a svéd állapotokat"}],"coordinates":[],"confidence":{"state":"pre-added","who":["user:bernidam"],"prob":1},"fields":{},"normalizations":{}},{"classId":"e_13","part":"s1v1","offsets":[{"start":2604,"text":"a svédeket hozza fel példának"}],"coordinates":[],"confidence":{"state":"pre-added","who":["user:porkolabadrian"],"prob":1},"fields":{},"normalizations":{}},{"classId":"e_14","part":"s1v1","offsets":[{"start":2604,"text":"a svédeket"}],"coordinates":[],"confidence":{"state":"pre-added","who":["user:bernidam"],"prob":1},"fields":{},"normalizations":{}},{"classId":"e_14","part":"s1v1","offsets":[{"start":2625,"text":"példának"}],"coordinates":[],"confidence":{"state":"pre-added","who":["user:porkolabadrian"],"prob":1},"fields":{},"normalizations":{}},{"classId":"e_13","part":"s1v1","offsets":[{"start":2650,"text":"fogadjuk már el"}],"coordinates":[],"confidence":{"state":"pre-added","who":["user:porkolabadrian"],"prob":1},"fields":{},"normalizations":{}},{"classId":"e_14","part":"s1v1","offsets":[{"start":2666,"text":"azt"}],"coordinates":[],"confidence":{"state":"pre-added","who":["user:porkolabadrian"],"prob":1},"fields":{},"normalizations":{}},{"classId":"e_14","part":"s1v1","offsets":[{"start":2671,"text":"ami"}],"coordinates":[],"confidence":{"state":"pre-added","who":["user:porkolabadrian"],"prob":1},"fields":{},"normalizations":{}},{"classId":"e_14","part":"s1v1","offsets":[{"start":2675,"text":"Svédországban"}],"coordinates":[],"confidence":{"state":"pre-added","who":["user:porkolabadrian"],"prob":1},"fields":{},"normalizations":{}},{"classId":"e_14","part":"s1v1","offsets":[{"start":2816,"text":"két adatot"}],"coordinates":[],"confidence":{"state":"pre-added","who":["user:bernidam"],"prob":1},"fields":{},"normalizations":{}},{"classId":"e_2","part":"s1v1","offsets":[{"start":2839,"text":"Az egyik, hogy a kétszázas nagyságrendű radikális iszlamisták számáról hét év alatt többezresre nőtt a Svédországban a szolgálatok által nyilvántartott radikálisok száma"}],"coordinates":[],"confidence":{"state":"pre-added","who":["user:porkolabadrian"],"prob":1},"fields":{},"normalizations":{}},{"classId":"e_14","part":"s1v1","offsets":[{"start":2839,"text":"Az egyik"}],"coordinates":[],"confidence":{"state":"pre-added","who":["user:porkolabadrian"],"prob":1},"fields":{},"normalizations":{}},{"classId":"e_14","part":"s1v1","offsets":[{"start":2854,"text":"a kétszázas nagyságrendű radikális iszlamisták számáról"}],"coordinates":[],"confidence":{"state":"pre-added","who":["user:porkolabadrian"],"prob":1},"fields":{},"normalizations":{}},{"classId":"e_14","part":"s1v1","offsets":[{"start":2910,"text":"hét év"}],"coordinates":[],"confidence":{"state":"pre-added","who":["user:bernidam"],"prob":1},"fields":{},"normalizations":{}},{"classId":"e_13","part":"s1v1","offsets":[{"start":2923,"text":"többezresre nőtt"}],"coordinates":[],"confidence":{"state":"pre-added","who":["user:porkolabadrian"],"prob":1},"fields":{},"normalizations":{}},{"classId":"e_14","part":"s1v1","offsets":[{"start":2940,"text":"a Svédországban a szolgálatok által nyilvántartott radikálisok száma"}],"coordinates":[],"confidence":{"state":"pre-added","who":["user:porkolabadrian"],"prob":1},"fields":{},"normalizations":{}},{"classId":"e_3","part":"s1v1","offsets":[{"start":3010,"text":"és 2016-ban 129 ezer szexuális bűncselekmény történt Svédországban, miközben 160 ezer illegális bevándorlót fogadtak be a svédek"}],"coordinates":[],"confidence":{"state":"pre-added","who":["user:bernidam"],"prob":1},"fields":{},"normalizations":{}},{"classId":"e_14","part":"s1v1","offsets":[{"start":3013,"text":"2016-ban"}],"coordinates":[],"confidence":{"state":"pre-added","who":["user:bernidam"],"prob":1},"fields":{},"normalizations":{}},{"classId":"e_14","part":"s1v1","offsets":[{"start":3022,"text":"129 ezer szexuális bűncselekmény"}],"coordinates":[],"confidence":{"state":"pre-added","who":["user:porkolabadrian"],"prob":1},"fields":{},"normalizations":{}},{"classId":"e_13","part":"s1v1","offsets":[{"start":3041,"text":"bűncselekmény történt"}],"coordinates":[],"confidence":{"state":"pre-added","who":["user:porkolabadrian"],"prob":1},"fields":{},"normalizations":{}},{"classId":"e_14","part":"s1v1","offsets":[{"start":3063,"text":"Svédországban"}],"coordinates":[],"confidence":{"state":"pre-added","who":["user:porkolabadrian"],"prob":1},"fields":{},"normalizations":{}},{"classId":"e_14","part":"s1v1","offsets":[{"start":3087,"text":"160 ezer illegális bevándorlót"}],"coordinates":[],"confidence":{"state":"pre-added","who":["user:porkolabadrian"],"prob":1},"fields":{},"normalizations":{}},{"classId":"e_13","part":"s1v1","offsets":[{"start":3096,"text":"illegális bevándorlót"}],"coordinates":[],"confidence":{"state":"pre-added","who":["user:bernidam"],"prob":1},"fields":{},"normalizations":{}},{"classId":"e_14","part":"s1v1","offsets":[{"start":3130,"text":"a svédek"}],"coordinates":[],"confidence":{"state":"pre-added","who":["user:porkolabadrian"],"prob":1},"fields":{},"normalizations":{}},{"classId":"e_6","part":"s1v1","offsets":[{"start":3406,"text":"hogy ez a Soros-terv mégiscsak létezik, és ezt a Soros-tervet nyomták át teljes egészében a LIBE-bizottságon és az Európai Parlamenten"}],"coordinates":[],"confidence":{"state":"pre-added","who":["user:bernidam"],"prob":1},"fields":{},"normalizations":{}},{"classId":"e_14","part":"s1v1","offsets":[{"start":3411,"text":"ez a Soros-terv"}],"coordinates":[],"confidence":{"state":"pre-added","who":["user:porkolabadrian"],"prob":1},"fields":{},"normalizations":{}},{"classId":"e_13","part":"s1v1","offsets":[{"start":3427,"text":"mégiscsak létezik"}],"coordinates":[],"confidence":{"state":"pre-added","who":["user:porkolabadrian"],"prob":1},"fields":{},"normalizations":{}},{"classId":"e_13","part":"s1v1","offsets":[{"start":3449,"text":"ezt a Soros-tervet nyomták át"}],"coordinates":[],"confidence":{"state":"pre-added","who":["user:porkolabadrian"],"prob":1},"fields":{},"normalizations":{}},{"classId":"e_14","part":"s1v1","offsets":[{"start":3449,"text":"ezt a Soros-tervet"}],"coordinates":[],"confidence":{"state":"pre-added","who":["user:porkolabadrian"],"prob":1},"fields":{},"normalizations":{}},{"classId":"e_14","part":"s1v1","offsets":[{"start":3496,"text":"a LIBE-bizottságon"}],"coordinates":[],"confidence":{"state":"pre-added","who":["user:bernidam"],"prob":1},"fields":{},"normalizations":{}},{"classId":"e_14","part":"s1v1","offsets":[{"start":3518,"text":"az Európai Parlamenten"}],"coordinates":[],"confidence":{"state":"pre-added","who":["user:bernidam"],"prob":1},"fields":{},"normalizations":{}},{"classId":"e_5","part":"s1v1","offsets":[{"start":4793,"text":"hogy a Soros-terv, illetve a LIBE bizottságon átnyomott határozat lényege, amelyet teljes egészében elfogadott, és magáévá tette az Európai Parlament a 390-175-44 arányú döntésével, hogy egy idő nélküli és a létszámot tekintve felső korlát nélküli kötelező kvótát lehessen alkalmazni minden egyes tagország tekintetében"}],"coordinates":[],"confidence":{"state":"pre-added","who":["user:bernidam"],"prob":1},"fields":{},"normalizations":{}},{"classId":"e_14","part":"s1v1","offsets":[{"start":4798,"text":"a Soros-terv, illetve a LIBE bizottságon átnyomott határozat lényege"}],"coordinates":[],"confidence":{"state":"pre-added","who":["user:bernidam"],"prob":1},"fields":{},"normalizations":{}},{"classId":"e_13","part":"s1v1","offsets":[{"start":4839,"text":"átnyomott határozat"}],"coordinates":[],"confidence":{"state":"pre-added","who":["user:bernidam"],"prob":1},"fields":{},"normalizations":{}},{"classId":"e_14","part":"s1v1","offsets":[{"start":4868,"text":"amelyet"}],"coordinates":[],"confidence":{"state":"pre-added","who":["user:porkolabadrian"],"prob":1},"fields":{},"normalizations":{}},{"classId":"e_14","part":"s1v1","offsets":[{"start":4876,"text":"teljes egészében"}],"coordinates":[],"confidence":{"state":"pre-added","who":["user:porkolabadrian"],"prob":1},"fields":{},"normalizations":{}},{"classId":"e_13","part":"s1v1","offsets":[{"start":4908,"text":"magáévá tette az Európai Parlament"}],"coordinates":[],"confidence":{"state":"pre-added","who":["user:porkolabadrian"],"prob":1},"fields":{},"normalizations":{}},{"classId":"e_14","part":"s1v1","offsets":[{"start":4908,"text":"magáévá"}],"coordinates":[],"confidence":{"state":"pre-added","who":["user:bernidam"],"prob":1},"fields":{},"normalizations":{}},{"classId":"e_14","part":"s1v1","offsets":[{"start":4922,"text":"az Európai Parlament"}],"coordinates":[],"confidence":{"state":"pre-added","who":["user:porkolabadrian"],"prob":1},"fields":{},"normalizations":{}},{"classId":"e_14","part":"s1v1","offsets":[{"start":4943,"text":"a 390-175-44 arányú döntésével"}],"coordinates":[],"confidence":{"state":"pre-added","who":["user:porkolabadrian"],"prob":1},"fields":{},"normalizations":{}},{"classId":"e_14","part":"s1v1","offsets":[{"start":4980,"text":"egy idő nélküli és a létszámot tekintve felső korlát nélküli kötelező kvótát"}],"coordinates":[],"confidence":{"state":"pre-added","who":["user:porkolabadrian"],"prob":1},"fields":{},"normalizations":{}},{"classId":"e_13","part":"s1v1","offsets":[{"start":5041,"text":"kötelező kvótát lehessen alkalmazni"}],"coordinates":[],"confidence":{"state":"pre-added","who":["user:porkolabadrian"],"prob":1},"fields":{},"normalizations":{}},{"classId":"e_14","part":"s1v1","offsets":[{"start":5077,"text":"minden egyes tagország tekintetében"}],"coordinates":[],"confidence":{"state":"pre-added","who":["user:porkolabadrian"],"prob":1},"fields":{},"normalizations":{}},{"classId":"e_2","part":"s1v1","offsets":[{"start":5345,"text":"És aki ezt nem fogadja el"}],"coordinates":[],"confidence":{"state":"pre-added","who":["user:porkolabadrian"],"prob":1},"fields":{},"normalizations":{}},{"classId":"e_14","part":"s1v1","offsets":[{"start":5348,"text":"aki"}],"coordinates":[],"confidence":{"state":"pre-added","who":["user:porkolabadrian"],"prob":1},"fields":{},"normalizations":{}},{"classId":"e_14","part":"s1v1","offsets":[{"start":5352,"text":"ezt"}],"coordinates":[],"confidence":{"state":"pre-added","who":["user:porkolabadrian"],"prob":1},"fields":{},"normalizations":{}},{"classId":"e_13","part":"s1v1","offsets":[{"start":5356,"text":"nem fogadja el"}],"coordinates":[],"confidence":{"state":"pre-added","who":["user:porkolabadrian"],"prob":1},"fields":{},"normalizations":{}},{"classId":"e_5","part":"s1v1","offsets":[{"start":5372,"text":"az ellen az ország ellen szankciókat kell bevezetni"}],"coordinates":[],"confidence":{"state":"pre-added","who":["user:porkolabadrian"],"prob":1},"fields":{},"normalizations":{}},{"classId":"e_14","part":"s1v1","offsets":[{"start":5372,"text":"az ellen az ország ellen"}],"coordinates":[],"confidence":{"state":"pre-added","who":["user:porkolabadrian"],"prob":1},"fields":{},"normalizations":{}},{"classId":"e_13","part":"s1v1","offsets":[{"start":5397,"text":"szankciókat kell bevezetni"}],"coordinates":[],"confidence":{"state":"pre-added","who":["user:porkolabadrian"],"prob":1},"fields":{},"normalizations":{}},{"classId":"e_14","part":"s1v1","offsets":[{"start":5397,"text":"szankciókat"}],"coordinates":[],"confidence":{"state":"pre-added","who":["user:porkolabadrian"],"prob":1},"fields":{},"normalizations":{}},{"classId":"e_2","part":"s1v1","offsets":[{"start":5425,"text":"Ezek a szankciók pedig azokat a felzárkóztatási és fejlesztési alapokat fogják érinteni"}],"coordinates":[],"confidence":{"state":"pre-added","who":["user:porkolabadrian"],"prob":1},"fields":{},"normalizations":{}},{"classId":"e_14","part":"s1v1","offsets":[{"start":5425,"text":"Ezek a szankciók"}],"coordinates":[],"confidence":{"state":"pre-added","who":["user:porkolabadrian"],"prob":1},"fields":{},"normalizations":{}},{"classId":"e_14","part":"s1v1","offsets":[{"start":5448,"text":"azokat a felzárkóztatási és fejlesztési alapokat"}],"coordinates":[],"confidence":{"state":"pre-added","who":["user:porkolabadrian"],"prob":1},"fields":{},"normalizations":{}},{"classId":"e_13","part":"s1v1","offsets":[{"start":5497,"text":"fogják érinteni"}],"coordinates":[],"confidence":{"state":"pre-added","who":["user:porkolabadrian"],"prob":1},"fields":{},"normalizations":{}},{"classId":"e_11","part":"s1v1","offsets":[{"start":5546,"text":"amelyekkel egyébként a kelet-európai országok, a sok-sok évvel később csatlakozott országok helyzetbe hozását, illetve az európai szintre emelését szerették volna segíteni"}],"coordinates":[],"confidence":{"state":"pre-added","who":["user:porkolabadrian"],"prob":1},"fields":{},"normalizations":{}},{"classId":"e_14","part":"s1v1","offsets":[{"start":5546,"text":"amelyekkel"}],"coordinates":[],"confidence":{"state":"pre-added","who":["user:porkolabadrian"],"prob":1},"fields":{},"normalizations":{}},{"classId":"e_14","part":"s1v1","offsets":[{"start":5567,"text":"a kelet-európai országok, a sok-sok évvel később csatlakozott országok helyzetbe hozását, illetve az európai szintre emelését"}],"coordinates":[],"confidence":{"state":"pre-added","who":["user:porkolabadrian"],"prob":1},"fields":{},"normalizations":{}},{"classId":"e_13","part":"s1v1","offsets":[{"start":5693,"text":"szerették volna segíteni"}],"coordinates":[],"confidence":{"state":"pre-added","who":["user:porkolabadrian"],"prob":1},"fields":{},"normalizations":{}},{"classId":"e_6","part":"s1v1","offsets":[{"start":5719,"text":"Az egész ügyet egy úgynevezett családegyesítési kritérium megfogalmazásával is segítik."}],"coordinates":[],"confidence":{"state":"pre-added","who":["user:porkolabadrian"],"prob":1},"fields":{},"normalizations":{}},{"classId":"e_14","part":"s1v1","offsets":[{"start":5719,"text":"Az egész ügyet"}],"coordinates":[],"confidence":{"state":"pre-added","who":["user:porkolabadrian"],"prob":1},"fields":{},"normalizations":{}},{"classId":"e_14","part":"s1v1","offsets":[{"start":5734,"text":"egy úgynevezett családegyesítési kritérium megfogalmazásával"}],"coordinates":[],"confidence":{"state":"pre-added","who":["user:porkolabadrian"],"prob":1},"fields":{},"normalizations":{}},{"classId":"e_13","part":"s1v1","offsets":[{"start":5750,"text":"családegyesítési kritérium megfogalmazásával is segítik"}],"coordinates":[],"confidence":{"state":"pre-added","who":["user:porkolabadrian"],"prob":1},"fields":{},"normalizations":{}},{"classId":"e_6","part":"s1v1","offsets":[{"start":5807,"text":"Gyakorlatilag 30 fős csoportok is kérhetik az áthelyezésüket az Európai Unió bármelyik országába"}],"coordinates":[],"confidence":{"state":"pre-added","who":["user:bernidam"],"prob":1},"fields":{},"normalizations":{}},{"classId":"e_13","part":"s1v1","offsets":[{"start":5821,"text":"30 fős csoportok is kérhetik"}],"coordinates":[],"confidence":{"state":"pre-added","who":["user:porkolabadrian"],"prob":1},"fields":{},"normalizations":{}},{"classId":"e_14","part":"s1v1","offsets":[{"start":5821,"text":"30 fős csoportok"}],"coordinates":[],"confidence":{"state":"pre-added","who":["user:porkolabadrian"],"prob":1},"fields":{},"normalizations":{}},{"classId":"e_14","part":"s1v1","offsets":[{"start":5850,"text":"az áthelyezésüket"}],"coordinates":[],"confidence":{"state":"pre-added","who":["user:porkolabadrian"],"prob":1},"fields":{},"normalizations":{}},{"classId":"e_14","part":"s1v1","offsets":[{"start":5868,"text":"az Európai Unió bármelyik országába"}],"coordinates":[],"confidence":{"state":"pre-added","who":["user:porkolabadrian"],"prob":1},"fields":{},"normalizations":{}},{"classId":"e_14","part":"s1v1","offsets":[{"start":5967,"text":"amit"}],"coordinates":[],"confidence":{"state":"pre-added","who":["user:bernidam"],"prob":1},"fields":{},"normalizations":{}},{"classId":"e_5","part":"s1v1","offsets":[{"start":6030,"text":"akkor bevonják a Soros által támogatott, Soros által pénzelt NGO-kat, akik, hogy ha bevállalják ezeknek a csoportoknak a gondozását (Ban­góné Borbély Ildikó: Mondjad, mondjad!), azon a pénzen egyébként, amit Soros György fizetett meg, vagy pedig amit a magyar adófizető polgároktól fognak erre kicsikarni, akkor az adott országban is lehet alkalmazni a kötelező kvóta alapján ezeknek az embereknek a befogadását"}],"coordinates":[],"confidence":{"state":"pre-added","who":["user:bernidam"],"prob":1},"fields":{},"normalizations":{}},{"classId":"e_13","part":"s1v1","offsets":[{"start":6036,"text":"bevonják a Soros által támogatott, Soros által pénzelt NGO-kat"}],"coordinates":[],"confidence":{"state":"pre-added","who":["user:bernidam"],"prob":1},"fields":{},"normalizations":{}},{"classId":"e_14","part":"s1v1","offsets":[{"start":6045,"text":"a Soros által támogatott, Soros által pénzelt NGO-kat"}],"coordinates":[],"confidence":{"state":"pre-added","who":["user:porkolabadrian"],"prob":1},"fields":{},"normalizations":{}},{"classId":"e_14","part":"s1v1","offsets":[{"start":6100,"text":"akik"}],"coordinates":[],"confidence":{"state":"pre-added","who":["user:porkolabadrian"],"prob":1},"fields":{},"normalizations":{}},{"classId":"e_13","part":"s1v1","offsets":[{"start":6114,"text":"bevállalják ezeknek a csoportoknak a gondozását"}],"coordinates":[],"confidence":{"state":"pre-added","who":["user:porkolabadrian"],"prob":1},"fields":{},"normalizations":{}},{"classId":"e_14","part":"s1v1","offsets":[{"start":6126,"text":"ezeknek a csoportoknak a gondozását"}],"coordinates":[],"confidence":{"state":"pre-added","who":["user:porkolabadrian"],"prob":1},"fields":{},"normalizations":{}},{"classId":"e_14","part":"s1v1","offsets":[{"start":6208,"text":"azon a pénzen"}],"coordinates":[],"confidence":{"state":"pre-added","who":["user:porkolabadrian"],"prob":1},"fields":{},"normalizations":{}},{"classId":"e_14","part":"s1v1","offsets":[{"start":6233,"text":"amit"}],"coordinates":[],"confidence":{"state":"pre-added","who":["ml:regex","user:porkolabadrian"],"prob":1},"fields":{},"normalizations":{}},{"classId":"e_14","part":"s1v1","offsets":[{"start":6238,"text":"Soros György"}],"coordinates":[],"confidence":{"state":"pre-added","who":["user:porkolabadrian"],"prob":1},"fields":{},"normalizations":{}},{"classId":"e_13","part":"s1v1","offsets":[{"start":6238,"text":"Soros György fizetett meg"}],"coordinates":[],"confidence":{"state":"pre-added","who":["user:bernidam"],"prob":1},"fields":{},"normalizations":{}},{"classId":"e_14","part":"s1v1","offsets":[{"start":6276,"text":"amit"}],"coordinates":[],"confidence":{"state":"pre-added","who":["ml:regex","user:porkolabadrian"],"prob":1},"fields":{},"normalizations":{}},{"classId":"e_13","part":"s1v1","offsets":[{"start":6281,"text":"a magyar adófizető polgároktól fognak erre kicsikarni"}],"coordinates":[],"confidence":{"state":"pre-added","who":["user:porkolabadrian"],"prob":1},"fields":{},"normalizations":{}},{"classId":"e_14","part":"s1v1","offsets":[{"start":6281,"text":"a magyar adófizető polgároktól"}],"coordinates":[],"confidence":{"state":"pre-added","who":["user:porkolabadrian"],"prob":1},"fields":{},"normalizations":{}},{"classId":"e_14","part":"s1v1","offsets":[{"start":6319,"text":"erre"}],"coordinates":[],"confidence":{"state":"pre-added","who":["user:porkolabadrian"],"prob":1},"fields":{},"normalizations":{}},{"classId":"e_14","part":"s1v1","offsets":[{"start":6342,"text":"az adott országban"}],"coordinates":[],"confidence":{"state":"pre-added","who":["user:porkolabadrian"],"prob":1},"fields":{},"normalizations":{}},{"classId":"e_14","part":"s1v1","offsets":[{"start":6381,"text":"a kötelező kvóta"}],"coordinates":[],"confidence":{"state":"pre-added","who":["user:bernidam"],"prob":1},"fields":{},"normalizations":{}},{"classId":"e_13","part":"s1v1","offsets":[{"start":6383,"text":"kötelező kvóta"}],"coordinates":[],"confidence":{"state":"pre-added","who":["user:bernidam"],"prob":1},"fields":{},"normalizations":{}},{"classId":"e_14","part":"s1v1","offsets":[{"start":6406,"text":"ezeknek az embereknek a befogadását"}],"coordinates":[],"confidence":{"state":"pre-added","who":["user:porkolabadrian"],"prob":1},"fields":{},"normalizations":{}},{"classId":"e_14","part":"s1v1","offsets":[{"start":6500,"text":"mindenkit"}],"coordinates":[],"confidence":{"state":"pre-added","who":["user:bernidam"],"prob":1},"fields":{},"normalizations":{}},{"classId":"e_14","part":"s1v1","offsets":[{"start":6511,"text":"a magyar embereket"}],"coordinates":[],"confidence":{"state":"pre-added","who":["user:bernidam"],"prob":1},"fields":{},"normalizations":{}},{"classId":"e_14","part":"s1v1","offsets":[{"start":6531,"text":"a magyar kormány tagjait"}],"coordinates":[],"confidence":{"state":"pre-added","who":["user:bernidam"],"prob":1},"fields":{},"normalizations":{}},{"classId":"e_14","part":"s1v1","offsets":[{"start":6557,"text":"a parlament tagjait"}],"coordinates":[],"confidence":{"state":"pre-added","who":["user:bernidam"],"prob":1},"fields":{},"normalizations":{}},{"classId":"e_14","part":"s1v1","offsets":[{"start":6580,"text":"az EP-képviselőinket"}],"coordinates":[],"confidence":{"state":"pre-added","who":["user:bernidam"],"prob":1},"fields":{},"normalizations":{}},{"classId":"e_4","part":"s1v1","offsets":[{"start":6605,"text":"hogy fogjunk össze ebben a kérdésben"}],"coordinates":[],"confidence":{"state":"pre-added","who":["user:bernidam"],"prob":1},"fields":{},"normalizations":{}},{"classId":"e_13","part":"s1v1","offsets":[{"start":6610,"text":"fogjunk össze"}],"coordinates":[],"confidence":{"state":"pre-added","who":["user:porkolabadrian"],"prob":1},"fields":{},"normalizations":{}},{"classId":"e_14","part":"s1v1","offsets":[{"start":6624,"text":"ebben a kérdésben"}],"coordinates":[],"confidence":{"state":"pre-added","who":["user:porkolabadrian"],"prob":1},"fields":{},"normalizations":{}},{"classId":"e_4","part":"s1v1","offsets":[{"start":6664,"text":"és védjük meg közösen az országot"}],"coordinates":[],"confidence":{"state":"pre-added","who":["user:bernidam"],"prob":1},"fields":{},"normalizations":{}},{"classId":"e_13","part":"s1v1","offsets":[{"start":6667,"text":"védjük meg közösen"}],"coordinates":[],"confidence":{"state":"pre-added","who":["user:porkolabadrian"],"prob":1},"fields":{},"normalizations":{}},{"classId":"e_14","part":"s1v1","offsets":[{"start":6686,"text":"az országot"}],"coordinates":[],"confidence":{"state":"pre-added","who":["user:porkolabadrian"],"prob":1},"fields":{},"normalizations":{}},{"classId":"e_5","part":"s1v1","offsets":[{"start":6699,"text":"utasítsuk el Soros Györgyöt"}],"coordinates":[],"confidence":{"state":"pre-added","who":["user:porkolabadrian"],"prob":1},"fields":{},"normalizations":{}},{"classId":"e_13","part":"s1v1","offsets":[{"start":6699,"text":"utasítsuk el"}],"coordinates":[],"confidence":{"state":"pre-added","who":["user:porkolabadrian"],"prob":1},"fields":{},"normalizations":{}},{"classId":"e_14","part":"s1v1","offsets":[{"start":6712,"text":"Soros Györgyöt"}],"coordinates":[],"confidence":{"state":"pre-added","who":["user:porkolabadrian"],"prob":1},"fields":{},"normalizations":{}}],"relations":[{"classId":"r_15","type":"linked","directed":false,"entities":["s1v1|e_14|653,669","s1v1|e_1|634,669"],"confidence":{"state":"pre-added","who":["user:bernidam"],"prob":1}},{"classId":"r_15","type":"linked","directed":false,"entities":["s1v1|e_14|1027,1042","s1v1|e_1|1012,1071"],"confidence":{"state":"pre-added","who":["user:bernidam"],"prob":1}},{"classId":"r_15","type":"linked","directed":false,"entities":["s1v1|e_14|1044,1060","s1v1|e_1|1012,1071"],"confidence":{"state":"pre-added","who":["user:bernidam"],"prob":1}},{"classId":"r_15","type":"linked","directed":false,"entities":["s1v1|e_14|2333,2333","s1v1|e_1|2327,2361"],"confidence":{"state":"pre-added","who":["user:porkolabadrian"],"prob":1}},{"classId":"r_15","type":"linked","directed":false,"entities":["s1v1|e_14|2351,2361","s1v1|e_1|2327,2361"],"confidence":{"state":"pre-added","who":["user:porkolabadrian"],"prob":1}},{"classId":"r_16","type":"linked","directed":false,"entities":["s1v1|e_14|2401,2412","s1v1|e_2|2379,2412"],"confidence":{"state":"pre-added","who":["user:bernidam"],"prob":1}},{"classId":"r_16","type":"linked","directed":false,"entities":["s1v1|e_14|2531,2537","s1v1|e_2|2531,2573"],"confidence":{"state":"pre-added","who":["user:porkolabadrian"],"prob":1}},{"classId":"r_16","type":"linked","directed":false,"entities":["s1v1|e_14|2565,2573","s1v1|e_2|2531,2573"],"confidence":{"state":"pre-added","who":["user:porkolabadrian"],"prob":1}},{"classId":"r_16","type":"linked","directed":false,"entities":["s1v1|e_14|2816,2825","s1v1|e_2|2839,3007"],"confidence":{"state":"pre-added","who":["user:bernidam"],"prob":1}},{"classId":"r_16","type":"linked","directed":false,"entities":["s1v1|e_14|2839,2846","s1v1|e_2|2839,3007"],"confidence":{"state":"pre-added","who":["user:porkolabadrian"],"prob":1}},{"classId":"r_16","type":"linked","directed":false,"entities":["s1v1|e_14|2854,2908","s1v1|e_2|2839,3007"],"confidence":{"state":"pre-added","who":["user:porkolabadrian"],"prob":1}},{"classId":"r_16","type":"linked","directed":false,"entities":["s1v1|e_14|2910,2915","s1v1|e_2|2839,3007"],"confidence":{"state":"pre-added","who":["user:bernidam"],"prob":1}},{"classId":"r_16","type":"linked","directed":false,"entities":["s1v1|e_14|2940,3007","s1v1|e_2|2839,3007"],"confidence":{"state":"pre-added","who":["user:porkolabadrian"],"prob":1}},{"classId":"r_16","type":"linked","directed":false,"entities":["s1v1|e_14|5348,5350","s1v1|e_2|5345,5369"],"confidence":{"state":"pre-added","who":["user:porkolabadrian"],"prob":1}},{"classId":"r_16","type":"linked","directed":false,"entities":["s1v1|e_14|5352,5354","s1v1|e_2|5345,5369"],"confidence":{"state":"pre-added","who":["user:porkolabadrian"],"prob":1}},{"classId":"r_16","type":"linked","directed":false,"entities":["s1v1|e_14|5425,5440","s1v1|e_2|5425,5511"],"confidence":{"state":"pre-added","who":["user:porkolabadrian"],"prob":1}},{"classId":"r_16","type":"linked","directed":false,"entities":["s1v1|e_14|5448,5495","s1v1|e_2|5425,5511"],"confidence":{"state":"pre-added","who":["user:porkolabadrian"],"prob":1}},{"classId":"r_17","type":"linked","directed":false,"entities":["s1v1|e_14|3013,3020","s1v1|e_3|3010,3137"],"confidence":{"state":"pre-added","who":["user:bernidam"],"prob":1}},{"classId":"r_17","type":"linked","directed":false,"entities":["s1v1|e_14|3022,3053","s1v1|e_3|3010,3137"],"confidence":{"state":"pre-added","who":["user:bernidam"],"prob":1}},{"classId":"r_17","type":"linked","directed":false,"entities":["s1v1|e_14|3063,3075","s1v1|e_3|3010,3137"],"confidence":{"state":"pre-added","who":["user:bernidam"],"prob":1}},{"classId":"r_17","type":"linked","directed":false,"entities":["s1v1|e_14|3087,3116","s1v1|e_3|3010,3137"],"confidence":{"state":"pre-added","who":["user:bernidam"],"prob":1}},{"classId":"r_17","type":"linked","directed":false,"entities":["s1v1|e_14|3130,3137","s1v1|e_3|3010,3137"],"confidence":{"state":"pre-added","who":["user:bernidam"],"prob":1}},{"classId":"r_18","type":"linked","directed":false,"entities":["s1v1|e_14|307,310","s1v1|e_4|307,361"],"confidence":{"state":"pre-added","who":["user:porkolabadrian"],"prob":1}},{"classId":"r_18","type":"linked","directed":false,"entities":["s1v1|e_14|312,314","s1v1|e_4|307,361"],"confidence":{"state":"pre-added","who":["user:bernidam"],"prob":1}},{"classId":"r_18","type":"linked","directed":false,"entities":["s1v1|e_14|316,317","s1v1|e_4|307,361"],"confidence":{"state":"pre-added","who":["user:porkolabadrian"],"prob":1}},{"classId":"r_18","type":"linked","directed":false,"entities":["s1v1|e_14|319,334","s1v1|e_4|307,361"],"confidence":{"state":"pre-added","who":["user:porkolabadrian"],"prob":1}},{"classId":"r_18","type":"linked","directed":false,"entities":["s1v1|e_14|349,361","s1v1|e_4|307,361"],"confidence":{"state":"pre-added","who":["user:porkolabadrian"],"prob":1}},{"classId":"r_18","type":"linked","directed":false,"entities":["s1v1|e_14|821,886","s1v1|e_4|805,889"],"confidence":{"state":"pre-added","who":["user:bernidam"],"prob":1}},{"classId":"r_18","type":"linked","directed":false,"entities":["s1v1|e_14|1087,1091","s1v1|e_4|1074,1109"],"confidence":{"state":"pre-added","who":["user:bernidam"],"prob":1}},{"classId":"r_18","type":"linked","directed":false,"entities":["s1v1|e_14|1096,1109","s1v1|e_4|1074,1109"],"confidence":{"state":"pre-added","who":["user:bernidam"],"prob":1}},{"classId":"r_18","type":"linked","directed":false,"entities":["s1v1|e_14|2421,2421","s1v1|e_4|2415,2441"],"confidence":{"state":"pre-added","who":["user:porkolabadrian"],"prob":1}},{"classId":"r_18","type":"linked","directed":false,"entities":["s1v1|e_14|2423,2433","s1v1|e_4|2415,2441"],"confidence":{"state":"pre-added","who":["user:porkolabadrian"],"prob":1}},{"classId":"r_18","type":"linked","directed":false,"entities":["s1v1|e_14|6500,6508","s1v1|e_4|6605,6640"],"confidence":{"state":"pre-added","who":["user:bernidam"],"prob":1}},{"classId":"r_18","type":"linked","directed":false,"entities":["s1v1|e_14|6511,6528","s1v1|e_4|6605,6640"],"confidence":{"state":"pre-added","who":["user:bernidam"],"prob":1}},{"classId":"r_18","type":"linked","directed":false,"entities":["s1v1|e_14|6531,6554","s1v1|e_4|6605,6640"],"confidence":{"state":"pre-added","who":["user:bernidam"],"prob":1}},{"classId":"r_18","type":"linked","directed":false,"entities":["s1v1|e_14|6557,6575","s1v1|e_4|6605,6640"],"confidence":{"state":"pre-added","who":["user:bernidam"],"prob":1}},{"classId":"r_18","type":"linked","directed":false,"entities":["s1v1|e_14|6580,6599","s1v1|e_4|6605,6640"],"confidence":{"state":"pre-added","who":["user:bernidam"],"prob":1}},{"classId":"r_18","type":"linked","directed":false,"entities":["s1v1|e_14|6624,6640","s1v1|e_4|6605,6640"],"confidence":{"state":"pre-added","who":["user:bernidam"],"prob":1}},{"classId":"r_18","type":"linked","directed":false,"entities":["s1v1|e_14|6686,6696","s1v1|e_4|6664,6696"],"confidence":{"state":"pre-added","who":["user:bernidam"],"prob":1}},{"classId":"r_19","type":"linked","directed":false,"entities":["s1v1|e_14|521,553","s1v1|e_5|516,584"],"confidence":{"state":"pre-added","who":["user:bernidam"],"prob":1}},{"classId":"r_19","type":"linked","directed":false,"entities":["s1v1|e_14|573,584","s1v1|e_5|516,584"],"confidence":{"state":"pre-added","who":["user:bernidam"],"prob":1}},{"classId":"r_19","type":"linked","directed":false,"entities":["s1v1|e_14|701,729","s1v1|e_5|696,802"],"confidence":{"state":"pre-added","who":["user:bernidam"],"prob":1}},{"classId":"r_19","type":"linked","directed":false,"entities":["s1v1|e_14|731,750","s1v1|e_5|696,802"],"confidence":{"state":"pre-added","who":["user:bernidam"],"prob":1}},{"classId":"r_19","type":"linked","directed":false,"entities":["s1v1|e_14|758,761","s1v1|e_5|696,802"],"confidence":{"state":"pre-added","who":["user:bernidam"],"prob":1}},{"classId":"r_19","type":"linked","directed":false,"entities":["s1v1|e_14|770,774","s1v1|e_5|696,802"],"confidence":{"state":"pre-added","who":["user:bernidam"],"prob":1}},{"classId":"r_19","type":"linked","directed":false,"entities":["s1v1|e_14|776,796","s1v1|e_5|696,802"],"confidence":{"state":"pre-added","who":["user:bernidam"],"prob":1}},{"classId":"r_19","type":"linked","directed":false,"entities":["s1v1|e_14|1416,1429","s1v1|e_5|1411,1521"],"confidence":{"state":"pre-added","who":["user:bernidam"],"prob":1}},{"classId":"r_19","type":"linked","directed":false,"entities":["s1v1|e_14|1464,1479","s1v1|e_5|1411,1521"],"confidence":{"state":"pre-added","who":["user:bernidam"],"prob":1}},{"classId":"r_19","type":"linked","directed":false,"entities":["s1v1|e_14|1481,1521","s1v1|e_5|1411,1521"],"confidence":{"state":"pre-added","who":["user:bernidam"],"prob":1}},{"classId":"r_19","type":"linked","directed":false,"entities":["s1v1|e_14|2447,2461","s1v1|e_5|2444,2528"],"confidence":{"state":"pre-added","who":["user:porkolabadrian"],"prob":1}},{"classId":"r_19","type":"linked","directed":false,"entities":["s1v1|e_14|2469,2498","s1v1|e_5|2444,2528"],"confidence":{"state":"pre-added","who":["user:porkolabadrian"],"prob":1}},{"classId":"r_19","type":"linked","directed":false,"entities":["s1v1|e_14|2509,2528","s1v1|e_5|2444,2528"],"confidence":{"state":"pre-added","who":["user:porkolabadrian"],"prob":1}},{"classId":"r_19","type":"linked","directed":false,"entities":["s1v1|e_14|4798,4865","s1v1|e_5|4793,5111"],"confidence":{"state":"pre-added","who":["user:bernidam"],"prob":1}},{"classId":"r_19","type":"linked","directed":false,"entities":["s1v1|e_14|4868,4874","s1v1|e_5|4793,5111"],"confidence":{"state":"pre-added","who":["user:bernidam"],"prob":1}},{"classId":"r_19","type":"linked","directed":false,"entities":["s1v1|e_14|4876,4891","s1v1|e_5|4793,5111"],"confidence":{"state":"pre-added","who":["user:bernidam"],"prob":1}},{"classId":"r_19","type":"linked","directed":false,"entities":["s1v1|e_14|4908,4914","s1v1|e_5|4793,5111"],"confidence":{"state":"pre-added","who":["user:bernidam"],"prob":1}},{"classId":"r_19","type":"linked","directed":false,"entities":["s1v1|e_14|4922,4941","s1v1|e_5|4793,5111"],"confidence":{"state":"pre-added","who":["user:bernidam"],"prob":1}},{"classId":"r_19","type":"linked","directed":false,"entities":["s1v1|e_14|4943,4972","s1v1|e_5|4793,5111"],"confidence":{"state":"pre-added","who":["user:bernidam"],"prob":1}},{"classId":"r_19","type":"linked","directed":false,"entities":["s1v1|e_14|4980,5055","s1v1|e_5|4793,5111"],"confidence":{"state":"pre-added","who":["user:bernidam"],"prob":1}},{"classId":"r_19","type":"linked","directed":false,"entities":["s1v1|e_14|5077,5111","s1v1|e_5|4793,5111"],"confidence":{"state":"pre-added","who":["user:bernidam"],"prob":1}},{"classId":"r_19","type":"linked","directed":false,"entities":["s1v1|e_14|5372,5395","s1v1|e_5|5372,5422"],"confidence":{"state":"pre-added","who":["user:porkolabadrian"],"prob":1}},{"classId":"r_19","type":"linked","directed":false,"entities":["s1v1|e_14|5397,5407","s1v1|e_5|5372,5422"],"confidence":{"state":"pre-added","who":["user:porkolabadrian"],"prob":1}},{"classId":"r_19","type":"linked","directed":false,"entities":["s1v1|e_14|6045,6097","s1v1|e_5|6030,6440"],"confidence":{"state":"pre-added","who":["user:bernidam"],"prob":1}},{"classId":"r_19","type":"linked","directed":false,"entities":["s1v1|e_14|6100,6103","s1v1|e_5|6030,6440"],"confidence":{"state":"pre-added","who":["user:bernidam"],"prob":1}},{"classId":"r_19","type":"linked","directed":false,"entities":["s1v1|e_14|6126,6160","s1v1|e_5|6030,6440"],"confidence":{"state":"pre-added","who":["user:bernidam"],"prob":1}},{"classId":"r_19","type":"linked","directed":false,"entities":["s1v1|e_14|6208,6220","s1v1|e_5|6030,6440"],"confidence":{"state":"pre-added","who":["user:bernidam"],"prob":1}},{"classId":"r_19","type":"linked","directed":false,"entities":["s1v1|e_14|6233,6236","s1v1|e_5|6030,6440"],"confidence":{"state":"pre-added","who":["user:bernidam"],"prob":1}},{"classId":"r_19","type":"linked","directed":false,"entities":["s1v1|e_14|6238,6249","s1v1|e_5|6030,6440"],"confidence":{"state":"pre-added","who":["user:bernidam"],"prob":1}},{"classId":"r_19","type":"linked","directed":false,"entities":["s1v1|e_14|6276,6279","s1v1|e_5|6030,6440"],"confidence":{"state":"pre-added","who":["user:bernidam"],"prob":1}},{"classId":"r_19","type":"linked","directed":false,"entities":["s1v1|e_14|6281,6310","s1v1|e_5|6030,6440"],"confidence":{"state":"pre-added","who":["user:bernidam"],"prob":1}},{"classId":"r_19","type":"linked","directed":false,"entities":["s1v1|e_14|6319,6322","s1v1|e_5|6030,6440"],"confidence":{"state":"pre-added","who":["user:bernidam"],"prob":1}},{"classId":"r_19","type":"linked","directed":false,"entities":["s1v1|e_14|6342,6359","s1v1|e_5|6030,6440"],"confidence":{"state":"pre-added","who":["user:bernidam"],"prob":1}},{"classId":"r_19","type":"linked","directed":false,"entities":["s1v1|e_14|6381,6396","s1v1|e_5|6030,6440"],"confidence":{"state":"pre-added","who":["user:bernidam"],"prob":1}},{"classId":"r_19","type":"linked","directed":false,"entities":["s1v1|e_14|6406,6440","s1v1|e_5|6030,6440"],"confidence":{"state":"pre-added","who":["user:bernidam"],"prob":1}},{"classId":"r_19","type":"linked","directed":false,"entities":["s1v1|e_14|6712,6725","s1v1|e_5|6699,6725"],"confidence":{"state":"pre-added","who":["user:porkolabadrian"],"prob":1}},{"classId":"r_20","type":"linked","directed":false,"entities":["s1v1|e_14|54,69","s1v1|e_6|51,168"],"confidence":{"state":"pre-added","who":["user:bernidam"],"prob":1}},{"classId":"r_20","type":"linked","directed":false,"entities":["s1v1|e_14|89,103","s1v1|e_6|51,168"],"confidence":{"state":"pre-added","who":["user:bernidam"],"prob":1}},{"classId":"r_20","type":"linked","directed":false,"entities":["s1v1|e_14|110,126","s1v1|e_6|51,168"],"confidence":{"state":"pre-added","who":["user:bernidam"],"prob":1}},{"classId":"r_20","type":"linked","directed":false,"entities":["s1v1|e_14|142,168","s1v1|e_6|51,168"],"confidence":{"state":"pre-added","who":["user:bernidam"],"prob":1}},{"classId":"r_20","type":"linked","directed":false,"entities":["s1v1|e_14|177,188","s1v1|e_6|239,304"],"confidence":{"state":"pre-added","who":["user:bernidam"],"prob":1}},{"classId":"r_20","type":"linked","directed":false,"entities":["s1v1|e_14|190,209","s1v1|e_6|239,304"],"confidence":{"state":"pre-added","who":["user:bernidam"],"prob":1}},{"classId":"r_20","type":"linked","directed":false,"entities":["s1v1|e_14|239,244","s1v1|e_6|239,304"],"confidence":{"state":"pre-added","who":["user:bernidam"],"prob":1}},{"classId":"r_20","type":"linked","directed":false,"entities":["s1v1|e_14|277,293","s1v1|e_6|239,304"],"confidence":{"state":"pre-added","who":["user:bernidam"],"prob":1}},{"classId":"r_20","type":"linked","directed":false,"entities":["s1v1|e_14|295,304","s1v1|e_6|239,304"],"confidence":{"state":"pre-added","who":["user:bernidam"],"prob":1}},{"classId":"r_20","type":"linked","directed":false,"entities":["s1v1|e_14|369,385","s1v1|e_6|364,455"],"confidence":{"state":"pre-added","who":["user:porkolabadrian"],"prob":1}},{"classId":"r_20","type":"linked","directed":false,"entities":["s1v1|e_14|397,413","s1v1|e_6|364,455"],"confidence":{"state":"pre-added","who":["user:porkolabadrian"],"prob":1}},{"classId":"r_20","type":"linked","directed":false,"entities":["s1v1|e_14|419,441","s1v1|e_6|364,455"],"confidence":{"state":"pre-added","who":["user:porkolabadrian"],"prob":1}},{"classId":"r_20","type":"linked","directed":false,"entities":["s1v1|e_14|443,447","s1v1|e_6|364,455"],"confidence":{"state":"pre-added","who":["user:porkolabadrian"],"prob":1}},{"classId":"r_20","type":"linked","directed":false,"entities":["s1v1|e_14|468,487","s1v1|e_6|458,513"],"confidence":{"state":"pre-added","who":["user:bernidam"],"prob":1}},{"classId":"r_20","type":"linked","directed":false,"entities":["s1v1|e_14|509,513","s1v1|e_6|458,513"],"confidence":{"state":"pre-added","who":["user:bernidam"],"prob":1}},{"classId":"r_20","type":"linked","directed":false,"entities":["s1v1|e_14|908,922","s1v1|e_6|893,945"],"confidence":{"state":"pre-added","who":["user:porkolabadrian"],"prob":1}},{"classId":"r_20","type":"linked","directed":false,"entities":["s1v1|e_14|954,968","s1v1|e_6|947,969"],"confidence":{"state":"pre-added","who":["user:porkolabadrian"],"prob":1}},{"classId":"r_20","type":"linked","directed":false,"entities":["s1v1|e_14|1529,1538","s1v1|e_6|1524,1567"],"confidence":{"state":"pre-added","who":["user:porkolabadrian"],"prob":1}},{"classId":"r_20","type":"linked","directed":false,"entities":["s1v1|e_14|1540,1557","s1v1|e_6|1524,1567"],"confidence":{"state":"pre-added","who":["user:porkolabadrian"],"prob":1}},{"classId":"r_20","type":"linked","directed":false,"entities":["s1v1|e_14|1613,1617","s1v1|e_6|1608,1666"],"confidence":{"state":"pre-added","who":["user:bernidam"],"prob":1}},{"classId":"r_20","type":"linked","directed":false,"entities":["s1v1|e_14|1634,1656","s1v1|e_6|1608,1666"],"confidence":{"state":"pre-added","who":["user:bernidam"],"prob":1}},{"classId":"r_20","type":"linked","directed":false,"entities":["s1v1|e_14|1658,1666","s1v1|e_6|1608,1666"],"confidence":{"state":"pre-added","who":["user:bernidam"],"prob":1}},{"classId":"r_20","type":"linked","directed":false,"entities":["s1v1|e_14|1675,1682","s1v1|e_6|1695,1758"],"confidence":{"state":"pre-added","who":["user:bernidam"],"prob":1}},{"classId":"r_20","type":"linked","directed":false,"entities":["s1v1|e_14|1685,1687","s1v1|e_6|1695,1758"],"confidence":{"state":"pre-added","who":["user:bernidam"],"prob":1}},{"classId":"r_20","type":"linked","directed":false,"entities":["s1v1|e_14|1695,1697","s1v1|e_6|1695,1758"],"confidence":{"state":"pre-added","who":["user:bernidam"],"prob":1}},{"classId":"r_20","type":"linked","directed":false,"entities":["s1v1|e_14|1713,1730","s1v1|e_6|1695,1758"],"confidence":{"state":"pre-added","who":["user:bernidam"],"prob":1}},{"classId":"r_20","type":"linked","directed":false,"entities":["s1v1|e_14|1772,1774","s1v1|e_6|1804,1881"],"confidence":{"state":"pre-added","who":["user:bernidam"],"prob":1}},{"classId":"r_20","type":"linked","directed":false,"entities":["s1v1|e_14|1783,1801","s1v1|e_6|1804,1881"],"confidence":{"state":"pre-added","who":["user:bernidam"],"prob":1}},{"classId":"r_20","type":"linked","directed":false,"entities":["s1v1|e_14|1809,1853","s1v1|e_6|1804,1881"],"confidence":{"state":"pre-added","who":["user:bernidam"],"prob":1}},{"classId":"r_20","type":"linked","directed":false,"entities":["s1v1|e_14|1922,1951","s1v1|e_6|1922,1969"],"confidence":{"state":"pre-added","who":["user:bernidam"],"prob":1}},{"classId":"r_20","type":"linked","directed":false,"entities":["s1v1|e_14|1953,1957","s1v1|e_6|1922,1969"],"confidence":{"state":"pre-added","who":["user:bernidam"],"prob":1}},{"classId":"r_20","type":"linked","directed":false,"entities":["s1v1|e_14|1985,1993","s1v1|e_6|1972,2034"],"confidence":{"state":"pre-added","who":["user:porkolabadrian"],"prob":1}},{"classId":"r_20","type":"linked","directed":false,"entities":["s1v1|e_14|2010,2034","s1v1|e_6|1972,2034"],"confidence":{"state":"pre-added","who":["user:porkolabadrian"],"prob":1}},{"classId":"r_20","type":"linked","directed":false,"entities":["s1v1|e_14|2242,2271","s1v1|e_6|2237,2324"],"confidence":{"state":"pre-added","who":["user:porkolabadrian"],"prob":1}},{"classId":"r_20","type":"linked","directed":false,"entities":["s1v1|e_14|2299,2324","s1v1|e_6|2237,2324"],"confidence":{"state":"pre-added","who":["user:porkolabadrian"],"prob":1}},{"classId":"r_20","type":"linked","directed":false,"entities":["s1v1|e_14|2584,2601","s1v1|e_6|2584,2668"],"confidence":{"state":"pre-added","who":["user:bernidam"],"prob":1}},{"classId":"r_20","type":"linked","directed":false,"entities":["s1v1|e_14|2604,2613","s1v1|e_6|2584,2668"],"confidence":{"state":"pre-added","who":["user:bernidam"],"prob":1}},{"classId":"r_20","type":"linked","directed":false,"entities":["s1v1|e_14|2625,2632","s1v1|e_6|2584,2668"],"confidence":{"state":"pre-added","who":["user:bernidam"],"prob":1}},{"classId":"r_20","type":"linked","directed":false,"entities":["s1v1|e_14|2666,2668","s1v1|e_6|2584,2668"],"confidence":{"state":"pre-added","who":["user:bernidam"],"prob":1}},{"classId":"r_20","type":"linked","directed":false,"entities":["s1v1|e_14|2671,2673","s1v1|e_6|2584,2668"],"confidence":{"state":"pre-added","who":["user:bernidam"],"prob":1}},{"classId":"r_20","type":"linked","directed":false,"entities":["s1v1|e_14|2675,2687","s1v1|e_6|2584,2668"],"confidence":{"state":"pre-added","who":["user:bernidam"],"prob":1}},{"classId":"r_20","type":"linked","directed":false,"entities":["s1v1|e_14|3411,3425","s1v1|e_6|3406,3539"],"confidence":{"state":"pre-added","who":["user:bernidam"],"prob":1}},{"classId":"r_20","type":"linked","directed":false,"entities":["s1v1|e_14|3449,3466","s1v1|e_6|3406,3539"],"confidence":{"state":"pre-added","who":["user:bernidam"],"prob":1}},{"classId":"r_20","type":"linked","directed":false,"entities":["s1v1|e_14|3496,3513","s1v1|e_6|3406,3539"],"confidence":{"state":"pre-added","who":["user:bernidam"],"prob":1}},{"classId":"r_20","type":"linked","directed":false,"entities":["s1v1|e_14|3518,3539","s1v1|e_6|3406,3539"],"confidence":{"state":"pre-added","who":["user:bernidam"],"prob":1}},{"classId":"r_20","type":"linked","directed":false,"entities":["s1v1|e_14|5719,5732","s1v1|e_6|5719,5805"],"confidence":{"state":"pre-added","who":["user:porkolabadrian"],"prob":1}},{"classId":"r_20","type":"linked","directed":false,"entities":["s1v1|e_14|5734,5793","s1v1|e_6|5719,5805"],"confidence":{"state":"pre-added","who":["user:porkolabadrian"],"prob":1}},{"classId":"r_20","type":"linked","directed":false,"entities":["s1v1|e_14|5821,5836","s1v1|e_6|5807,5902"],"confidence":{"state":"pre-added","who":["user:bernidam"],"prob":1}},{"classId":"r_20","type":"linked","directed":false,"entities":["s1v1|e_14|5850,5866","s1v1|e_6|5807,5902"],"confidence":{"state":"pre-added","who":["user:bernidam"],"prob":1}},{"classId":"r_20","type":"linked","directed":false,"entities":["s1v1|e_14|5868,5902","s1v1|e_6|5807,5902"],"confidence":{"state":"pre-added","who":["user:bernidam"],"prob":1}},{"classId":"r_20","type":"linked","directed":false,"entities":["s1v1|e_14|5967,5970","s1v1|e_6|5807,5902"],"confidence":{"state":"pre-added","who":["user:bernidam"],"prob":1}},{"classId":"r_25","type":"linked","directed":false,"entities":["s1v1|e_14|5546,5555","s1v1|e_11|5546,5716"],"confidence":{"state":"pre-added","who":["user:porkolabadrian"],"prob":1}},{"classId":"r_25","type":"linked","directed":false,"entities":["s1v1|e_14|5567,5691","s1v1|e_11|5546,5716"],"confidence":{"state":"pre-added","who":["user:porkolabadrian"],"prob":1}}]}