{"annotatable":{"parts":["s1v1"]},"anncomplete":false,"sources":[],"metas":{},"entities":[{"classId":"e_14","part":"s1v1","offsets":[{"start":52,"text":"A Magyar Szocialista Párt"}],"coordinates":[],"confidence":{"state":"pre-added","who":["user:gcsenge"],"prob":1},"fields":{},"normalizations":{}},{"classId":"e_5","part":"s1v1","offsets":[{"start":111,"text":"hogy szakít az eddigi gazdaság- és társadalompolitikájával, szakít azzal a politikával, amely a kevesek javát szolgálja, miközben az ország többségét sújtja"}],"coordinates":[],"confidence":{"state":"pre-added","who":["user:bernidam"],"prob":1},"fields":{},"normalizations":{}},{"classId":"e_13","part":"s1v1","offsets":[{"start":116,"text":"szakít az eddigi gazdaság- és társadalompolitikájával"}],"coordinates":[],"confidence":{"state":"pre-added","who":["user:bernidam"],"prob":1},"fields":{},"normalizations":{}},{"classId":"e_14","part":"s1v1","offsets":[{"start":123,"text":"az eddigi gazdaság- és társadalompolitikájával"}],"coordinates":[],"confidence":{"state":"pre-added","who":["user:bernidam"],"prob":1},"fields":{},"normalizations":{}},{"classId":"e_13","part":"s1v1","offsets":[{"start":171,"text":"szakít azzal a politikával"}],"coordinates":[],"confidence":{"state":"pre-added","who":["user:bernidam"],"prob":1},"fields":{},"normalizations":{}},{"classId":"e_14","part":"s1v1","offsets":[{"start":178,"text":"azzal a politikával"}],"coordinates":[],"confidence":{"state":"pre-added","who":["user:bernidam"],"prob":1},"fields":{},"normalizations":{}},{"classId":"e_14","part":"s1v1","offsets":[{"start":205,"text":"a kevesek javát"}],"coordinates":[],"confidence":{"state":"pre-added","who":["user:bernidam"],"prob":1},"fields":{},"normalizations":{}},{"classId":"e_13","part":"s1v1","offsets":[{"start":207,"text":"kevesek javát szolgálja"}],"coordinates":[],"confidence":{"state":"pre-added","who":["user:bernidam"],"prob":1},"fields":{},"normalizations":{}},{"classId":"e_14","part":"s1v1","offsets":[{"start":241,"text":"az ország többségét"}],"coordinates":[],"confidence":{"state":"pre-added","who":["user:bernidam"],"prob":1},"fields":{},"normalizations":{}},{"classId":"e_13","part":"s1v1","offsets":[{"start":251,"text":"többségét sújtja"}],"coordinates":[],"confidence":{"state":"pre-added","who":["user:bernidam"],"prob":1},"fields":{},"normalizations":{}},{"classId":"e_2","part":"s1v1","offsets":[{"start":269,"text":"Ebben a várakozásunkban csalódnunk kellett."}],"coordinates":[],"confidence":{"state":"pre-added","who":["user:bernidam"],"prob":1},"fields":{},"normalizations":{}},{"classId":"e_14","part":"s1v1","offsets":[{"start":269,"text":"Ebben a várakozásunkban"}],"coordinates":[],"confidence":{"state":"pre-added","who":["user:bernidam"],"prob":1},"fields":{},"normalizations":{}},{"classId":"e_13","part":"s1v1","offsets":[{"start":293,"text":"csalódnunk kellett"}],"coordinates":[],"confidence":{"state":"pre-added","who":["user:bernidam"],"prob":1},"fields":{},"normalizations":{}},{"classId":"e_2","part":"s1v1","offsets":[{"start":313,"text":"A kormány által benyújtott adótörvények és költségvetési törvényjavaslat cserbenhagyta a magyarok többségét"}],"coordinates":[],"confidence":{"state":"pre-added","who":["user:bernidam"],"prob":1},"fields":{},"normalizations":{}},{"classId":"e_14","part":"s1v1","offsets":[{"start":313,"text":"A kormány által benyújtott adótörvények"}],"coordinates":[],"confidence":{"state":"pre-added","who":["user:bernidam"],"prob":1},"fields":{},"normalizations":{}},{"classId":"e_14","part":"s1v1","offsets":[{"start":356,"text":"költségvetési törvényjavaslat"}],"coordinates":[],"confidence":{"state":"pre-added","who":["user:bernidam"],"prob":1},"fields":{},"normalizations":{}},{"classId":"e_13","part":"s1v1","offsets":[{"start":386,"text":"cserbenhagyta"}],"coordinates":[],"confidence":{"state":"pre-added","who":["user:gcsenge"],"prob":1},"fields":{},"normalizations":{}},{"classId":"e_14","part":"s1v1","offsets":[{"start":400,"text":"a magyarok többségét"}],"coordinates":[],"confidence":{"state":"pre-added","who":["user:bernidam"],"prob":1},"fields":{},"normalizations":{}},{"classId":"e_5","part":"s1v1","offsets":[{"start":422,"text":"fenntartja ugyanis azt a csalárd társadalom- és gazdaságpolitikát, amely elsősorban azoknak kedvez, akik a legjobban keresnek, akik a legnagyobb vállalkozások tulajdonosai"}],"coordinates":[],"confidence":{"state":"pre-added","who":["user:bernidam"],"prob":1},"fields":{},"normalizations":{}},{"classId":"e_14","part":"s1v1","offsets":[{"start":441,"text":"azt a csalárd társadalom- és gazdaságpolitikát"}],"coordinates":[],"confidence":{"state":"pre-added","who":["user:bernidam"],"prob":1},"fields":{},"normalizations":{}},{"classId":"e_13","part":"s1v1","offsets":[{"start":506,"text":"azoknak kedvez, akik a legjobban keresnek"}],"coordinates":[],"confidence":{"state":"pre-added","who":["user:bernidam"],"prob":1},"fields":{},"normalizations":{}},{"classId":"e_14","part":"s1v1","offsets":[{"start":522,"text":"akik a legjobban keresnek"}],"coordinates":[],"confidence":{"state":"pre-added","who":["user:gcsenge"],"prob":1},"fields":{},"normalizations":{}},{"classId":"e_13","part":"s1v1","offsets":[{"start":554,"text":"a legnagyobb vállalkozások tulajdonosai"}],"coordinates":[],"confidence":{"state":"pre-added","who":["user:bernidam"],"prob":1},"fields":{},"normalizations":{}},{"classId":"e_14","part":"s1v1","offsets":[{"start":554,"text":"a legnagyobb vállalkozások tulajdonosai"}],"coordinates":[],"confidence":{"state":"pre-added","who":["user:bernidam"],"prob":1},"fields":{},"normalizations":{}},{"classId":"e_14","part":"s1v1","offsets":[{"start":595,"text":"azok a cégek"}],"coordinates":[],"confidence":{"state":"pre-added","who":["user:bernidam"],"prob":1},"fields":{},"normalizations":{}},{"classId":"e_5","part":"s1v1","offsets":[{"start":609,"text":"amelyek a kormánnyal különalkut kötnek és azok a cégek"}],"coordinates":[],"confidence":{"state":"pre-added","who":["user:bernidam"],"prob":1},"fields":{},"normalizations":{}},{"classId":"e_14","part":"s1v1","offsets":[{"start":617,"text":"a kormánnyal"}],"coordinates":[],"confidence":{"state":"pre-added","who":["user:bernidam"],"prob":1},"fields":{},"normalizations":{}},{"classId":"e_14","part":"s1v1","offsets":[{"start":630,"text":"különalkut"}],"coordinates":[],"confidence":{"state":"pre-added","who":["user:bernidam"],"prob":1},"fields":{},"normalizations":{}},{"classId":"e_13","part":"s1v1","offsets":[{"start":630,"text":"különalkut kötnek"}],"coordinates":[],"confidence":{"state":"pre-added","who":["user:gcsenge"],"prob":1},"fields":{},"normalizations":{}},{"classId":"e_14","part":"s1v1","offsets":[{"start":651,"text":"azok a cégek"}],"coordinates":[],"confidence":{"state":"pre-added","who":["user:bernidam"],"prob":1},"fields":{},"normalizations":{}},{"classId":"e_14","part":"s1v1","offsets":[{"start":665,"text":"azok a tulajdonosok"}],"coordinates":[],"confidence":{"state":"pre-added","who":["user:bernidam"],"prob":1},"fields":{},"normalizations":{}},{"classId":"e_5","part":"s1v1","offsets":[{"start":686,"text":"akik a Fidesz haverjainak számítanak"}],"coordinates":[],"confidence":{"state":"pre-added","who":["user:bernidam"],"prob":1},"fields":{},"normalizations":{}},{"classId":"e_13","part":"s1v1","offsets":[{"start":691,"text":"a Fidesz haverjainak számítanak"}],"coordinates":[],"confidence":{"state":"pre-added","who":["user:bernidam"],"prob":1},"fields":{},"normalizations":{}},{"classId":"e_14","part":"s1v1","offsets":[{"start":691,"text":"a Fidesz haverjainak"}],"coordinates":[],"confidence":{"state":"pre-added","who":["user:bernidam"],"prob":1},"fields":{},"normalizations":{}},{"classId":"e_14","part":"s1v1","offsets":[{"start":804,"text":"a kormány egy minisztere"}],"coordinates":[],"confidence":{"state":"pre-added","who":["user:gcsenge"],"prob":1},"fields":{},"normalizations":{}},{"classId":"e_14","part":"s1v1","offsets":[{"start":832,"text":"maga a miniszterelnök"}],"coordinates":[],"confidence":{"state":"pre-added","who":["user:gcsenge"],"prob":1},"fields":{},"normalizations":{}},{"classId":"e_5","part":"s1v1","offsets":[{"start":876,"text":"a pályázatokon a nyertesek névsorát lényegében a kormányfő hagyja jóvá"}],"coordinates":[],"confidence":{"state":"pre-added","who":["user:bernidam"],"prob":1},"fields":{},"normalizations":{}},{"classId":"e_14","part":"s1v1","offsets":[{"start":876,"text":"a pályázatokon"}],"coordinates":[],"confidence":{"state":"pre-added","who":["user:bernidam"],"prob":1},"fields":{},"normalizations":{}},{"classId":"e_14","part":"s1v1","offsets":[{"start":891,"text":"a nyertesek névsorát"}],"coordinates":[],"confidence":{"state":"pre-added","who":["user:bernidam"],"prob":1},"fields":{},"normalizations":{}},{"classId":"e_13","part":"s1v1","offsets":[{"start":891,"text":"a nyertesek névsorát lényegében a kormányfő hagyja jóvá"}],"coordinates":[],"confidence":{"state":"pre-added","who":["user:bernidam"],"prob":1},"fields":{},"normalizations":{}},{"classId":"e_14","part":"s1v1","offsets":[{"start":923,"text":"a kormányfő"}],"coordinates":[],"confidence":{"state":"pre-added","who":["user:bernidam"],"prob":1},"fields":{},"normalizations":{}},{"classId":"e_2","part":"s1v1","offsets":[{"start":948,"text":"Ez tarthatatlan állapot."}],"coordinates":[],"confidence":{"state":"pre-added","who":["user:bernidam"],"prob":1},"fields":{},"normalizations":{}},{"classId":"e_14","part":"s1v1","offsets":[{"start":948,"text":"Ez"}],"coordinates":[],"confidence":{"state":"pre-added","who":["user:gcsenge"],"prob":1},"fields":{},"normalizations":{}},{"classId":"e_13","part":"s1v1","offsets":[{"start":951,"text":"tarthatatlan állapot"}],"coordinates":[],"confidence":{"state":"pre-added","who":["user:bernidam"],"prob":1},"fields":{},"normalizations":{}},{"classId":"e_14","part":"s1v1","offsets":[{"start":951,"text":"tarthatatlan állapot"}],"coordinates":[],"confidence":{"state":"pre-added","who":["user:bernidam"],"prob":1},"fields":{},"normalizations":{}},{"classId":"e_14","part":"s1v1","offsets":[{"start":973,"text":"Tarthatatlan állapot"}],"coordinates":[],"confidence":{"state":"pre-added","who":["user:bernidam"],"prob":1},"fields":{},"normalizations":{}},{"classId":"e_2","part":"s1v1","offsets":[{"start":973,"text":"Tarthatatlan állapot"}],"coordinates":[],"confidence":{"state":"pre-added","who":["user:bernidam"],"prob":1},"fields":{},"normalizations":{}},{"classId":"e_13","part":"s1v1","offsets":[{"start":973,"text":"Tarthatatlan állapot"}],"coordinates":[],"confidence":{"state":"pre-added","who":["user:bernidam"],"prob":1},"fields":{},"normalizations":{}},{"classId":"e_14","part":"s1v1","offsets":[{"start":1014,"text":"a munkavállalók zöme"}],"coordinates":[],"confidence":{"state":"pre-added","who":["user:gcsenge"],"prob":1},"fields":{},"normalizations":{}},{"classId":"e_2","part":"s1v1","offsets":[{"start":1036,"text":"a jövedelemmel nem rendelkezők, a kisvállalkozók szorult helyzetbe kerültek, és ebben a szorult helyzetben maradtak"}],"coordinates":[],"confidence":{"state":"pre-added","who":["user:bernidam"],"prob":1},"fields":{},"normalizations":{}},{"classId":"e_14","part":"s1v1","offsets":[{"start":1036,"text":"a jövedelemmel nem rendelkezők"}],"coordinates":[],"confidence":{"state":"pre-added","who":["user:bernidam"],"prob":1},"fields":{},"normalizations":{}},{"classId":"e_13","part":"s1v1","offsets":[{"start":1038,"text":"jövedelemmel nem rendelkezők"}],"coordinates":[],"confidence":{"state":"pre-added","who":["user:bernidam"],"prob":1},"fields":{},"normalizations":{}},{"classId":"e_14","part":"s1v1","offsets":[{"start":1068,"text":"a kisvállalkozók"}],"coordinates":[],"confidence":{"state":"pre-added","who":["user:bernidam"],"prob":1},"fields":{},"normalizations":{}},{"classId":"e_14","part":"s1v1","offsets":[{"start":1085,"text":"szorult helyzetbe"}],"coordinates":[],"confidence":{"state":"pre-added","who":["user:bernidam"],"prob":1},"fields":{},"normalizations":{}},{"classId":"e_13","part":"s1v1","offsets":[{"start":1085,"text":"szorult helyzetbe kerültek"}],"coordinates":[],"confidence":{"state":"pre-added","who":["user:bernidam"],"prob":1},"fields":{},"normalizations":{}},{"classId":"e_14","part":"s1v1","offsets":[{"start":1116,"text":"ebben a szorult helyzetben"}],"coordinates":[],"confidence":{"state":"pre-added","who":["user:bernidam"],"prob":1},"fields":{},"normalizations":{}},{"classId":"e_13","part":"s1v1","offsets":[{"start":1124,"text":"szorult helyzetben maradtak"}],"coordinates":[],"confidence":{"state":"pre-added","who":["user:bernidam"],"prob":1},"fields":{},"normalizations":{}},{"classId":"e_2","part":"s1v1","offsets":[{"start":1153,"text":"A benyújtott költségvetési törvényjavaslat ugyan­akkor súlyos mulasztásokat is tartalmaz."}],"coordinates":[],"confidence":{"state":"pre-added","who":["user:bernidam"],"prob":1},"fields":{},"normalizations":{}},{"classId":"e_14","part":"s1v1","offsets":[{"start":1153,"text":"A benyújtott költségvetési törvényjavaslat"}],"coordinates":[],"confidence":{"state":"pre-added","who":["user:bernidam"],"prob":1},"fields":{},"normalizations":{}},{"classId":"e_13","part":"s1v1","offsets":[{"start":1208,"text":"súlyos mulasztásokat is tartalmaz"}],"coordinates":[],"confidence":{"state":"pre-added","who":["user:bernidam"],"prob":1},"fields":{},"normalizations":{}},{"classId":"e_14","part":"s1v1","offsets":[{"start":1208,"text":"súlyos mulasztásokat"}],"coordinates":[],"confidence":{"state":"pre-added","who":["user:bernidam"],"prob":1},"fields":{},"normalizations":{}},{"classId":"e_2","part":"s1v1","offsets":[{"start":1243,"text":"Ez a benyújtott költségvetési törvényjavaslat cserbenhagyta az egészségügyet"}],"coordinates":[],"confidence":{"state":"pre-added","who":["user:bernidam"],"prob":1},"fields":{},"normalizations":{}},{"classId":"e_14","part":"s1v1","offsets":[{"start":1243,"text":"Ez a benyújtott költségvetési törvényjavaslat"}],"coordinates":[],"confidence":{"state":"pre-added","who":["user:bernidam"],"prob":1},"fields":{},"normalizations":{}},{"classId":"e_13","part":"s1v1","offsets":[{"start":1289,"text":"cserbenhagyta"}],"coordinates":[],"confidence":{"state":"pre-added","who":["user:bernidam"],"prob":1},"fields":{},"normalizations":{}},{"classId":"e_14","part":"s1v1","offsets":[{"start":1303,"text":"az egészségügyet"}],"coordinates":[],"confidence":{"state":"pre-added","who":["user:bernidam"],"prob":1},"fields":{},"normalizations":{}},{"classId":"e_14","part":"s1v1","offsets":[{"start":1321,"text":"az egészségügyben dolgozókat"}],"coordinates":[],"confidence":{"state":"pre-added","who":["user:gcsenge"],"prob":1},"fields":{},"normalizations":{}},{"classId":"e_2","part":"s1v1","offsets":[{"start":1351,"text":"ez a törvényjavaslat cserbenhagyta az oktatás területét, ez a törvényjavaslat cserbenhagyta a szociális szférát, ez a törvényjavaslat cserbenhagyta az önkormányzatokat"}],"coordinates":[],"confidence":{"state":"pre-added","who":["user:bernidam"],"prob":1},"fields":{},"normalizations":{}},{"classId":"e_14","part":"s1v1","offsets":[{"start":1351,"text":"ez a törvényjavaslat"}],"coordinates":[],"confidence":{"state":"pre-added","who":["user:bernidam"],"prob":1},"fields":{},"normalizations":{}},{"classId":"e_13","part":"s1v1","offsets":[{"start":1372,"text":"cserbenhagyta"}],"coordinates":[],"confidence":{"state":"pre-added","who":["user:bernidam"],"prob":1},"fields":{},"normalizations":{}},{"classId":"e_14","part":"s1v1","offsets":[{"start":1386,"text":"az oktatás területét"}],"coordinates":[],"confidence":{"state":"pre-added","who":["user:bernidam"],"prob":1},"fields":{},"normalizations":{}},{"classId":"e_14","part":"s1v1","offsets":[{"start":1408,"text":"ez a törvényjavaslat"}],"coordinates":[],"confidence":{"state":"pre-added","who":["user:bernidam"],"prob":1},"fields":{},"normalizations":{}},{"classId":"e_13","part":"s1v1","offsets":[{"start":1429,"text":"cserbenhagyta"}],"coordinates":[],"confidence":{"state":"pre-added","who":["user:bernidam"],"prob":1},"fields":{},"normalizations":{}},{"classId":"e_14","part":"s1v1","offsets":[{"start":1443,"text":"a szociális szférát"}],"coordinates":[],"confidence":{"state":"pre-added","who":["user:bernidam"],"prob":1},"fields":{},"normalizations":{}},{"classId":"e_14","part":"s1v1","offsets":[{"start":1464,"text":"ez a törvényjavaslat"}],"coordinates":[],"confidence":{"state":"pre-added","who":["user:bernidam"],"prob":1},"fields":{},"normalizations":{}},{"classId":"e_13","part":"s1v1","offsets":[{"start":1485,"text":"cserbenhagyta"}],"coordinates":[],"confidence":{"state":"pre-added","who":["user:bernidam"],"prob":1},"fields":{},"normalizations":{}},{"classId":"e_14","part":"s1v1","offsets":[{"start":1499,"text":"az önkormányzatokat"}],"coordinates":[],"confidence":{"state":"pre-added","who":["user:bernidam"],"prob":1},"fields":{},"normalizations":{}},{"classId":"e_4","part":"s1v1","offsets":[{"start":1520,"text":"Az MSZP ezért olyan módosító indítványokat fog kidolgozni, amelyek ezen változtatnak és a gazdaság- és társadalompolitikát a helyes irányba indítja el."}],"coordinates":[],"confidence":{"state":"pre-added","who":["user:bernidam"],"prob":1},"fields":{},"normalizations":{}},{"classId":"e_14","part":"s1v1","offsets":[{"start":1520,"text":"Az MSZP"}],"coordinates":[],"confidence":{"state":"pre-added","who":["user:bernidam"],"prob":1},"fields":{},"normalizations":{}},{"classId":"e_14","part":"s1v1","offsets":[{"start":1528,"text":"ezért"}],"coordinates":[],"confidence":{"state":"pre-added","who":["user:gcsenge"],"prob":1},"fields":{},"normalizations":{}},{"classId":"e_14","part":"s1v1","offsets":[{"start":1534,"text":"olyan módosító indítványokat"}],"coordinates":[],"confidence":{"state":"pre-added","who":["user:bernidam"],"prob":1},"fields":{},"normalizations":{}},{"classId":"e_13","part":"s1v1","offsets":[{"start":1540,"text":"módosító indítványokat fog kidolgozni"}],"coordinates":[],"confidence":{"state":"pre-added","who":["user:bernidam"],"prob":1},"fields":{},"normalizations":{}},{"classId":"e_14","part":"s1v1","offsets":[{"start":1587,"text":"ezen"}],"coordinates":[],"confidence":{"state":"pre-added","who":["user:gcsenge"],"prob":1},"fields":{},"normalizations":{}},{"classId":"e_14","part":"s1v1","offsets":[{"start":1608,"text":"a gazdaság- és társadalompolitikát"}],"coordinates":[],"confidence":{"state":"pre-added","who":["user:bernidam"],"prob":1},"fields":{},"normalizations":{}},{"classId":"e_14","part":"s1v1","offsets":[{"start":1643,"text":"a helyes irányba"}],"coordinates":[],"confidence":{"state":"pre-added","who":["user:bernidam"],"prob":1},"fields":{},"normalizations":{}},{"classId":"e_13","part":"s1v1","offsets":[{"start":1645,"text":"helyes irányba indítja el"}],"coordinates":[],"confidence":{"state":"pre-added","who":["user:bernidam"],"prob":1},"fields":{},"normalizations":{}},{"classId":"e_4","part":"s1v1","offsets":[{"start":1672,"text":"Olyan javaslatokkal fogunk élni, amelyek elsősorban a közepes és alacsony keresetű munkavállalóknak kedveznek."}],"coordinates":[],"confidence":{"state":"pre-added","who":["user:bernidam"],"prob":1},"fields":{},"normalizations":{}},{"classId":"e_14","part":"s1v1","offsets":[{"start":1672,"text":"Olyan javaslatokkal"}],"coordinates":[],"confidence":{"state":"pre-added","who":["user:bernidam"],"prob":1},"fields":{},"normalizations":{}},{"classId":"e_13","part":"s1v1","offsets":[{"start":1678,"text":"javaslatokkal fogunk"}],"coordinates":[],"confidence":{"state":"pre-added","who":["user:bernidam"],"prob":1},"fields":{},"normalizations":{}},{"classId":"e_14","part":"s1v1","offsets":[{"start":1724,"text":"a közepes és alacsony keresetű munkavállalóknak"}],"coordinates":[],"confidence":{"state":"pre-added","who":["user:bernidam"],"prob":1},"fields":{},"normalizations":{}},{"classId":"e_13","part":"s1v1","offsets":[{"start":1755,"text":"munkavállalóknak kedveznek"}],"coordinates":[],"confidence":{"state":"pre-added","who":["user:bernidam"],"prob":1},"fields":{},"normalizations":{}},{"classId":"e_2","part":"s1v1","offsets":[{"start":1783,"text":"Őket szintén cserbenhagyta a kormány"}],"coordinates":[],"confidence":{"state":"pre-added","who":["user:bernidam"],"prob":1},"fields":{},"normalizations":{}},{"classId":"e_14","part":"s1v1","offsets":[{"start":1783,"text":"Őket"}],"coordinates":[],"confidence":{"state":"pre-added","who":["user:gcsenge"],"prob":1},"fields":{},"normalizations":{}},{"classId":"e_13","part":"s1v1","offsets":[{"start":1796,"text":"cserbenhagyta"}],"coordinates":[],"confidence":{"state":"pre-added","who":["user:bernidam"],"prob":1},"fields":{},"normalizations":{}},{"classId":"e_14","part":"s1v1","offsets":[{"start":1810,"text":"a kormány"}],"coordinates":[],"confidence":{"state":"pre-added","who":["user:bernidam"],"prob":1},"fields":{},"normalizations":{}},{"classId":"e_2","part":"s1v1","offsets":[{"start":1840,"text":"mindössze 1 százaléknyi szja-mérséklés a gyakorlatban azt jelenti, hogy ha valakinek kevés a jövedelme"}],"coordinates":[],"confidence":{"state":"pre-added","who":["user:bernidam"],"prob":1},"fields":{},"normalizations":{}},{"classId":"e_13","part":"s1v1","offsets":[{"start":1840,"text":"mindössze 1 százaléknyi szja-mérséklés"}],"coordinates":[],"confidence":{"state":"pre-added","who":["user:bernidam"],"prob":1},"fields":{},"normalizations":{}},{"classId":"e_14","part":"s1v1","offsets":[{"start":1850,"text":"1 százaléknyi szja-mérséklés"}],"coordinates":[],"confidence":{"state":"pre-added","who":["user:bernidam"],"prob":1},"fields":{},"normalizations":{}},{"classId":"e_13","part":"s1v1","offsets":[{"start":1925,"text":"kevés a jövedelme"}],"coordinates":[],"confidence":{"state":"pre-added","who":["user:bernidam"],"prob":1},"fields":{},"normalizations":{}},{"classId":"e_14","part":"s1v1","offsets":[{"start":1931,"text":"a jövedelme"}],"coordinates":[],"confidence":{"state":"pre-added","who":["user:bernidam"],"prob":1},"fields":{},"normalizations":{}},{"classId":"e_2","part":"s1v1","offsets":[{"start":1944,"text":"akkor számára ez ezer forintos adócsökkentést jelent, hogyha valakinek kellően magas jövedelme van, akkor pedig az ő esetében ez havonta akár a 20 ezer forintot is elérheti"}],"coordinates":[],"confidence":{"state":"pre-added","who":["user:bernidam","user:gcsenge"],"prob":1},"fields":{},"normalizations":{}},{"classId":"e_14","part":"s1v1","offsets":[{"start":1950,"text":"számára"}],"coordinates":[],"confidence":{"state":"pre-added","who":["user:gcsenge"],"prob":1},"fields":{},"normalizations":{}},{"classId":"e_14","part":"s1v1","offsets":[{"start":1958,"text":"ez"}],"coordinates":[],"confidence":{"state":"pre-added","who":["user:gcsenge"],"prob":1},"fields":{},"normalizations":{}},{"classId":"e_14","part":"s1v1","offsets":[{"start":1961,"text":"ezer forintos adócsökkentést"}],"coordinates":[],"confidence":{"state":"pre-added","who":["user:bernidam"],"prob":1},"fields":{},"normalizations":{}},{"classId":"e_13","part":"s1v1","offsets":[{"start":1975,"text":"adócsökkentést"}],"coordinates":[],"confidence":{"state":"pre-added","who":["user:bernidam"],"prob":1},"fields":{},"normalizations":{}},{"classId":"e_14","part":"s1v1","offsets":[{"start":2015,"text":"kellően magas jövedelme"}],"coordinates":[],"confidence":{"state":"pre-added","who":["user:bernidam"],"prob":1},"fields":{},"normalizations":{}},{"classId":"e_13","part":"s1v1","offsets":[{"start":2023,"text":"magas jövedelme van"}],"coordinates":[],"confidence":{"state":"pre-added","who":["user:bernidam"],"prob":1},"fields":{},"normalizations":{}},{"classId":"e_14","part":"s1v1","offsets":[{"start":2056,"text":"az ő esetében"}],"coordinates":[],"confidence":{"state":"pre-added","who":["user:bernidam"],"prob":1},"fields":{},"normalizations":{}},{"classId":"e_14","part":"s1v1","offsets":[{"start":2070,"text":"ez"}],"coordinates":[],"confidence":{"state":"pre-added","who":["user:gcsenge"],"prob":1},"fields":{},"normalizations":{}},{"classId":"e_14","part":"s1v1","offsets":[{"start":2073,"text":"havonta"}],"coordinates":[],"confidence":{"state":"pre-added","who":["user:bernidam"],"prob":1},"fields":{},"normalizations":{}},{"classId":"e_13","part":"s1v1","offsets":[{"start":2081,"text":"akár a 20 ezer forintot is elérheti"}],"coordinates":[],"confidence":{"state":"pre-added","who":["user:bernidam"],"prob":1},"fields":{},"normalizations":{}},{"classId":"e_14","part":"s1v1","offsets":[{"start":2086,"text":"a 20 ezer forintot"}],"coordinates":[],"confidence":{"state":"pre-added","who":["user:bernidam"],"prob":1},"fields":{},"normalizations":{}},{"classId":"e_2","part":"s1v1","offsets":[{"start":2118,"text":"pont fordítva kellene legyen"}],"coordinates":[],"confidence":{"state":"pre-added","who":["user:bernidam"],"prob":1},"fields":{},"normalizations":{}},{"classId":"e_13","part":"s1v1","offsets":[{"start":2123,"text":"fordítva kellene legyen"}],"coordinates":[],"confidence":{"state":"pre-added","who":["user:bernidam"],"prob":1},"fields":{},"normalizations":{}},{"classId":"e_4","part":"s1v1","offsets":[{"start":2148,"text":"Mi a nettó béreket akarjuk növelni."}],"coordinates":[],"confidence":{"state":"pre-added","who":["user:bernidam"],"prob":1},"fields":{},"normalizations":{}},{"classId":"e_14","part":"s1v1","offsets":[{"start":2148,"text":"Mi"}],"coordinates":[],"confidence":{"state":"pre-added","who":["user:gcsenge"],"prob":1},"fields":{},"normalizations":{}},{"classId":"e_14","part":"s1v1","offsets":[{"start":2151,"text":"a nettó béreket"}],"coordinates":[],"confidence":{"state":"pre-added","who":["user:bernidam"],"prob":1},"fields":{},"normalizations":{}},{"classId":"e_13","part":"s1v1","offsets":[{"start":2151,"text":"a nettó béreket akarjuk növelni"}],"coordinates":[],"confidence":{"state":"pre-added","who":["user:bernidam"],"prob":1},"fields":{},"normalizations":{}},{"classId":"e_4","part":"s1v1","offsets":[{"start":2184,"text":"A nettó béreket akarjuk növelni adócsökkentéssel"}],"coordinates":[],"confidence":{"state":"pre-added","who":["user:bernidam"],"prob":1},"fields":{},"normalizations":{}},{"classId":"e_13","part":"s1v1","offsets":[{"start":2184,"text":"A nettó béreket akarjuk növelni adócsökkentéssel"}],"coordinates":[],"confidence":{"state":"pre-added","who":["user:bernidam"],"prob":1},"fields":{},"normalizations":{}},{"classId":"e_14","part":"s1v1","offsets":[{"start":2184,"text":"A nettó béreket"}],"coordinates":[],"confidence":{"state":"pre-added","who":["user:bernidam"],"prob":1},"fields":{},"normalizations":{}},{"classId":"e_14","part":"s1v1","offsets":[{"start":2216,"text":"adócsökkentéssel"}],"coordinates":[],"confidence":{"state":"pre-added","who":["user:bernidam"],"prob":1},"fields":{},"normalizations":{}},{"classId":"e_4","part":"s1v1","offsets":[{"start":2239,"text":"hogy ez a nettó bérnövekedés nem hozza nehéz helyzetbe a kis- és közepes vállalkozásokat, általában nem hozza nehéz helyzetbe a munkaadókat"}],"coordinates":[],"confidence":{"state":"pre-added","who":["user:bernidam"],"prob":1},"fields":{},"normalizations":{}},{"classId":"e_14","part":"s1v1","offsets":[{"start":2244,"text":"ez a nettó bérnövekedés"}],"coordinates":[],"confidence":{"state":"pre-added","who":["user:bernidam"],"prob":1},"fields":{},"normalizations":{}},{"classId":"e_13","part":"s1v1","offsets":[{"start":2255,"text":"bérnövekedés"}],"coordinates":[],"confidence":{"state":"pre-added","who":["user:gcsenge"],"prob":1},"fields":{},"normalizations":{}},{"classId":"e_13","part":"s1v1","offsets":[{"start":2268,"text":"nem hozza nehéz helyzetbe"}],"coordinates":[],"confidence":{"state":"pre-added","who":["user:gcsenge"],"prob":1},"fields":{},"normalizations":{}},{"classId":"e_14","part":"s1v1","offsets":[{"start":2278,"text":"nehéz helyzetbe"}],"coordinates":[],"confidence":{"state":"pre-added","who":["user:bernidam"],"prob":1},"fields":{},"normalizations":{}},{"classId":"e_14","part":"s1v1","offsets":[{"start":2294,"text":"a kis- és közepes vállalkozásokat"}],"coordinates":[],"confidence":{"state":"pre-added","who":["user:bernidam"],"prob":1},"fields":{},"normalizations":{}},{"classId":"e_13","part":"s1v1","offsets":[{"start":2339,"text":"nem hozza nehéz helyzetbe"}],"coordinates":[],"confidence":{"state":"pre-added","who":["user:bernidam"],"prob":1},"fields":{},"normalizations":{}},{"classId":"e_14","part":"s1v1","offsets":[{"start":2349,"text":"nehéz helyzetbe"}],"coordinates":[],"confidence":{"state":"pre-added","who":["user:bernidam"],"prob":1},"fields":{},"normalizations":{}},{"classId":"e_14","part":"s1v1","offsets":[{"start":2365,"text":"a munkaadókat"}],"coordinates":[],"confidence":{"state":"pre-added","who":["user:bernidam"],"prob":1},"fields":{},"normalizations":{}},{"classId":"e_14","part":"s1v1","offsets":[{"start":2396,"text":"a versenyszféráról"}],"coordinates":[],"confidence":{"state":"pre-added","who":["user:gcsenge"],"prob":1},"fields":{},"normalizations":{}},{"classId":"e_14","part":"s1v1","offsets":[{"start":2432,"text":"a közszféráról"}],"coordinates":[],"confidence":{"state":"pre-added","who":["user:gcsenge"],"prob":1},"fields":{},"normalizations":{}},{"classId":"e_2","part":"s1v1","offsets":[{"start":2459,"text":"ma már a versenyszférában és a közszférában is olyan keveset keresnek az emberek, hogy a dolgozói szegénység terjed az országban"}],"coordinates":[],"confidence":{"state":"pre-added","who":["user:bernidam"],"prob":1},"fields":{},"normalizations":{}},{"classId":"e_14","part":"s1v1","offsets":[{"start":2466,"text":"a versenyszférában"}],"coordinates":[],"confidence":{"state":"pre-added","who":["user:bernidam"],"prob":1},"fields":{},"normalizations":{}},{"classId":"e_14","part":"s1v1","offsets":[{"start":2488,"text":"a közszférában"}],"coordinates":[],"confidence":{"state":"pre-added","who":["user:bernidam"],"prob":1},"fields":{},"normalizations":{}},{"classId":"e_13","part":"s1v1","offsets":[{"start":2512,"text":"keveset keresnek"}],"coordinates":[],"confidence":{"state":"pre-added","who":["user:gcsenge"],"prob":1},"fields":{},"normalizations":{}},{"classId":"e_14","part":"s1v1","offsets":[{"start":2529,"text":"az emberek"}],"coordinates":[],"confidence":{"state":"pre-added","who":["user:bernidam"],"prob":1},"fields":{},"normalizations":{}},{"classId":"e_13","part":"s1v1","offsets":[{"start":2546,"text":"a dolgozói szegénység terjed"}],"coordinates":[],"confidence":{"state":"pre-added","who":["user:bernidam"],"prob":1},"fields":{},"normalizations":{}},{"classId":"e_14","part":"s1v1","offsets":[{"start":2546,"text":"a dolgozói szegénység"}],"coordinates":[],"confidence":{"state":"pre-added","who":["user:bernidam"],"prob":1},"fields":{},"normalizations":{}},{"classId":"e_14","part":"s1v1","offsets":[{"start":2575,"text":"az országban"}],"coordinates":[],"confidence":{"state":"pre-added","who":["user:bernidam"],"prob":1},"fields":{},"normalizations":{}},{"classId":"e_4","part":"s1v1","offsets":[{"start":2603,"text":"akinek volt munkajövedelme, arra számíthatott, hogy boldogul"}],"coordinates":[],"confidence":{"state":"pre-added","who":["user:bernidam"],"prob":1},"fields":{},"normalizations":{}},{"classId":"e_13","part":"s1v1","offsets":[{"start":2610,"text":"volt munkajövedelme"}],"coordinates":[],"confidence":{"state":"pre-added","who":["user:bernidam"],"prob":1},"fields":{},"normalizations":{}},{"classId":"e_14","part":"s1v1","offsets":[{"start":2615,"text":"munkajövedelme"}],"coordinates":[],"confidence":{"state":"pre-added","who":["user:bernidam"],"prob":1},"fields":{},"normalizations":{}},{"classId":"e_13","part":"s1v1","offsets":[{"start":2655,"text":"boldogul"}],"coordinates":[],"confidence":{"state":"pre-added","who":["user:bernidam"],"prob":1},"fields":{},"normalizations":{}},{"classId":"e_4","part":"s1v1","offsets":[{"start":2723,"text":"mert miközben a szocialista kormányok alatt a minimálbér után nem kellett személyi jövedelemadót fizetni"}],"coordinates":[],"confidence":{"state":"pre-added","who":["user:bernidam"],"prob":1},"fields":{},"normalizations":{}},{"classId":"e_14","part":"s1v1","offsets":[{"start":2737,"text":"a szocialista kormányok"}],"coordinates":[],"confidence":{"state":"pre-added","who":["user:bernidam"],"prob":1},"fields":{},"normalizations":{}},{"classId":"e_14","part":"s1v1","offsets":[{"start":2767,"text":"a minimálbér"}],"coordinates":[],"confidence":{"state":"pre-added","who":["user:bernidam"],"prob":1},"fields":{},"normalizations":{}},{"classId":"e_13","part":"s1v1","offsets":[{"start":2785,"text":"nem kellett személyi jövedelemadót fizetni"}],"coordinates":[],"confidence":{"state":"pre-added","who":["user:bernidam"],"prob":1},"fields":{},"normalizations":{}},{"classId":"e_14","part":"s1v1","offsets":[{"start":2797,"text":"személyi jövedelemadót"}],"coordinates":[],"confidence":{"state":"pre-added","who":["user:bernidam"],"prob":1},"fields":{},"normalizations":{}},{"classId":"e_2","part":"s1v1","offsets":[{"start":2829,"text":"addig az Orbán-kormány a személyi jövedelemadót 16 százalékos többletadóval sújtotta, a minimálbért 16 százalékos adóval sújtotta"}],"coordinates":[],"confidence":{"state":"pre-added","who":["user:bernidam"],"prob":1},"fields":{},"normalizations":{}},{"classId":"e_14","part":"s1v1","offsets":[{"start":2835,"text":"az Orbán-kormány"}],"coordinates":[],"confidence":{"state":"pre-added","who":["user:bernidam"],"prob":1},"fields":{},"normalizations":{}},{"classId":"e_14","part":"s1v1","offsets":[{"start":2852,"text":"a személyi jövedelemadót"}],"coordinates":[],"confidence":{"state":"pre-added","who":["user:bernidam"],"prob":1},"fields":{},"normalizations":{}},{"classId":"e_14","part":"s1v1","offsets":[{"start":2877,"text":"16 százalékos többletadóval"}],"coordinates":[],"confidence":{"state":"pre-added","who":["user:bernidam"],"prob":1},"fields":{},"normalizations":{}},{"classId":"e_13","part":"s1v1","offsets":[{"start":2891,"text":"többletadóval sújtotta"}],"coordinates":[],"confidence":{"state":"pre-added","who":["user:bernidam"],"prob":1},"fields":{},"normalizations":{}},{"classId":"e_14","part":"s1v1","offsets":[{"start":2915,"text":"a minimálbért"}],"coordinates":[],"confidence":{"state":"pre-added","who":["user:bernidam"],"prob":1},"fields":{},"normalizations":{}},{"classId":"e_14","part":"s1v1","offsets":[{"start":2929,"text":"16 százalékos adóval"}],"coordinates":[],"confidence":{"state":"pre-added","who":["user:bernidam"],"prob":1},"fields":{},"normalizations":{}},{"classId":"e_13","part":"s1v1","offsets":[{"start":2943,"text":"adóval sújtotta"}],"coordinates":[],"confidence":{"state":"pre-added","who":["user:bernidam"],"prob":1},"fields":{},"normalizations":{}},{"classId":"e_5","part":"s1v1","offsets":[{"start":2960,"text":"Ezen a politikán változtatni kell."}],"coordinates":[],"confidence":{"state":"pre-added","who":["user:bernidam"],"prob":1},"fields":{},"normalizations":{}},{"classId":"e_13","part":"s1v1","offsets":[{"start":2960,"text":"Ezen a politikán változtatni kell"}],"coordinates":[],"confidence":{"state":"pre-added","who":["user:bernidam"],"prob":1},"fields":{},"normalizations":{}},{"classId":"e_14","part":"s1v1","offsets":[{"start":2960,"text":"Ezen a politikán"}],"coordinates":[],"confidence":{"state":"pre-added","who":["user:bernidam"],"prob":1},"fields":{},"normalizations":{}},{"classId":"e_4","part":"s1v1","offsets":[{"start":2995,"text":"A mi módosító indítványaink csomópontjában a nettóbér-emelés fog állni, az ország többségének kedvez majd ez a javaslat, ezt adócsökkentéssel fogjuk elérni, ez nem hozza nehéz helyzetbe, sőt könnyíti a kis- és közepes vállalkozások helyzetét, s a módosító indítványainkban pedig a cserbenhagyott egészségügyet, az oktatáspolitikát és a szociálpolitikát, valamint az önkormányzatokat kívánjuk támogatni."}],"coordinates":[],"confidence":{"state":"pre-added","who":["user:bernidam"],"prob":1},"fields":{},"normalizations":{}},{"classId":"e_14","part":"s1v1","offsets":[{"start":2995,"text":"A mi módosító indítványaink csomópontjában"}],"coordinates":[],"confidence":{"state":"pre-added","who":["user:bernidam"],"prob":1},"fields":{},"normalizations":{}},{"classId":"e_13","part":"s1v1","offsets":[{"start":3000,"text":"módosító indítványaink"}],"coordinates":[],"confidence":{"state":"pre-added","who":["user:bernidam"],"prob":1},"fields":{},"normalizations":{}},{"classId":"e_14","part":"s1v1","offsets":[{"start":3038,"text":"a nettóbér-emelés"}],"coordinates":[],"confidence":{"state":"pre-added","who":["user:bernidam"],"prob":1},"fields":{},"normalizations":{}},{"classId":"e_13","part":"s1v1","offsets":[{"start":3040,"text":"nettóbér-emelés"}],"coordinates":[],"confidence":{"state":"pre-added","who":["user:bernidam"],"prob":1},"fields":{},"normalizations":{}},{"classId":"e_14","part":"s1v1","offsets":[{"start":3067,"text":"az ország többségének"}],"coordinates":[],"confidence":{"state":"pre-added","who":["user:bernidam"],"prob":1},"fields":{},"normalizations":{}},{"classId":"e_13","part":"s1v1","offsets":[{"start":3067,"text":"az ország többségének kedvez"}],"coordinates":[],"confidence":{"state":"pre-added","who":["user:bernidam"],"prob":1},"fields":{},"normalizations":{}},{"classId":"e_14","part":"s1v1","offsets":[{"start":3101,"text":"ez a javaslat"}],"coordinates":[],"confidence":{"state":"pre-added","who":["user:bernidam"],"prob":1},"fields":{},"normalizations":{}},{"classId":"e_14","part":"s1v1","offsets":[{"start":3116,"text":"ezt"}],"coordinates":[],"confidence":{"state":"pre-added","who":["user:gcsenge"],"prob":1},"fields":{},"normalizations":{}},{"classId":"e_14","part":"s1v1","offsets":[{"start":3120,"text":"adócsökkentéssel"}],"coordinates":[],"confidence":{"state":"pre-added","who":["user:bernidam"],"prob":1},"fields":{},"normalizations":{}},{"classId":"e_13","part":"s1v1","offsets":[{"start":3120,"text":"adócsökkentéssel"}],"coordinates":[],"confidence":{"state":"pre-added","who":["user:bernidam"],"prob":1},"fields":{},"normalizations":{}},{"classId":"e_14","part":"s1v1","offsets":[{"start":3152,"text":"ez"}],"coordinates":[],"confidence":{"state":"pre-added","who":["user:gcsenge"],"prob":1},"fields":{},"normalizations":{}},{"classId":"e_13","part":"s1v1","offsets":[{"start":3155,"text":"nem hozza nehéz helyzetbe"}],"coordinates":[],"confidence":{"state":"pre-added","who":["user:bernidam"],"prob":1},"fields":{},"normalizations":{}},{"classId":"e_13","part":"s1v1","offsets":[{"start":3186,"text":"könnyíti"}],"coordinates":[],"confidence":{"state":"pre-added","who":["user:bernidam"],"prob":1},"fields":{},"normalizations":{}},{"classId":"e_14","part":"s1v1","offsets":[{"start":3195,"text":"a kis- és közepes vállalkozások helyzetét"}],"coordinates":[],"confidence":{"state":"pre-added","who":["user:bernidam"],"prob":1},"fields":{},"normalizations":{}},{"classId":"e_14","part":"s1v1","offsets":[{"start":3240,"text":"a módosító indítványainkban"}],"coordinates":[],"confidence":{"state":"pre-added","who":["user:bernidam"],"prob":1},"fields":{},"normalizations":{}},{"classId":"e_13","part":"s1v1","offsets":[{"start":3242,"text":"módosító indítványainkban"}],"coordinates":[],"confidence":{"state":"pre-added","who":["user:bernidam"],"prob":1},"fields":{},"normalizations":{}},{"classId":"e_14","part":"s1v1","offsets":[{"start":3274,"text":"a cserbenhagyott egészségügyet"}],"coordinates":[],"confidence":{"state":"pre-added","who":["user:bernidam"],"prob":1},"fields":{},"normalizations":{}},{"classId":"e_13","part":"s1v1","offsets":[{"start":3274,"text":"a cserbenhagyott egészségügyet, az oktatáspolitikát és a szociálpolitikát, valamint az önkormányzatokat kívánjuk támogatni"}],"coordinates":[],"confidence":{"state":"pre-added","who":["user:bernidam"],"prob":1},"fields":{},"normalizations":{}},{"classId":"e_14","part":"s1v1","offsets":[{"start":3306,"text":"az oktatáspolitikát"}],"coordinates":[],"confidence":{"state":"pre-added","who":["user:bernidam"],"prob":1},"fields":{},"normalizations":{}},{"classId":"e_14","part":"s1v1","offsets":[{"start":3329,"text":"a szociálpolitikát"}],"coordinates":[],"confidence":{"state":"pre-added","who":["user:bernidam"],"prob":1},"fields":{},"normalizations":{}},{"classId":"e_14","part":"s1v1","offsets":[{"start":3358,"text":"az önkormányzatokat"}],"coordinates":[],"confidence":{"state":"pre-added","who":["user:bernidam"],"prob":1},"fields":{},"normalizations":{}},{"classId":"e_4","part":"s1v1","offsets":[{"start":3433,"text":"hogy a benyújtott módosító indítványokat majd támogatni szíveskedjenek"}],"coordinates":[],"confidence":{"state":"pre-added","who":["user:bernidam"],"prob":1},"fields":{},"normalizations":{}},{"classId":"e_14","part":"s1v1","offsets":[{"start":3438,"text":"a benyújtott módosító indítványokat"}],"coordinates":[],"confidence":{"state":"pre-added","who":["user:bernidam"],"prob":1},"fields":{},"normalizations":{}},{"classId":"e_13","part":"s1v1","offsets":[{"start":3479,"text":"támogatni"}],"coordinates":[],"confidence":{"state":"pre-added","who":["user:bernidam"],"prob":1},"fields":{},"normalizations":{}}],"relations":[{"classId":"r_16","type":"linked","directed":false,"entities":["s1v1|e_14|269,291","s1v1|e_2|269,311"],"confidence":{"state":"pre-added","who":["user:bernidam"],"prob":1}},{"classId":"r_16","type":"linked","directed":false,"entities":["s1v1|e_14|313,351","s1v1|e_2|313,419"],"confidence":{"state":"pre-added","who":["user:bernidam"],"prob":1}},{"classId":"r_16","type":"linked","directed":false,"entities":["s1v1|e_14|356,384","s1v1|e_2|313,419"],"confidence":{"state":"pre-added","who":["user:bernidam"],"prob":1}},{"classId":"r_16","type":"linked","directed":false,"entities":["s1v1|e_14|400,419","s1v1|e_2|313,419"],"confidence":{"state":"pre-added","who":["user:bernidam"],"prob":1}},{"classId":"r_16","type":"linked","directed":false,"entities":["s1v1|e_14|948,949","s1v1|e_2|948,971"],"confidence":{"state":"pre-added","who":["user:gcsenge"],"prob":1}},{"classId":"r_16","type":"linked","directed":false,"entities":["s1v1|e_14|951,970","s1v1|e_2|948,971"],"confidence":{"state":"pre-added","who":["user:bernidam"],"prob":1}},{"classId":"r_16","type":"linked","directed":false,"entities":["s1v1|e_14|1014,1033","s1v1|e_2|1036,1150"],"confidence":{"state":"pre-added","who":["user:gcsenge"],"prob":1}},{"classId":"r_16","type":"linked","directed":false,"entities":["s1v1|e_14|1036,1065","s1v1|e_2|1036,1150"],"confidence":{"state":"pre-added","who":["user:bernidam"],"prob":1}},{"classId":"r_16","type":"linked","directed":false,"entities":["s1v1|e_14|1068,1083","s1v1|e_2|1036,1150"],"confidence":{"state":"pre-added","who":["user:bernidam"],"prob":1}},{"classId":"r_16","type":"linked","directed":false,"entities":["s1v1|e_14|1085,1101","s1v1|e_2|1036,1150"],"confidence":{"state":"pre-added","who":["user:bernidam"],"prob":1}},{"classId":"r_16","type":"linked","directed":false,"entities":["s1v1|e_14|1116,1141","s1v1|e_2|1036,1150"],"confidence":{"state":"pre-added","who":["user:bernidam"],"prob":1}},{"classId":"r_16","type":"linked","directed":false,"entities":["s1v1|e_14|1153,1194","s1v1|e_2|1153,1241"],"confidence":{"state":"pre-added","who":["user:bernidam"],"prob":1}},{"classId":"r_16","type":"linked","directed":false,"entities":["s1v1|e_14|1208,1227","s1v1|e_2|1153,1241"],"confidence":{"state":"pre-added","who":["user:bernidam"],"prob":1}},{"classId":"r_16","type":"linked","directed":false,"entities":["s1v1|e_14|1243,1287","s1v1|e_2|1243,1318"],"confidence":{"state":"pre-added","who":["user:bernidam"],"prob":1}},{"classId":"r_16","type":"linked","directed":false,"entities":["s1v1|e_14|1303,1318","s1v1|e_2|1243,1318"],"confidence":{"state":"pre-added","who":["user:bernidam"],"prob":1}},{"classId":"r_16","type":"linked","directed":false,"entities":["s1v1|e_14|1321,1348","s1v1|e_2|1243,1318"],"confidence":{"state":"pre-added","who":["user:gcsenge"],"prob":1}},{"classId":"r_16","type":"linked","directed":false,"entities":["s1v1|e_14|1351,1370","s1v1|e_2|1351,1517"],"confidence":{"state":"pre-added","who":["user:bernidam"],"prob":1}},{"classId":"r_16","type":"linked","directed":false,"entities":["s1v1|e_14|1386,1405","s1v1|e_2|1351,1517"],"confidence":{"state":"pre-added","who":["user:bernidam"],"prob":1}},{"classId":"r_16","type":"linked","directed":false,"entities":["s1v1|e_14|1408,1427","s1v1|e_2|1351,1517"],"confidence":{"state":"pre-added","who":["user:bernidam"],"prob":1}},{"classId":"r_16","type":"linked","directed":false,"entities":["s1v1|e_14|1443,1461","s1v1|e_2|1351,1517"],"confidence":{"state":"pre-added","who":["user:bernidam"],"prob":1}},{"classId":"r_16","type":"linked","directed":false,"entities":["s1v1|e_14|1464,1483","s1v1|e_2|1351,1517"],"confidence":{"state":"pre-added","who":["user:bernidam"],"prob":1}},{"classId":"r_16","type":"linked","directed":false,"entities":["s1v1|e_14|1499,1517","s1v1|e_2|1351,1517"],"confidence":{"state":"pre-added","who":["user:bernidam"],"prob":1}},{"classId":"r_16","type":"linked","directed":false,"entities":["s1v1|e_14|1783,1786","s1v1|e_2|1783,1818"],"confidence":{"state":"pre-added","who":["user:gcsenge"],"prob":1}},{"classId":"r_16","type":"linked","directed":false,"entities":["s1v1|e_14|1810,1818","s1v1|e_2|1783,1818"],"confidence":{"state":"pre-added","who":["user:bernidam"],"prob":1}},{"classId":"r_16","type":"linked","directed":false,"entities":["s1v1|e_14|1850,1877","s1v1|e_2|1840,1941"],"confidence":{"state":"pre-added","who":["user:bernidam"],"prob":1}},{"classId":"r_16","type":"linked","directed":false,"entities":["s1v1|e_14|1931,1941","s1v1|e_2|1840,1941"],"confidence":{"state":"pre-added","who":["user:bernidam"],"prob":1}},{"classId":"r_16","type":"linked","directed":false,"entities":["s1v1|e_14|1950,1956","s1v1|e_2|1944,2115"],"confidence":{"state":"pre-added","who":["user:gcsenge"],"prob":1}},{"classId":"r_16","type":"linked","directed":false,"entities":["s1v1|e_14|1958,1959","s1v1|e_2|1944,2115"],"confidence":{"state":"pre-added","who":["user:gcsenge"],"prob":1}},{"classId":"r_16","type":"linked","directed":false,"entities":["s1v1|e_14|1961,1988","s1v1|e_2|1944,2115"],"confidence":{"state":"pre-added","who":["user:gcsenge"],"prob":1}},{"classId":"r_16","type":"linked","directed":false,"entities":["s1v1|e_14|2015,2037","s1v1|e_2|1944,2115"],"confidence":{"state":"pre-added","who":["user:gcsenge"],"prob":1}},{"classId":"r_16","type":"linked","directed":false,"entities":["s1v1|e_14|2056,2068","s1v1|e_2|1944,2115"],"confidence":{"state":"pre-added","who":["user:gcsenge"],"prob":1}},{"classId":"r_16","type":"linked","directed":false,"entities":["s1v1|e_14|2070,2071","s1v1|e_2|1944,2115"],"confidence":{"state":"pre-added","who":["user:gcsenge"],"prob":1}},{"classId":"r_16","type":"linked","directed":false,"entities":["s1v1|e_14|2073,2079","s1v1|e_2|1944,2115"],"confidence":{"state":"pre-added","who":["user:gcsenge"],"prob":1}},{"classId":"r_16","type":"linked","directed":false,"entities":["s1v1|e_14|2086,2103","s1v1|e_2|1944,2115"],"confidence":{"state":"pre-added","who":["user:gcsenge"],"prob":1}},{"classId":"r_16","type":"linked","directed":false,"entities":["s1v1|e_14|2466,2483","s1v1|e_2|2459,2586"],"confidence":{"state":"pre-added","who":["user:bernidam"],"prob":1}},{"classId":"r_16","type":"linked","directed":false,"entities":["s1v1|e_14|2488,2501","s1v1|e_2|2459,2586"],"confidence":{"state":"pre-added","who":["user:bernidam"],"prob":1}},{"classId":"r_16","type":"linked","directed":false,"entities":["s1v1|e_14|2529,2538","s1v1|e_2|2459,2586"],"confidence":{"state":"pre-added","who":["user:bernidam"],"prob":1}},{"classId":"r_16","type":"linked","directed":false,"entities":["s1v1|e_14|2546,2566","s1v1|e_2|2459,2586"],"confidence":{"state":"pre-added","who":["user:bernidam"],"prob":1}},{"classId":"r_16","type":"linked","directed":false,"entities":["s1v1|e_14|2575,2586","s1v1|e_2|2459,2586"],"confidence":{"state":"pre-added","who":["user:bernidam"],"prob":1}},{"classId":"r_16","type":"linked","directed":false,"entities":["s1v1|e_14|2835,2850","s1v1|e_2|2829,2957"],"confidence":{"state":"pre-added","who":["user:bernidam"],"prob":1}},{"classId":"r_16","type":"linked","directed":false,"entities":["s1v1|e_14|2852,2875","s1v1|e_2|2829,2957"],"confidence":{"state":"pre-added","who":["user:bernidam"],"prob":1}},{"classId":"r_16","type":"linked","directed":false,"entities":["s1v1|e_14|2877,2903","s1v1|e_2|2829,2957"],"confidence":{"state":"pre-added","who":["user:bernidam"],"prob":1}},{"classId":"r_16","type":"linked","directed":false,"entities":["s1v1|e_14|2915,2927","s1v1|e_2|2829,2957"],"confidence":{"state":"pre-added","who":["user:bernidam"],"prob":1}},{"classId":"r_16","type":"linked","directed":false,"entities":["s1v1|e_14|2929,2948","s1v1|e_2|2829,2957"],"confidence":{"state":"pre-added","who":["user:bernidam"],"prob":1}},{"classId":"r_18","type":"linked","directed":false,"entities":["s1v1|e_14|1520,1526","s1v1|e_4|1520,1670"],"confidence":{"state":"pre-added","who":["user:bernidam"],"prob":1}},{"classId":"r_18","type":"linked","directed":false,"entities":["s1v1|e_14|1528,1532","s1v1|e_4|1520,1670"],"confidence":{"state":"pre-added","who":["user:gcsenge"],"prob":1}},{"classId":"r_18","type":"linked","directed":false,"entities":["s1v1|e_14|1534,1561","s1v1|e_4|1520,1670"],"confidence":{"state":"pre-added","who":["user:bernidam"],"prob":1}},{"classId":"r_18","type":"linked","directed":false,"entities":["s1v1|e_14|1608,1641","s1v1|e_4|1520,1670"],"confidence":{"state":"pre-added","who":["user:bernidam"],"prob":1}},{"classId":"r_18","type":"linked","directed":false,"entities":["s1v1|e_14|1643,1658","s1v1|e_4|1520,1670"],"confidence":{"state":"pre-added","who":["user:bernidam"],"prob":1}},{"classId":"r_18","type":"linked","directed":false,"entities":["s1v1|e_14|1672,1690","s1v1|e_4|1672,1781"],"confidence":{"state":"pre-added","who":["user:bernidam"],"prob":1}},{"classId":"r_18","type":"linked","directed":false,"entities":["s1v1|e_14|1724,1770","s1v1|e_4|1672,1781"],"confidence":{"state":"pre-added","who":["user:bernidam"],"prob":1}},{"classId":"r_18","type":"linked","directed":false,"entities":["s1v1|e_14|2148,2149","s1v1|e_4|2148,2182"],"confidence":{"state":"pre-added","who":["user:gcsenge"],"prob":1}},{"classId":"r_18","type":"linked","directed":false,"entities":["s1v1|e_14|2151,2165","s1v1|e_4|2148,2182"],"confidence":{"state":"pre-added","who":["user:bernidam"],"prob":1}},{"classId":"r_18","type":"linked","directed":false,"entities":["s1v1|e_14|2184,2198","s1v1|e_4|2184,2231"],"confidence":{"state":"pre-added","who":["user:bernidam"],"prob":1}},{"classId":"r_18","type":"linked","directed":false,"entities":["s1v1|e_14|2216,2231","s1v1|e_4|2184,2231"],"confidence":{"state":"pre-added","who":["user:bernidam"],"prob":1}},{"classId":"r_18","type":"linked","directed":false,"entities":["s1v1|e_14|2244,2266","s1v1|e_4|2239,2377"],"confidence":{"state":"pre-added","who":["user:bernidam"],"prob":1}},{"classId":"r_18","type":"linked","directed":false,"entities":["s1v1|e_14|2278,2292","s1v1|e_4|2239,2377"],"confidence":{"state":"pre-added","who":["user:bernidam"],"prob":1}},{"classId":"r_18","type":"linked","directed":false,"entities":["s1v1|e_14|2294,2326","s1v1|e_4|2239,2377"],"confidence":{"state":"pre-added","who":["user:bernidam"],"prob":1}},{"classId":"r_18","type":"linked","directed":false,"entities":["s1v1|e_14|2349,2363","s1v1|e_4|2239,2377"],"confidence":{"state":"pre-added","who":["user:bernidam"],"prob":1}},{"classId":"r_18","type":"linked","directed":false,"entities":["s1v1|e_14|2365,2377","s1v1|e_4|2239,2377"],"confidence":{"state":"pre-added","who":["user:bernidam"],"prob":1}},{"classId":"r_18","type":"linked","directed":false,"entities":["s1v1|e_14|2396,2413","s1v1|e_4|2239,2377"],"confidence":{"state":"pre-added","who":["user:gcsenge"],"prob":1}},{"classId":"r_18","type":"linked","directed":false,"entities":["s1v1|e_14|2432,2445","s1v1|e_4|2239,2377"],"confidence":{"state":"pre-added","who":["user:gcsenge"],"prob":1}},{"classId":"r_18","type":"linked","directed":false,"entities":["s1v1|e_14|2615,2628","s1v1|e_4|2603,2662"],"confidence":{"state":"pre-added","who":["user:bernidam"],"prob":1}},{"classId":"r_18","type":"linked","directed":false,"entities":["s1v1|e_14|2737,2759","s1v1|e_4|2723,2826"],"confidence":{"state":"pre-added","who":["user:bernidam"],"prob":1}},{"classId":"r_18","type":"linked","directed":false,"entities":["s1v1|e_14|2767,2778","s1v1|e_4|2723,2826"],"confidence":{"state":"pre-added","who":["user:bernidam"],"prob":1}},{"classId":"r_18","type":"linked","directed":false,"entities":["s1v1|e_14|2797,2818","s1v1|e_4|2723,2826"],"confidence":{"state":"pre-added","who":["user:bernidam"],"prob":1}},{"classId":"r_18","type":"linked","directed":false,"entities":["s1v1|e_14|2995,3036","s1v1|e_4|2995,3396"],"confidence":{"state":"pre-added","who":["user:bernidam"],"prob":1}},{"classId":"r_18","type":"linked","directed":false,"entities":["s1v1|e_14|3038,3054","s1v1|e_4|2995,3396"],"confidence":{"state":"pre-added","who":["user:bernidam"],"prob":1}},{"classId":"r_18","type":"linked","directed":false,"entities":["s1v1|e_14|3067,3087","s1v1|e_4|2995,3396"],"confidence":{"state":"pre-added","who":["user:bernidam"],"prob":1}},{"classId":"r_18","type":"linked","directed":false,"entities":["s1v1|e_14|3101,3113","s1v1|e_4|2995,3396"],"confidence":{"state":"pre-added","who":["user:bernidam"],"prob":1}},{"classId":"r_18","type":"linked","directed":false,"entities":["s1v1|e_14|3116,3118","s1v1|e_4|2995,3396"],"confidence":{"state":"pre-added","who":["user:gcsenge"],"prob":1}},{"classId":"r_18","type":"linked","directed":false,"entities":["s1v1|e_14|3120,3135","s1v1|e_4|2995,3396"],"confidence":{"state":"pre-added","who":["user:bernidam"],"prob":1}},{"classId":"r_18","type":"linked","directed":false,"entities":["s1v1|e_14|3152,3153","s1v1|e_4|2995,3396"],"confidence":{"state":"pre-added","who":["user:gcsenge"],"prob":1}},{"classId":"r_18","type":"linked","directed":false,"entities":["s1v1|e_14|3195,3235","s1v1|e_4|2995,3396"],"confidence":{"state":"pre-added","who":["user:bernidam"],"prob":1}},{"classId":"r_18","type":"linked","directed":false,"entities":["s1v1|e_14|3240,3266","s1v1|e_4|2995,3396"],"confidence":{"state":"pre-added","who":["user:bernidam"],"prob":1}},{"classId":"r_18","type":"linked","directed":false,"entities":["s1v1|e_14|3274,3303","s1v1|e_4|2995,3396"],"confidence":{"state":"pre-added","who":["user:bernidam"],"prob":1}},{"classId":"r_18","type":"linked","directed":false,"entities":["s1v1|e_14|3306,3324","s1v1|e_4|2995,3396"],"confidence":{"state":"pre-added","who":["user:bernidam"],"prob":1}},{"classId":"r_18","type":"linked","directed":false,"entities":["s1v1|e_14|3329,3346","s1v1|e_4|2995,3396"],"confidence":{"state":"pre-added","who":["user:bernidam"],"prob":1}},{"classId":"r_18","type":"linked","directed":false,"entities":["s1v1|e_14|3358,3376","s1v1|e_4|2995,3396"],"confidence":{"state":"pre-added","who":["user:bernidam"],"prob":1}},{"classId":"r_18","type":"linked","directed":false,"entities":["s1v1|e_14|3438,3472","s1v1|e_4|3433,3502"],"confidence":{"state":"pre-added","who":["user:bernidam"],"prob":1}},{"classId":"r_19","type":"linked","directed":false,"entities":["s1v1|e_14|52,76","s1v1|e_5|111,266"],"confidence":{"state":"pre-added","who":["user:gcsenge"],"prob":1}},{"classId":"r_19","type":"linked","directed":false,"entities":["s1v1|e_14|123,168","s1v1|e_5|111,266"],"confidence":{"state":"pre-added","who":["user:bernidam"],"prob":1}},{"classId":"r_19","type":"linked","directed":false,"entities":["s1v1|e_14|178,196","s1v1|e_5|111,266"],"confidence":{"state":"pre-added","who":["user:bernidam"],"prob":1}},{"classId":"r_19","type":"linked","directed":false,"entities":["s1v1|e_14|205,219","s1v1|e_5|111,266"],"confidence":{"state":"pre-added","who":["user:bernidam"],"prob":1}},{"classId":"r_19","type":"linked","directed":false,"entities":["s1v1|e_14|241,259","s1v1|e_5|111,266"],"confidence":{"state":"pre-added","who":["user:bernidam"],"prob":1}},{"classId":"r_19","type":"linked","directed":false,"entities":["s1v1|e_14|441,486","s1v1|e_5|422,592"],"confidence":{"state":"pre-added","who":["user:bernidam"],"prob":1}},{"classId":"r_19","type":"linked","directed":false,"entities":["s1v1|e_14|522,546","s1v1|e_5|422,592"],"confidence":{"state":"pre-added","who":["user:gcsenge"],"prob":1}},{"classId":"r_19","type":"linked","directed":false,"entities":["s1v1|e_14|554,592","s1v1|e_5|422,592"],"confidence":{"state":"pre-added","who":["user:bernidam"],"prob":1}},{"classId":"r_19","type":"linked","directed":false,"entities":["s1v1|e_14|595,606","s1v1|e_5|609,662"],"confidence":{"state":"pre-added","who":["user:bernidam"],"prob":1}},{"classId":"r_19","type":"linked","directed":false,"entities":["s1v1|e_14|617,628","s1v1|e_5|609,662"],"confidence":{"state":"pre-added","who":["user:bernidam"],"prob":1}},{"classId":"r_19","type":"linked","directed":false,"entities":["s1v1|e_14|630,639","s1v1|e_5|609,662"],"confidence":{"state":"pre-added","who":["user:bernidam"],"prob":1}},{"classId":"r_19","type":"linked","directed":false,"entities":["s1v1|e_14|651,662","s1v1|e_5|609,662"],"confidence":{"state":"pre-added","who":["user:bernidam"],"prob":1}},{"classId":"r_19","type":"linked","directed":false,"entities":["s1v1|e_14|665,683","s1v1|e_5|686,721"],"confidence":{"state":"pre-added","who":["user:bernidam"],"prob":1}},{"classId":"r_19","type":"linked","directed":false,"entities":["s1v1|e_14|691,710","s1v1|e_5|686,721"],"confidence":{"state":"pre-added","who":["user:bernidam"],"prob":1}},{"classId":"r_19","type":"linked","directed":false,"entities":["s1v1|e_14|804,827","s1v1|e_5|876,945"],"confidence":{"state":"pre-added","who":["user:gcsenge"],"prob":1}},{"classId":"r_19","type":"linked","directed":false,"entities":["s1v1|e_14|832,852","s1v1|e_5|876,945"],"confidence":{"state":"pre-added","who":["user:gcsenge"],"prob":1}},{"classId":"r_19","type":"linked","directed":false,"entities":["s1v1|e_14|876,889","s1v1|e_5|876,945"],"confidence":{"state":"pre-added","who":["user:bernidam"],"prob":1}},{"classId":"r_19","type":"linked","directed":false,"entities":["s1v1|e_14|891,910","s1v1|e_5|876,945"],"confidence":{"state":"pre-added","who":["user:bernidam"],"prob":1}},{"classId":"r_19","type":"linked","directed":false,"entities":["s1v1|e_14|923,933","s1v1|e_5|876,945"],"confidence":{"state":"pre-added","who":["user:bernidam"],"prob":1}},{"classId":"r_19","type":"linked","directed":false,"entities":["s1v1|e_14|2960,2975","s1v1|e_5|2960,2993"],"confidence":{"state":"pre-added","who":["user:bernidam"],"prob":1}}]}