{"annotatable":{"parts":["s1v1"]},"anncomplete":false,"sources":[],"metas":{},"entities":[{"classId":"e_14","part":"s1v1","offsets":[{"start":115,"text":"a második olyan esztendő"}],"coordinates":[],"confidence":{"state":"pre-added","who":["user:TarCintia"],"prob":1},"fields":{},"normalizations":{}},{"classId":"e_14","part":"s1v1","offsets":[{"start":140,"text":"Magyarországon"}],"coordinates":[],"confidence":{"state":"pre-added","who":["user:TarCintia"],"prob":1},"fields":{},"normalizations":{}},{"classId":"e_4","part":"s1v1","offsets":[{"start":156,"text":"amikor a magyar gazdaság egyértelműen az európai átlag fölötti növekedéssel fogja zárni ezt az esztendőt"}],"coordinates":[],"confidence":{"state":"pre-added","who":["user:TarCintia"],"prob":1},"fields":{},"normalizations":{}},{"classId":"e_14","part":"s1v1","offsets":[{"start":163,"text":"a magyar gazdaság"}],"coordinates":[],"confidence":{"state":"pre-added","who":["user:TarCintia"],"prob":1},"fields":{},"normalizations":{}},{"classId":"e_14","part":"s1v1","offsets":[{"start":194,"text":"az európai átlag fölötti növekedéssel"}],"coordinates":[],"confidence":{"state":"pre-added","who":["user:TarCintia"],"prob":1},"fields":{},"normalizations":{}},{"classId":"e_13","part":"s1v1","offsets":[{"start":219,"text":"növekedéssel"}],"coordinates":[],"confidence":{"state":"pre-added","who":["user:TarCintia"],"prob":1},"fields":{},"normalizations":{}},{"classId":"e_14","part":"s1v1","offsets":[{"start":244,"text":"ezt az esztendőt"}],"coordinates":[],"confidence":{"state":"pre-added","who":["user:TarCintia"],"prob":1},"fields":{},"normalizations":{}},{"classId":"e_14","part":"s1v1","offsets":[{"start":262,"text":"2013-ban"}],"coordinates":[],"confidence":{"state":"pre-added","who":["user:TarCintia"],"prob":1},"fields":{},"normalizations":{}},{"classId":"e_4","part":"s1v1","offsets":[{"start":262,"text":"2013-ban is a magyar gazdaság növekedése meghaladta az EU-28-ak átlagát."}],"coordinates":[],"confidence":{"state":"pre-added","who":["user:TarCintia"],"prob":1},"fields":{},"normalizations":{}},{"classId":"e_14","part":"s1v1","offsets":[{"start":274,"text":"a magyar gazdaság növekedése"}],"coordinates":[],"confidence":{"state":"pre-added","who":["user:TarCintia"],"prob":1},"fields":{},"normalizations":{}},{"classId":"e_13","part":"s1v1","offsets":[{"start":292,"text":"növekedése"}],"coordinates":[],"confidence":{"state":"pre-added","who":["user:TarCintia"],"prob":1},"fields":{},"normalizations":{}},{"classId":"e_14","part":"s1v1","offsets":[{"start":314,"text":"az EU-28-ak átlagát"}],"coordinates":[],"confidence":{"state":"pre-added","who":["user:TarCintia"],"prob":1},"fields":{},"normalizations":{}},{"classId":"e_14","part":"s1v1","offsets":[{"start":335,"text":"2014-ben"}],"coordinates":[],"confidence":{"state":"pre-added","who":["user:TarCintia"],"prob":1},"fields":{},"normalizations":{}},{"classId":"e_14","part":"s1v1","offsets":[{"start":359,"text":"a rendelkezésünkre álló második és harmadik negyedévi adatok alapján"}],"coordinates":[],"confidence":{"state":"pre-added","who":["user:TarCintia"],"prob":1},"fields":{},"normalizations":{}},{"classId":"e_4","part":"s1v1","offsets":[{"start":429,"text":"hogy a magyar gazdaság erősödése Európában a harmadik legjobb adat"}],"coordinates":[],"confidence":{"state":"pre-added","who":["user:TarCintia"],"prob":1},"fields":{},"normalizations":{}},{"classId":"e_14","part":"s1v1","offsets":[{"start":434,"text":"a magyar gazdaság erősödése"}],"coordinates":[],"confidence":{"state":"pre-added","who":["user:TarCintia"],"prob":1},"fields":{},"normalizations":{}},{"classId":"e_13","part":"s1v1","offsets":[{"start":452,"text":"erősödése"}],"coordinates":[],"confidence":{"state":"pre-added","who":["user:TarCintia"],"prob":1},"fields":{},"normalizations":{}},{"classId":"e_14","part":"s1v1","offsets":[{"start":462,"text":"Európában"}],"coordinates":[],"confidence":{"state":"pre-added","who":["user:TarCintia"],"prob":1},"fields":{},"normalizations":{}},{"classId":"e_14","part":"s1v1","offsets":[{"start":472,"text":"a harmadik legjobb adat"}],"coordinates":[],"confidence":{"state":"pre-added","who":["user:TarCintia"],"prob":1},"fields":{},"normalizations":{}},{"classId":"e_13","part":"s1v1","offsets":[{"start":483,"text":"legjobb"}],"coordinates":[],"confidence":{"state":"pre-added","who":["user:TarCintia"],"prob":1},"fields":{},"normalizations":{}},{"classId":"e_4","part":"s1v1","offsets":[{"start":535,"text":"hogy a magyar gazdaság növekedése meghaladja az európai 28-ak átlagát"}],"coordinates":[],"confidence":{"state":"pre-added","who":["user:TarCintia"],"prob":1},"fields":{},"normalizations":{}},{"classId":"e_14","part":"s1v1","offsets":[{"start":540,"text":"a magyar gazdaság növekedése"}],"coordinates":[],"confidence":{"state":"pre-added","who":["user:TarCintia"],"prob":1},"fields":{},"normalizations":{}},{"classId":"e_13","part":"s1v1","offsets":[{"start":558,"text":"növekedése"}],"coordinates":[],"confidence":{"state":"pre-added","who":["user:TarCintia"],"prob":1},"fields":{},"normalizations":{}},{"classId":"e_14","part":"s1v1","offsets":[{"start":580,"text":"az európai 28-ak átlagát"}],"coordinates":[],"confidence":{"state":"pre-added","who":["user:TarCintia"],"prob":1},"fields":{},"normalizations":{}},{"classId":"e_4","part":"s1v1","offsets":[{"start":629,"text":"hogy Magyarország a gazdasági növekedés tekintetében Európában dobogós helyezést ért el, a harmadik legjobb eredményt nyújtja a magyar gazdaság, a harmadik legjobb eredményt nyújtják a magyar vállalatok és gazdálkodók"}],"coordinates":[],"confidence":{"state":"pre-added","who":["user:TarCintia"],"prob":1},"fields":{},"normalizations":{}},{"classId":"e_14","part":"s1v1","offsets":[{"start":634,"text":"Magyarország"}],"coordinates":[],"confidence":{"state":"pre-added","who":["user:TarCintia"],"prob":1},"fields":{},"normalizations":{}},{"classId":"e_14","part":"s1v1","offsets":[{"start":647,"text":"a gazdasági növekedés tekintetében"}],"coordinates":[],"confidence":{"state":"pre-added","who":["user:TarCintia"],"prob":1},"fields":{},"normalizations":{}},{"classId":"e_13","part":"s1v1","offsets":[{"start":659,"text":"növekedés"}],"coordinates":[],"confidence":{"state":"pre-added","who":["user:TarCintia"],"prob":1},"fields":{},"normalizations":{}},{"classId":"e_14","part":"s1v1","offsets":[{"start":682,"text":"Európában"}],"coordinates":[],"confidence":{"state":"pre-added","who":["user:TarCintia"],"prob":1},"fields":{},"normalizations":{}},{"classId":"e_14","part":"s1v1","offsets":[{"start":692,"text":"dobogós helyezést"}],"coordinates":[],"confidence":{"state":"pre-added","who":["user:TarCintia"],"prob":1},"fields":{},"normalizations":{}},{"classId":"e_13","part":"s1v1","offsets":[{"start":692,"text":"dobogós helyezést ért el"}],"coordinates":[],"confidence":{"state":"pre-added","who":["user:gcsenge"],"prob":1},"fields":{},"normalizations":{}},{"classId":"e_14","part":"s1v1","offsets":[{"start":718,"text":"a harmadik legjobb eredményt"}],"coordinates":[],"confidence":{"state":"pre-added","who":["user:TarCintia"],"prob":1},"fields":{},"normalizations":{}},{"classId":"e_13","part":"s1v1","offsets":[{"start":720,"text":"harmadik legjobb"}],"coordinates":[],"confidence":{"state":"pre-added","who":["user:TarCintia"],"prob":1},"fields":{},"normalizations":{}},{"classId":"e_14","part":"s1v1","offsets":[{"start":755,"text":"a magyar gazdaság"}],"coordinates":[],"confidence":{"state":"pre-added","who":["user:TarCintia"],"prob":1},"fields":{},"normalizations":{}},{"classId":"e_14","part":"s1v1","offsets":[{"start":774,"text":"a harmadik legjobb eredményt"}],"coordinates":[],"confidence":{"state":"pre-added","who":["user:TarCintia"],"prob":1},"fields":{},"normalizations":{}},{"classId":"e_13","part":"s1v1","offsets":[{"start":776,"text":"harmadik legjobb"}],"coordinates":[],"confidence":{"state":"pre-added","who":["user:TarCintia"],"prob":1},"fields":{},"normalizations":{}},{"classId":"e_14","part":"s1v1","offsets":[{"start":812,"text":"a magyar vállalatok"}],"coordinates":[],"confidence":{"state":"pre-added","who":["user:TarCintia"],"prob":1},"fields":{},"normalizations":{}},{"classId":"e_14","part":"s1v1","offsets":[{"start":835,"text":"gazdálkodók"}],"coordinates":[],"confidence":{"state":"pre-added","who":["user:TarCintia"],"prob":1},"fields":{},"normalizations":{}},{"classId":"e_4","part":"s1v1","offsets":[{"start":875,"text":"Mindezt ebben az időszakban úgy értük el"}],"coordinates":[],"confidence":{"state":"pre-added","who":["user:TarCintia"],"prob":1},"fields":{},"normalizations":{}},{"classId":"e_14","part":"s1v1","offsets":[{"start":875,"text":"Mindezt"}],"coordinates":[],"confidence":{"state":"pre-added","who":["user:gcsenge"],"prob":1},"fields":{},"normalizations":{}},{"classId":"e_14","part":"s1v1","offsets":[{"start":883,"text":"ebben az időszakban"}],"coordinates":[],"confidence":{"state":"pre-added","who":["user:TarCintia"],"prob":1},"fields":{},"normalizations":{}},{"classId":"e_13","part":"s1v1","offsets":[{"start":907,"text":"értük el"}],"coordinates":[],"confidence":{"state":"pre-added","who":["user:TarCintia"],"prob":1},"fields":{},"normalizations":{}},{"classId":"e_14","part":"s1v1","offsets":[{"start":922,"text":"a magyar gazdaság"}],"coordinates":[],"confidence":{"state":"pre-added","who":["user:TarCintia"],"prob":1},"fields":{},"normalizations":{}},{"classId":"e_14","part":"s1v1","offsets":[{"start":962,"text":"az emberek számára"}],"coordinates":[],"confidence":{"state":"pre-added","who":["user:gcsenge"],"prob":1},"fields":{},"normalizations":{}},{"classId":"e_4","part":"s1v1","offsets":[{"start":1005,"text":"hanem jobb körülményeket teremtett"}],"coordinates":[],"confidence":{"state":"pre-added","who":["user:TarCintia"],"prob":1},"fields":{},"normalizations":{}},{"classId":"e_13","part":"s1v1","offsets":[{"start":1011,"text":"jobb"}],"coordinates":[],"confidence":{"state":"pre-added","who":["user:TarCintia"],"prob":1},"fields":{},"normalizations":{}},{"classId":"e_14","part":"s1v1","offsets":[{"start":1011,"text":"jobb körülményeket"}],"coordinates":[],"confidence":{"state":"pre-added","who":["user:TarCintia"],"prob":1},"fields":{},"normalizations":{}},{"classId":"e_14","part":"s1v1","offsets":[{"start":1053,"text":"2013-ban"}],"coordinates":[],"confidence":{"state":"pre-added","who":["user:TarCintia"],"prob":1},"fields":{},"normalizations":{}},{"classId":"e_14","part":"s1v1","offsets":[{"start":1065,"text":"’14-ben"}],"coordinates":[],"confidence":{"state":"pre-added","who":["user:TarCintia"],"prob":1},"fields":{},"normalizations":{}},{"classId":"e_4","part":"s1v1","offsets":[{"start":1100,"text":"hogy Magyarországon nőtt a foglalkoztatottság és csökkent a munkanélküliség"}],"coordinates":[],"confidence":{"state":"pre-added","who":["user:TarCintia"],"prob":1},"fields":{},"normalizations":{}},{"classId":"e_14","part":"s1v1","offsets":[{"start":1105,"text":"Magyarországon"}],"coordinates":[],"confidence":{"state":"pre-added","who":["user:TarCintia"],"prob":1},"fields":{},"normalizations":{}},{"classId":"e_13","part":"s1v1","offsets":[{"start":1120,"text":"nőtt a foglalkoztatottság"}],"coordinates":[],"confidence":{"state":"pre-added","who":["user:gcsenge"],"prob":1},"fields":{},"normalizations":{}},{"classId":"e_14","part":"s1v1","offsets":[{"start":1125,"text":"a foglalkoztatottság"}],"coordinates":[],"confidence":{"state":"pre-added","who":["user:TarCintia"],"prob":1},"fields":{},"normalizations":{}},{"classId":"e_13","part":"s1v1","offsets":[{"start":1149,"text":"csökkent a munkanélküliség"}],"coordinates":[],"confidence":{"state":"pre-added","who":["user:gcsenge"],"prob":1},"fields":{},"normalizations":{}},{"classId":"e_14","part":"s1v1","offsets":[{"start":1158,"text":"a munkanélküliség"}],"coordinates":[],"confidence":{"state":"pre-added","who":["user:TarCintia"],"prob":1},"fields":{},"normalizations":{}},{"classId":"e_14","part":"s1v1","offsets":[{"start":1177,"text":"2013 és ’14 eredménye"}],"coordinates":[],"confidence":{"state":"pre-added","who":["user:TarCintia"],"prob":1},"fields":{},"normalizations":{}},{"classId":"e_4","part":"s1v1","offsets":[{"start":1203,"text":"hogy az elmúlt években a 2010-re 12 százalékra felnövekedett munkanélküliségi rátát sikerült 7 százalék közelébe leszorítani, és Magyar­országon rekordszinten van a foglalkoztatottság; 4 millió 100 ezer embernél is több dolgozik Magyar­országon"}],"coordinates":[],"confidence":{"state":"pre-added","who":["user:TarCintia"],"prob":1},"fields":{},"normalizations":{}},{"classId":"e_14","part":"s1v1","offsets":[{"start":1208,"text":"az elmúlt években"}],"coordinates":[],"confidence":{"state":"pre-added","who":["user:TarCintia"],"prob":1},"fields":{},"normalizations":{}},{"classId":"e_14","part":"s1v1","offsets":[{"start":1226,"text":"a 2010-re 12 százalékra felnövekedett munkanélküliségi rátát"}],"coordinates":[],"confidence":{"state":"pre-added","who":["user:TarCintia"],"prob":1},"fields":{},"normalizations":{}},{"classId":"e_13","part":"s1v1","offsets":[{"start":1287,"text":"sikerült"}],"coordinates":[],"confidence":{"state":"pre-added","who":["user:gcsenge"],"prob":1},"fields":{},"normalizations":{}},{"classId":"e_14","part":"s1v1","offsets":[{"start":1296,"text":"7 százalék közelébe"}],"coordinates":[],"confidence":{"state":"pre-added","who":["user:TarCintia"],"prob":1},"fields":{},"normalizations":{}},{"classId":"e_13","part":"s1v1","offsets":[{"start":1316,"text":"leszorítani"}],"coordinates":[],"confidence":{"state":"pre-added","who":["user:TarCintia"],"prob":1},"fields":{},"normalizations":{}},{"classId":"e_14","part":"s1v1","offsets":[{"start":1332,"text":"Magyar­országon"}],"coordinates":[],"confidence":{"state":"pre-added","who":["user:TarCintia"],"prob":1},"fields":{},"normalizations":{}},{"classId":"e_13","part":"s1v1","offsets":[{"start":1348,"text":"rekordszinten"}],"coordinates":[],"confidence":{"state":"pre-added","who":["user:TarCintia"],"prob":1},"fields":{},"normalizations":{}},{"classId":"e_14","part":"s1v1","offsets":[{"start":1366,"text":"a foglalkoztatottság"}],"coordinates":[],"confidence":{"state":"pre-added","who":["user:TarCintia"],"prob":1},"fields":{},"normalizations":{}},{"classId":"e_14","part":"s1v1","offsets":[{"start":1388,"text":"4 millió 100 ezer embernél is több"}],"coordinates":[],"confidence":{"state":"pre-added","who":["user:TarCintia"],"prob":1},"fields":{},"normalizations":{}},{"classId":"e_13","part":"s1v1","offsets":[{"start":1423,"text":"dolgozik"}],"coordinates":[],"confidence":{"state":"pre-added","who":["user:gcsenge"],"prob":1},"fields":{},"normalizations":{}},{"classId":"e_14","part":"s1v1","offsets":[{"start":1432,"text":"Magyar­országon"}],"coordinates":[],"confidence":{"state":"pre-added","who":["user:TarCintia"],"prob":1},"fields":{},"normalizations":{}},{"classId":"e_14","part":"s1v1","offsets":[{"start":1475,"text":"1990 óta"}],"coordinates":[],"confidence":{"state":"pre-added","who":["user:TarCintia"],"prob":1},"fields":{},"normalizations":{}},{"classId":"e_4","part":"s1v1","offsets":[{"start":1485,"text":"tehát a rendszerváltozás óta nem dolgoztak ennyien Magyarországon, nem volt ennyi embernek munkahelye"}],"coordinates":[],"confidence":{"state":"pre-added","who":["user:TarCintia"],"prob":1},"fields":{},"normalizations":{}},{"classId":"e_14","part":"s1v1","offsets":[{"start":1491,"text":"a rendszerváltozás óta"}],"coordinates":[],"confidence":{"state":"pre-added","who":["user:TarCintia"],"prob":1},"fields":{},"normalizations":{}},{"classId":"e_13","part":"s1v1","offsets":[{"start":1528,"text":"ennyien"}],"coordinates":[],"confidence":{"state":"pre-added","who":["user:TarCintia"],"prob":1},"fields":{},"normalizations":{}},{"classId":"e_14","part":"s1v1","offsets":[{"start":1528,"text":"ennyien"}],"coordinates":[],"confidence":{"state":"pre-added","who":["user:TarCintia"],"prob":1},"fields":{},"normalizations":{}},{"classId":"e_14","part":"s1v1","offsets":[{"start":1536,"text":"Magyarországon"}],"coordinates":[],"confidence":{"state":"pre-added","who":["user:TarCintia"],"prob":1},"fields":{},"normalizations":{}},{"classId":"e_13","part":"s1v1","offsets":[{"start":1561,"text":"ennyi"}],"coordinates":[],"confidence":{"state":"pre-added","who":["user:TarCintia"],"prob":1},"fields":{},"normalizations":{}},{"classId":"e_14","part":"s1v1","offsets":[{"start":1561,"text":"ennyi embernek"}],"coordinates":[],"confidence":{"state":"pre-added","who":["user:TarCintia"],"prob":1},"fields":{},"normalizations":{}},{"classId":"e_14","part":"s1v1","offsets":[{"start":1576,"text":"munkahelye"}],"coordinates":[],"confidence":{"state":"pre-added","who":["user:TarCintia"],"prob":1},"fields":{},"normalizations":{}},{"classId":"e_4","part":"s1v1","offsets":[{"start":1654,"text":"miközben nő a gazdaság, nő a munkahelyek száma, javul a foglalkoztatottság és csökken a munkanélküliség, aközben Magyarországon rendkívül alacsony szinten van az infláció."}],"coordinates":[],"confidence":{"state":"pre-added","who":["user:gcsenge"],"prob":1},"fields":{},"normalizations":{}},{"classId":"e_13","part":"s1v1","offsets":[{"start":1663,"text":"nő a gazdaság"}],"coordinates":[],"confidence":{"state":"pre-added","who":["user:gcsenge"],"prob":1},"fields":{},"normalizations":{}},{"classId":"e_14","part":"s1v1","offsets":[{"start":1666,"text":"a gazdaság"}],"coordinates":[],"confidence":{"state":"pre-added","who":["user:TarCintia"],"prob":1},"fields":{},"normalizations":{}},{"classId":"e_13","part":"s1v1","offsets":[{"start":1678,"text":"nő a munkahelyek száma"}],"coordinates":[],"confidence":{"state":"pre-added","who":["user:gcsenge"],"prob":1},"fields":{},"normalizations":{}},{"classId":"e_14","part":"s1v1","offsets":[{"start":1681,"text":"a munkahelyek száma"}],"coordinates":[],"confidence":{"state":"pre-added","who":["user:TarCintia"],"prob":1},"fields":{},"normalizations":{}},{"classId":"e_13","part":"s1v1","offsets":[{"start":1702,"text":"javul a foglalkoztatottság"}],"coordinates":[],"confidence":{"state":"pre-added","who":["user:gcsenge"],"prob":1},"fields":{},"normalizations":{}},{"classId":"e_14","part":"s1v1","offsets":[{"start":1708,"text":"a foglalkoztatottság"}],"coordinates":[],"confidence":{"state":"pre-added","who":["user:TarCintia"],"prob":1},"fields":{},"normalizations":{}},{"classId":"e_13","part":"s1v1","offsets":[{"start":1732,"text":"csökken a munkanélküliség"}],"coordinates":[],"confidence":{"state":"pre-added","who":["user:gcsenge"],"prob":1},"fields":{},"normalizations":{}},{"classId":"e_14","part":"s1v1","offsets":[{"start":1740,"text":"a munkanélküliség"}],"coordinates":[],"confidence":{"state":"pre-added","who":["user:TarCintia"],"prob":1},"fields":{},"normalizations":{}},{"classId":"e_14","part":"s1v1","offsets":[{"start":1767,"text":"Magyarországon"}],"coordinates":[],"confidence":{"state":"pre-added","who":["user:TarCintia"],"prob":1},"fields":{},"normalizations":{}},{"classId":"e_13","part":"s1v1","offsets":[{"start":1792,"text":"alacsony szinten van az infláció"}],"coordinates":[],"confidence":{"state":"pre-added","who":["user:gcsenge"],"prob":1},"fields":{},"normalizations":{}},{"classId":"e_14","part":"s1v1","offsets":[{"start":1813,"text":"az infláció"}],"coordinates":[],"confidence":{"state":"pre-added","who":["user:TarCintia"],"prob":1},"fields":{},"normalizations":{}},{"classId":"e_4","part":"s1v1","offsets":[{"start":1826,"text":"Negyven éve nem volt ilyen alacsony infláció Magyarországon"}],"coordinates":[],"confidence":{"state":"pre-added","who":["user:TarCintia"],"prob":1},"fields":{},"normalizations":{}},{"classId":"e_14","part":"s1v1","offsets":[{"start":1826,"text":"Negyven éve"}],"coordinates":[],"confidence":{"state":"pre-added","who":["user:TarCintia"],"prob":1},"fields":{},"normalizations":{}},{"classId":"e_14","part":"s1v1","offsets":[{"start":1847,"text":"ilyen alacsony infláció"}],"coordinates":[],"confidence":{"state":"pre-added","who":["user:TarCintia"],"prob":1},"fields":{},"normalizations":{}},{"classId":"e_13","part":"s1v1","offsets":[{"start":1853,"text":"alacsony infláció"}],"coordinates":[],"confidence":{"state":"pre-added","who":["user:gcsenge"],"prob":1},"fields":{},"normalizations":{}},{"classId":"e_14","part":"s1v1","offsets":[{"start":1871,"text":"Magyarországon"}],"coordinates":[],"confidence":{"state":"pre-added","who":["user:TarCintia"],"prob":1},"fields":{},"normalizations":{}},{"classId":"e_14","part":"s1v1","offsets":[{"start":1900,"text":"a 2014-es esztendőben"}],"coordinates":[],"confidence":{"state":"pre-added","who":["user:TarCintia"],"prob":1},"fields":{},"normalizations":{}},{"classId":"e_4","part":"s1v1","offsets":[{"start":1947,"text":"2013-ban tapasztalhattak a magyar polgárok"}],"coordinates":[],"confidence":{"state":"pre-added","who":["user:TarCintia"],"prob":1},"fields":{},"normalizations":{}},{"classId":"e_14","part":"s1v1","offsets":[{"start":1947,"text":"2013-ban"}],"coordinates":[],"confidence":{"state":"pre-added","who":["user:TarCintia"],"prob":1},"fields":{},"normalizations":{}},{"classId":"e_14","part":"s1v1","offsets":[{"start":1972,"text":"a magyar polgárok"}],"coordinates":[],"confidence":{"state":"pre-added","who":["user:TarCintia"],"prob":1},"fields":{},"normalizations":{}},{"classId":"e_4","part":"s1v1","offsets":[{"start":2068,"text":"hogy az alacsony infláció kedvező az embereknek"}],"coordinates":[],"confidence":{"state":"pre-added","who":["user:TarCintia"],"prob":1},"fields":{},"normalizations":{}},{"classId":"e_14","part":"s1v1","offsets":[{"start":2073,"text":"az alacsony infláció"}],"coordinates":[],"confidence":{"state":"pre-added","who":["user:TarCintia"],"prob":1},"fields":{},"normalizations":{}},{"classId":"e_13","part":"s1v1","offsets":[{"start":2076,"text":"alacsony infláció"}],"coordinates":[],"confidence":{"state":"pre-added","who":["user:gcsenge"],"prob":1},"fields":{},"normalizations":{}},{"classId":"e_13","part":"s1v1","offsets":[{"start":2094,"text":"kedvező"}],"coordinates":[],"confidence":{"state":"pre-added","who":["user:TarCintia"],"prob":1},"fields":{},"normalizations":{}},{"classId":"e_14","part":"s1v1","offsets":[{"start":2102,"text":"az embereknek"}],"coordinates":[],"confidence":{"state":"pre-added","who":["user:TarCintia"],"prob":1},"fields":{},"normalizations":{}},{"classId":"e_4","part":"s1v1","offsets":[{"start":2117,"text":"Köszönhető ez a rezsicsökkentésnek"}],"coordinates":[],"confidence":{"state":"pre-added","who":["user:TarCintia"],"prob":1},"fields":{},"normalizations":{}},{"classId":"e_13","part":"s1v1","offsets":[{"start":2117,"text":"Köszönhető"}],"coordinates":[],"confidence":{"state":"pre-added","who":["user:gcsenge"],"prob":1},"fields":{},"normalizations":{}},{"classId":"e_14","part":"s1v1","offsets":[{"start":2128,"text":"ez"}],"coordinates":[],"confidence":{"state":"pre-added","who":["user:gcsenge"],"prob":1},"fields":{},"normalizations":{}},{"classId":"e_14","part":"s1v1","offsets":[{"start":2131,"text":"a rezsicsökkentésnek"}],"coordinates":[],"confidence":{"state":"pre-added","who":["user:TarCintia"],"prob":1},"fields":{},"normalizations":{}},{"classId":"e_13","part":"s1v1","offsets":[{"start":2133,"text":"rezsicsökkentésnek"}],"coordinates":[],"confidence":{"state":"pre-added","who":["user:TarCintia"],"prob":1},"fields":{},"normalizations":{}},{"classId":"e_4","part":"s1v1","offsets":[{"start":2180,"text":"hogy az elmúlt években sok mindent tettünk a bankok és a banki költségek megregulázásáért és megszabályozásáért, de elértük azt, hogy 40 év után először ismét rekordalacsony az infláció Magyarországon"}],"coordinates":[],"confidence":{"state":"pre-added","who":["user:TarCintia"],"prob":1},"fields":{},"normalizations":{}},{"classId":"e_14","part":"s1v1","offsets":[{"start":2185,"text":"az elmúlt években"}],"coordinates":[],"confidence":{"state":"pre-added","who":["user:TarCintia"],"prob":1},"fields":{},"normalizations":{}},{"classId":"e_14","part":"s1v1","offsets":[{"start":2203,"text":"sok mindent"}],"coordinates":[],"confidence":{"state":"pre-added","who":["user:TarCintia"],"prob":1},"fields":{},"normalizations":{}},{"classId":"e_14","part":"s1v1","offsets":[{"start":2223,"text":"a bankok"}],"coordinates":[],"confidence":{"state":"pre-added","who":["user:TarCintia"],"prob":1},"fields":{},"normalizations":{}},{"classId":"e_14","part":"s1v1","offsets":[{"start":2235,"text":"a banki költségek"}],"coordinates":[],"confidence":{"state":"pre-added","who":["user:TarCintia"],"prob":1},"fields":{},"normalizations":{}},{"classId":"e_13","part":"s1v1","offsets":[{"start":2253,"text":"megregulázásáért"}],"coordinates":[],"confidence":{"state":"pre-added","who":["user:TarCintia"],"prob":1},"fields":{},"normalizations":{}},{"classId":"e_14","part":"s1v1","offsets":[{"start":2253,"text":"megregulázásáért"}],"coordinates":[],"confidence":{"state":"pre-added","who":["user:TarCintia"],"prob":1},"fields":{},"normalizations":{}},{"classId":"e_13","part":"s1v1","offsets":[{"start":2273,"text":"megszabályozásáért"}],"coordinates":[],"confidence":{"state":"pre-added","who":["user:TarCintia"],"prob":1},"fields":{},"normalizations":{}},{"classId":"e_14","part":"s1v1","offsets":[{"start":2273,"text":"megszabályozásáért"}],"coordinates":[],"confidence":{"state":"pre-added","who":["user:TarCintia"],"prob":1},"fields":{},"normalizations":{}},{"classId":"e_13","part":"s1v1","offsets":[{"start":2296,"text":"elértük"}],"coordinates":[],"confidence":{"state":"pre-added","who":["user:TarCintia"],"prob":1},"fields":{},"normalizations":{}},{"classId":"e_14","part":"s1v1","offsets":[{"start":2314,"text":"40 év után"}],"coordinates":[],"confidence":{"state":"pre-added","who":["user:TarCintia"],"prob":1},"fields":{},"normalizations":{}},{"classId":"e_13","part":"s1v1","offsets":[{"start":2339,"text":"rekordalacsony az infláció"}],"coordinates":[],"confidence":{"state":"pre-added","who":["user:gcsenge"],"prob":1},"fields":{},"normalizations":{}},{"classId":"e_14","part":"s1v1","offsets":[{"start":2354,"text":"az infláció"}],"coordinates":[],"confidence":{"state":"pre-added","who":["user:TarCintia"],"prob":1},"fields":{},"normalizations":{}},{"classId":"e_14","part":"s1v1","offsets":[{"start":2366,"text":"Magyarországon"}],"coordinates":[],"confidence":{"state":"pre-added","who":["user:TarCintia"],"prob":1},"fields":{},"normalizations":{}},{"classId":"e_4","part":"s1v1","offsets":[{"start":2409,"text":"Az európai szinten is kimagasló gazdasági növekedés, csökkenő munkanélküliség, magas foglalkoztatottság és alacsony infláció, mindezek egy erős Magyarország ismérvei, egy erős Magyarországé, amit a magyar emberek összefogásával teremtettünk meg az elmúlt két esztendőben akkor, amikor nehéz gazdasági döntéseket is meghozva megteremtettük a növekedés alapfeltételeit, létrehoztuk a közfoglalkoztatási programot, elindítottuk a munkahelyek számának a növekedését és"}],"coordinates":[],"confidence":{"state":"pre-added","who":["user:TarCintia"],"prob":1},"fields":{},"normalizations":{}},{"classId":"e_14","part":"s1v1","offsets":[{"start":2409,"text":"Az európai szinten"}],"coordinates":[],"confidence":{"state":"pre-added","who":["user:TarCintia"],"prob":1},"fields":{},"normalizations":{}},{"classId":"e_13","part":"s1v1","offsets":[{"start":2431,"text":"kimagasló"}],"coordinates":[],"confidence":{"state":"pre-added","who":["user:TarCintia"],"prob":1},"fields":{},"normalizations":{}},{"classId":"e_14","part":"s1v1","offsets":[{"start":2441,"text":"gazdasági növekedés"}],"coordinates":[],"confidence":{"state":"pre-added","who":["user:TarCintia"],"prob":1},"fields":{},"normalizations":{}},{"classId":"e_13","part":"s1v1","offsets":[{"start":2441,"text":"gazdasági növekedés"}],"coordinates":[],"confidence":{"state":"pre-added","who":["user:gcsenge"],"prob":1},"fields":{},"normalizations":{}},{"classId":"e_14","part":"s1v1","offsets":[{"start":2462,"text":"csökkenő munkanélküliség"}],"coordinates":[],"confidence":{"state":"pre-added","who":["user:TarCintia"],"prob":1},"fields":{},"normalizations":{}},{"classId":"e_13","part":"s1v1","offsets":[{"start":2462,"text":"csökkenő munkanélküliség"}],"coordinates":[],"confidence":{"state":"pre-added","who":["user:gcsenge"],"prob":1},"fields":{},"normalizations":{}},{"classId":"e_14","part":"s1v1","offsets":[{"start":2488,"text":"magas foglalkoztatottság"}],"coordinates":[],"confidence":{"state":"pre-added","who":["user:TarCintia"],"prob":1},"fields":{},"normalizations":{}},{"classId":"e_13","part":"s1v1","offsets":[{"start":2488,"text":"magas foglalkoztatottság"}],"coordinates":[],"confidence":{"state":"pre-added","who":["user:gcsenge"],"prob":1},"fields":{},"normalizations":{}},{"classId":"e_14","part":"s1v1","offsets":[{"start":2516,"text":"alacsony infláció"}],"coordinates":[],"confidence":{"state":"pre-added","who":["user:TarCintia"],"prob":1},"fields":{},"normalizations":{}},{"classId":"e_13","part":"s1v1","offsets":[{"start":2516,"text":"alacsony infláció"}],"coordinates":[],"confidence":{"state":"pre-added","who":["user:gcsenge"],"prob":1},"fields":{},"normalizations":{}},{"classId":"e_14","part":"s1v1","offsets":[{"start":2544,"text":"egy erős Magyarország ismérvei"}],"coordinates":[],"confidence":{"state":"pre-added","who":["user:TarCintia"],"prob":1},"fields":{},"normalizations":{}},{"classId":"e_13","part":"s1v1","offsets":[{"start":2548,"text":"erős Magyarország"}],"coordinates":[],"confidence":{"state":"pre-added","who":["user:gcsenge"],"prob":1},"fields":{},"normalizations":{}},{"classId":"e_14","part":"s1v1","offsets":[{"start":2576,"text":"egy erős Magyarországé"}],"coordinates":[],"confidence":{"state":"pre-added","who":["user:TarCintia"],"prob":1},"fields":{},"normalizations":{}},{"classId":"e_13","part":"s1v1","offsets":[{"start":2580,"text":"erős Magyarországé"}],"coordinates":[],"confidence":{"state":"pre-added","who":["user:gcsenge"],"prob":1},"fields":{},"normalizations":{}},{"classId":"e_14","part":"s1v1","offsets":[{"start":2605,"text":"a magyar emberek összefogásával"}],"coordinates":[],"confidence":{"state":"pre-added","who":["user:TarCintia"],"prob":1},"fields":{},"normalizations":{}},{"classId":"e_13","part":"s1v1","offsets":[{"start":2622,"text":"összefogásával"}],"coordinates":[],"confidence":{"state":"pre-added","who":["user:gcsenge"],"prob":1},"fields":{},"normalizations":{}},{"classId":"e_13","part":"s1v1","offsets":[{"start":2637,"text":"teremtettünk meg"}],"coordinates":[],"confidence":{"state":"pre-added","who":["user:TarCintia"],"prob":1},"fields":{},"normalizations":{}},{"classId":"e_14","part":"s1v1","offsets":[{"start":2654,"text":"az elmúlt két esztendőben"}],"coordinates":[],"confidence":{"state":"pre-added","who":["user:TarCintia"],"prob":1},"fields":{},"normalizations":{}},{"classId":"e_14","part":"s1v1","offsets":[{"start":2694,"text":"nehéz gazdasági döntéseket"}],"coordinates":[],"confidence":{"state":"pre-added","who":["user:TarCintia"],"prob":1},"fields":{},"normalizations":{}},{"classId":"e_13","part":"s1v1","offsets":[{"start":2733,"text":"megteremtettük"}],"coordinates":[],"confidence":{"state":"pre-added","who":["user:TarCintia"],"prob":1},"fields":{},"normalizations":{}},{"classId":"e_14","part":"s1v1","offsets":[{"start":2748,"text":"a növekedés alapfeltételeit"}],"coordinates":[],"confidence":{"state":"pre-added","who":["user:TarCintia"],"prob":1},"fields":{},"normalizations":{}},{"classId":"e_13","part":"s1v1","offsets":[{"start":2750,"text":"növekedés"}],"coordinates":[],"confidence":{"state":"pre-added","who":["user:TarCintia"],"prob":1},"fields":{},"normalizations":{}},{"classId":"e_13","part":"s1v1","offsets":[{"start":2777,"text":"létrehoztuk"}],"coordinates":[],"confidence":{"state":"pre-added","who":["user:TarCintia"],"prob":1},"fields":{},"normalizations":{}},{"classId":"e_14","part":"s1v1","offsets":[{"start":2789,"text":"a közfoglalkoztatási programot"}],"coordinates":[],"confidence":{"state":"pre-added","who":["user:TarCintia"],"prob":1},"fields":{},"normalizations":{}},{"classId":"e_13","part":"s1v1","offsets":[{"start":2821,"text":"elindítottuk"}],"coordinates":[],"confidence":{"state":"pre-added","who":["user:TarCintia"],"prob":1},"fields":{},"normalizations":{}},{"classId":"e_14","part":"s1v1","offsets":[{"start":2834,"text":"a munkahelyek számának a növekedését"}],"coordinates":[],"confidence":{"state":"pre-added","who":["user:TarCintia"],"prob":1},"fields":{},"normalizations":{}},{"classId":"e_13","part":"s1v1","offsets":[{"start":2859,"text":"növekedését"}],"coordinates":[],"confidence":{"state":"pre-added","who":["user:TarCintia"],"prob":1},"fields":{},"normalizations":{}},{"classId":"e_4","part":"s1v1","offsets":[{"start":2902,"text":"elvégeztük a rezsicsökkentést, és megrendszabályoztuk a bankokat"}],"coordinates":[],"confidence":{"state":"pre-added","who":["user:TarCintia"],"prob":1},"fields":{},"normalizations":{}},{"classId":"e_14","part":"s1v1","offsets":[{"start":2913,"text":"a rezsicsökkentést"}],"coordinates":[],"confidence":{"state":"pre-added","who":["user:TarCintia"],"prob":1},"fields":{},"normalizations":{}},{"classId":"e_13","part":"s1v1","offsets":[{"start":2915,"text":"rezsicsökkentést"}],"coordinates":[],"confidence":{"state":"pre-added","who":["user:TarCintia"],"prob":1},"fields":{},"normalizations":{}},{"classId":"e_13","part":"s1v1","offsets":[{"start":2936,"text":"megrendszabályoztuk"}],"coordinates":[],"confidence":{"state":"pre-added","who":["user:TarCintia"],"prob":1},"fields":{},"normalizations":{}},{"classId":"e_14","part":"s1v1","offsets":[{"start":2956,"text":"a bankokat"}],"coordinates":[],"confidence":{"state":"pre-added","who":["user:TarCintia"],"prob":1},"fields":{},"normalizations":{}},{"classId":"e_5","part":"s1v1","offsets":[{"start":3003,"text":"mindeközben nem minden ilyen intézkedésben élveztük az ellenzéki képviselők egyértelmű támogatását"}],"coordinates":[],"confidence":{"state":"pre-added","who":["user:TarCintia"],"prob":1},"fields":{},"normalizations":{}},{"classId":"e_14","part":"s1v1","offsets":[{"start":3015,"text":"nem minden ilyen intézkedésben"}],"coordinates":[],"confidence":{"state":"pre-added","who":["user:TarCintia"],"prob":1},"fields":{},"normalizations":{}},{"classId":"e_13","part":"s1v1","offsets":[{"start":3015,"text":"nem minden ilyen intézkedésben élveztük"}],"coordinates":[],"confidence":{"state":"pre-added","who":["user:gcsenge"],"prob":1},"fields":{},"normalizations":{}},{"classId":"e_14","part":"s1v1","offsets":[{"start":3055,"text":"az ellenzéki képviselők egyértelmű támogatását"}],"coordinates":[],"confidence":{"state":"pre-added","who":["user:TarCintia"],"prob":1},"fields":{},"normalizations":{}},{"classId":"e_14","part":"s1v1","offsets":[{"start":3137,"text":"az ellenzéki sorokban"}],"coordinates":[],"confidence":{"state":"pre-added","who":["user:TarCintia"],"prob":1},"fields":{},"normalizations":{}},{"classId":"e_14","part":"s1v1","offsets":[{"start":3159,"text":"ma"}],"coordinates":[],"confidence":{"state":"pre-added","who":["user:TarCintia"],"prob":1},"fields":{},"normalizations":{}},{"classId":"e_14","part":"s1v1","offsets":[{"start":3172,"text":"olyan képviselők"}],"coordinates":[],"confidence":{"state":"pre-added","who":["user:TarCintia"],"prob":1},"fields":{},"normalizations":{}},{"classId":"e_14","part":"s1v1","offsets":[{"start":3195,"text":"a 2010-et követő időszakban"}],"coordinates":[],"confidence":{"state":"pre-added","who":["user:TarCintia"],"prob":1},"fields":{},"normalizations":{}},{"classId":"e_14","part":"s1v1","offsets":[{"start":3223,"text":"sem a választások eredményét"}],"coordinates":[],"confidence":{"state":"pre-added","who":["user:TarCintia"],"prob":1},"fields":{},"normalizations":{}},{"classId":"e_5","part":"s1v1","offsets":[{"start":3253,"text":"sem a kormány céljait nem tudták elfogadni"}],"coordinates":[],"confidence":{"state":"pre-added","who":["user:TarCintia"],"prob":1},"fields":{},"normalizations":{}},{"classId":"e_14","part":"s1v1","offsets":[{"start":3253,"text":"sem a kormány céljait"}],"coordinates":[],"confidence":{"state":"pre-added","who":["user:TarCintia"],"prob":1},"fields":{},"normalizations":{}},{"classId":"e_13","part":"s1v1","offsets":[{"start":3275,"text":"nem tudták elfogadni"}],"coordinates":[],"confidence":{"state":"pre-added","who":["user:TarCintia"],"prob":1},"fields":{},"normalizations":{}},{"classId":"e_14","part":"s1v1","offsets":[{"start":3297,"text":"2010-ben"}],"coordinates":[],"confidence":{"state":"pre-added","who":["user:TarCintia"],"prob":1},"fields":{},"normalizations":{}},{"classId":"e_14","part":"s1v1","offsets":[{"start":3306,"text":"először"}],"coordinates":[],"confidence":{"state":"pre-added","who":["user:TarCintia"],"prob":1},"fields":{},"normalizations":{}},{"classId":"e_14","part":"s1v1","offsets":[{"start":3321,"text":"olyan ellenzéki képviselők"}],"coordinates":[],"confidence":{"state":"pre-added","who":["user:TarCintia"],"prob":1},"fields":{},"normalizations":{}},{"classId":"e_5","part":"s1v1","offsets":[{"start":3349,"text":"akik aktív segédkezet nyújtottak egy Magyarország ellen elindult pénzügyi támadásnak"}],"coordinates":[],"confidence":{"state":"pre-added","who":["user:TarCintia"],"prob":1},"fields":{},"normalizations":{}},{"classId":"e_14","part":"s1v1","offsets":[{"start":3382,"text":"egy Magyarország ellen elindult pénzügyi támadásnak"}],"coordinates":[],"confidence":{"state":"pre-added","who":["user:TarCintia"],"prob":1},"fields":{},"normalizations":{}},{"classId":"e_13","part":"s1v1","offsets":[{"start":3386,"text":"Magyarország ellen elindult pénzügyi támadásnak"}],"coordinates":[],"confidence":{"state":"pre-added","who":["user:gcsenge"],"prob":1},"fields":{},"normalizations":{}},{"classId":"e_5","part":"s1v1","offsets":[{"start":3435,"text":"Ezt követően ugyanezen képviselők egy jelentős része 2011-13 között az Európai Parlamentben és az európai intézményeknél is folyamatosan segédkezet nyújtott egy Magyarország ellen elindult politikai támadásnak"}],"coordinates":[],"confidence":{"state":"pre-added","who":["user:TarCintia"],"prob":1},"fields":{},"normalizations":{}},{"classId":"e_14","part":"s1v1","offsets":[{"start":3448,"text":"ugyanezen képviselők egy jelentős része"}],"coordinates":[],"confidence":{"state":"pre-added","who":["user:TarCintia"],"prob":1},"fields":{},"normalizations":{}},{"classId":"e_14","part":"s1v1","offsets":[{"start":3488,"text":"2011-13 között"}],"coordinates":[],"confidence":{"state":"pre-added","who":["user:TarCintia"],"prob":1},"fields":{},"normalizations":{}},{"classId":"e_14","part":"s1v1","offsets":[{"start":3503,"text":"az Európai Parlamentben"}],"coordinates":[],"confidence":{"state":"pre-added","who":["user:TarCintia"],"prob":1},"fields":{},"normalizations":{}},{"classId":"e_14","part":"s1v1","offsets":[{"start":3530,"text":"az európai intézményeknél"}],"coordinates":[],"confidence":{"state":"pre-added","who":["user:TarCintia"],"prob":1},"fields":{},"normalizations":{}},{"classId":"e_14","part":"s1v1","offsets":[{"start":3592,"text":"egy Magyarország ellen elindult politikai támadásnak"}],"coordinates":[],"confidence":{"state":"pre-added","who":["user:TarCintia"],"prob":1},"fields":{},"normalizations":{}},{"classId":"e_13","part":"s1v1","offsets":[{"start":3596,"text":"Magyarország ellen elindult politikai támadásnak"}],"coordinates":[],"confidence":{"state":"pre-added","who":["user:gcsenge"],"prob":1},"fields":{},"normalizations":{}},{"classId":"e_2","part":"s1v1","offsets":[{"start":3646,"text":"ezek mindegyike Magyarország gyengítését szolgálta"}],"coordinates":[],"confidence":{"state":"pre-added","who":["user:TarCintia"],"prob":1},"fields":{},"normalizations":{}},{"classId":"e_14","part":"s1v1","offsets":[{"start":3646,"text":"ezek mindegyike"}],"coordinates":[],"confidence":{"state":"pre-added","who":["user:TarCintia"],"prob":1},"fields":{},"normalizations":{}},{"classId":"e_14","part":"s1v1","offsets":[{"start":3662,"text":"Magyarország gyengítését"}],"coordinates":[],"confidence":{"state":"pre-added","who":["user:TarCintia"],"prob":1},"fields":{},"normalizations":{}},{"classId":"e_13","part":"s1v1","offsets":[{"start":3662,"text":"Magyarország gyengítését"}],"coordinates":[],"confidence":{"state":"pre-added","who":["user:gcsenge"],"prob":1},"fields":{},"normalizations":{}},{"classId":"e_2","part":"s1v1","offsets":[{"start":3698,"text":"Ha Magyar­ország gyenge, akkor nem tudjuk elérni ezeket a célokat, nem tudjuk elérni a magas növekedést, nem tudjuk elérni a javuló foglalkoztatottságot, nem tudjuk letörni a rezsiköltségeket, nem tudjuk elérni az alacsony inflációt."}],"coordinates":[],"confidence":{"state":"pre-added","who":["user:TarCintia"],"prob":1},"fields":{},"normalizations":{}},{"classId":"e_14","part":"s1v1","offsets":[{"start":3701,"text":"Magyar­ország"}],"coordinates":[],"confidence":{"state":"pre-added","who":["user:TarCintia"],"prob":1},"fields":{},"normalizations":{}},{"classId":"e_13","part":"s1v1","offsets":[{"start":3715,"text":"gyenge"}],"coordinates":[],"confidence":{"state":"pre-added","who":["user:TarCintia"],"prob":1},"fields":{},"normalizations":{}},{"classId":"e_13","part":"s1v1","offsets":[{"start":3729,"text":"nem tudjuk elérni"}],"coordinates":[],"confidence":{"state":"pre-added","who":["user:TarCintia"],"prob":1},"fields":{},"normalizations":{}},{"classId":"e_14","part":"s1v1","offsets":[{"start":3747,"text":"ezeket a célokat"}],"coordinates":[],"confidence":{"state":"pre-added","who":["user:TarCintia"],"prob":1},"fields":{},"normalizations":{}},{"classId":"e_13","part":"s1v1","offsets":[{"start":3765,"text":"nem tudjuk elérni"}],"coordinates":[],"confidence":{"state":"pre-added","who":["user:TarCintia"],"prob":1},"fields":{},"normalizations":{}},{"classId":"e_14","part":"s1v1","offsets":[{"start":3783,"text":"a magas növekedést"}],"coordinates":[],"confidence":{"state":"pre-added","who":["user:TarCintia"],"prob":1},"fields":{},"normalizations":{}},{"classId":"e_13","part":"s1v1","offsets":[{"start":3803,"text":"nem tudjuk elérni"}],"coordinates":[],"confidence":{"state":"pre-added","who":["user:TarCintia"],"prob":1},"fields":{},"normalizations":{}},{"classId":"e_14","part":"s1v1","offsets":[{"start":3821,"text":"a javuló foglalkoztatottságot"}],"coordinates":[],"confidence":{"state":"pre-added","who":["user:TarCintia"],"prob":1},"fields":{},"normalizations":{}},{"classId":"e_13","part":"s1v1","offsets":[{"start":3852,"text":"nem tudjuk letörni"}],"coordinates":[],"confidence":{"state":"pre-added","who":["user:TarCintia"],"prob":1},"fields":{},"normalizations":{}},{"classId":"e_14","part":"s1v1","offsets":[{"start":3871,"text":"a rezsiköltségeket"}],"coordinates":[],"confidence":{"state":"pre-added","who":["user:TarCintia"],"prob":1},"fields":{},"normalizations":{}},{"classId":"e_13","part":"s1v1","offsets":[{"start":3891,"text":"nem tudjuk elérni"}],"coordinates":[],"confidence":{"state":"pre-added","who":["user:TarCintia"],"prob":1},"fields":{},"normalizations":{}},{"classId":"e_14","part":"s1v1","offsets":[{"start":3909,"text":"az alacsony inflációt"}],"coordinates":[],"confidence":{"state":"pre-added","who":["user:TarCintia"],"prob":1},"fields":{},"normalizations":{}},{"classId":"e_14","part":"s1v1","offsets":[{"start":3959,"text":"Mindenkinek"}],"coordinates":[],"confidence":{"state":"pre-added","who":["user:TarCintia"],"prob":1},"fields":{},"normalizations":{}},{"classId":"e_14","part":"s1v1","offsets":[{"start":3972,"text":"mind­annyiunknak érdeke"}],"coordinates":[],"confidence":{"state":"pre-added","who":["user:TarCintia"],"prob":1},"fields":{},"normalizations":{}},{"classId":"e_4","part":"s1v1","offsets":[{"start":3997,"text":"hogy Magyarország erős legyen, gazdaságilag is erős legyen, és tudja érvényesíteni az érdekeit"}],"coordinates":[],"confidence":{"state":"pre-added","who":["user:TarCintia"],"prob":1},"fields":{},"normalizations":{}},{"classId":"e_14","part":"s1v1","offsets":[{"start":4002,"text":"Magyarország"}],"coordinates":[],"confidence":{"state":"pre-added","who":["user:TarCintia"],"prob":1},"fields":{},"normalizations":{}},{"classId":"e_13","part":"s1v1","offsets":[{"start":4015,"text":"erős"}],"coordinates":[],"confidence":{"state":"pre-added","who":["user:TarCintia"],"prob":1},"fields":{},"normalizations":{}},{"classId":"e_14","part":"s1v1","offsets":[{"start":4028,"text":"gazdaságilag"}],"coordinates":[],"confidence":{"state":"pre-added","who":["user:TarCintia"],"prob":1},"fields":{},"normalizations":{}},{"classId":"e_13","part":"s1v1","offsets":[{"start":4044,"text":"erős"}],"coordinates":[],"confidence":{"state":"pre-added","who":["user:TarCintia"],"prob":1},"fields":{},"normalizations":{}},{"classId":"e_13","part":"s1v1","offsets":[{"start":4066,"text":"érvényesíteni"}],"coordinates":[],"confidence":{"state":"pre-added","who":["user:TarCintia"],"prob":1},"fields":{},"normalizations":{}},{"classId":"e_14","part":"s1v1","offsets":[{"start":4080,"text":"az érdekeit"}],"coordinates":[],"confidence":{"state":"pre-added","who":["user:TarCintia"],"prob":1},"fields":{},"normalizations":{}},{"classId":"e_14","part":"s1v1","offsets":[{"start":4257,"text":"Ma"}],"coordinates":[],"confidence":{"state":"pre-added","who":["user:TarCintia"],"prob":1},"fields":{},"normalizations":{}},{"classId":"e_5","part":"s1v1","offsets":[{"start":4271,"text":"akik nem tudják elfogadni a választások eredményét"}],"coordinates":[],"confidence":{"state":"pre-added","who":["user:TarCintia"],"prob":1},"fields":{},"normalizations":{}},{"classId":"e_13","part":"s1v1","offsets":[{"start":4276,"text":"nem tudják elfogadni"}],"coordinates":[],"confidence":{"state":"pre-added","who":["user:TarCintia"],"prob":1},"fields":{},"normalizations":{}},{"classId":"e_14","part":"s1v1","offsets":[{"start":4297,"text":"a választások eredményét"}],"coordinates":[],"confidence":{"state":"pre-added","who":["user:TarCintia"],"prob":1},"fields":{},"normalizations":{}},{"classId":"e_1","part":"s1v1","offsets":[{"start":4323,"text":"és ma is vannak, akik abban érdekeltek, hogy Magyarország gyenge legyen"}],"coordinates":[],"confidence":{"state":"pre-added","who":["user:gcsenge"],"prob":1},"fields":{},"normalizations":{}},{"classId":"e_13","part":"s1v1","offsets":[{"start":4326,"text":"ma is vannak"}],"coordinates":[],"confidence":{"state":"pre-added","who":["user:gcsenge"],"prob":1},"fields":{},"normalizations":{}},{"classId":"e_14","part":"s1v1","offsets":[{"start":4368,"text":"Magyarország"}],"coordinates":[],"confidence":{"state":"pre-added","who":["user:TarCintia"],"prob":1},"fields":{},"normalizations":{}},{"classId":"e_13","part":"s1v1","offsets":[{"start":4368,"text":"Magyarország gyenge legyen"}],"coordinates":[],"confidence":{"state":"pre-added","who":["user:gcsenge"],"prob":1},"fields":{},"normalizations":{}},{"classId":"e_4","part":"s1v1","offsets":[{"start":4396,"text":"Mi nem ebben vagyunk érdekeltek."}],"coordinates":[],"confidence":{"state":"pre-added","who":["user:TarCintia","user:gcsenge"],"prob":1},"fields":{},"normalizations":{}},{"classId":"e_14","part":"s1v1","offsets":[{"start":4396,"text":"Mi"}],"coordinates":[],"confidence":{"state":"pre-added","who":["user:TarCintia"],"prob":1},"fields":{},"normalizations":{}},{"classId":"e_14","part":"s1v1","offsets":[{"start":4399,"text":"nem ebben"}],"coordinates":[],"confidence":{"state":"pre-added","who":["user:TarCintia"],"prob":1},"fields":{},"normalizations":{}},{"classId":"e_4","part":"s1v1","offsets":[{"start":4429,"text":"Meg akarjuk és meg is fogjuk védeni a magyar emberek összefogásának az eredményét, meg akarjuk és meg is fogjuk tudni védeni a kiemelkedő magyar gazdasági növekedést, a javuló foglalkoztatottságot, és meg fogjuk védeni az alacsony inflációt."}],"coordinates":[],"confidence":{"state":"pre-added","who":["user:TarCintia"],"prob":1},"fields":{},"normalizations":{}},{"classId":"e_13","part":"s1v1","offsets":[{"start":4458,"text":"védeni"}],"coordinates":[],"confidence":{"state":"pre-added","who":["user:TarCintia"],"prob":1},"fields":{},"normalizations":{}},{"classId":"e_14","part":"s1v1","offsets":[{"start":4465,"text":"a magyar emberek összefogásának az eredményét"}],"coordinates":[],"confidence":{"state":"pre-added","who":["user:TarCintia"],"prob":1},"fields":{},"normalizations":{}},{"classId":"e_13","part":"s1v1","offsets":[{"start":4547,"text":"védeni"}],"coordinates":[],"confidence":{"state":"pre-added","who":["user:TarCintia"],"prob":1},"fields":{},"normalizations":{}},{"classId":"e_14","part":"s1v1","offsets":[{"start":4554,"text":"a kiemelkedő magyar gazdasági növekedést"}],"coordinates":[],"confidence":{"state":"pre-added","who":["user:TarCintia"],"prob":1},"fields":{},"normalizations":{}},{"classId":"e_13","part":"s1v1","offsets":[{"start":4556,"text":"kiemelkedő"}],"coordinates":[],"confidence":{"state":"pre-added","who":["user:TarCintia"],"prob":1},"fields":{},"normalizations":{}},{"classId":"e_13","part":"s1v1","offsets":[{"start":4584,"text":"növekedést"}],"coordinates":[],"confidence":{"state":"pre-added","who":["user:TarCintia"],"prob":1},"fields":{},"normalizations":{}},{"classId":"e_14","part":"s1v1","offsets":[{"start":4596,"text":"a javuló foglalkoztatottságot"}],"coordinates":[],"confidence":{"state":"pre-added","who":["user:TarCintia"],"prob":1},"fields":{},"normalizations":{}},{"classId":"e_13","part":"s1v1","offsets":[{"start":4598,"text":"javuló"}],"coordinates":[],"confidence":{"state":"pre-added","who":["user:TarCintia"],"prob":1},"fields":{},"normalizations":{}},{"classId":"e_13","part":"s1v1","offsets":[{"start":4641,"text":"védeni"}],"coordinates":[],"confidence":{"state":"pre-added","who":["user:TarCintia"],"prob":1},"fields":{},"normalizations":{}},{"classId":"e_14","part":"s1v1","offsets":[{"start":4648,"text":"az alacsony inflációt"}],"coordinates":[],"confidence":{"state":"pre-added","who":["user:TarCintia"],"prob":1},"fields":{},"normalizations":{}},{"classId":"e_13","part":"s1v1","offsets":[{"start":4651,"text":"alacsony inflációt."}],"coordinates":[],"confidence":{"state":"pre-added","who":["user:gcsenge"],"prob":1},"fields":{},"normalizations":{}}],"relations":[{"classId":"r_15","type":"linked","directed":false,"entities":["s1v1|e_14|4368,4379","s1v1|e_1|4323,4393"],"confidence":{"state":"pre-added","who":["user:gcsenge"],"prob":1}},{"classId":"r_16","type":"linked","directed":false,"entities":["s1v1|e_14|3646,3660","s1v1|e_2|3646,3695"],"confidence":{"state":"pre-added","who":["user:TarCintia"],"prob":1}},{"classId":"r_16","type":"linked","directed":false,"entities":["s1v1|e_14|3662,3685","s1v1|e_2|3646,3695"],"confidence":{"state":"pre-added","who":["user:TarCintia"],"prob":1}},{"classId":"r_16","type":"linked","directed":false,"entities":["s1v1|e_14|3701,3713","s1v1|e_2|3698,3930"],"confidence":{"state":"pre-added","who":["user:TarCintia"],"prob":1}},{"classId":"r_16","type":"linked","directed":false,"entities":["s1v1|e_14|3747,3762","s1v1|e_2|3698,3930"],"confidence":{"state":"pre-added","who":["user:TarCintia"],"prob":1}},{"classId":"r_16","type":"linked","directed":false,"entities":["s1v1|e_14|3783,3800","s1v1|e_2|3698,3930"],"confidence":{"state":"pre-added","who":["user:TarCintia"],"prob":1}},{"classId":"r_16","type":"linked","directed":false,"entities":["s1v1|e_14|3821,3849","s1v1|e_2|3698,3930"],"confidence":{"state":"pre-added","who":["user:TarCintia"],"prob":1}},{"classId":"r_16","type":"linked","directed":false,"entities":["s1v1|e_14|3871,3888","s1v1|e_2|3698,3930"],"confidence":{"state":"pre-added","who":["user:TarCintia"],"prob":1}},{"classId":"r_16","type":"linked","directed":false,"entities":["s1v1|e_14|3909,3929","s1v1|e_2|3698,3930"],"confidence":{"state":"pre-added","who":["user:TarCintia"],"prob":1}},{"classId":"r_18","type":"linked","directed":false,"entities":["s1v1|e_14|115,138","s1v1|e_4|156,259"],"confidence":{"state":"pre-added","who":["user:TarCintia"],"prob":1}},{"classId":"r_18","type":"linked","directed":false,"entities":["s1v1|e_14|140,153","s1v1|e_4|156,259"],"confidence":{"state":"pre-added","who":["user:TarCintia"],"prob":1}},{"classId":"r_18","type":"linked","directed":false,"entities":["s1v1|e_14|163,179","s1v1|e_4|156,259"],"confidence":{"state":"pre-added","who":["user:TarCintia"],"prob":1}},{"classId":"r_18","type":"linked","directed":false,"entities":["s1v1|e_14|194,230","s1v1|e_4|156,259"],"confidence":{"state":"pre-added","who":["user:TarCintia"],"prob":1}},{"classId":"r_18","type":"linked","directed":false,"entities":["s1v1|e_14|244,259","s1v1|e_4|156,259"],"confidence":{"state":"pre-added","who":["user:TarCintia"],"prob":1}},{"classId":"r_18","type":"linked","directed":false,"entities":["s1v1|e_14|262,269","s1v1|e_4|262,333"],"confidence":{"state":"pre-added","who":["user:TarCintia"],"prob":1}},{"classId":"r_18","type":"linked","directed":false,"entities":["s1v1|e_14|274,301","s1v1|e_4|262,333"],"confidence":{"state":"pre-added","who":["user:TarCintia"],"prob":1}},{"classId":"r_18","type":"linked","directed":false,"entities":["s1v1|e_14|314,332","s1v1|e_4|262,333"],"confidence":{"state":"pre-added","who":["user:TarCintia"],"prob":1}},{"classId":"r_18","type":"linked","directed":false,"entities":["s1v1|e_14|335,342","s1v1|e_4|429,494"],"confidence":{"state":"pre-added","who":["user:TarCintia"],"prob":1}},{"classId":"r_18","type":"linked","directed":false,"entities":["s1v1|e_14|359,426","s1v1|e_4|429,494"],"confidence":{"state":"pre-added","who":["user:TarCintia"],"prob":1}},{"classId":"r_18","type":"linked","directed":false,"entities":["s1v1|e_14|434,460","s1v1|e_4|429,494"],"confidence":{"state":"pre-added","who":["user:TarCintia"],"prob":1}},{"classId":"r_18","type":"linked","directed":false,"entities":["s1v1|e_14|540,567","s1v1|e_4|535,603"],"confidence":{"state":"pre-added","who":["user:TarCintia"],"prob":1}},{"classId":"r_18","type":"linked","directed":false,"entities":["s1v1|e_14|580,603","s1v1|e_4|535,603"],"confidence":{"state":"pre-added","who":["user:TarCintia"],"prob":1}},{"classId":"r_18","type":"linked","directed":false,"entities":["s1v1|e_14|634,645","s1v1|e_4|629,845"],"confidence":{"state":"pre-added","who":["user:TarCintia"],"prob":1}},{"classId":"r_18","type":"linked","directed":false,"entities":["s1v1|e_14|647,680","s1v1|e_4|629,845"],"confidence":{"state":"pre-added","who":["user:TarCintia"],"prob":1}},{"classId":"r_18","type":"linked","directed":false,"entities":["s1v1|e_14|682,690","s1v1|e_4|629,845"],"confidence":{"state":"pre-added","who":["user:TarCintia"],"prob":1}},{"classId":"r_18","type":"linked","directed":false,"entities":["s1v1|e_14|692,708","s1v1|e_4|629,845"],"confidence":{"state":"pre-added","who":["user:TarCintia"],"prob":1}},{"classId":"r_18","type":"linked","directed":false,"entities":["s1v1|e_14|718,745","s1v1|e_4|629,845"],"confidence":{"state":"pre-added","who":["user:TarCintia"],"prob":1}},{"classId":"r_18","type":"linked","directed":false,"entities":["s1v1|e_14|755,771","s1v1|e_4|629,845"],"confidence":{"state":"pre-added","who":["user:TarCintia"],"prob":1}},{"classId":"r_18","type":"linked","directed":false,"entities":["s1v1|e_14|774,801","s1v1|e_4|629,845"],"confidence":{"state":"pre-added","who":["user:TarCintia"],"prob":1}},{"classId":"r_18","type":"linked","directed":false,"entities":["s1v1|e_14|812,830","s1v1|e_4|629,845"],"confidence":{"state":"pre-added","who":["user:TarCintia"],"prob":1}},{"classId":"r_18","type":"linked","directed":false,"entities":["s1v1|e_14|835,845","s1v1|e_4|629,845"],"confidence":{"state":"pre-added","who":["user:TarCintia"],"prob":1}},{"classId":"r_18","type":"linked","directed":false,"entities":["s1v1|e_14|875,881","s1v1|e_4|875,914"],"confidence":{"state":"pre-added","who":["user:gcsenge"],"prob":1}},{"classId":"r_18","type":"linked","directed":false,"entities":["s1v1|e_14|883,901","s1v1|e_4|875,914"],"confidence":{"state":"pre-added","who":["user:TarCintia"],"prob":1}},{"classId":"r_18","type":"linked","directed":false,"entities":["s1v1|e_14|922,938","s1v1|e_4|1005,1038"],"confidence":{"state":"pre-added","who":["user:TarCintia"],"prob":1}},{"classId":"r_18","type":"linked","directed":false,"entities":["s1v1|e_14|962,979","s1v1|e_4|1005,1038"],"confidence":{"state":"pre-added","who":["user:gcsenge"],"prob":1}},{"classId":"r_18","type":"linked","directed":false,"entities":["s1v1|e_14|1011,1028","s1v1|e_4|1005,1038"],"confidence":{"state":"pre-added","who":["user:TarCintia"],"prob":1}},{"classId":"r_18","type":"linked","directed":false,"entities":["s1v1|e_14|1053,1060","s1v1|e_4|1100,1174"],"confidence":{"state":"pre-added","who":["user:TarCintia"],"prob":1}},{"classId":"r_18","type":"linked","directed":false,"entities":["s1v1|e_14|1065,1071","s1v1|e_4|1100,1174"],"confidence":{"state":"pre-added","who":["user:TarCintia"],"prob":1}},{"classId":"r_18","type":"linked","directed":false,"entities":["s1v1|e_14|1105,1118","s1v1|e_4|1100,1174"],"confidence":{"state":"pre-added","who":["user:TarCintia"],"prob":1}},{"classId":"r_18","type":"linked","directed":false,"entities":["s1v1|e_14|1125,1144","s1v1|e_4|1100,1174"],"confidence":{"state":"pre-added","who":["user:TarCintia"],"prob":1}},{"classId":"r_18","type":"linked","directed":false,"entities":["s1v1|e_14|1158,1174","s1v1|e_4|1100,1174"],"confidence":{"state":"pre-added","who":["user:TarCintia"],"prob":1}},{"classId":"r_18","type":"linked","directed":false,"entities":["s1v1|e_14|1177,1197","s1v1|e_4|1203,1446"],"confidence":{"state":"pre-added","who":["user:TarCintia"],"prob":1}},{"classId":"r_18","type":"linked","directed":false,"entities":["s1v1|e_14|1208,1224","s1v1|e_4|1203,1446"],"confidence":{"state":"pre-added","who":["user:TarCintia"],"prob":1}},{"classId":"r_18","type":"linked","directed":false,"entities":["s1v1|e_14|1226,1285","s1v1|e_4|1203,1446"],"confidence":{"state":"pre-added","who":["user:TarCintia"],"prob":1}},{"classId":"r_18","type":"linked","directed":false,"entities":["s1v1|e_14|1296,1314","s1v1|e_4|1203,1446"],"confidence":{"state":"pre-added","who":["user:TarCintia"],"prob":1}},{"classId":"r_18","type":"linked","directed":false,"entities":["s1v1|e_14|1332,1346","s1v1|e_4|1203,1446"],"confidence":{"state":"pre-added","who":["user:TarCintia"],"prob":1}},{"classId":"r_18","type":"linked","directed":false,"entities":["s1v1|e_14|1366,1385","s1v1|e_4|1203,1446"],"confidence":{"state":"pre-added","who":["user:TarCintia"],"prob":1}},{"classId":"r_18","type":"linked","directed":false,"entities":["s1v1|e_14|1388,1421","s1v1|e_4|1203,1446"],"confidence":{"state":"pre-added","who":["user:TarCintia"],"prob":1}},{"classId":"r_18","type":"linked","directed":false,"entities":["s1v1|e_14|1432,1446","s1v1|e_4|1203,1446"],"confidence":{"state":"pre-added","who":["user:TarCintia"],"prob":1}},{"classId":"r_18","type":"linked","directed":false,"entities":["s1v1|e_14|1475,1482","s1v1|e_4|1485,1585"],"confidence":{"state":"pre-added","who":["user:TarCintia"],"prob":1}},{"classId":"r_18","type":"linked","directed":false,"entities":["s1v1|e_14|1491,1512","s1v1|e_4|1485,1585"],"confidence":{"state":"pre-added","who":["user:TarCintia"],"prob":1}},{"classId":"r_18","type":"linked","directed":false,"entities":["s1v1|e_14|1528,1534","s1v1|e_4|1485,1585"],"confidence":{"state":"pre-added","who":["user:TarCintia"],"prob":1}},{"classId":"r_18","type":"linked","directed":false,"entities":["s1v1|e_14|1561,1574","s1v1|e_4|1485,1585"],"confidence":{"state":"pre-added","who":["user:TarCintia"],"prob":1}},{"classId":"r_18","type":"linked","directed":false,"entities":["s1v1|e_14|1576,1585","s1v1|e_4|1485,1585"],"confidence":{"state":"pre-added","who":["user:TarCintia"],"prob":1}},{"classId":"r_18","type":"linked","directed":false,"entities":["s1v1|e_14|1666,1675","s1v1|e_4|1654,1824"],"confidence":{"state":"pre-added","who":["user:gcsenge"],"prob":1}},{"classId":"r_18","type":"linked","directed":false,"entities":["s1v1|e_14|1681,1699","s1v1|e_4|1654,1824"],"confidence":{"state":"pre-added","who":["user:gcsenge"],"prob":1}},{"classId":"r_18","type":"linked","directed":false,"entities":["s1v1|e_14|1708,1727","s1v1|e_4|1654,1824"],"confidence":{"state":"pre-added","who":["user:gcsenge"],"prob":1}},{"classId":"r_18","type":"linked","directed":false,"entities":["s1v1|e_14|1740,1756","s1v1|e_4|1654,1824"],"confidence":{"state":"pre-added","who":["user:gcsenge"],"prob":1}},{"classId":"r_18","type":"linked","directed":false,"entities":["s1v1|e_14|1767,1780","s1v1|e_4|1654,1824"],"confidence":{"state":"pre-added","who":["user:gcsenge"],"prob":1}},{"classId":"r_18","type":"linked","directed":false,"entities":["s1v1|e_14|1813,1823","s1v1|e_4|1654,1824"],"confidence":{"state":"pre-added","who":["user:gcsenge"],"prob":1}},{"classId":"r_18","type":"linked","directed":false,"entities":["s1v1|e_14|1826,1836","s1v1|e_4|1826,1884"],"confidence":{"state":"pre-added","who":["user:TarCintia"],"prob":1}},{"classId":"r_18","type":"linked","directed":false,"entities":["s1v1|e_14|1847,1869","s1v1|e_4|1826,1884"],"confidence":{"state":"pre-added","who":["user:TarCintia"],"prob":1}},{"classId":"r_18","type":"linked","directed":false,"entities":["s1v1|e_14|1871,1884","s1v1|e_4|1826,1884"],"confidence":{"state":"pre-added","who":["user:TarCintia"],"prob":1}},{"classId":"r_18","type":"linked","directed":false,"entities":["s1v1|e_14|1900,1920","s1v1|e_4|1826,1884"],"confidence":{"state":"pre-added","who":["user:TarCintia"],"prob":1}},{"classId":"r_18","type":"linked","directed":false,"entities":["s1v1|e_14|1947,1954","s1v1|e_4|1947,1988"],"confidence":{"state":"pre-added","who":["user:TarCintia"],"prob":1}},{"classId":"r_18","type":"linked","directed":false,"entities":["s1v1|e_14|1972,1988","s1v1|e_4|1947,1988"],"confidence":{"state":"pre-added","who":["user:TarCintia"],"prob":1}},{"classId":"r_18","type":"linked","directed":false,"entities":["s1v1|e_14|2073,2092","s1v1|e_4|2068,2114"],"confidence":{"state":"pre-added","who":["user:TarCintia"],"prob":1}},{"classId":"r_18","type":"linked","directed":false,"entities":["s1v1|e_14|2102,2114","s1v1|e_4|2068,2114"],"confidence":{"state":"pre-added","who":["user:TarCintia"],"prob":1}},{"classId":"r_18","type":"linked","directed":false,"entities":["s1v1|e_14|2128,2129","s1v1|e_4|2117,2150"],"confidence":{"state":"pre-added","who":["user:gcsenge"],"prob":1}},{"classId":"r_18","type":"linked","directed":false,"entities":["s1v1|e_14|2131,2150","s1v1|e_4|2117,2150"],"confidence":{"state":"pre-added","who":["user:TarCintia"],"prob":1}},{"classId":"r_18","type":"linked","directed":false,"entities":["s1v1|e_14|2185,2201","s1v1|e_4|2180,2379"],"confidence":{"state":"pre-added","who":["user:TarCintia"],"prob":1}},{"classId":"r_18","type":"linked","directed":false,"entities":["s1v1|e_14|2203,2213","s1v1|e_4|2180,2379"],"confidence":{"state":"pre-added","who":["user:TarCintia"],"prob":1}},{"classId":"r_18","type":"linked","directed":false,"entities":["s1v1|e_14|2223,2230","s1v1|e_4|2180,2379"],"confidence":{"state":"pre-added","who":["user:TarCintia"],"prob":1}},{"classId":"r_18","type":"linked","directed":false,"entities":["s1v1|e_14|2235,2251","s1v1|e_4|2180,2379"],"confidence":{"state":"pre-added","who":["user:TarCintia"],"prob":1}},{"classId":"r_18","type":"linked","directed":false,"entities":["s1v1|e_14|2253,2268","s1v1|e_4|2180,2379"],"confidence":{"state":"pre-added","who":["user:TarCintia"],"prob":1}},{"classId":"r_18","type":"linked","directed":false,"entities":["s1v1|e_14|2273,2290","s1v1|e_4|2180,2379"],"confidence":{"state":"pre-added","who":["user:TarCintia"],"prob":1}},{"classId":"r_18","type":"linked","directed":false,"entities":["s1v1|e_14|2314,2323","s1v1|e_4|2180,2379"],"confidence":{"state":"pre-added","who":["user:TarCintia"],"prob":1}},{"classId":"r_18","type":"linked","directed":false,"entities":["s1v1|e_14|2354,2364","s1v1|e_4|2180,2379"],"confidence":{"state":"pre-added","who":["user:TarCintia"],"prob":1}},{"classId":"r_18","type":"linked","directed":false,"entities":["s1v1|e_14|2366,2379","s1v1|e_4|2180,2379"],"confidence":{"state":"pre-added","who":["user:TarCintia"],"prob":1}},{"classId":"r_18","type":"linked","directed":false,"entities":["s1v1|e_14|2409,2426","s1v1|e_4|2409,2872"],"confidence":{"state":"pre-added","who":["user:TarCintia"],"prob":1}},{"classId":"r_18","type":"linked","directed":false,"entities":["s1v1|e_14|2441,2459","s1v1|e_4|2409,2872"],"confidence":{"state":"pre-added","who":["user:TarCintia"],"prob":1}},{"classId":"r_18","type":"linked","directed":false,"entities":["s1v1|e_14|2462,2485","s1v1|e_4|2409,2872"],"confidence":{"state":"pre-added","who":["user:TarCintia"],"prob":1}},{"classId":"r_18","type":"linked","directed":false,"entities":["s1v1|e_14|2488,2511","s1v1|e_4|2409,2872"],"confidence":{"state":"pre-added","who":["user:TarCintia"],"prob":1}},{"classId":"r_18","type":"linked","directed":false,"entities":["s1v1|e_14|2516,2532","s1v1|e_4|2409,2872"],"confidence":{"state":"pre-added","who":["user:TarCintia"],"prob":1}},{"classId":"r_18","type":"linked","directed":false,"entities":["s1v1|e_14|2544,2573","s1v1|e_4|2409,2872"],"confidence":{"state":"pre-added","who":["user:TarCintia"],"prob":1}},{"classId":"r_18","type":"linked","directed":false,"entities":["s1v1|e_14|2576,2597","s1v1|e_4|2409,2872"],"confidence":{"state":"pre-added","who":["user:TarCintia"],"prob":1}},{"classId":"r_18","type":"linked","directed":false,"entities":["s1v1|e_14|2605,2635","s1v1|e_4|2409,2872"],"confidence":{"state":"pre-added","who":["user:TarCintia"],"prob":1}},{"classId":"r_18","type":"linked","directed":false,"entities":["s1v1|e_14|2654,2678","s1v1|e_4|2409,2872"],"confidence":{"state":"pre-added","who":["user:TarCintia"],"prob":1}},{"classId":"r_18","type":"linked","directed":false,"entities":["s1v1|e_14|2694,2719","s1v1|e_4|2409,2872"],"confidence":{"state":"pre-added","who":["user:TarCintia"],"prob":1}},{"classId":"r_18","type":"linked","directed":false,"entities":["s1v1|e_14|2748,2774","s1v1|e_4|2409,2872"],"confidence":{"state":"pre-added","who":["user:TarCintia"],"prob":1}},{"classId":"r_18","type":"linked","directed":false,"entities":["s1v1|e_14|2789,2818","s1v1|e_4|2409,2872"],"confidence":{"state":"pre-added","who":["user:TarCintia"],"prob":1}},{"classId":"r_18","type":"linked","directed":false,"entities":["s1v1|e_14|2834,2869","s1v1|e_4|2409,2872"],"confidence":{"state":"pre-added","who":["user:TarCintia"],"prob":1}},{"classId":"r_18","type":"linked","directed":false,"entities":["s1v1|e_14|2913,2930","s1v1|e_4|2902,2965"],"confidence":{"state":"pre-added","who":["user:TarCintia"],"prob":1}},{"classId":"r_18","type":"linked","directed":false,"entities":["s1v1|e_14|2956,2965","s1v1|e_4|2902,2965"],"confidence":{"state":"pre-added","who":["user:TarCintia"],"prob":1}},{"classId":"r_18","type":"linked","directed":false,"entities":["s1v1|e_14|3959,3969","s1v1|e_4|3997,4090"],"confidence":{"state":"pre-added","who":["user:TarCintia"],"prob":1}},{"classId":"r_18","type":"linked","directed":false,"entities":["s1v1|e_14|3972,3994","s1v1|e_4|3997,4090"],"confidence":{"state":"pre-added","who":["user:TarCintia"],"prob":1}},{"classId":"r_18","type":"linked","directed":false,"entities":["s1v1|e_14|4002,4013","s1v1|e_4|3997,4090"],"confidence":{"state":"pre-added","who":["user:TarCintia"],"prob":1}},{"classId":"r_18","type":"linked","directed":false,"entities":["s1v1|e_14|4028,4039","s1v1|e_4|3997,4090"],"confidence":{"state":"pre-added","who":["user:TarCintia"],"prob":1}},{"classId":"r_18","type":"linked","directed":false,"entities":["s1v1|e_14|4080,4090","s1v1|e_4|3997,4090"],"confidence":{"state":"pre-added","who":["user:TarCintia"],"prob":1}},{"classId":"r_18","type":"linked","directed":false,"entities":["s1v1|e_14|4399,4407","s1v1|e_4|4396,4427"],"confidence":{"state":"pre-added","who":["user:gcsenge"],"prob":1}},{"classId":"r_18","type":"linked","directed":false,"entities":["s1v1|e_14|4465,4509","s1v1|e_4|4429,4669"],"confidence":{"state":"pre-added","who":["user:TarCintia"],"prob":1}},{"classId":"r_18","type":"linked","directed":false,"entities":["s1v1|e_14|4554,4593","s1v1|e_4|4429,4669"],"confidence":{"state":"pre-added","who":["user:TarCintia"],"prob":1}},{"classId":"r_18","type":"linked","directed":false,"entities":["s1v1|e_14|4596,4624","s1v1|e_4|4429,4669"],"confidence":{"state":"pre-added","who":["user:TarCintia"],"prob":1}},{"classId":"r_18","type":"linked","directed":false,"entities":["s1v1|e_14|4648,4668","s1v1|e_4|4429,4669"],"confidence":{"state":"pre-added","who":["user:TarCintia"],"prob":1}},{"classId":"r_19","type":"linked","directed":false,"entities":["s1v1|e_14|3015,3044","s1v1|e_5|3003,3100"],"confidence":{"state":"pre-added","who":["user:TarCintia"],"prob":1}},{"classId":"r_19","type":"linked","directed":false,"entities":["s1v1|e_14|3055,3100","s1v1|e_5|3003,3100"],"confidence":{"state":"pre-added","who":["user:TarCintia"],"prob":1}},{"classId":"r_19","type":"linked","directed":false,"entities":["s1v1|e_14|3137,3157","s1v1|e_5|3253,3294"],"confidence":{"state":"pre-added","who":["user:TarCintia"],"prob":1}},{"classId":"r_19","type":"linked","directed":false,"entities":["s1v1|e_14|3159,3160","s1v1|e_5|3253,3294"],"confidence":{"state":"pre-added","who":["user:TarCintia"],"prob":1}},{"classId":"r_19","type":"linked","directed":false,"entities":["s1v1|e_14|3172,3187","s1v1|e_5|3253,3294"],"confidence":{"state":"pre-added","who":["user:TarCintia"],"prob":1}},{"classId":"r_19","type":"linked","directed":false,"entities":["s1v1|e_14|3195,3221","s1v1|e_5|3253,3294"],"confidence":{"state":"pre-added","who":["user:TarCintia"],"prob":1}},{"classId":"r_19","type":"linked","directed":false,"entities":["s1v1|e_14|3223,3250","s1v1|e_5|3253,3294"],"confidence":{"state":"pre-added","who":["user:TarCintia"],"prob":1}},{"classId":"r_19","type":"linked","directed":false,"entities":["s1v1|e_14|3253,3273","s1v1|e_5|3253,3294"],"confidence":{"state":"pre-added","who":["user:TarCintia"],"prob":1}},{"classId":"r_19","type":"linked","directed":false,"entities":["s1v1|e_14|3297,3304","s1v1|e_5|3349,3432"],"confidence":{"state":"pre-added","who":["user:TarCintia"],"prob":1}},{"classId":"r_19","type":"linked","directed":false,"entities":["s1v1|e_14|3306,3312","s1v1|e_5|3349,3432"],"confidence":{"state":"pre-added","who":["user:TarCintia"],"prob":1}},{"classId":"r_19","type":"linked","directed":false,"entities":["s1v1|e_14|3321,3346","s1v1|e_5|3349,3432"],"confidence":{"state":"pre-added","who":["user:TarCintia"],"prob":1}},{"classId":"r_19","type":"linked","directed":false,"entities":["s1v1|e_14|3382,3432","s1v1|e_5|3349,3432"],"confidence":{"state":"pre-added","who":["user:TarCintia"],"prob":1}},{"classId":"r_19","type":"linked","directed":false,"entities":["s1v1|e_14|3448,3486","s1v1|e_5|3435,3643"],"confidence":{"state":"pre-added","who":["user:TarCintia"],"prob":1}},{"classId":"r_19","type":"linked","directed":false,"entities":["s1v1|e_14|3503,3525","s1v1|e_5|3435,3643"],"confidence":{"state":"pre-added","who":["user:TarCintia"],"prob":1}},{"classId":"r_19","type":"linked","directed":false,"entities":["s1v1|e_14|3530,3554","s1v1|e_5|3435,3643"],"confidence":{"state":"pre-added","who":["user:TarCintia"],"prob":1}},{"classId":"r_19","type":"linked","directed":false,"entities":["s1v1|e_14|3592,3643","s1v1|e_5|3435,3643"],"confidence":{"state":"pre-added","who":["user:TarCintia"],"prob":1}},{"classId":"r_19","type":"linked","directed":false,"entities":["s1v1|e_14|4257,4258","s1v1|e_5|4271,4320"],"confidence":{"state":"pre-added","who":["user:TarCintia"],"prob":1}},{"classId":"r_19","type":"linked","directed":false,"entities":["s1v1|e_14|4297,4320","s1v1|e_5|4271,4320"],"confidence":{"state":"pre-added","who":["user:TarCintia"],"prob":1}}]}