{"annotatable":{"parts":["s1v1"]},"anncomplete":false,"sources":[],"metas":{},"entities":[{"classId":"e_5","part":"s1v1","offsets":[{"start":79,"text":"Felháborítónak tartjuk és visszautasítjuk az Európai Bizottság első alelnökének, Frans Tim­mer­mansnak mesterkélt és hamis antiszemita vádjait"}],"coordinates":[],"confidence":{"state":"pre-added","who":["user:porkolabadrian"],"prob":1},"fields":{},"normalizations":{}},{"classId":"e_13","part":"s1v1","offsets":[{"start":79,"text":"Felháborítónak tartjuk és visszautasítjuk"}],"coordinates":[],"confidence":{"state":"pre-added","who":["user:porkolabadrian"],"prob":1},"fields":{},"normalizations":{}},{"classId":"e_14","part":"s1v1","offsets":[{"start":121,"text":"az Európai Bizottság első alelnökének, Frans Tim­mer­mansnak mesterkélt és hamis antiszemita vádjait"}],"coordinates":[],"confidence":{"state":"pre-added","who":["user:porkolabadrian"],"prob":1},"fields":{},"normalizations":{}},{"classId":"e_13","part":"s1v1","offsets":[{"start":182,"text":"mesterkélt és hamis antiszemita vádjait"}],"coordinates":[],"confidence":{"state":"pre-added","who":["user:bernidam"],"prob":1},"fields":{},"normalizations":{}},{"classId":"e_5","part":"s1v1","offsets":[{"start":313,"text":"Kikérjük magunknak az alaptalan démoni­zálá­sun­kat!"}],"coordinates":[],"confidence":{"state":"pre-added","who":["user:porkolabadrian"],"prob":1},"fields":{},"normalizations":{}},{"classId":"e_13","part":"s1v1","offsets":[{"start":313,"text":"Kikérjük magunknak"}],"coordinates":[],"confidence":{"state":"pre-added","who":["user:porkolabadrian"],"prob":1},"fields":{},"normalizations":{}},{"classId":"e_14","part":"s1v1","offsets":[{"start":322,"text":"magunknak"}],"coordinates":[],"confidence":{"state":"pre-added","who":["user:porkolabadrian"],"prob":1},"fields":{},"normalizations":{}},{"classId":"e_14","part":"s1v1","offsets":[{"start":332,"text":"az alaptalan démoni­zálá­sun­kat"}],"coordinates":[],"confidence":{"state":"pre-added","who":["user:porkolabadrian"],"prob":1},"fields":{},"normalizations":{}},{"classId":"e_13","part":"s1v1","offsets":[{"start":366,"text":"Visszautasítjuk"}],"coordinates":[],"confidence":{"state":"pre-added","who":["user:porkolabadrian"],"prob":1},"fields":{},"normalizations":{}},{"classId":"e_5","part":"s1v1","offsets":[{"start":366,"text":"Visszautasítjuk, hogy antiszemiták lennénk"}],"coordinates":[],"confidence":{"state":"pre-added","who":["user:bernidam"],"prob":1},"fields":{},"normalizations":{}},{"classId":"e_13","part":"s1v1","offsets":[{"start":388,"text":"antiszemiták"}],"coordinates":[],"confidence":{"state":"pre-added","who":["user:bernidam"],"prob":1},"fields":{},"normalizations":{}},{"classId":"e_6","part":"s1v1","offsets":[{"start":434,"text":"hogy Soros pénzügyi spekuláns"}],"coordinates":[],"confidence":{"state":"pre-added","who":["user:porkolabadrian"],"prob":1},"fields":{},"normalizations":{}},{"classId":"e_14","part":"s1v1","offsets":[{"start":439,"text":"Soros"}],"coordinates":[],"confidence":{"state":"pre-added","who":["user:porkolabadrian"],"prob":1},"fields":{},"normalizations":{}},{"classId":"e_13","part":"s1v1","offsets":[{"start":445,"text":"pénzügyi spekuláns"}],"coordinates":[],"confidence":{"state":"pre-added","who":["user:porkolabadrian"],"prob":1},"fields":{},"normalizations":{}},{"classId":"e_14","part":"s1v1","offsets":[{"start":445,"text":"pénzügyi spekuláns"}],"coordinates":[],"confidence":{"state":"pre-added","who":["user:porkolabadrian"],"prob":1},"fields":{},"normalizations":{}},{"classId":"e_5","part":"s1v1","offsets":[{"start":465,"text":"aki kétszer is megtámadta Magyarország, saját szülőföldjének pénzügyi rendszerét"}],"coordinates":[],"confidence":{"state":"pre-added","who":["user:porkolabadrian"],"prob":1},"fields":{},"normalizations":{}},{"classId":"e_14","part":"s1v1","offsets":[{"start":465,"text":"aki"}],"coordinates":[],"confidence":{"state":"pre-added","who":["user:porkolabadrian"],"prob":1},"fields":{},"normalizations":{}},{"classId":"e_13","part":"s1v1","offsets":[{"start":480,"text":"megtámadta"}],"coordinates":[],"confidence":{"state":"pre-added","who":["user:porkolabadrian"],"prob":1},"fields":{},"normalizations":{}},{"classId":"e_14","part":"s1v1","offsets":[{"start":491,"text":"Magyarország, saját szülőföldjének pénzügyi rendszerét"}],"coordinates":[],"confidence":{"state":"pre-added","who":["user:porkolabadrian"],"prob":1},"fields":{},"normalizations":{}},{"classId":"e_5","part":"s1v1","offsets":[{"start":572,"text":"hogy Soros és NGO-i támadás alá helyzeték hazánkat, hazánk migránsszabályozását"}],"coordinates":[],"confidence":{"state":"pre-added","who":["user:porkolabadrian"],"prob":1},"fields":{},"normalizations":{}},{"classId":"e_14","part":"s1v1","offsets":[{"start":577,"text":"Soros és NGO-i"}],"coordinates":[],"confidence":{"state":"pre-added","who":["user:porkolabadrian"],"prob":1},"fields":{},"normalizations":{}},{"classId":"e_13","part":"s1v1","offsets":[{"start":592,"text":"támadás alá helyzeték"}],"coordinates":[],"confidence":{"state":"pre-added","who":["user:porkolabadrian"],"prob":1},"fields":{},"normalizations":{}},{"classId":"e_14","part":"s1v1","offsets":[{"start":592,"text":"támadás"}],"coordinates":[],"confidence":{"state":"pre-added","who":["user:bernidam"],"prob":1},"fields":{},"normalizations":{}},{"classId":"e_14","part":"s1v1","offsets":[{"start":614,"text":"hazánkat"}],"coordinates":[],"confidence":{"state":"pre-added","who":["user:bernidam"],"prob":1},"fields":{},"normalizations":{}},{"classId":"e_14","part":"s1v1","offsets":[{"start":624,"text":"hazánk migránsszabályozását"}],"coordinates":[],"confidence":{"state":"pre-added","who":["user:bernidam"],"prob":1},"fields":{},"normalizations":{}},{"classId":"e_6","part":"s1v1","offsets":[{"start":674,"text":"hogy bontsuk le a bennünket védő fizikai és jogi határzárat, továbbá milliós számban engedjük be területünkre az illegális migránsokat"}],"coordinates":[],"confidence":{"state":"pre-added","who":["user:porkolabadrian"],"prob":1},"fields":{},"normalizations":{}},{"classId":"e_13","part":"s1v1","offsets":[{"start":679,"text":"bontsuk le"}],"coordinates":[],"confidence":{"state":"pre-added","who":["user:porkolabadrian"],"prob":1},"fields":{},"normalizations":{}},{"classId":"e_14","part":"s1v1","offsets":[{"start":690,"text":"a bennünket védő fizikai és jogi határzárat"}],"coordinates":[],"confidence":{"state":"pre-added","who":["user:porkolabadrian"],"prob":1},"fields":{},"normalizations":{}},{"classId":"e_13","part":"s1v1","offsets":[{"start":743,"text":"milliós számban engedjük be"}],"coordinates":[],"confidence":{"state":"pre-added","who":["user:porkolabadrian"],"prob":1},"fields":{},"normalizations":{}},{"classId":"e_14","part":"s1v1","offsets":[{"start":743,"text":"milliós számban"}],"coordinates":[],"confidence":{"state":"pre-added","who":["user:porkolabadrian"],"prob":1},"fields":{},"normalizations":{}},{"classId":"e_14","part":"s1v1","offsets":[{"start":771,"text":"területünkre"}],"coordinates":[],"confidence":{"state":"pre-added","who":["user:porkolabadrian"],"prob":1},"fields":{},"normalizations":{}},{"classId":"e_14","part":"s1v1","offsets":[{"start":784,"text":"az illegális migránsokat"}],"coordinates":[],"confidence":{"state":"pre-added","who":["user:porkolabadrian"],"prob":1},"fields":{},"normalizations":{}},{"classId":"e_14","part":"s1v1","offsets":[{"start":899,"text":"olyanok"}],"coordinates":[],"confidence":{"state":"pre-added","who":["user:bernidam"],"prob":1},"fields":{},"normalizations":{}},{"classId":"e_5","part":"s1v1","offsets":[{"start":908,"text":"akik nyíltan ártani akarnak, és ki akarják irtani az őshonos, európai zsidó-keresztény értékeket"}],"coordinates":[],"confidence":{"state":"pre-added","who":["user:porkolabadrian"],"prob":1},"fields":{},"normalizations":{}},{"classId":"e_14","part":"s1v1","offsets":[{"start":908,"text":"akik"}],"coordinates":[],"confidence":{"state":"pre-added","who":["user:porkolabadrian"],"prob":1},"fields":{},"normalizations":{}},{"classId":"e_13","part":"s1v1","offsets":[{"start":913,"text":"nyíltan ártani akarnak"}],"coordinates":[],"confidence":{"state":"pre-added","who":["user:porkolabadrian"],"prob":1},"fields":{},"normalizations":{}},{"classId":"e_13","part":"s1v1","offsets":[{"start":940,"text":"ki akarják irtani"}],"coordinates":[],"confidence":{"state":"pre-added","who":["user:porkolabadrian"],"prob":1},"fields":{},"normalizations":{}},{"classId":"e_14","part":"s1v1","offsets":[{"start":958,"text":"az őshonos, európai zsidó-keresztény értékeket"}],"coordinates":[],"confidence":{"state":"pre-added","who":["user:porkolabadrian"],"prob":1},"fields":{},"normalizations":{}},{"classId":"e_6","part":"s1v1","offsets":[{"start":1110,"text":"hogy Brüsszel és a Soros and Co. miért ösztönzik a Nyugat-Európába tartó muzulmán áradatot"}],"coordinates":[],"confidence":{"state":"pre-added","who":["user:porkolabadrian"],"prob":1},"fields":{},"normalizations":{}},{"classId":"e_14","part":"s1v1","offsets":[{"start":1115,"text":"Brüsszel"}],"coordinates":[],"confidence":{"state":"pre-added","who":["user:bernidam"],"prob":1},"fields":{},"normalizations":{}},{"classId":"e_13","part":"s1v1","offsets":[{"start":1115,"text":"Brüsszel és a Soros and Co."}],"coordinates":[],"confidence":{"state":"pre-added","who":["user:bernidam"],"prob":1},"fields":{},"normalizations":{}},{"classId":"e_14","part":"s1v1","offsets":[{"start":1127,"text":"a Soros and Co."}],"coordinates":[],"confidence":{"state":"pre-added","who":["user:bernidam"],"prob":1},"fields":{},"normalizations":{}},{"classId":"e_13","part":"s1v1","offsets":[{"start":1149,"text":"ösztönzik"}],"coordinates":[],"confidence":{"state":"pre-added","who":["user:porkolabadrian"],"prob":1},"fields":{},"normalizations":{}},{"classId":"e_14","part":"s1v1","offsets":[{"start":1159,"text":"a Nyugat-Európába tartó muzulmán áradatot"}],"coordinates":[],"confidence":{"state":"pre-added","who":["user:porkolabadrian"],"prob":1},"fields":{},"normalizations":{}},{"classId":"e_2","part":"s1v1","offsets":[{"start":1202,"text":"mikor az egyértelműen az antiszemitizmus növekedésével jár együtt"}],"coordinates":[],"confidence":{"state":"pre-added","who":["user:porkolabadrian"],"prob":1},"fields":{},"normalizations":{}},{"classId":"e_14","part":"s1v1","offsets":[{"start":1208,"text":"az"}],"coordinates":[],"confidence":{"state":"pre-added","who":["user:porkolabadrian"],"prob":1},"fields":{},"normalizations":{}},{"classId":"e_13","part":"s1v1","offsets":[{"start":1224,"text":"az antiszemitizmus növekedésével jár együtt"}],"coordinates":[],"confidence":{"state":"pre-added","who":["user:porkolabadrian"],"prob":1},"fields":{},"normalizations":{}},{"classId":"e_14","part":"s1v1","offsets":[{"start":1224,"text":"az antiszemitizmus növekedésével"}],"coordinates":[],"confidence":{"state":"pre-added","who":["user:porkolabadrian"],"prob":1},"fields":{},"normalizations":{}},{"classId":"e_3","part":"s1v1","offsets":[{"start":1269,"text":"Miért akarják elűzni az évszázadok alatt velünk emancipálódott zsidóságot"}],"coordinates":[],"confidence":{"state":"pre-added","who":["user:porkolabadrian"],"prob":1},"fields":{},"normalizations":{}},{"classId":"e_13","part":"s1v1","offsets":[{"start":1275,"text":"akarják elűzni"}],"coordinates":[],"confidence":{"state":"pre-added","who":["user:porkolabadrian"],"prob":1},"fields":{},"normalizations":{}},{"classId":"e_14","part":"s1v1","offsets":[{"start":1290,"text":"az évszázadok alatt velünk emancipálódott zsidóságot"}],"coordinates":[],"confidence":{"state":"pre-added","who":["user:porkolabadrian"],"prob":1},"fields":{},"normalizations":{}},{"classId":"e_5","part":"s1v1","offsets":[{"start":1344,"text":"és miért akarják helyükre a sariát valló muzulmánokat betelepíteni"}],"coordinates":[],"confidence":{"state":"pre-added","who":["user:porkolabadrian","user:bernidam"],"prob":1},"fields":{},"normalizations":{}},{"classId":"e_14","part":"s1v1","offsets":[{"start":1361,"text":"helyükre"}],"coordinates":[],"confidence":{"state":"pre-added","who":["user:porkolabadrian"],"prob":1},"fields":{},"normalizations":{}},{"classId":"e_13","part":"s1v1","offsets":[{"start":1361,"text":"helyükre a sariát valló muzulmánokat betelepíteni"}],"coordinates":[],"confidence":{"state":"pre-added","who":["user:bernidam"],"prob":1},"fields":{},"normalizations":{}},{"classId":"e_14","part":"s1v1","offsets":[{"start":1370,"text":"a sariát valló muzulmánokat"}],"coordinates":[],"confidence":{"state":"pre-added","who":["user:porkolabadrian"],"prob":1},"fields":{},"normalizations":{}},{"classId":"e_2","part":"s1v1","offsets":[{"start":1412,"text":"Miért nem veszik észre"}],"coordinates":[],"confidence":{"state":"pre-added","who":["user:porkolabadrian"],"prob":1},"fields":{},"normalizations":{}},{"classId":"e_13","part":"s1v1","offsets":[{"start":1418,"text":"nem veszik észre"}],"coordinates":[],"confidence":{"state":"pre-added","who":["user:porkolabadrian"],"prob":1},"fields":{},"normalizations":{}},{"classId":"e_1","part":"s1v1","offsets":[{"start":1436,"text":"hogy izraelita testvéreink a második világháború óta nem éreztek hasonló fenyegetést Nyugat-Európában"}],"coordinates":[],"confidence":{"state":"pre-added","who":["user:porkolabadrian"],"prob":1},"fields":{},"normalizations":{}},{"classId":"e_14","part":"s1v1","offsets":[{"start":1441,"text":"izraelita testvéreink"}],"coordinates":[],"confidence":{"state":"pre-added","who":["user:porkolabadrian"],"prob":1},"fields":{},"normalizations":{}},{"classId":"e_14","part":"s1v1","offsets":[{"start":1463,"text":"a második világháború"}],"coordinates":[],"confidence":{"state":"pre-added","who":["user:bernidam"],"prob":1},"fields":{},"normalizations":{}},{"classId":"e_13","part":"s1v1","offsets":[{"start":1493,"text":"éreztek hasonló fenyegetést"}],"coordinates":[],"confidence":{"state":"pre-added","who":["user:porkolabadrian"],"prob":1},"fields":{},"normalizations":{}},{"classId":"e_14","part":"s1v1","offsets":[{"start":1501,"text":"hasonló fenyegetést"}],"coordinates":[],"confidence":{"state":"pre-added","who":["user:porkolabadrian"],"prob":1},"fields":{},"normalizations":{}},{"classId":"e_14","part":"s1v1","offsets":[{"start":1521,"text":"Nyugat-Európában"}],"coordinates":[],"confidence":{"state":"pre-added","who":["user:porkolabadrian"],"prob":1},"fields":{},"normalizations":{}},{"classId":"e_6","part":"s1v1","offsets":[{"start":1574,"text":"hogy Brüsszel és a Soros and Co. miért szolgálják a Nyugat-Európában újjáéledő zsidóellenességet"}],"coordinates":[],"confidence":{"state":"pre-added","who":["user:porkolabadrian"],"prob":1},"fields":{},"normalizations":{}},{"classId":"e_13","part":"s1v1","offsets":[{"start":1579,"text":"Brüsszel és a Soros and Co."}],"coordinates":[],"confidence":{"state":"pre-added","who":["user:porkolabadrian","user:bernidam"],"prob":1},"fields":{},"normalizations":{}},{"classId":"e_14","part":"s1v1","offsets":[{"start":1579,"text":"Brüsszel"}],"coordinates":[],"confidence":{"state":"pre-added","who":["user:bernidam"],"prob":1},"fields":{},"normalizations":{}},{"classId":"e_14","part":"s1v1","offsets":[{"start":1591,"text":"a Soros and Co."}],"coordinates":[],"confidence":{"state":"pre-added","who":["user:bernidam"],"prob":1},"fields":{},"normalizations":{}},{"classId":"e_13","part":"s1v1","offsets":[{"start":1613,"text":"szolgálják a Nyugat-Európában újjáéledő zsidóellenességet"}],"coordinates":[],"confidence":{"state":"pre-added","who":["user:porkolabadrian"],"prob":1},"fields":{},"normalizations":{}},{"classId":"e_14","part":"s1v1","offsets":[{"start":1624,"text":"a Nyugat-Európában újjáéledő zsidóellenességet"}],"coordinates":[],"confidence":{"state":"pre-added","who":["user:porkolabadrian"],"prob":1},"fields":{},"normalizations":{}},{"classId":"e_2","part":"s1v1","offsets":[{"start":1700,"text":"Az európai országok között szinte egy sincs"}],"coordinates":[],"confidence":{"state":"pre-added","who":["user:porkolabadrian"],"prob":1},"fields":{},"normalizations":{}},{"classId":"e_14","part":"s1v1","offsets":[{"start":1700,"text":"Az európai országok"}],"coordinates":[],"confidence":{"state":"pre-added","who":["user:bernidam"],"prob":1},"fields":{},"normalizations":{}},{"classId":"e_13","part":"s1v1","offsets":[{"start":1727,"text":"szinte egy sincs"}],"coordinates":[],"confidence":{"state":"pre-added","who":["user:porkolabadrian"],"prob":1},"fields":{},"normalizations":{}},{"classId":"e_14","part":"s1v1","offsets":[{"start":1734,"text":"egy"}],"coordinates":[],"confidence":{"state":"pre-added","who":["user:bernidam"],"prob":1},"fields":{},"normalizations":{}},{"classId":"e_4","part":"s1v1","offsets":[{"start":1745,"text":"ahol olyan fizikai biztonságban, olyan jogbiztonságban vagy akár olyan szellemi és lelki jólétben, továbbá olyan méltósággal tudnák megélni a zsidó közösségek identitásukat"}],"coordinates":[],"confidence":{"state":"pre-added","who":["user:porkolabadrian"],"prob":1},"fields":{},"normalizations":{}},{"classId":"e_14","part":"s1v1","offsets":[{"start":1745,"text":"ahol"}],"coordinates":[],"confidence":{"state":"pre-added","who":["user:bernidam"],"prob":1},"fields":{},"normalizations":{}},{"classId":"e_14","part":"s1v1","offsets":[{"start":1750,"text":"olyan fizikai biztonságban"}],"coordinates":[],"confidence":{"state":"pre-added","who":["user:bernidam"],"prob":1},"fields":{},"normalizations":{}},{"classId":"e_13","part":"s1v1","offsets":[{"start":1764,"text":"biztonságban"}],"coordinates":[],"confidence":{"state":"pre-added","who":["user:porkolabadrian"],"prob":1},"fields":{},"normalizations":{}},{"classId":"e_14","part":"s1v1","offsets":[{"start":1778,"text":"olyan jogbiztonságban"}],"coordinates":[],"confidence":{"state":"pre-added","who":["user:bernidam"],"prob":1},"fields":{},"normalizations":{}},{"classId":"e_13","part":"s1v1","offsets":[{"start":1784,"text":"jogbiztonságban"}],"coordinates":[],"confidence":{"state":"pre-added","who":["user:porkolabadrian"],"prob":1},"fields":{},"normalizations":{}},{"classId":"e_14","part":"s1v1","offsets":[{"start":1810,"text":"olyan szellemi és lelki jólétben"}],"coordinates":[],"confidence":{"state":"pre-added","who":["user:bernidam"],"prob":1},"fields":{},"normalizations":{}},{"classId":"e_13","part":"s1v1","offsets":[{"start":1834,"text":"jólétben"}],"coordinates":[],"confidence":{"state":"pre-added","who":["user:porkolabadrian"],"prob":1},"fields":{},"normalizations":{}},{"classId":"e_14","part":"s1v1","offsets":[{"start":1852,"text":"olyan méltósággal"}],"coordinates":[],"confidence":{"state":"pre-added","who":["user:porkolabadrian"],"prob":1},"fields":{},"normalizations":{}},{"classId":"e_13","part":"s1v1","offsets":[{"start":1858,"text":"méltósággal tudnák megélni"}],"coordinates":[],"confidence":{"state":"pre-added","who":["user:porkolabadrian"],"prob":1},"fields":{},"normalizations":{}},{"classId":"e_14","part":"s1v1","offsets":[{"start":1885,"text":"a zsidó közösségek"}],"coordinates":[],"confidence":{"state":"pre-added","who":["user:porkolabadrian"],"prob":1},"fields":{},"normalizations":{}},{"classId":"e_14","part":"s1v1","offsets":[{"start":1904,"text":"identitásukat"}],"coordinates":[],"confidence":{"state":"pre-added","who":["user:porkolabadrian"],"prob":1},"fields":{},"normalizations":{}},{"classId":"e_14","part":"s1v1","offsets":[{"start":1924,"text":"nálunk"}],"coordinates":[],"confidence":{"state":"pre-added","who":["user:bernidam"],"prob":1},"fields":{},"normalizations":{}},{"classId":"e_14","part":"s1v1","offsets":[{"start":1932,"text":"Magyarországon"}],"coordinates":[],"confidence":{"state":"pre-added","who":["user:bernidam"],"prob":1},"fields":{},"normalizations":{}},{"classId":"e_14","part":"s1v1","offsets":[{"start":1957,"text":"Timmer­mans"}],"coordinates":[],"confidence":{"state":"pre-added","who":["user:porkolabadrian"],"prob":1},"fields":{},"normalizations":{}},{"classId":"e_6","part":"s1v1","offsets":[{"start":1971,"text":"a tények ellenére hamis színben feltüntetve a magyar kormányt és ezáltal Magyarországot"}],"coordinates":[],"confidence":{"state":"pre-added","who":["user:porkolabadrian"],"prob":1},"fields":{},"normalizations":{}},{"classId":"e_14","part":"s1v1","offsets":[{"start":1971,"text":"a tények ellenére"}],"coordinates":[],"confidence":{"state":"pre-added","who":["user:porkolabadrian"],"prob":1},"fields":{},"normalizations":{}},{"classId":"e_13","part":"s1v1","offsets":[{"start":1989,"text":"hamis színben feltüntetve"}],"coordinates":[],"confidence":{"state":"pre-added","who":["user:porkolabadrian"],"prob":1},"fields":{},"normalizations":{}},{"classId":"e_14","part":"s1v1","offsets":[{"start":1989,"text":"hamis színben"}],"coordinates":[],"confidence":{"state":"pre-added","who":["user:porkolabadrian"],"prob":1},"fields":{},"normalizations":{}},{"classId":"e_14","part":"s1v1","offsets":[{"start":2015,"text":"a magyar kormányt"}],"coordinates":[],"confidence":{"state":"pre-added","who":["user:porkolabadrian"],"prob":1},"fields":{},"normalizations":{}},{"classId":"e_14","part":"s1v1","offsets":[{"start":2044,"text":"Magyarországot"}],"coordinates":[],"confidence":{"state":"pre-added","who":["user:porkolabadrian"],"prob":1},"fields":{},"normalizations":{}},{"classId":"e_5","part":"s1v1","offsets":[{"start":2061,"text":"ha­zánkat valótlanul antiszemita váddal illette"}],"coordinates":[],"confidence":{"state":"pre-added","who":["user:porkolabadrian"],"prob":1},"fields":{},"normalizations":{}},{"classId":"e_14","part":"s1v1","offsets":[{"start":2061,"text":"ha­zánkat"}],"coordinates":[],"confidence":{"state":"pre-added","who":["user:porkolabadrian"],"prob":1},"fields":{},"normalizations":{}},{"classId":"e_13","part":"s1v1","offsets":[{"start":2082,"text":"antiszemita váddal illette"}],"coordinates":[],"confidence":{"state":"pre-added","who":["user:porkolabadrian"],"prob":1},"fields":{},"normalizations":{}},{"classId":"e_14","part":"s1v1","offsets":[{"start":2082,"text":"antiszemita váddal"}],"coordinates":[],"confidence":{"state":"pre-added","who":["user:porkolabadrian"],"prob":1},"fields":{},"normalizations":{}},{"classId":"e_14","part":"s1v1","offsets":[{"start":2176,"text":"ez"}],"coordinates":[],"confidence":{"state":"pre-added","who":["user:bernidam"],"prob":1},"fields":{},"normalizations":{}},{"classId":"e_6","part":"s1v1","offsets":[{"start":2188,"text":"mint egy kommunista trükk"}],"coordinates":[],"confidence":{"state":"pre-added","who":["user:bernidam"],"prob":1},"fields":{},"normalizations":{}},{"classId":"e_14","part":"s1v1","offsets":[{"start":2193,"text":"egy kommunista trükk"}],"coordinates":[],"confidence":{"state":"pre-added","who":["user:porkolabadrian"],"prob":1},"fields":{},"normalizations":{}},{"classId":"e_13","part":"s1v1","offsets":[{"start":2197,"text":"kommunista trükk"}],"coordinates":[],"confidence":{"state":"pre-added","who":["user:porkolabadrian"],"prob":1},"fields":{},"normalizations":{}},{"classId":"e_14","part":"s1v1","offsets":[{"start":2215,"text":"Sztálin"}],"coordinates":[],"confidence":{"state":"pre-added","who":["user:porkolabadrian"],"prob":1},"fields":{},"normalizations":{}},{"classId":"e_2","part":"s1v1","offsets":[{"start":2242,"text":"Úgy hamisította meg a tényeket"}],"coordinates":[],"confidence":{"state":"pre-added","who":["user:porkolabadrian"],"prob":1},"fields":{},"normalizations":{}},{"classId":"e_13","part":"s1v1","offsets":[{"start":2246,"text":"hamisította meg"}],"coordinates":[],"confidence":{"state":"pre-added","who":["user:porkolabadrian"],"prob":1},"fields":{},"normalizations":{}},{"classId":"e_14","part":"s1v1","offsets":[{"start":2262,"text":"a tényeket"}],"coordinates":[],"confidence":{"state":"pre-added","who":["user:porkolabadrian"],"prob":1},"fields":{},"normalizations":{}},{"classId":"e_14","part":"s1v1","offsets":[{"start":2279,"text":"az Európai Bizottság alelnöke"}],"coordinates":[],"confidence":{"state":"pre-added","who":["user:porkolabadrian"],"prob":1},"fields":{},"normalizations":{}},{"classId":"e_6","part":"s1v1","offsets":[{"start":2341,"text":"vagyis ők azonos platformon vannak abban"}],"coordinates":[],"confidence":{"state":"pre-added","who":["user:porkolabadrian"],"prob":1},"fields":{},"normalizations":{}},{"classId":"e_14","part":"s1v1","offsets":[{"start":2348,"text":"ők"}],"coordinates":[],"confidence":{"state":"pre-added","who":["user:porkolabadrian"],"prob":1},"fields":{},"normalizations":{}},{"classId":"e_13","part":"s1v1","offsets":[{"start":2351,"text":"azonos platformon vannak"}],"coordinates":[],"confidence":{"state":"pre-added","who":["user:porkolabadrian"],"prob":1},"fields":{},"normalizations":{}},{"classId":"e_14","part":"s1v1","offsets":[{"start":2351,"text":"azonos platformon"}],"coordinates":[],"confidence":{"state":"pre-added","who":["user:porkolabadrian"],"prob":1},"fields":{},"normalizations":{}},{"classId":"e_14","part":"s1v1","offsets":[{"start":2376,"text":"abban"}],"coordinates":[],"confidence":{"state":"pre-added","who":["user:porkolabadrian"],"prob":1},"fields":{},"normalizations":{}},{"classId":"e_6","part":"s1v1","offsets":[{"start":2450,"text":"akkor annyi a tényeknek"}],"coordinates":[],"confidence":{"state":"pre-added","who":["user:porkolabadrian"],"prob":1},"fields":{},"normalizations":{}},{"classId":"e_13","part":"s1v1","offsets":[{"start":2456,"text":"annyi a tényeknek"}],"coordinates":[],"confidence":{"state":"pre-added","who":["user:porkolabadrian"],"prob":1},"fields":{},"normalizations":{}},{"classId":"e_14","part":"s1v1","offsets":[{"start":2462,"text":"a tényeknek"}],"coordinates":[],"confidence":{"state":"pre-added","who":["user:porkolabadrian"],"prob":1},"fields":{},"normalizations":{}},{"classId":"e_14","part":"s1v1","offsets":[{"start":2475,"text":"A valóság"}],"coordinates":[],"confidence":{"state":"pre-added","who":["user:bernidam"],"prob":1},"fields":{},"normalizations":{}},{"classId":"e_14","part":"s1v1","offsets":[{"start":2493,"text":"az"}],"coordinates":[],"confidence":{"state":"pre-added","who":["user:bernidam"],"prob":1},"fields":{},"normalizations":{}},{"classId":"e_3","part":"s1v1","offsets":[{"start":2497,"text":"hogy Nyugat-Európában, de különösen Franciaországban drámaian nőtt a zsidó közösség elleni brutális támadások száma, rabbikat támadnak meg, zsidó boltokat és zsinagógákat gyújtogatnak"}],"coordinates":[],"confidence":{"state":"pre-added","who":["user:porkolabadrian"],"prob":1},"fields":{},"normalizations":{}},{"classId":"e_14","part":"s1v1","offsets":[{"start":2502,"text":"Nyugat-Európában"}],"coordinates":[],"confidence":{"state":"pre-added","who":["user:bernidam"],"prob":1},"fields":{},"normalizations":{}},{"classId":"e_14","part":"s1v1","offsets":[{"start":2533,"text":"Franciaországban"}],"coordinates":[],"confidence":{"state":"pre-added","who":["user:bernidam"],"prob":1},"fields":{},"normalizations":{}},{"classId":"e_13","part":"s1v1","offsets":[{"start":2550,"text":"drámaian nőtt a zsidó közösség elleni brutális támadások száma"}],"coordinates":[],"confidence":{"state":"pre-added","who":["user:porkolabadrian"],"prob":1},"fields":{},"normalizations":{}},{"classId":"e_14","part":"s1v1","offsets":[{"start":2564,"text":"a zsidó közösség elleni brutális támadások száma"}],"coordinates":[],"confidence":{"state":"pre-added","who":["user:porkolabadrian"],"prob":1},"fields":{},"normalizations":{}},{"classId":"e_14","part":"s1v1","offsets":[{"start":2614,"text":"rabbikat"}],"coordinates":[],"confidence":{"state":"pre-added","who":["user:porkolabadrian"],"prob":1},"fields":{},"normalizations":{}},{"classId":"e_13","part":"s1v1","offsets":[{"start":2623,"text":"támadnak meg"}],"coordinates":[],"confidence":{"state":"pre-added","who":["user:porkolabadrian"],"prob":1},"fields":{},"normalizations":{}},{"classId":"e_14","part":"s1v1","offsets":[{"start":2637,"text":"zsidó boltokat"}],"coordinates":[],"confidence":{"state":"pre-added","who":["user:bernidam"],"prob":1},"fields":{},"normalizations":{}},{"classId":"e_14","part":"s1v1","offsets":[{"start":2655,"text":"zsinagógákat"}],"coordinates":[],"confidence":{"state":"pre-added","who":["user:bernidam"],"prob":1},"fields":{},"normalizations":{}},{"classId":"e_13","part":"s1v1","offsets":[{"start":2668,"text":"gyújtogatnak"}],"coordinates":[],"confidence":{"state":"pre-added","who":["user:porkolabadrian"],"prob":1},"fields":{},"normalizations":{}},{"classId":"e_2","part":"s1v1","offsets":[{"start":2710,"text":"Miért nem lépnek fel a valódi antiszemitizmussal szemben?"}],"coordinates":[],"confidence":{"state":"pre-added","who":["user:porkolabadrian"],"prob":1},"fields":{},"normalizations":{}},{"classId":"e_13","part":"s1v1","offsets":[{"start":2716,"text":"nem lépnek fel"}],"coordinates":[],"confidence":{"state":"pre-added","who":["user:porkolabadrian"],"prob":1},"fields":{},"normalizations":{}},{"classId":"e_14","part":"s1v1","offsets":[{"start":2731,"text":"a valódi antiszemitizmussal"}],"coordinates":[],"confidence":{"state":"pre-added","who":["user:bernidam"],"prob":1},"fields":{},"normalizations":{}},{"classId":"e_2","part":"s1v1","offsets":[{"start":2768,"text":"Miért titkolják el ezeket a tragikus állapotokat az európai közvélemény előtt?"}],"coordinates":[],"confidence":{"state":"pre-added","who":["user:porkolabadrian"],"prob":1},"fields":{},"normalizations":{}},{"classId":"e_13","part":"s1v1","offsets":[{"start":2774,"text":"titkolják el"}],"coordinates":[],"confidence":{"state":"pre-added","who":["user:porkolabadrian"],"prob":1},"fields":{},"normalizations":{}},{"classId":"e_14","part":"s1v1","offsets":[{"start":2787,"text":"ezeket a tragikus állapotokat"}],"coordinates":[],"confidence":{"state":"pre-added","who":["user:porkolabadrian"],"prob":1},"fields":{},"normalizations":{}},{"classId":"e_14","part":"s1v1","offsets":[{"start":2817,"text":"az európai közvélemény"}],"coordinates":[],"confidence":{"state":"pre-added","who":["user:bernidam"],"prob":1},"fields":{},"normalizations":{}},{"classId":"e_3","part":"s1v1","offsets":[{"start":2869,"text":"mert a valós antiszemita támadások jó részét már nem külföldi terroristák, hanem saját nyugat-európai állampolgáraik követik el"}],"coordinates":[],"confidence":{"state":"pre-added","who":["user:porkolabadrian"],"prob":1},"fields":{},"normalizations":{}},{"classId":"e_14","part":"s1v1","offsets":[{"start":2874,"text":"a valós antiszemita támadások jó részét"}],"coordinates":[],"confidence":{"state":"pre-added","who":["user:porkolabadrian"],"prob":1},"fields":{},"normalizations":{}},{"classId":"e_13","part":"s1v1","offsets":[{"start":2894,"text":"támadások"}],"coordinates":[],"confidence":{"state":"pre-added","who":["user:porkolabadrian"],"prob":1},"fields":{},"normalizations":{}},{"classId":"e_14","part":"s1v1","offsets":[{"start":2922,"text":"külföldi terroristák"}],"coordinates":[],"confidence":{"state":"pre-added","who":["user:porkolabadrian"],"prob":1},"fields":{},"normalizations":{}},{"classId":"e_13","part":"s1v1","offsets":[{"start":2931,"text":"terroristák"}],"coordinates":[],"confidence":{"state":"pre-added","who":["user:bernidam"],"prob":1},"fields":{},"normalizations":{}},{"classId":"e_14","part":"s1v1","offsets":[{"start":2950,"text":"saját nyugat-európai állampolgáraik"}],"coordinates":[],"confidence":{"state":"pre-added","who":["user:porkolabadrian"],"prob":1},"fields":{},"normalizations":{}},{"classId":"e_13","part":"s1v1","offsets":[{"start":2986,"text":"követik el"}],"coordinates":[],"confidence":{"state":"pre-added","who":["user:porkolabadrian"],"prob":1},"fields":{},"normalizations":{}},{"classId":"e_6","part":"s1v1","offsets":[{"start":3006,"text":"amíg önök heherésznek"}],"coordinates":[],"confidence":{"state":"pre-added","who":["user:porkolabadrian"],"prob":1},"fields":{},"normalizations":{}},{"classId":"e_14","part":"s1v1","offsets":[{"start":3011,"text":"önök"}],"coordinates":[],"confidence":{"state":"pre-added","who":["user:porkolabadrian"],"prob":1},"fields":{},"normalizations":{}},{"classId":"e_13","part":"s1v1","offsets":[{"start":3016,"text":"heherésznek"}],"coordinates":[],"confidence":{"state":"pre-added","who":["user:porkolabadrian"],"prob":1},"fields":{},"normalizations":{}},{"classId":"e_1","part":"s1v1","offsets":[{"start":3029,"text":"addig mi, magyarok aggódunk a Nyugat-Európában fejét felütő aljas antiszemita megnyilvánulások miatt"}],"coordinates":[],"confidence":{"state":"pre-added","who":["user:porkolabadrian"],"prob":1},"fields":{},"normalizations":{}},{"classId":"e_14","part":"s1v1","offsets":[{"start":3035,"text":"mi"}],"coordinates":[],"confidence":{"state":"pre-added","who":["user:bernidam"],"prob":1},"fields":{},"normalizations":{}},{"classId":"e_14","part":"s1v1","offsets":[{"start":3039,"text":"magyarok"}],"coordinates":[],"confidence":{"state":"pre-added","who":["user:bernidam"],"prob":1},"fields":{},"normalizations":{}},{"classId":"e_13","part":"s1v1","offsets":[{"start":3048,"text":"aggódunk"}],"coordinates":[],"confidence":{"state":"pre-added","who":["user:porkolabadrian"],"prob":1},"fields":{},"normalizations":{}},{"classId":"e_14","part":"s1v1","offsets":[{"start":3057,"text":"a Nyugat-Európában fejét felütő aljas antiszemita megnyilvánulások"}],"coordinates":[],"confidence":{"state":"pre-added","who":["user:bernidam"],"prob":1},"fields":{},"normalizations":{}},{"classId":"e_4","part":"s1v1","offsets":[{"start":3131,"text":"és kiállunk idősebb testvéreinkért"}],"coordinates":[],"confidence":{"state":"pre-added","who":["user:porkolabadrian"],"prob":1},"fields":{},"normalizations":{}},{"classId":"e_13","part":"s1v1","offsets":[{"start":3134,"text":"kiállunk"}],"coordinates":[],"confidence":{"state":"pre-added","who":["user:porkolabadrian"],"prob":1},"fields":{},"normalizations":{}},{"classId":"e_14","part":"s1v1","offsets":[{"start":3143,"text":"idősebb testvéreinkért"}],"coordinates":[],"confidence":{"state":"pre-added","who":["user:porkolabadrian"],"prob":1},"fields":{},"normalizations":{}},{"classId":"e_14","part":"s1v1","offsets":[{"start":3186,"text":"önt"}],"coordinates":[],"confidence":{"state":"pre-added","who":["user:bernidam"],"prob":1},"fields":{},"normalizations":{}},{"classId":"e_14","part":"s1v1","offsets":[{"start":3191,"text":"Timmermans úr"}],"coordinates":[],"confidence":{"state":"pre-added","who":["user:bernidam"],"prob":1},"fields":{},"normalizations":{}},{"classId":"e_14","part":"s1v1","offsets":[{"start":3208,"text":"magát az Európai Bizottságot"}],"coordinates":[],"confidence":{"state":"pre-added","who":["user:bernidam"],"prob":1},"fields":{},"normalizations":{}},{"classId":"e_5","part":"s1v1","offsets":[{"start":3241,"text":"hogy végre lépjen fel az Európai Unió nyugat-európai részében egyre inkább eluralkodó antiszemitizmussal szemben"}],"coordinates":[],"confidence":{"state":"pre-added","who":["user:bernidam"],"prob":1},"fields":{},"normalizations":{}},{"classId":"e_13","part":"s1v1","offsets":[{"start":3252,"text":"lépjen fel"}],"coordinates":[],"confidence":{"state":"pre-added","who":["user:porkolabadrian"],"prob":1},"fields":{},"normalizations":{}},{"classId":"e_14","part":"s1v1","offsets":[{"start":3263,"text":"az Európai Unió nyugat-európai részében egyre inkább eluralkodó antiszemitizmussal"}],"coordinates":[],"confidence":{"state":"pre-added","who":["user:bernidam"],"prob":1},"fields":{},"normalizations":{}},{"classId":"e_13","part":"s1v1","offsets":[{"start":3327,"text":"antiszemitizmussal"}],"coordinates":[],"confidence":{"state":"pre-added","who":["user:bernidam"],"prob":1},"fields":{},"normalizations":{}},{"classId":"e_6","part":"s1v1","offsets":[{"start":3355,"text":"és az antiszemita kártyát a jövőben ne politikai bunkósbotként használják, vagyis ne ott kiáltsanak farkast, ahol azt politikai érdekek alapján vizionálni akarják"}],"coordinates":[],"confidence":{"state":"pre-added","who":["user:porkolabadrian"],"prob":1},"fields":{},"normalizations":{}},{"classId":"e_14","part":"s1v1","offsets":[{"start":3358,"text":"az antiszemita kártyát"}],"coordinates":[],"confidence":{"state":"pre-added","who":["user:porkolabadrian"],"prob":1},"fields":{},"normalizations":{}},{"classId":"e_14","part":"s1v1","offsets":[{"start":3381,"text":"a jövőben"}],"coordinates":[],"confidence":{"state":"pre-added","who":["user:porkolabadrian"],"prob":1},"fields":{},"normalizations":{}},{"classId":"e_13","part":"s1v1","offsets":[{"start":3394,"text":"politikai bunkósbotként használják"}],"coordinates":[],"confidence":{"state":"pre-added","who":["user:porkolabadrian"],"prob":1},"fields":{},"normalizations":{}},{"classId":"e_14","part":"s1v1","offsets":[{"start":3394,"text":"politikai bunkósbotként"}],"coordinates":[],"confidence":{"state":"pre-added","who":["user:porkolabadrian"],"prob":1},"fields":{},"normalizations":{}},{"classId":"e_14","part":"s1v1","offsets":[{"start":3440,"text":"ott"}],"coordinates":[],"confidence":{"state":"pre-added","who":["user:bernidam"],"prob":1},"fields":{},"normalizations":{}},{"classId":"e_13","part":"s1v1","offsets":[{"start":3444,"text":"kiáltsanak farkast"}],"coordinates":[],"confidence":{"state":"pre-added","who":["user:porkolabadrian"],"prob":1},"fields":{},"normalizations":{}},{"classId":"e_14","part":"s1v1","offsets":[{"start":3464,"text":"ahol"}],"coordinates":[],"confidence":{"state":"pre-added","who":["user:porkolabadrian"],"prob":1},"fields":{},"normalizations":{}},{"classId":"e_14","part":"s1v1","offsets":[{"start":3469,"text":"azt"}],"coordinates":[],"confidence":{"state":"pre-added","who":["user:porkolabadrian"],"prob":1},"fields":{},"normalizations":{}},{"classId":"e_13","part":"s1v1","offsets":[{"start":3473,"text":"politikai érdekek alapján vizionálni akarják"}],"coordinates":[],"confidence":{"state":"pre-added","who":["user:porkolabadrian"],"prob":1},"fields":{},"normalizations":{}},{"classId":"e_14","part":"s1v1","offsets":[{"start":3473,"text":"politikai érdekek alapján"}],"coordinates":[],"confidence":{"state":"pre-added","who":["user:porkolabadrian"],"prob":1},"fields":{},"normalizations":{}},{"classId":"e_6","part":"s1v1","offsets":[{"start":3552,"text":"De ehhez végre tükörbe kellene nézniük és észrevenni azt, hogy maguk a farkasok a bárányok között."}],"coordinates":[],"confidence":{"state":"pre-added","who":["user:bernidam"],"prob":1},"fields":{},"normalizations":{}},{"classId":"e_14","part":"s1v1","offsets":[{"start":3555,"text":"ehhez"}],"coordinates":[],"confidence":{"state":"pre-added","who":["user:bernidam"],"prob":1},"fields":{},"normalizations":{}},{"classId":"e_14","part":"s1v1","offsets":[{"start":3567,"text":"tükörbe"}],"coordinates":[],"confidence":{"state":"pre-added","who":["user:bernidam"],"prob":1},"fields":{},"normalizations":{}},{"classId":"e_13","part":"s1v1","offsets":[{"start":3567,"text":"tükörbe kellene nézniük"}],"coordinates":[],"confidence":{"state":"pre-added","who":["user:bernidam"],"prob":1},"fields":{},"normalizations":{}},{"classId":"e_14","part":"s1v1","offsets":[{"start":3605,"text":"azt"}],"coordinates":[],"confidence":{"state":"pre-added","who":["user:bernidam"],"prob":1},"fields":{},"normalizations":{}},{"classId":"e_13","part":"s1v1","offsets":[{"start":3615,"text":"maguk a farkasok"}],"coordinates":[],"confidence":{"state":"pre-added","who":["user:porkolabadrian"],"prob":1},"fields":{},"normalizations":{}},{"classId":"e_14","part":"s1v1","offsets":[{"start":3615,"text":"maguk"}],"coordinates":[],"confidence":{"state":"pre-added","who":["user:porkolabadrian"],"prob":1},"fields":{},"normalizations":{}},{"classId":"e_14","part":"s1v1","offsets":[{"start":3621,"text":"a farkasok"}],"coordinates":[],"confidence":{"state":"pre-added","who":["user:porkolabadrian"],"prob":1},"fields":{},"normalizations":{}},{"classId":"e_14","part":"s1v1","offsets":[{"start":3632,"text":"a bárányok"}],"coordinates":[],"confidence":{"state":"pre-added","who":["user:bernidam"],"prob":1},"fields":{},"normalizations":{}},{"classId":"e_5","part":"s1v1","offsets":[{"start":3690,"text":"hogy erre a bárányok már rájöttek"}],"coordinates":[],"confidence":{"state":"pre-added","who":["user:porkolabadrian"],"prob":1},"fields":{},"normalizations":{}},{"classId":"e_14","part":"s1v1","offsets":[{"start":3695,"text":"erre"}],"coordinates":[],"confidence":{"state":"pre-added","who":["user:porkolabadrian"],"prob":1},"fields":{},"normalizations":{}},{"classId":"e_14","part":"s1v1","offsets":[{"start":3700,"text":"a bárányok"}],"coordinates":[],"confidence":{"state":"pre-added","who":["user:porkolabadrian"],"prob":1},"fields":{},"normalizations":{}},{"classId":"e_13","part":"s1v1","offsets":[{"start":3715,"text":"rájöttek"}],"coordinates":[],"confidence":{"state":"pre-added","who":["user:porkolabadrian"],"prob":1},"fields":{},"normalizations":{}},{"classId":"e_6","part":"s1v1","offsets":[{"start":3725,"text":"Mit képzelnek maguk, liberális tébolyukban?!"}],"coordinates":[],"confidence":{"state":"pre-added","who":["user:porkolabadrian"],"prob":1},"fields":{},"normalizations":{}},{"classId":"e_13","part":"s1v1","offsets":[{"start":3725,"text":"Mit képzelnek"}],"coordinates":[],"confidence":{"state":"pre-added","who":["user:porkolabadrian"],"prob":1},"fields":{},"normalizations":{}},{"classId":"e_14","part":"s1v1","offsets":[{"start":3725,"text":"Mit"}],"coordinates":[],"confidence":{"state":"pre-added","who":["user:porkolabadrian"],"prob":1},"fields":{},"normalizations":{}},{"classId":"e_14","part":"s1v1","offsets":[{"start":3739,"text":"maguk"}],"coordinates":[],"confidence":{"state":"pre-added","who":["user:porkolabadrian"],"prob":1},"fields":{},"normalizations":{}},{"classId":"e_13","part":"s1v1","offsets":[{"start":3746,"text":"liberális tébolyukban"}],"coordinates":[],"confidence":{"state":"pre-added","who":["user:porkolabadrian"],"prob":1},"fields":{},"normalizations":{}},{"classId":"e_14","part":"s1v1","offsets":[{"start":3746,"text":"liberális tébolyukban"}],"coordinates":[],"confidence":{"state":"pre-added","who":["user:porkolabadrian"],"prob":1},"fields":{},"normalizations":{}},{"classId":"e_2","part":"s1v1","offsets":[{"start":3782,"text":"hogy az Ó- és Újszövetség népei fel fogják adni hitüket és értéküket"}],"coordinates":[],"confidence":{"state":"pre-added","who":["user:porkolabadrian"],"prob":1},"fields":{},"normalizations":{}},{"classId":"e_14","part":"s1v1","offsets":[{"start":3787,"text":"az Ó- és Újszövetség népei"}],"coordinates":[],"confidence":{"state":"pre-added","who":["user:porkolabadrian"],"prob":1},"fields":{},"normalizations":{}},{"classId":"e_13","part":"s1v1","offsets":[{"start":3814,"text":"fel fogják adni"}],"coordinates":[],"confidence":{"state":"pre-added","who":["user:porkolabadrian"],"prob":1},"fields":{},"normalizations":{}},{"classId":"e_14","part":"s1v1","offsets":[{"start":3830,"text":"hitüket"}],"coordinates":[],"confidence":{"state":"pre-added","who":["user:bernidam"],"prob":1},"fields":{},"normalizations":{}},{"classId":"e_14","part":"s1v1","offsets":[{"start":3841,"text":"értéküket"}],"coordinates":[],"confidence":{"state":"pre-added","who":["user:bernidam"],"prob":1},"fields":{},"normalizations":{}},{"classId":"e_3","part":"s1v1","offsets":[{"start":3885,"text":"ha esetleg majd látszólagosan ki is irtanak minden zsidó-keresztény értéket Európából"}],"coordinates":[],"confidence":{"state":"pre-added","who":["user:porkolabadrian"],"prob":1},"fields":{},"normalizations":{}},{"classId":"e_13","part":"s1v1","offsets":[{"start":3915,"text":"ki is irtanak"}],"coordinates":[],"confidence":{"state":"pre-added","who":["user:porkolabadrian"],"prob":1},"fields":{},"normalizations":{}},{"classId":"e_14","part":"s1v1","offsets":[{"start":3929,"text":"minden zsidó-keresztény értéket"}],"coordinates":[],"confidence":{"state":"pre-added","who":["user:porkolabadrian"],"prob":1},"fields":{},"normalizations":{}},{"classId":"e_14","part":"s1v1","offsets":[{"start":3961,"text":"Európából"}],"coordinates":[],"confidence":{"state":"pre-added","who":["user:porkolabadrian"],"prob":1},"fields":{},"normalizations":{}},{"classId":"e_6","part":"s1v1","offsets":[{"start":3977,"text":"önök akkor is csak pürrhoszi győzelmet aratnak"}],"coordinates":[],"confidence":{"state":"pre-added","who":["user:porkolabadrian"],"prob":1},"fields":{},"normalizations":{}},{"classId":"e_14","part":"s1v1","offsets":[{"start":3977,"text":"önök"}],"coordinates":[],"confidence":{"state":"pre-added","who":["user:porkolabadrian"],"prob":1},"fields":{},"normalizations":{}},{"classId":"e_13","part":"s1v1","offsets":[{"start":3991,"text":"csak pürrhoszi győzelmet aratnak"}],"coordinates":[],"confidence":{"state":"pre-added","who":["user:porkolabadrian"],"prob":1},"fields":{},"normalizations":{}},{"classId":"e_14","part":"s1v1","offsets":[{"start":3996,"text":"pürrhoszi győzelmet"}],"coordinates":[],"confidence":{"state":"pre-added","who":["user:bernidam"],"prob":1},"fields":{},"normalizations":{}},{"classId":"e_4","part":"s1v1","offsets":[{"start":4025,"text":"mert a mi hitünk az üldöztetéssel nem vész el, a mártírokon keresztül pedig csak egyre nő"}],"coordinates":[],"confidence":{"state":"pre-added","who":["user:porkolabadrian"],"prob":1},"fields":{},"normalizations":{}},{"classId":"e_14","part":"s1v1","offsets":[{"start":4030,"text":"a mi hitünk"}],"coordinates":[],"confidence":{"state":"pre-added","who":["user:porkolabadrian"],"prob":1},"fields":{},"normalizations":{}},{"classId":"e_14","part":"s1v1","offsets":[{"start":4042,"text":"az üldöztetéssel"}],"coordinates":[],"confidence":{"state":"pre-added","who":["user:porkolabadrian"],"prob":1},"fields":{},"normalizations":{}},{"classId":"e_13","part":"s1v1","offsets":[{"start":4059,"text":"nem vész el"}],"coordinates":[],"confidence":{"state":"pre-added","who":["user:porkolabadrian"],"prob":1},"fields":{},"normalizations":{}},{"classId":"e_14","part":"s1v1","offsets":[{"start":4072,"text":"a mártírokon"}],"coordinates":[],"confidence":{"state":"pre-added","who":["user:bernidam"],"prob":1},"fields":{},"normalizations":{}},{"classId":"e_13","part":"s1v1","offsets":[{"start":4106,"text":"egyre nő"}],"coordinates":[],"confidence":{"state":"pre-added","who":["user:porkolabadrian"],"prob":1},"fields":{},"normalizations":{}}],"relations":[{"classId":"r_15","type":"linked","directed":false,"entities":["s1v1|e_14|1441,1461","s1v1|e_1|1436,1536"],"confidence":{"state":"pre-added","who":["user:porkolabadrian"],"prob":1}},{"classId":"r_15","type":"linked","directed":false,"entities":["s1v1|e_14|1463,1483","s1v1|e_1|1436,1536"],"confidence":{"state":"pre-added","who":["user:bernidam"],"prob":1}},{"classId":"r_15","type":"linked","directed":false,"entities":["s1v1|e_14|1501,1519","s1v1|e_1|1436,1536"],"confidence":{"state":"pre-added","who":["user:porkolabadrian"],"prob":1}},{"classId":"r_15","type":"linked","directed":false,"entities":["s1v1|e_14|1521,1536","s1v1|e_1|1436,1536"],"confidence":{"state":"pre-added","who":["user:porkolabadrian"],"prob":1}},{"classId":"r_15","type":"linked","directed":false,"entities":["s1v1|e_14|3035,3036","s1v1|e_1|3029,3128"],"confidence":{"state":"pre-added","who":["user:bernidam"],"prob":1}},{"classId":"r_15","type":"linked","directed":false,"entities":["s1v1|e_14|3039,3046","s1v1|e_1|3029,3128"],"confidence":{"state":"pre-added","who":["user:bernidam"],"prob":1}},{"classId":"r_15","type":"linked","directed":false,"entities":["s1v1|e_14|3057,3122","s1v1|e_1|3029,3128"],"confidence":{"state":"pre-added","who":["user:bernidam"],"prob":1}},{"classId":"r_16","type":"linked","directed":false,"entities":["s1v1|e_14|1208,1209","s1v1|e_2|1202,1266"],"confidence":{"state":"pre-added","who":["user:porkolabadrian"],"prob":1}},{"classId":"r_16","type":"linked","directed":false,"entities":["s1v1|e_14|1224,1255","s1v1|e_2|1202,1266"],"confidence":{"state":"pre-added","who":["user:porkolabadrian"],"prob":1}},{"classId":"r_16","type":"linked","directed":false,"entities":["s1v1|e_14|1700,1718","s1v1|e_2|1700,1742"],"confidence":{"state":"pre-added","who":["user:bernidam"],"prob":1}},{"classId":"r_16","type":"linked","directed":false,"entities":["s1v1|e_14|1734,1736","s1v1|e_2|1700,1742"],"confidence":{"state":"pre-added","who":["user:bernidam"],"prob":1}},{"classId":"r_16","type":"linked","directed":false,"entities":["s1v1|e_14|2215,2221","s1v1|e_2|2242,2271"],"confidence":{"state":"pre-added","who":["user:porkolabadrian"],"prob":1}},{"classId":"r_16","type":"linked","directed":false,"entities":["s1v1|e_14|2262,2271","s1v1|e_2|2242,2271"],"confidence":{"state":"pre-added","who":["user:porkolabadrian"],"prob":1}},{"classId":"r_16","type":"linked","directed":false,"entities":["s1v1|e_14|2279,2307","s1v1|e_2|2242,2271"],"confidence":{"state":"pre-added","who":["user:porkolabadrian"],"prob":1}},{"classId":"r_16","type":"linked","directed":false,"entities":["s1v1|e_14|2731,2757","s1v1|e_2|2710,2766"],"confidence":{"state":"pre-added","who":["user:bernidam"],"prob":1}},{"classId":"r_16","type":"linked","directed":false,"entities":["s1v1|e_14|2787,2815","s1v1|e_2|2768,2845"],"confidence":{"state":"pre-added","who":["user:porkolabadrian"],"prob":1}},{"classId":"r_16","type":"linked","directed":false,"entities":["s1v1|e_14|2817,2838","s1v1|e_2|2768,2845"],"confidence":{"state":"pre-added","who":["user:bernidam"],"prob":1}},{"classId":"r_16","type":"linked","directed":false,"entities":["s1v1|e_14|3787,3812","s1v1|e_2|3782,3849"],"confidence":{"state":"pre-added","who":["user:porkolabadrian"],"prob":1}},{"classId":"r_16","type":"linked","directed":false,"entities":["s1v1|e_14|3830,3836","s1v1|e_2|3782,3849"],"confidence":{"state":"pre-added","who":["user:bernidam"],"prob":1}},{"classId":"r_16","type":"linked","directed":false,"entities":["s1v1|e_14|3841,3849","s1v1|e_2|3782,3849"],"confidence":{"state":"pre-added","who":["user:bernidam"],"prob":1}},{"classId":"r_17","type":"linked","directed":false,"entities":["s1v1|e_14|1290,1341","s1v1|e_3|1269,1341"],"confidence":{"state":"pre-added","who":["user:porkolabadrian"],"prob":1}},{"classId":"r_17","type":"linked","directed":false,"entities":["s1v1|e_14|2475,2483","s1v1|e_3|2497,2679"],"confidence":{"state":"pre-added","who":["user:bernidam"],"prob":1}},{"classId":"r_17","type":"linked","directed":false,"entities":["s1v1|e_14|2493,2494","s1v1|e_3|2497,2679"],"confidence":{"state":"pre-added","who":["user:bernidam"],"prob":1}},{"classId":"r_17","type":"linked","directed":false,"entities":["s1v1|e_14|2502,2517","s1v1|e_3|2497,2679"],"confidence":{"state":"pre-added","who":["user:bernidam"],"prob":1}},{"classId":"r_17","type":"linked","directed":false,"entities":["s1v1|e_14|2533,2548","s1v1|e_3|2497,2679"],"confidence":{"state":"pre-added","who":["user:bernidam"],"prob":1}},{"classId":"r_17","type":"linked","directed":false,"entities":["s1v1|e_14|2564,2611","s1v1|e_3|2497,2679"],"confidence":{"state":"pre-added","who":["user:porkolabadrian"],"prob":1}},{"classId":"r_17","type":"linked","directed":false,"entities":["s1v1|e_14|2614,2621","s1v1|e_3|2497,2679"],"confidence":{"state":"pre-added","who":["user:porkolabadrian"],"prob":1}},{"classId":"r_17","type":"linked","directed":false,"entities":["s1v1|e_14|2637,2650","s1v1|e_3|2497,2679"],"confidence":{"state":"pre-added","who":["user:bernidam"],"prob":1}},{"classId":"r_17","type":"linked","directed":false,"entities":["s1v1|e_14|2655,2666","s1v1|e_3|2497,2679"],"confidence":{"state":"pre-added","who":["user:bernidam"],"prob":1}},{"classId":"r_17","type":"linked","directed":false,"entities":["s1v1|e_14|2874,2912","s1v1|e_3|2869,2995"],"confidence":{"state":"pre-added","who":["user:porkolabadrian"],"prob":1}},{"classId":"r_17","type":"linked","directed":false,"entities":["s1v1|e_14|2922,2941","s1v1|e_3|2869,2995"],"confidence":{"state":"pre-added","who":["user:porkolabadrian"],"prob":1}},{"classId":"r_17","type":"linked","directed":false,"entities":["s1v1|e_14|2950,2984","s1v1|e_3|2869,2995"],"confidence":{"state":"pre-added","who":["user:porkolabadrian"],"prob":1}},{"classId":"r_17","type":"linked","directed":false,"entities":["s1v1|e_14|3929,3959","s1v1|e_3|3885,3969"],"confidence":{"state":"pre-added","who":["user:porkolabadrian"],"prob":1}},{"classId":"r_17","type":"linked","directed":false,"entities":["s1v1|e_14|3961,3969","s1v1|e_3|3885,3969"],"confidence":{"state":"pre-added","who":["user:porkolabadrian"],"prob":1}},{"classId":"r_18","type":"linked","directed":false,"entities":["s1v1|e_14|1745,1748","s1v1|e_4|1745,1916"],"confidence":{"state":"pre-added","who":["user:bernidam"],"prob":1}},{"classId":"r_18","type":"linked","directed":false,"entities":["s1v1|e_14|1750,1775","s1v1|e_4|1745,1916"],"confidence":{"state":"pre-added","who":["user:bernidam"],"prob":1}},{"classId":"r_18","type":"linked","directed":false,"entities":["s1v1|e_14|1778,1798","s1v1|e_4|1745,1916"],"confidence":{"state":"pre-added","who":["user:bernidam"],"prob":1}},{"classId":"r_18","type":"linked","directed":false,"entities":["s1v1|e_14|1810,1841","s1v1|e_4|1745,1916"],"confidence":{"state":"pre-added","who":["user:bernidam"],"prob":1}},{"classId":"r_18","type":"linked","directed":false,"entities":["s1v1|e_14|1852,1868","s1v1|e_4|1745,1916"],"confidence":{"state":"pre-added","who":["user:porkolabadrian"],"prob":1}},{"classId":"r_18","type":"linked","directed":false,"entities":["s1v1|e_14|1885,1902","s1v1|e_4|1745,1916"],"confidence":{"state":"pre-added","who":["user:porkolabadrian"],"prob":1}},{"classId":"r_18","type":"linked","directed":false,"entities":["s1v1|e_14|1904,1916","s1v1|e_4|1745,1916"],"confidence":{"state":"pre-added","who":["user:porkolabadrian"],"prob":1}},{"classId":"r_18","type":"linked","directed":false,"entities":["s1v1|e_14|1924,1929","s1v1|e_4|1745,1916"],"confidence":{"state":"pre-added","who":["user:bernidam"],"prob":1}},{"classId":"r_18","type":"linked","directed":false,"entities":["s1v1|e_14|1932,1945","s1v1|e_4|1745,1916"],"confidence":{"state":"pre-added","who":["user:bernidam"],"prob":1}},{"classId":"r_18","type":"linked","directed":false,"entities":["s1v1|e_14|3143,3164","s1v1|e_4|3131,3164"],"confidence":{"state":"pre-added","who":["user:porkolabadrian"],"prob":1}},{"classId":"r_18","type":"linked","directed":false,"entities":["s1v1|e_14|4030,4040","s1v1|e_4|4025,4113"],"confidence":{"state":"pre-added","who":["user:porkolabadrian"],"prob":1}},{"classId":"r_18","type":"linked","directed":false,"entities":["s1v1|e_14|4042,4057","s1v1|e_4|4025,4113"],"confidence":{"state":"pre-added","who":["user:porkolabadrian"],"prob":1}},{"classId":"r_18","type":"linked","directed":false,"entities":["s1v1|e_14|4072,4083","s1v1|e_4|4025,4113"],"confidence":{"state":"pre-added","who":["user:bernidam"],"prob":1}},{"classId":"r_19","type":"linked","directed":false,"entities":["s1v1|e_14|121,220","s1v1|e_5|79,220"],"confidence":{"state":"pre-added","who":["user:porkolabadrian"],"prob":1}},{"classId":"r_19","type":"linked","directed":false,"entities":["s1v1|e_14|322,330","s1v1|e_5|313,364"],"confidence":{"state":"pre-added","who":["user:porkolabadrian"],"prob":1}},{"classId":"r_19","type":"linked","directed":false,"entities":["s1v1|e_14|332,363","s1v1|e_5|313,364"],"confidence":{"state":"pre-added","who":["user:porkolabadrian"],"prob":1}},{"classId":"r_19","type":"linked","directed":false,"entities":["s1v1|e_14|465,467","s1v1|e_5|465,544"],"confidence":{"state":"pre-added","who":["user:porkolabadrian"],"prob":1}},{"classId":"r_19","type":"linked","directed":false,"entities":["s1v1|e_14|491,544","s1v1|e_5|465,544"],"confidence":{"state":"pre-added","who":["user:porkolabadrian"],"prob":1}},{"classId":"r_19","type":"linked","directed":false,"entities":["s1v1|e_14|577,590","s1v1|e_5|572,650"],"confidence":{"state":"pre-added","who":["user:porkolabadrian"],"prob":1}},{"classId":"r_19","type":"linked","directed":false,"entities":["s1v1|e_14|592,598","s1v1|e_5|572,650"],"confidence":{"state":"pre-added","who":["user:bernidam"],"prob":1}},{"classId":"r_19","type":"linked","directed":false,"entities":["s1v1|e_14|614,621","s1v1|e_5|572,650"],"confidence":{"state":"pre-added","who":["user:bernidam"],"prob":1}},{"classId":"r_19","type":"linked","directed":false,"entities":["s1v1|e_14|624,650","s1v1|e_5|572,650"],"confidence":{"state":"pre-added","who":["user:bernidam"],"prob":1}},{"classId":"r_19","type":"linked","directed":false,"entities":["s1v1|e_14|899,905","s1v1|e_5|908,1003"],"confidence":{"state":"pre-added","who":["user:bernidam"],"prob":1}},{"classId":"r_19","type":"linked","directed":false,"entities":["s1v1|e_14|908,911","s1v1|e_5|908,1003"],"confidence":{"state":"pre-added","who":["user:porkolabadrian"],"prob":1}},{"classId":"r_19","type":"linked","directed":false,"entities":["s1v1|e_14|958,1003","s1v1|e_5|908,1003"],"confidence":{"state":"pre-added","who":["user:porkolabadrian"],"prob":1}},{"classId":"r_19","type":"linked","directed":false,"entities":["s1v1|e_14|1361,1368","s1v1|e_5|1344,1409"],"confidence":{"state":"pre-added","who":["user:bernidam"],"prob":1}},{"classId":"r_19","type":"linked","directed":false,"entities":["s1v1|e_14|1370,1396","s1v1|e_5|1344,1409"],"confidence":{"state":"pre-added","who":["user:bernidam"],"prob":1}},{"classId":"r_19","type":"linked","directed":false,"entities":["s1v1|e_14|1957,1967","s1v1|e_5|2061,2107"],"confidence":{"state":"pre-added","who":["user:porkolabadrian"],"prob":1}},{"classId":"r_19","type":"linked","directed":false,"entities":["s1v1|e_14|2061,2069","s1v1|e_5|2061,2107"],"confidence":{"state":"pre-added","who":["user:porkolabadrian"],"prob":1}},{"classId":"r_19","type":"linked","directed":false,"entities":["s1v1|e_14|2082,2099","s1v1|e_5|2061,2107"],"confidence":{"state":"pre-added","who":["user:porkolabadrian"],"prob":1}},{"classId":"r_19","type":"linked","directed":false,"entities":["s1v1|e_14|3186,3188","s1v1|e_5|3241,3352"],"confidence":{"state":"pre-added","who":["user:bernidam"],"prob":1}},{"classId":"r_19","type":"linked","directed":false,"entities":["s1v1|e_14|3191,3203","s1v1|e_5|3241,3352"],"confidence":{"state":"pre-added","who":["user:bernidam"],"prob":1}},{"classId":"r_19","type":"linked","directed":false,"entities":["s1v1|e_14|3208,3235","s1v1|e_5|3241,3352"],"confidence":{"state":"pre-added","who":["user:bernidam"],"prob":1}},{"classId":"r_19","type":"linked","directed":false,"entities":["s1v1|e_14|3263,3344","s1v1|e_5|3241,3352"],"confidence":{"state":"pre-added","who":["user:bernidam"],"prob":1}},{"classId":"r_19","type":"linked","directed":false,"entities":["s1v1|e_14|3695,3698","s1v1|e_5|3690,3722"],"confidence":{"state":"pre-added","who":["user:porkolabadrian"],"prob":1}},{"classId":"r_19","type":"linked","directed":false,"entities":["s1v1|e_14|3700,3709","s1v1|e_5|3690,3722"],"confidence":{"state":"pre-added","who":["user:porkolabadrian"],"prob":1}},{"classId":"r_20","type":"linked","directed":false,"entities":["s1v1|e_14|439,443","s1v1|e_6|434,462"],"confidence":{"state":"pre-added","who":["user:porkolabadrian"],"prob":1}},{"classId":"r_20","type":"linked","directed":false,"entities":["s1v1|e_14|445,462","s1v1|e_6|434,462"],"confidence":{"state":"pre-added","who":["user:porkolabadrian"],"prob":1}},{"classId":"r_20","type":"linked","directed":false,"entities":["s1v1|e_14|690,732","s1v1|e_6|674,807"],"confidence":{"state":"pre-added","who":["user:porkolabadrian"],"prob":1}},{"classId":"r_20","type":"linked","directed":false,"entities":["s1v1|e_14|743,757","s1v1|e_6|674,807"],"confidence":{"state":"pre-added","who":["user:porkolabadrian"],"prob":1}},{"classId":"r_20","type":"linked","directed":false,"entities":["s1v1|e_14|771,782","s1v1|e_6|674,807"],"confidence":{"state":"pre-added","who":["user:porkolabadrian"],"prob":1}},{"classId":"r_20","type":"linked","directed":false,"entities":["s1v1|e_14|784,807","s1v1|e_6|674,807"],"confidence":{"state":"pre-added","who":["user:porkolabadrian"],"prob":1}},{"classId":"r_20","type":"linked","directed":false,"entities":["s1v1|e_14|1115,1122","s1v1|e_6|1110,1199"],"confidence":{"state":"pre-added","who":["user:bernidam"],"prob":1}},{"classId":"r_20","type":"linked","directed":false,"entities":["s1v1|e_14|1127,1141","s1v1|e_6|1110,1199"],"confidence":{"state":"pre-added","who":["user:bernidam"],"prob":1}},{"classId":"r_20","type":"linked","directed":false,"entities":["s1v1|e_14|1159,1199","s1v1|e_6|1110,1199"],"confidence":{"state":"pre-added","who":["user:porkolabadrian"],"prob":1}},{"classId":"r_20","type":"linked","directed":false,"entities":["s1v1|e_14|1579,1586","s1v1|e_6|1574,1669"],"confidence":{"state":"pre-added","who":["user:bernidam"],"prob":1}},{"classId":"r_20","type":"linked","directed":false,"entities":["s1v1|e_14|1591,1605","s1v1|e_6|1574,1669"],"confidence":{"state":"pre-added","who":["user:bernidam"],"prob":1}},{"classId":"r_20","type":"linked","directed":false,"entities":["s1v1|e_14|1624,1669","s1v1|e_6|1574,1669"],"confidence":{"state":"pre-added","who":["user:porkolabadrian"],"prob":1}},{"classId":"r_20","type":"linked","directed":false,"entities":["s1v1|e_14|1957,1967","s1v1|e_6|1971,2057"],"confidence":{"state":"pre-added","who":["user:porkolabadrian"],"prob":1}},{"classId":"r_20","type":"linked","directed":false,"entities":["s1v1|e_14|1971,1987","s1v1|e_6|1971,2057"],"confidence":{"state":"pre-added","who":["user:porkolabadrian"],"prob":1}},{"classId":"r_20","type":"linked","directed":false,"entities":["s1v1|e_14|1989,2001","s1v1|e_6|1971,2057"],"confidence":{"state":"pre-added","who":["user:porkolabadrian"],"prob":1}},{"classId":"r_20","type":"linked","directed":false,"entities":["s1v1|e_14|2015,2031","s1v1|e_6|1971,2057"],"confidence":{"state":"pre-added","who":["user:porkolabadrian"],"prob":1}},{"classId":"r_20","type":"linked","directed":false,"entities":["s1v1|e_14|2044,2057","s1v1|e_6|1971,2057"],"confidence":{"state":"pre-added","who":["user:porkolabadrian"],"prob":1}},{"classId":"r_20","type":"linked","directed":false,"entities":["s1v1|e_14|2176,2177","s1v1|e_6|2188,2212"],"confidence":{"state":"pre-added","who":["user:bernidam"],"prob":1}},{"classId":"r_20","type":"linked","directed":false,"entities":["s1v1|e_14|2193,2212","s1v1|e_6|2188,2212"],"confidence":{"state":"pre-added","who":["user:bernidam"],"prob":1}},{"classId":"r_20","type":"linked","directed":false,"entities":["s1v1|e_14|2348,2349","s1v1|e_6|2341,2380"],"confidence":{"state":"pre-added","who":["user:porkolabadrian"],"prob":1}},{"classId":"r_20","type":"linked","directed":false,"entities":["s1v1|e_14|2351,2367","s1v1|e_6|2341,2380"],"confidence":{"state":"pre-added","who":["user:porkolabadrian"],"prob":1}},{"classId":"r_20","type":"linked","directed":false,"entities":["s1v1|e_14|2376,2380","s1v1|e_6|2341,2380"],"confidence":{"state":"pre-added","who":["user:porkolabadrian"],"prob":1}},{"classId":"r_20","type":"linked","directed":false,"entities":["s1v1|e_14|2462,2472","s1v1|e_6|2450,2472"],"confidence":{"state":"pre-added","who":["user:porkolabadrian"],"prob":1}},{"classId":"r_20","type":"linked","directed":false,"entities":["s1v1|e_14|3011,3014","s1v1|e_6|3006,3026"],"confidence":{"state":"pre-added","who":["user:porkolabadrian"],"prob":1}},{"classId":"r_20","type":"linked","directed":false,"entities":["s1v1|e_14|3358,3379","s1v1|e_6|3355,3516"],"confidence":{"state":"pre-added","who":["user:porkolabadrian"],"prob":1}},{"classId":"r_20","type":"linked","directed":false,"entities":["s1v1|e_14|3381,3389","s1v1|e_6|3355,3516"],"confidence":{"state":"pre-added","who":["user:porkolabadrian"],"prob":1}},{"classId":"r_20","type":"linked","directed":false,"entities":["s1v1|e_14|3394,3416","s1v1|e_6|3355,3516"],"confidence":{"state":"pre-added","who":["user:porkolabadrian"],"prob":1}},{"classId":"r_20","type":"linked","directed":false,"entities":["s1v1|e_14|3440,3442","s1v1|e_6|3355,3516"],"confidence":{"state":"pre-added","who":["user:bernidam"],"prob":1}},{"classId":"r_20","type":"linked","directed":false,"entities":["s1v1|e_14|3464,3467","s1v1|e_6|3355,3516"],"confidence":{"state":"pre-added","who":["user:porkolabadrian"],"prob":1}},{"classId":"r_20","type":"linked","directed":false,"entities":["s1v1|e_14|3469,3471","s1v1|e_6|3355,3516"],"confidence":{"state":"pre-added","who":["user:porkolabadrian"],"prob":1}},{"classId":"r_20","type":"linked","directed":false,"entities":["s1v1|e_14|3473,3497","s1v1|e_6|3355,3516"],"confidence":{"state":"pre-added","who":["user:porkolabadrian"],"prob":1}},{"classId":"r_20","type":"linked","directed":false,"entities":["s1v1|e_14|3555,3559","s1v1|e_6|3552,3649"],"confidence":{"state":"pre-added","who":["user:bernidam"],"prob":1}},{"classId":"r_20","type":"linked","directed":false,"entities":["s1v1|e_14|3567,3573","s1v1|e_6|3552,3649"],"confidence":{"state":"pre-added","who":["user:bernidam"],"prob":1}},{"classId":"r_20","type":"linked","directed":false,"entities":["s1v1|e_14|3605,3607","s1v1|e_6|3552,3649"],"confidence":{"state":"pre-added","who":["user:bernidam"],"prob":1}},{"classId":"r_20","type":"linked","directed":false,"entities":["s1v1|e_14|3615,3619","s1v1|e_6|3552,3649"],"confidence":{"state":"pre-added","who":["user:bernidam"],"prob":1}},{"classId":"r_20","type":"linked","directed":false,"entities":["s1v1|e_14|3621,3630","s1v1|e_6|3552,3649"],"confidence":{"state":"pre-added","who":["user:bernidam"],"prob":1}},{"classId":"r_20","type":"linked","directed":false,"entities":["s1v1|e_14|3632,3641","s1v1|e_6|3552,3649"],"confidence":{"state":"pre-added","who":["user:bernidam"],"prob":1}},{"classId":"r_20","type":"linked","directed":false,"entities":["s1v1|e_14|3725,3727","s1v1|e_6|3725,3768"],"confidence":{"state":"pre-added","who":["user:porkolabadrian"],"prob":1}},{"classId":"r_20","type":"linked","directed":false,"entities":["s1v1|e_14|3739,3743","s1v1|e_6|3725,3768"],"confidence":{"state":"pre-added","who":["user:porkolabadrian"],"prob":1}},{"classId":"r_20","type":"linked","directed":false,"entities":["s1v1|e_14|3746,3766","s1v1|e_6|3725,3768"],"confidence":{"state":"pre-added","who":["user:porkolabadrian"],"prob":1}},{"classId":"r_20","type":"linked","directed":false,"entities":["s1v1|e_14|3977,3980","s1v1|e_6|3977,4022"],"confidence":{"state":"pre-added","who":["user:porkolabadrian"],"prob":1}},{"classId":"r_20","type":"linked","directed":false,"entities":["s1v1|e_14|3996,4014","s1v1|e_6|3977,4022"],"confidence":{"state":"pre-added","who":["user:bernidam"],"prob":1}}]}