{"annotatable":{"parts":["s1v1"]},"anncomplete":false,"sources":[],"metas":{},"entities":[{"classId":"e_5","part":"s1v1","offsets":[{"start":114,"text":"hogy a népellenes hatalom, amely ma Magyar­országon regnál"}],"coordinates":[],"confidence":{"state":"pre-added","who":["user:TarCintia"],"prob":1},"fields":{},"normalizations":{}},{"classId":"e_14","part":"s1v1","offsets":[{"start":119,"text":"a népellenes hatalom"}],"coordinates":[],"confidence":{"state":"pre-added","who":["user:TarCintia"],"prob":1},"fields":{},"normalizations":{}},{"classId":"e_13","part":"s1v1","offsets":[{"start":121,"text":"népellenes"}],"coordinates":[],"confidence":{"state":"pre-added","who":["user:TarCintia"],"prob":1},"fields":{},"normalizations":{}},{"classId":"e_14","part":"s1v1","offsets":[{"start":147,"text":"ma"}],"coordinates":[],"confidence":{"state":"pre-added","who":["user:TarCintia"],"prob":1},"fields":{},"normalizations":{}},{"classId":"e_14","part":"s1v1","offsets":[{"start":150,"text":"Magyar­országon"}],"coordinates":[],"confidence":{"state":"pre-added","who":["user:TarCintia"],"prob":1},"fields":{},"normalizations":{}},{"classId":"e_4","part":"s1v1","offsets":[{"start":174,"text":"korántsem olyan rendíthetetlen"}],"coordinates":[],"confidence":{"state":"pre-added","who":["user:TarCintia"],"prob":1},"fields":{},"normalizations":{}},{"classId":"e_14","part":"s1v1","offsets":[{"start":184,"text":"olyan rendíthetetlen"}],"coordinates":[],"confidence":{"state":"pre-added","who":["user:TarCintia"],"prob":1},"fields":{},"normalizations":{}},{"classId":"e_4","part":"s1v1","offsets":[{"start":282,"text":"korántsem olyan rendíthetetlen"}],"coordinates":[],"confidence":{"state":"pre-added","who":["user:TarCintia"],"prob":1},"fields":{},"normalizations":{}},{"classId":"e_14","part":"s1v1","offsets":[{"start":292,"text":"olyan rendíthetetlen"}],"coordinates":[],"confidence":{"state":"pre-added","who":["user:TarCintia"],"prob":1},"fields":{},"normalizations":{}},{"classId":"e_14","part":"s1v1","offsets":[{"start":325,"text":"egyesek"}],"coordinates":[],"confidence":{"state":"pre-added","who":["user:TarCintia"],"prob":1},"fields":{},"normalizations":{}},{"classId":"e_14","part":"s1v1","offsets":[{"start":333,"text":"ezt"}],"coordinates":[],"confidence":{"state":"pre-added","who":["user:gcsenge"],"prob":1},"fields":{},"normalizations":{}},{"classId":"e_2","part":"s1v1","offsets":[{"start":375,"text":"hogy a fideszes pártállamnak már repedeznek a falai véleményem szerint, és előbb vagy utóbb rá fog dőlni azokra"}],"coordinates":[],"confidence":{"state":"pre-added","who":["user:TarCintia"],"prob":1},"fields":{},"normalizations":{}},{"classId":"e_14","part":"s1v1","offsets":[{"start":380,"text":"a fideszes pártállamnak"}],"coordinates":[],"confidence":{"state":"pre-added","who":["user:TarCintia"],"prob":1},"fields":{},"normalizations":{}},{"classId":"e_13","part":"s1v1","offsets":[{"start":408,"text":"repedeznek a falai"}],"coordinates":[],"confidence":{"state":"pre-added","who":["user:gcsenge"],"prob":1},"fields":{},"normalizations":{}},{"classId":"e_14","part":"s1v1","offsets":[{"start":427,"text":"véleményem szerint"}],"coordinates":[],"confidence":{"state":"pre-added","who":["user:TarCintia"],"prob":1},"fields":{},"normalizations":{}},{"classId":"e_14","part":"s1v1","offsets":[{"start":450,"text":"előbb vagy utóbb"}],"coordinates":[],"confidence":{"state":"pre-added","who":["user:TarCintia"],"prob":1},"fields":{},"normalizations":{}},{"classId":"e_13","part":"s1v1","offsets":[{"start":467,"text":"rá fog dőlni"}],"coordinates":[],"confidence":{"state":"pre-added","who":["user:TarCintia"],"prob":1},"fields":{},"normalizations":{}},{"classId":"e_5","part":"s1v1","offsets":[{"start":488,"text":"akik kormányzati felhatalmazásukkal visszaélve hazánkat saját birtokuknak, szabadrablásnak, illetve a szabadrablás terepének tekintik"}],"coordinates":[],"confidence":{"state":"pre-added","who":["user:TarCintia"],"prob":1},"fields":{},"normalizations":{}},{"classId":"e_14","part":"s1v1","offsets":[{"start":493,"text":"kormányzati felhatalmazásukkal visszaélve"}],"coordinates":[],"confidence":{"state":"pre-added","who":["user:TarCintia"],"prob":1},"fields":{},"normalizations":{}},{"classId":"e_13","part":"s1v1","offsets":[{"start":524,"text":"visszaélve"}],"coordinates":[],"confidence":{"state":"pre-added","who":["user:TarCintia"],"prob":1},"fields":{},"normalizations":{}},{"classId":"e_14","part":"s1v1","offsets":[{"start":535,"text":"hazánkat"}],"coordinates":[],"confidence":{"state":"pre-added","who":["user:TarCintia"],"prob":1},"fields":{},"normalizations":{}},{"classId":"e_14","part":"s1v1","offsets":[{"start":544,"text":"saját birtokuknak"}],"coordinates":[],"confidence":{"state":"pre-added","who":["user:TarCintia"],"prob":1},"fields":{},"normalizations":{}},{"classId":"e_14","part":"s1v1","offsets":[{"start":563,"text":"szabadrablásnak"}],"coordinates":[],"confidence":{"state":"pre-added","who":["user:TarCintia"],"prob":1},"fields":{},"normalizations":{}},{"classId":"e_14","part":"s1v1","offsets":[{"start":588,"text":"a szabadrablás terepének"}],"coordinates":[],"confidence":{"state":"pre-added","who":["user:TarCintia"],"prob":1},"fields":{},"normalizations":{}},{"classId":"e_14","part":"s1v1","offsets":[{"start":640,"text":"A népnek"}],"coordinates":[],"confidence":{"state":"pre-added","who":["user:TarCintia"],"prob":1},"fields":{},"normalizations":{}},{"classId":"e_2","part":"s1v1","offsets":[{"start":650,"text":"bár egyenlőtlen pályán és torzító feltételekkel még van joga választani, viszont már nincs joga, mert nincs lehetősége megismerni a tényeket, szegénységének okait"}],"coordinates":[],"confidence":{"state":"pre-added","who":["user:TarCintia"],"prob":1},"fields":{},"normalizations":{}},{"classId":"e_14","part":"s1v1","offsets":[{"start":654,"text":"egyenlőtlen pályán és torzító feltételekkel"}],"coordinates":[],"confidence":{"state":"pre-added","who":["user:TarCintia"],"prob":1},"fields":{},"normalizations":{}},{"classId":"e_13","part":"s1v1","offsets":[{"start":654,"text":"egyenlőtlen"}],"coordinates":[],"confidence":{"state":"pre-added","who":["user:TarCintia"],"prob":1},"fields":{},"normalizations":{}},{"classId":"e_13","part":"s1v1","offsets":[{"start":676,"text":"torzító"}],"coordinates":[],"confidence":{"state":"pre-added","who":["user:TarCintia"],"prob":1},"fields":{},"normalizations":{}},{"classId":"e_14","part":"s1v1","offsets":[{"start":706,"text":"joga"}],"coordinates":[],"confidence":{"state":"pre-added","who":["user:TarCintia"],"prob":1},"fields":{},"normalizations":{}},{"classId":"e_13","part":"s1v1","offsets":[{"start":735,"text":"nincs joga"}],"coordinates":[],"confidence":{"state":"pre-added","who":["user:TarCintia"],"prob":1},"fields":{},"normalizations":{}},{"classId":"e_14","part":"s1v1","offsets":[{"start":741,"text":"joga"}],"coordinates":[],"confidence":{"state":"pre-added","who":["user:TarCintia"],"prob":1},"fields":{},"normalizations":{}},{"classId":"e_13","part":"s1v1","offsets":[{"start":752,"text":"nincs lehetősége"}],"coordinates":[],"confidence":{"state":"pre-added","who":["user:TarCintia"],"prob":1},"fields":{},"normalizations":{}},{"classId":"e_14","part":"s1v1","offsets":[{"start":758,"text":"lehetősége"}],"coordinates":[],"confidence":{"state":"pre-added","who":["user:TarCintia"],"prob":1},"fields":{},"normalizations":{}},{"classId":"e_14","part":"s1v1","offsets":[{"start":780,"text":"a tényeket"}],"coordinates":[],"confidence":{"state":"pre-added","who":["user:TarCintia"],"prob":1},"fields":{},"normalizations":{}},{"classId":"e_14","part":"s1v1","offsets":[{"start":792,"text":"szegénységének okait"}],"coordinates":[],"confidence":{"state":"pre-added","who":["user:TarCintia"],"prob":1},"fields":{},"normalizations":{}},{"classId":"e_5","part":"s1v1","offsets":[{"start":814,"text":"a kétharmad galád és öncélú társadalompolitikáját"}],"coordinates":[],"confidence":{"state":"pre-added","who":["user:TarCintia"],"prob":1},"fields":{},"normalizations":{}},{"classId":"e_14","part":"s1v1","offsets":[{"start":814,"text":"a kétharmad"}],"coordinates":[],"confidence":{"state":"pre-added","who":["user:TarCintia"],"prob":1},"fields":{},"normalizations":{}},{"classId":"e_13","part":"s1v1","offsets":[{"start":826,"text":"galád"}],"coordinates":[],"confidence":{"state":"pre-added","who":["user:TarCintia"],"prob":1},"fields":{},"normalizations":{}},{"classId":"e_14","part":"s1v1","offsets":[{"start":826,"text":"galád és öncélú társadalompolitikáját"}],"coordinates":[],"confidence":{"state":"pre-added","who":["user:TarCintia"],"prob":1},"fields":{},"normalizations":{}},{"classId":"e_13","part":"s1v1","offsets":[{"start":835,"text":"öncélú"}],"coordinates":[],"confidence":{"state":"pre-added","who":["user:TarCintia"],"prob":1},"fields":{},"normalizations":{}},{"classId":"e_2","part":"s1v1","offsets":[{"start":865,"text":"és nincs lehetősége megismerni a létét, életét, jövőjét meghatározó alternatívákat és lehetőségeket sem"}],"coordinates":[],"confidence":{"state":"pre-added","who":["user:TarCintia"],"prob":1},"fields":{},"normalizations":{}},{"classId":"e_13","part":"s1v1","offsets":[{"start":868,"text":"nincs lehetősége"}],"coordinates":[],"confidence":{"state":"pre-added","who":["user:TarCintia"],"prob":1},"fields":{},"normalizations":{}},{"classId":"e_14","part":"s1v1","offsets":[{"start":874,"text":"lehetősége"}],"coordinates":[],"confidence":{"state":"pre-added","who":["user:TarCintia"],"prob":1},"fields":{},"normalizations":{}},{"classId":"e_14","part":"s1v1","offsets":[{"start":896,"text":"a létét, életét, jövőjét meghatározó alternatívákat és lehetőségeket"}],"coordinates":[],"confidence":{"state":"pre-added","who":["user:TarCintia"],"prob":1},"fields":{},"normalizations":{}},{"classId":"e_14","part":"s1v1","offsets":[{"start":978,"text":"Az Orbán-rezsim"}],"coordinates":[],"confidence":{"state":"pre-added","who":["user:TarCintia"],"prob":1},"fields":{},"normalizations":{}},{"classId":"e_5","part":"s1v1","offsets":[{"start":995,"text":"amikor felszámolta a köztársaságot és a demokráciát, úgy szervezte át az intézményeket"}],"coordinates":[],"confidence":{"state":"pre-added","who":["user:TarCintia"],"prob":1},"fields":{},"normalizations":{}},{"classId":"e_13","part":"s1v1","offsets":[{"start":1002,"text":"felszámolta"}],"coordinates":[],"confidence":{"state":"pre-added","who":["user:TarCintia"],"prob":1},"fields":{},"normalizations":{}},{"classId":"e_14","part":"s1v1","offsets":[{"start":1014,"text":"a köztársaságot"}],"coordinates":[],"confidence":{"state":"pre-added","who":["user:TarCintia"],"prob":1},"fields":{},"normalizations":{}},{"classId":"e_14","part":"s1v1","offsets":[{"start":1033,"text":"a demokráciát"}],"coordinates":[],"confidence":{"state":"pre-added","who":["user:TarCintia"],"prob":1},"fields":{},"normalizations":{}},{"classId":"e_14","part":"s1v1","offsets":[{"start":1065,"text":"az intézményeket"}],"coordinates":[],"confidence":{"state":"pre-added","who":["user:TarCintia"],"prob":1},"fields":{},"normalizations":{}},{"classId":"e_14","part":"s1v1","offsets":[{"start":1093,"text":"a tájékoztatás és a média korábban szabad rendszerét is"}],"coordinates":[],"confidence":{"state":"pre-added","who":["user:TarCintia"],"prob":1},"fields":{},"normalizations":{}},{"classId":"e_13","part":"s1v1","offsets":[{"start":1155,"text":"el tudja titkolni"}],"coordinates":[],"confidence":{"state":"pre-added","who":["user:TarCintia"],"prob":1},"fields":{},"normalizations":{}},{"classId":"e_5","part":"s1v1","offsets":[{"start":1155,"text":"el tudja titkolni a lakosság elől kormányzati tevékenységének tragikus szociális következményeit"}],"coordinates":[],"confidence":{"state":"pre-added","who":["user:TarCintia"],"prob":1},"fields":{},"normalizations":{}},{"classId":"e_14","part":"s1v1","offsets":[{"start":1173,"text":"a lakosság"}],"coordinates":[],"confidence":{"state":"pre-added","who":["user:gcsenge"],"prob":1},"fields":{},"normalizations":{}},{"classId":"e_14","part":"s1v1","offsets":[{"start":1189,"text":"kormányzati tevékenységének tragikus szociális következményeit"}],"coordinates":[],"confidence":{"state":"pre-added","who":["user:TarCintia"],"prob":1},"fields":{},"normalizations":{}},{"classId":"e_2","part":"s1v1","offsets":[{"start":1253,"text":"Következésképpen csak kevesek számára válhatott ismertté, hogy minden független elemzés, minden szociológiai felmérés a szegénység és a kiszolgáltatottság súlyos növekedését mutatja Magyarországon."}],"coordinates":[],"confidence":{"state":"pre-added","who":["user:TarCintia"],"prob":1},"fields":{},"normalizations":{}},{"classId":"e_14","part":"s1v1","offsets":[{"start":1270,"text":"csak kevesek számára"}],"coordinates":[],"confidence":{"state":"pre-added","who":["user:TarCintia"],"prob":1},"fields":{},"normalizations":{}},{"classId":"e_13","part":"s1v1","offsets":[{"start":1270,"text":"csak kevesek számára válhatott ismertté"}],"coordinates":[],"confidence":{"state":"pre-added","who":["user:gcsenge"],"prob":1},"fields":{},"normalizations":{}},{"classId":"e_14","part":"s1v1","offsets":[{"start":1301,"text":"ismertté"}],"coordinates":[],"confidence":{"state":"pre-added","who":["user:TarCintia"],"prob":1},"fields":{},"normalizations":{}},{"classId":"e_14","part":"s1v1","offsets":[{"start":1316,"text":"minden független elemzés"}],"coordinates":[],"confidence":{"state":"pre-added","who":["user:TarCintia"],"prob":1},"fields":{},"normalizations":{}},{"classId":"e_14","part":"s1v1","offsets":[{"start":1342,"text":"minden szociológiai felmérés"}],"coordinates":[],"confidence":{"state":"pre-added","who":["user:TarCintia"],"prob":1},"fields":{},"normalizations":{}},{"classId":"e_14","part":"s1v1","offsets":[{"start":1371,"text":"a szegénység és a kiszolgáltatottság súlyos növekedését"}],"coordinates":[],"confidence":{"state":"pre-added","who":["user:TarCintia"],"prob":1},"fields":{},"normalizations":{}},{"classId":"e_13","part":"s1v1","offsets":[{"start":1373,"text":"szegénység és a kiszolgáltatottság súlyos növekedését"}],"coordinates":[],"confidence":{"state":"pre-added","who":["user:gcsenge"],"prob":1},"fields":{},"normalizations":{}},{"classId":"e_14","part":"s1v1","offsets":[{"start":1435,"text":"Magyarországon"}],"coordinates":[],"confidence":{"state":"pre-added","who":["user:TarCintia"],"prob":1},"fields":{},"normalizations":{}},{"classId":"e_2","part":"s1v1","offsets":[{"start":1451,"text":"Az Orbán-kormány tevékenységének következtében az elmúlt egy évben több mint százezer fővel nőtt a szegények száma, és négyéves regnálásuk ideje alatt több mint félmillióval nőtt a szegények száma."}],"coordinates":[],"confidence":{"state":"pre-added","who":["user:TarCintia"],"prob":1},"fields":{},"normalizations":{}},{"classId":"e_14","part":"s1v1","offsets":[{"start":1451,"text":"Az Orbán-kormány tevékenységének következtében"}],"coordinates":[],"confidence":{"state":"pre-added","who":["user:TarCintia"],"prob":1},"fields":{},"normalizations":{}},{"classId":"e_14","part":"s1v1","offsets":[{"start":1498,"text":"az elmúlt egy évben"}],"coordinates":[],"confidence":{"state":"pre-added","who":["user:TarCintia"],"prob":1},"fields":{},"normalizations":{}},{"classId":"e_14","part":"s1v1","offsets":[{"start":1518,"text":"több mint százezer fővel"}],"coordinates":[],"confidence":{"state":"pre-added","who":["user:TarCintia"],"prob":1},"fields":{},"normalizations":{}},{"classId":"e_13","part":"s1v1","offsets":[{"start":1543,"text":"nőtt a szegények száma"}],"coordinates":[],"confidence":{"state":"pre-added","who":["user:gcsenge"],"prob":1},"fields":{},"normalizations":{}},{"classId":"e_14","part":"s1v1","offsets":[{"start":1548,"text":"a szegények száma"}],"coordinates":[],"confidence":{"state":"pre-added","who":["user:TarCintia"],"prob":1},"fields":{},"normalizations":{}},{"classId":"e_14","part":"s1v1","offsets":[{"start":1570,"text":"négyéves regnálásuk ideje alatt"}],"coordinates":[],"confidence":{"state":"pre-added","who":["user:TarCintia"],"prob":1},"fields":{},"normalizations":{}},{"classId":"e_14","part":"s1v1","offsets":[{"start":1602,"text":"több mint félmillióval"}],"coordinates":[],"confidence":{"state":"pre-added","who":["user:TarCintia"],"prob":1},"fields":{},"normalizations":{}},{"classId":"e_13","part":"s1v1","offsets":[{"start":1625,"text":"nőtt a szegények száma"}],"coordinates":[],"confidence":{"state":"pre-added","who":["user:gcsenge"],"prob":1},"fields":{},"normalizations":{}},{"classId":"e_14","part":"s1v1","offsets":[{"start":1630,"text":"a szegények száma"}],"coordinates":[],"confidence":{"state":"pre-added","who":["user:TarCintia"],"prob":1},"fields":{},"normalizations":{}},{"classId":"e_2","part":"s1v1","offsets":[{"start":1649,"text":"Ma Magyarországon 3 millió 300 ezer ember él szegénységben és társadalmi kirekesztettségben."}],"coordinates":[],"confidence":{"state":"pre-added","who":["user:TarCintia"],"prob":1},"fields":{},"normalizations":{}},{"classId":"e_14","part":"s1v1","offsets":[{"start":1649,"text":"Ma"}],"coordinates":[],"confidence":{"state":"pre-added","who":["user:TarCintia"],"prob":1},"fields":{},"normalizations":{}},{"classId":"e_14","part":"s1v1","offsets":[{"start":1652,"text":"Magyarországon"}],"coordinates":[],"confidence":{"state":"pre-added","who":["user:TarCintia"],"prob":1},"fields":{},"normalizations":{}},{"classId":"e_14","part":"s1v1","offsets":[{"start":1667,"text":"3 millió 300 ezer ember"}],"coordinates":[],"confidence":{"state":"pre-added","who":["user:TarCintia"],"prob":1},"fields":{},"normalizations":{}},{"classId":"e_13","part":"s1v1","offsets":[{"start":1694,"text":"szegénységben"}],"coordinates":[],"confidence":{"state":"pre-added","who":["user:TarCintia"],"prob":1},"fields":{},"normalizations":{}},{"classId":"e_14","part":"s1v1","offsets":[{"start":1694,"text":"szegénységben"}],"coordinates":[],"confidence":{"state":"pre-added","who":["user:TarCintia"],"prob":1},"fields":{},"normalizations":{}},{"classId":"e_14","part":"s1v1","offsets":[{"start":1711,"text":"társadalmi kirekesztettségben"}],"coordinates":[],"confidence":{"state":"pre-added","who":["user:TarCintia"],"prob":1},"fields":{},"normalizations":{}},{"classId":"e_13","part":"s1v1","offsets":[{"start":1722,"text":"kirekesztettségben"}],"coordinates":[],"confidence":{"state":"pre-added","who":["user:TarCintia"],"prob":1},"fields":{},"normalizations":{}},{"classId":"e_2","part":"s1v1","offsets":[{"start":1742,"text":"Ma Magyarországon a fiatalkorúak 43 százalékát fenyegeti szegénység és társadalmi kirekesztettség, és minden harmadik gyerek súlyos anyagi nélkülözések közepette él."}],"coordinates":[],"confidence":{"state":"pre-added","who":["user:TarCintia"],"prob":1},"fields":{},"normalizations":{}},{"classId":"e_14","part":"s1v1","offsets":[{"start":1742,"text":"Ma"}],"coordinates":[],"confidence":{"state":"pre-added","who":["user:TarCintia"],"prob":1},"fields":{},"normalizations":{}},{"classId":"e_14","part":"s1v1","offsets":[{"start":1745,"text":"Magyarországon"}],"coordinates":[],"confidence":{"state":"pre-added","who":["user:TarCintia"],"prob":1},"fields":{},"normalizations":{}},{"classId":"e_14","part":"s1v1","offsets":[{"start":1760,"text":"a fiatalkorúak 43 százalékát"}],"coordinates":[],"confidence":{"state":"pre-added","who":["user:TarCintia"],"prob":1},"fields":{},"normalizations":{}},{"classId":"e_13","part":"s1v1","offsets":[{"start":1789,"text":"fenyegeti szegénység és társadalmi kirekesztettség"}],"coordinates":[],"confidence":{"state":"pre-added","who":["user:gcsenge"],"prob":1},"fields":{},"normalizations":{}},{"classId":"e_14","part":"s1v1","offsets":[{"start":1799,"text":"szegénység"}],"coordinates":[],"confidence":{"state":"pre-added","who":["user:TarCintia"],"prob":1},"fields":{},"normalizations":{}},{"classId":"e_14","part":"s1v1","offsets":[{"start":1813,"text":"társadalmi kirekesztettség"}],"coordinates":[],"confidence":{"state":"pre-added","who":["user:TarCintia"],"prob":1},"fields":{},"normalizations":{}},{"classId":"e_14","part":"s1v1","offsets":[{"start":1844,"text":"minden harmadik gyerek"}],"coordinates":[],"confidence":{"state":"pre-added","who":["user:TarCintia"],"prob":1},"fields":{},"normalizations":{}},{"classId":"e_14","part":"s1v1","offsets":[{"start":1867,"text":"súlyos anyagi nélkülözések közepette"}],"coordinates":[],"confidence":{"state":"pre-added","who":["user:TarCintia"],"prob":1},"fields":{},"normalizations":{}},{"classId":"e_13","part":"s1v1","offsets":[{"start":1881,"text":"nélkülözések"}],"coordinates":[],"confidence":{"state":"pre-added","who":["user:TarCintia"],"prob":1},"fields":{},"normalizations":{}},{"classId":"e_5","part":"s1v1","offsets":[{"start":1908,"text":"Ezt hazudja a kormányzati propaganda Magyarország megújulásának."}],"coordinates":[],"confidence":{"state":"pre-added","who":["user:TarCintia"],"prob":1},"fields":{},"normalizations":{}},{"classId":"e_14","part":"s1v1","offsets":[{"start":1908,"text":"Ezt"}],"coordinates":[],"confidence":{"state":"pre-added","who":["user:gcsenge"],"prob":1},"fields":{},"normalizations":{}},{"classId":"e_13","part":"s1v1","offsets":[{"start":1912,"text":"hazudja"}],"coordinates":[],"confidence":{"state":"pre-added","who":["user:TarCintia"],"prob":1},"fields":{},"normalizations":{}},{"classId":"e_14","part":"s1v1","offsets":[{"start":1920,"text":"a kormányzati propaganda"}],"coordinates":[],"confidence":{"state":"pre-added","who":["user:TarCintia"],"prob":1},"fields":{},"normalizations":{}},{"classId":"e_14","part":"s1v1","offsets":[{"start":1945,"text":"Magyarország megújulásának"}],"coordinates":[],"confidence":{"state":"pre-added","who":["user:TarCintia"],"prob":1},"fields":{},"normalizations":{}},{"classId":"e_14","part":"s1v1","offsets":[{"start":1973,"text":"Szociológiai kutatások"}],"coordinates":[],"confidence":{"state":"pre-added","who":["user:TarCintia"],"prob":1},"fields":{},"normalizations":{}},{"classId":"e_2","part":"s1v1","offsets":[{"start":2007,"text":"hogy ma Magyarországon több mint négy és fél millió ember kell hogy megéljen a létminimumnál is kevesebb jövedelemből"}],"coordinates":[],"confidence":{"state":"pre-added","who":["user:TarCintia"],"prob":1},"fields":{},"normalizations":{}},{"classId":"e_14","part":"s1v1","offsets":[{"start":2012,"text":"ma"}],"coordinates":[],"confidence":{"state":"pre-added","who":["user:TarCintia"],"prob":1},"fields":{},"normalizations":{}},{"classId":"e_14","part":"s1v1","offsets":[{"start":2015,"text":"Magyarországon"}],"coordinates":[],"confidence":{"state":"pre-added","who":["user:TarCintia"],"prob":1},"fields":{},"normalizations":{}},{"classId":"e_14","part":"s1v1","offsets":[{"start":2030,"text":"több mint négy és fél millió ember"}],"coordinates":[],"confidence":{"state":"pre-added","who":["user:TarCintia"],"prob":1},"fields":{},"normalizations":{}},{"classId":"e_14","part":"s1v1","offsets":[{"start":2084,"text":"a létminimumnál is kevesebb jövedelemből"}],"coordinates":[],"confidence":{"state":"pre-added","who":["user:TarCintia"],"prob":1},"fields":{},"normalizations":{}},{"classId":"e_13","part":"s1v1","offsets":[{"start":2086,"text":"létminimumnál is kevesebb jövedelemből"}],"coordinates":[],"confidence":{"state":"pre-added","who":["user:gcsenge"],"prob":1},"fields":{},"normalizations":{}},{"classId":"e_5","part":"s1v1","offsets":[{"start":2126,"text":"de az Orbán-rezsim nem szégyell sikerpropagandát folytatni saját népe megtévesztésére"}],"coordinates":[],"confidence":{"state":"pre-added","who":["user:TarCintia"],"prob":1},"fields":{},"normalizations":{}},{"classId":"e_14","part":"s1v1","offsets":[{"start":2129,"text":"az Orbán-rezsim"}],"coordinates":[],"confidence":{"state":"pre-added","who":["user:TarCintia"],"prob":1},"fields":{},"normalizations":{}},{"classId":"e_13","part":"s1v1","offsets":[{"start":2145,"text":"nem szégyell"}],"coordinates":[],"confidence":{"state":"pre-added","who":["user:TarCintia"],"prob":1},"fields":{},"normalizations":{}},{"classId":"e_14","part":"s1v1","offsets":[{"start":2158,"text":"sikerpropagandát"}],"coordinates":[],"confidence":{"state":"pre-added","who":["user:TarCintia"],"prob":1},"fields":{},"normalizations":{}},{"classId":"e_14","part":"s1v1","offsets":[{"start":2185,"text":"saját népe megtévesztésére"}],"coordinates":[],"confidence":{"state":"pre-added","who":["user:TarCintia"],"prob":1},"fields":{},"normalizations":{}},{"classId":"e_13","part":"s1v1","offsets":[{"start":2196,"text":"megtévesztésére"}],"coordinates":[],"confidence":{"state":"pre-added","who":["user:TarCintia"],"prob":1},"fields":{},"normalizations":{}},{"classId":"e_2","part":"s1v1","offsets":[{"start":2213,"text":"A 2010-es orbánista puccsot megelőzően a szociális piacgazdaság szellemét követő demokratikus kormányok idején soha nem nőtt ilyen brutálisan a szegények és a gazdagok közötti különbség"}],"coordinates":[],"confidence":{"state":"pre-added","who":["user:TarCintia"],"prob":1},"fields":{},"normalizations":{}},{"classId":"e_14","part":"s1v1","offsets":[{"start":2213,"text":"A 2010-es orbánista puccsot megelőzően"}],"coordinates":[],"confidence":{"state":"pre-added","who":["user:TarCintia"],"prob":1},"fields":{},"normalizations":{}},{"classId":"e_14","part":"s1v1","offsets":[{"start":2252,"text":"a szociális piacgazdaság szellemét követő demokratikus kormányok idején"}],"coordinates":[],"confidence":{"state":"pre-added","who":["user:TarCintia"],"prob":1},"fields":{},"normalizations":{}},{"classId":"e_14","part":"s1v1","offsets":[{"start":2324,"text":"soha"}],"coordinates":[],"confidence":{"state":"pre-added","who":["user:TarCintia"],"prob":1},"fields":{},"normalizations":{}},{"classId":"e_13","part":"s1v1","offsets":[{"start":2324,"text":"soha nem nőtt ilyen brutálisan a szegények és a gazdagok közötti különbség"}],"coordinates":[],"confidence":{"state":"pre-added","who":["user:gcsenge"],"prob":1},"fields":{},"normalizations":{}},{"classId":"e_14","part":"s1v1","offsets":[{"start":2338,"text":"ilyen brutálisan"}],"coordinates":[],"confidence":{"state":"pre-added","who":["user:TarCintia"],"prob":1},"fields":{},"normalizations":{}},{"classId":"e_14","part":"s1v1","offsets":[{"start":2355,"text":"a szegények és a gazdagok közötti különbség"}],"coordinates":[],"confidence":{"state":"pre-added","who":["user:TarCintia"],"prob":1},"fields":{},"normalizations":{}},{"classId":"e_2","part":"s1v1","offsets":[{"start":2400,"text":"Soha nem nyílott ki ennyire a jövedelmi olló"}],"coordinates":[],"confidence":{"state":"pre-added","who":["user:TarCintia"],"prob":1},"fields":{},"normalizations":{}},{"classId":"e_14","part":"s1v1","offsets":[{"start":2400,"text":"Soha"}],"coordinates":[],"confidence":{"state":"pre-added","who":["user:TarCintia"],"prob":1},"fields":{},"normalizations":{}},{"classId":"e_14","part":"s1v1","offsets":[{"start":2420,"text":"ennyire"}],"coordinates":[],"confidence":{"state":"pre-added","who":["user:TarCintia"],"prob":1},"fields":{},"normalizations":{}},{"classId":"e_14","part":"s1v1","offsets":[{"start":2428,"text":"a jövedelmi olló"}],"coordinates":[],"confidence":{"state":"pre-added","who":["user:TarCintia"],"prob":1},"fields":{},"normalizations":{}},{"classId":"e_4","part":"s1v1","offsets":[{"start":2446,"text":"és mindig kisebb és kisebb lett az előző kormányzati ciklusban a társadalmi egyenlőtlenség"}],"coordinates":[],"confidence":{"state":"pre-added","who":["user:TarCintia"],"prob":1},"fields":{},"normalizations":{}},{"classId":"e_14","part":"s1v1","offsets":[{"start":2449,"text":"mindig"}],"coordinates":[],"confidence":{"state":"pre-added","who":["user:TarCintia"],"prob":1},"fields":{},"normalizations":{}},{"classId":"e_14","part":"s1v1","offsets":[{"start":2456,"text":"kisebb és kisebb"}],"coordinates":[],"confidence":{"state":"pre-added","who":["user:TarCintia"],"prob":1},"fields":{},"normalizations":{}},{"classId":"e_14","part":"s1v1","offsets":[{"start":2478,"text":"az előző kormányzati ciklusban"}],"coordinates":[],"confidence":{"state":"pre-added","who":["user:TarCintia"],"prob":1},"fields":{},"normalizations":{}},{"classId":"e_14","part":"s1v1","offsets":[{"start":2509,"text":"a társadalmi egyenlőtlenség"}],"coordinates":[],"confidence":{"state":"pre-added","who":["user:TarCintia"],"prob":1},"fields":{},"normalizations":{}},{"classId":"e_5","part":"s1v1","offsets":[{"start":2538,"text":"Az Orbán-kormány a gazdagok preferálásával a társadalom 90 százalékától folyamatosan elvett, és azt a 10 százalékot preferálta, amelyik őket szolgálja."}],"coordinates":[],"confidence":{"state":"pre-added","who":["user:TarCintia"],"prob":1},"fields":{},"normalizations":{}},{"classId":"e_14","part":"s1v1","offsets":[{"start":2538,"text":"Az Orbán-kormány"}],"coordinates":[],"confidence":{"state":"pre-added","who":["user:TarCintia"],"prob":1},"fields":{},"normalizations":{}},{"classId":"e_14","part":"s1v1","offsets":[{"start":2555,"text":"a gazdagok preferálásával"}],"coordinates":[],"confidence":{"state":"pre-added","who":["user:TarCintia"],"prob":1},"fields":{},"normalizations":{}},{"classId":"e_14","part":"s1v1","offsets":[{"start":2581,"text":"a társadalom 90 százalékától"}],"coordinates":[],"confidence":{"state":"pre-added","who":["user:TarCintia"],"prob":1},"fields":{},"normalizations":{}},{"classId":"e_14","part":"s1v1","offsets":[{"start":2610,"text":"folyamatosan"}],"coordinates":[],"confidence":{"state":"pre-added","who":["user:TarCintia"],"prob":1},"fields":{},"normalizations":{}},{"classId":"e_13","part":"s1v1","offsets":[{"start":2610,"text":"folyamatosan elvett"}],"coordinates":[],"confidence":{"state":"pre-added","who":["user:gcsenge"],"prob":1},"fields":{},"normalizations":{}},{"classId":"e_14","part":"s1v1","offsets":[{"start":2634,"text":"azt a 10 százalékot"}],"coordinates":[],"confidence":{"state":"pre-added","who":["user:TarCintia"],"prob":1},"fields":{},"normalizations":{}},{"classId":"e_14","part":"s1v1","offsets":[{"start":2674,"text":"őket"}],"coordinates":[],"confidence":{"state":"pre-added","who":["user:TarCintia"],"prob":1},"fields":{},"normalizations":{}},{"classId":"e_13","part":"s1v1","offsets":[{"start":2679,"text":"szolgálja"}],"coordinates":[],"confidence":{"state":"pre-added","who":["user:TarCintia"],"prob":1},"fields":{},"normalizations":{}},{"classId":"e_6","part":"s1v1","offsets":[{"start":2690,"text":"Trafikot és földet, költségvetési támogatást és állami megrendelést, pályázati pénzeket és stadionokat, adócsökkentést és főhivatalokat kaptak politikai hűbéresek, vazallusok és kollaboránsok"}],"coordinates":[],"confidence":{"state":"pre-added","who":["user:TarCintia"],"prob":1},"fields":{},"normalizations":{}},{"classId":"e_14","part":"s1v1","offsets":[{"start":2690,"text":"Trafikot"}],"coordinates":[],"confidence":{"state":"pre-added","who":["user:TarCintia"],"prob":1},"fields":{},"normalizations":{}},{"classId":"e_14","part":"s1v1","offsets":[{"start":2702,"text":"földet"}],"coordinates":[],"confidence":{"state":"pre-added","who":["user:TarCintia"],"prob":1},"fields":{},"normalizations":{}},{"classId":"e_14","part":"s1v1","offsets":[{"start":2710,"text":"költségvetési támogatást"}],"coordinates":[],"confidence":{"state":"pre-added","who":["user:TarCintia"],"prob":1},"fields":{},"normalizations":{}},{"classId":"e_14","part":"s1v1","offsets":[{"start":2738,"text":"állami megrendelést"}],"coordinates":[],"confidence":{"state":"pre-added","who":["user:TarCintia"],"prob":1},"fields":{},"normalizations":{}},{"classId":"e_14","part":"s1v1","offsets":[{"start":2759,"text":"pályázati pénzeket"}],"coordinates":[],"confidence":{"state":"pre-added","who":["user:TarCintia"],"prob":1},"fields":{},"normalizations":{}},{"classId":"e_14","part":"s1v1","offsets":[{"start":2781,"text":"stadionokat"}],"coordinates":[],"confidence":{"state":"pre-added","who":["user:TarCintia"],"prob":1},"fields":{},"normalizations":{}},{"classId":"e_14","part":"s1v1","offsets":[{"start":2794,"text":"adócsökkentést"}],"coordinates":[],"confidence":{"state":"pre-added","who":["user:TarCintia"],"prob":1},"fields":{},"normalizations":{}},{"classId":"e_14","part":"s1v1","offsets":[{"start":2812,"text":"főhivatalokat"}],"coordinates":[],"confidence":{"state":"pre-added","who":["user:TarCintia"],"prob":1},"fields":{},"normalizations":{}},{"classId":"e_14","part":"s1v1","offsets":[{"start":2833,"text":"politikai hűbéresek, vazallusok és kollaboránsok"}],"coordinates":[],"confidence":{"state":"pre-added","who":["user:TarCintia"],"prob":1},"fields":{},"normalizations":{}},{"classId":"e_13","part":"s1v1","offsets":[{"start":2843,"text":"hűbéresek"}],"coordinates":[],"confidence":{"state":"pre-added","who":["user:TarCintia"],"prob":1},"fields":{},"normalizations":{}},{"classId":"e_13","part":"s1v1","offsets":[{"start":2854,"text":"vazallusok"}],"coordinates":[],"confidence":{"state":"pre-added","who":["user:TarCintia"],"prob":1},"fields":{},"normalizations":{}},{"classId":"e_13","part":"s1v1","offsets":[{"start":2868,"text":"kollaboránsok"}],"coordinates":[],"confidence":{"state":"pre-added","who":["user:TarCintia"],"prob":1},"fields":{},"normalizations":{}},{"classId":"e_2","part":"s1v1","offsets":[{"start":2883,"text":"miközben az ország lakossága vagy elmenekült ebből az országból, vagy egyre nehezebb körülmények között él"}],"coordinates":[],"confidence":{"state":"pre-added","who":["user:TarCintia"],"prob":1},"fields":{},"normalizations":{}},{"classId":"e_14","part":"s1v1","offsets":[{"start":2892,"text":"az ország lakossága"}],"coordinates":[],"confidence":{"state":"pre-added","who":["user:TarCintia"],"prob":1},"fields":{},"normalizations":{}},{"classId":"e_13","part":"s1v1","offsets":[{"start":2917,"text":"elmenekült"}],"coordinates":[],"confidence":{"state":"pre-added","who":["user:TarCintia"],"prob":1},"fields":{},"normalizations":{}},{"classId":"e_14","part":"s1v1","offsets":[{"start":2928,"text":"ebből az országból"}],"coordinates":[],"confidence":{"state":"pre-added","who":["user:TarCintia"],"prob":1},"fields":{},"normalizations":{}},{"classId":"e_14","part":"s1v1","offsets":[{"start":2953,"text":"egyre nehezebb körülmények között"}],"coordinates":[],"confidence":{"state":"pre-added","who":["user:TarCintia"],"prob":1},"fields":{},"normalizations":{}},{"classId":"e_13","part":"s1v1","offsets":[{"start":2959,"text":"nehezebb körülmények"}],"coordinates":[],"confidence":{"state":"pre-added","who":["user:gcsenge"],"prob":1},"fields":{},"normalizations":{}},{"classId":"e_14","part":"s1v1","offsets":[{"start":3001,"text":"Európában egy olyan ország"}],"coordinates":[],"confidence":{"state":"pre-added","who":["user:TarCintia"],"prob":1},"fields":{},"normalizations":{}},{"classId":"e_5","part":"s1v1","offsets":[{"start":3029,"text":"amelynek kormánya ilyen galád merényletet követett volna el saját népe ellen"}],"coordinates":[],"confidence":{"state":"pre-added","who":["user:TarCintia"],"prob":1},"fields":{},"normalizations":{}},{"classId":"e_14","part":"s1v1","offsets":[{"start":3038,"text":"kormánya"}],"coordinates":[],"confidence":{"state":"pre-added","who":["user:TarCintia"],"prob":1},"fields":{},"normalizations":{}},{"classId":"e_14","part":"s1v1","offsets":[{"start":3047,"text":"ilyen galád merényletet"}],"coordinates":[],"confidence":{"state":"pre-added","who":["user:TarCintia"],"prob":1},"fields":{},"normalizations":{}},{"classId":"e_13","part":"s1v1","offsets":[{"start":3059,"text":"merényletet"}],"coordinates":[],"confidence":{"state":"pre-added","who":["user:TarCintia"],"prob":1},"fields":{},"normalizations":{}},{"classId":"e_14","part":"s1v1","offsets":[{"start":3089,"text":"saját népe ellen"}],"coordinates":[],"confidence":{"state":"pre-added","who":["user:TarCintia"],"prob":1},"fields":{},"normalizations":{}},{"classId":"e_2","part":"s1v1","offsets":[{"start":3221,"text":"hogy Magyarország meg sem közelíti az Európa élén haladó Svédországot vagy Finnországot"}],"coordinates":[],"confidence":{"state":"pre-added","who":["user:TarCintia"],"prob":1},"fields":{},"normalizations":{}},{"classId":"e_14","part":"s1v1","offsets":[{"start":3226,"text":"Magyarország"}],"coordinates":[],"confidence":{"state":"pre-added","who":["user:TarCintia"],"prob":1},"fields":{},"normalizations":{}},{"classId":"e_13","part":"s1v1","offsets":[{"start":3239,"text":"meg sem közelíti"}],"coordinates":[],"confidence":{"state":"pre-added","who":["user:TarCintia"],"prob":1},"fields":{},"normalizations":{}},{"classId":"e_14","part":"s1v1","offsets":[{"start":3256,"text":"az Európa élén haladó Svédországot vagy Finnországot"}],"coordinates":[],"confidence":{"state":"pre-added","who":["user:TarCintia"],"prob":1},"fields":{},"normalizations":{}},{"classId":"e_14","part":"s1v1","offsets":[{"start":3310,"text":"A baj"}],"coordinates":[],"confidence":{"state":"pre-added","who":["user:TarCintia"],"prob":1},"fields":{},"normalizations":{}},{"classId":"e_2","part":"s1v1","offsets":[{"start":3310,"text":"A baj az, hogy ezen a listán egyre hátrább szorulunk, és Európában ma már csak három ország van mögöttünk"}],"coordinates":[],"confidence":{"state":"pre-added","who":["user:gcsenge"],"prob":1},"fields":{},"normalizations":{}},{"classId":"e_13","part":"s1v1","offsets":[{"start":3312,"text":"baj"}],"coordinates":[],"confidence":{"state":"pre-added","who":["user:TarCintia"],"prob":1},"fields":{},"normalizations":{}},{"classId":"e_14","part":"s1v1","offsets":[{"start":3325,"text":"ezen a listán"}],"coordinates":[],"confidence":{"state":"pre-added","who":["user:TarCintia"],"prob":1},"fields":{},"normalizations":{}},{"classId":"e_13","part":"s1v1","offsets":[{"start":3345,"text":"hátrább szorulunk"}],"coordinates":[],"confidence":{"state":"pre-added","who":["user:gcsenge"],"prob":1},"fields":{},"normalizations":{}},{"classId":"e_14","part":"s1v1","offsets":[{"start":3367,"text":"Európában"}],"coordinates":[],"confidence":{"state":"pre-added","who":["user:TarCintia"],"prob":1},"fields":{},"normalizations":{}},{"classId":"e_14","part":"s1v1","offsets":[{"start":3377,"text":"ma"}],"coordinates":[],"confidence":{"state":"pre-added","who":["user:TarCintia"],"prob":1},"fields":{},"normalizations":{}},{"classId":"e_14","part":"s1v1","offsets":[{"start":3389,"text":"három ország"}],"coordinates":[],"confidence":{"state":"pre-added","who":["user:TarCintia"],"prob":1},"fields":{},"normalizations":{}},{"classId":"e_14","part":"s1v1","offsets":[{"start":3406,"text":"mögöttünk"}],"coordinates":[],"confidence":{"state":"pre-added","who":["user:TarCintia"],"prob":1},"fields":{},"normalizations":{}},{"classId":"e_14","part":"s1v1","offsets":[{"start":3417,"text":"A vállalkozók zsebére finanszírozott rezsicsökkentés"}],"coordinates":[],"confidence":{"state":"pre-added","who":["user:TarCintia"],"prob":1},"fields":{},"normalizations":{}},{"classId":"e_6","part":"s1v1","offsets":[{"start":3417,"text":"A vállalkozók zsebére finanszírozott rezsicsökkentés a magánuszodák és garázsok fűtésköltségét jelentősen csökkenti"}],"coordinates":[],"confidence":{"state":"pre-added","who":["user:TarCintia","user:gcsenge"],"prob":1},"fields":{},"normalizations":{}},{"classId":"e_14","part":"s1v1","offsets":[{"start":3470,"text":"a magánuszodák és garázsok fűtésköltségét"}],"coordinates":[],"confidence":{"state":"pre-added","who":["user:TarCintia"],"prob":1},"fields":{},"normalizations":{}},{"classId":"e_2","part":"s1v1","offsets":[{"start":3534,"text":"miközben százezreknél már régen kikapcsolták a villanyt vagy a gázt"}],"coordinates":[],"confidence":{"state":"pre-added","who":["user:TarCintia"],"prob":1},"fields":{},"normalizations":{}},{"classId":"e_14","part":"s1v1","offsets":[{"start":3543,"text":"százezreknél"}],"coordinates":[],"confidence":{"state":"pre-added","who":["user:TarCintia"],"prob":1},"fields":{},"normalizations":{}},{"classId":"e_14","part":"s1v1","offsets":[{"start":3556,"text":"már régen"}],"coordinates":[],"confidence":{"state":"pre-added","who":["user:TarCintia"],"prob":1},"fields":{},"normalizations":{}},{"classId":"e_13","part":"s1v1","offsets":[{"start":3566,"text":"kikapcsolták a villanyt"}],"coordinates":[],"confidence":{"state":"pre-added","who":["user:gcsenge"],"prob":1},"fields":{},"normalizations":{}},{"classId":"e_14","part":"s1v1","offsets":[{"start":3579,"text":"a villanyt"}],"coordinates":[],"confidence":{"state":"pre-added","who":["user:TarCintia"],"prob":1},"fields":{},"normalizations":{}},{"classId":"e_14","part":"s1v1","offsets":[{"start":3595,"text":"a gázt"}],"coordinates":[],"confidence":{"state":"pre-added","who":["user:TarCintia"],"prob":1},"fields":{},"normalizations":{}},{"classId":"e_2","part":"s1v1","offsets":[{"start":3603,"text":"Az Orbán-kormány alatt csökkent a munkanélküliek ellátása is"}],"coordinates":[],"confidence":{"state":"pre-added","who":["user:TarCintia"],"prob":1},"fields":{},"normalizations":{}},{"classId":"e_14","part":"s1v1","offsets":[{"start":3603,"text":"Az Orbán-kormány alatt"}],"coordinates":[],"confidence":{"state":"pre-added","who":["user:TarCintia"],"prob":1},"fields":{},"normalizations":{}},{"classId":"e_13","part":"s1v1","offsets":[{"start":3626,"text":"csökkent"}],"coordinates":[],"confidence":{"state":"pre-added","who":["user:TarCintia"],"prob":1},"fields":{},"normalizations":{}},{"classId":"e_14","part":"s1v1","offsets":[{"start":3635,"text":"a munkanélküliek ellátása"}],"coordinates":[],"confidence":{"state":"pre-added","who":["user:TarCintia"],"prob":1},"fields":{},"normalizations":{}},{"classId":"e_5","part":"s1v1","offsets":[{"start":3665,"text":"és a közmunka csak reklámcélokat és a statisztikák meghamisítását szolgálja"}],"coordinates":[],"confidence":{"state":"pre-added","who":["user:TarCintia"],"prob":1},"fields":{},"normalizations":{}},{"classId":"e_14","part":"s1v1","offsets":[{"start":3668,"text":"a közmunka"}],"coordinates":[],"confidence":{"state":"pre-added","who":["user:TarCintia"],"prob":1},"fields":{},"normalizations":{}},{"classId":"e_14","part":"s1v1","offsets":[{"start":3684,"text":"reklámcélokat és a statisztikák meghamisítását"}],"coordinates":[],"confidence":{"state":"pre-added","who":["user:TarCintia"],"prob":1},"fields":{},"normalizations":{}},{"classId":"e_13","part":"s1v1","offsets":[{"start":3716,"text":"meghamisítását"}],"coordinates":[],"confidence":{"state":"pre-added","who":["user:TarCintia"],"prob":1},"fields":{},"normalizations":{}},{"classId":"e_14","part":"s1v1","offsets":[{"start":3796,"text":"a Központi Statisztikai Hivatal elnöke"}],"coordinates":[],"confidence":{"state":"pre-added","who":["user:TarCintia"],"prob":1},"fields":{},"normalizations":{}},{"classId":"e_6","part":"s1v1","offsets":[{"start":3836,"text":"Vukovich Gabriella teljesen méltatlan és szakmailag alkalmatlan a feladatainak ellátására"}],"coordinates":[],"confidence":{"state":"pre-added","who":["user:TarCintia"],"prob":1},"fields":{},"normalizations":{}},{"classId":"e_14","part":"s1v1","offsets":[{"start":3836,"text":"Vukovich Gabriella"}],"coordinates":[],"confidence":{"state":"pre-added","who":["user:TarCintia"],"prob":1},"fields":{},"normalizations":{}},{"classId":"e_14","part":"s1v1","offsets":[{"start":3855,"text":"teljesen méltatlan"}],"coordinates":[],"confidence":{"state":"pre-added","who":["user:TarCintia"],"prob":1},"fields":{},"normalizations":{}},{"classId":"e_13","part":"s1v1","offsets":[{"start":3864,"text":"méltatlan"}],"coordinates":[],"confidence":{"state":"pre-added","who":["user:TarCintia"],"prob":1},"fields":{},"normalizations":{}},{"classId":"e_14","part":"s1v1","offsets":[{"start":3877,"text":"szakmailag alkalmatlan"}],"coordinates":[],"confidence":{"state":"pre-added","who":["user:TarCintia"],"prob":1},"fields":{},"normalizations":{}},{"classId":"e_13","part":"s1v1","offsets":[{"start":3888,"text":"alkalmatlan"}],"coordinates":[],"confidence":{"state":"pre-added","who":["user:TarCintia"],"prob":1},"fields":{},"normalizations":{}},{"classId":"e_14","part":"s1v1","offsets":[{"start":3900,"text":"a feladatainak ellátására"}],"coordinates":[],"confidence":{"state":"pre-added","who":["user:TarCintia"],"prob":1},"fields":{},"normalizations":{}},{"classId":"e_5","part":"s1v1","offsets":[{"start":3927,"text":"Miért nem váltják már le?"}],"coordinates":[],"confidence":{"state":"pre-added","who":["user:TarCintia"],"prob":1},"fields":{},"normalizations":{}},{"classId":"e_13","part":"s1v1","offsets":[{"start":3933,"text":"nem váltják már le"}],"coordinates":[],"confidence":{"state":"pre-added","who":["user:TarCintia"],"prob":1},"fields":{},"normalizations":{}},{"classId":"e_5","part":"s1v1","offsets":[{"start":3973,"text":"hogy a tájékoztatási főosztály vezetőjének leváltásával el lehet titkolni a szegénységi adatokat Magyarországon?"}],"coordinates":[],"confidence":{"state":"pre-added","who":["user:TarCintia"],"prob":1},"fields":{},"normalizations":{}},{"classId":"e_14","part":"s1v1","offsets":[{"start":3978,"text":"a tájékoztatási főosztály vezetőjének leváltásával"}],"coordinates":[],"confidence":{"state":"pre-added","who":["user:TarCintia"],"prob":1},"fields":{},"normalizations":{}},{"classId":"e_13","part":"s1v1","offsets":[{"start":4016,"text":"leváltásával"}],"coordinates":[],"confidence":{"state":"pre-added","who":["user:gcsenge"],"prob":1},"fields":{},"normalizations":{}},{"classId":"e_13","part":"s1v1","offsets":[{"start":4029,"text":"el lehet titkolni"}],"coordinates":[],"confidence":{"state":"pre-added","who":["user:TarCintia"],"prob":1},"fields":{},"normalizations":{}},{"classId":"e_14","part":"s1v1","offsets":[{"start":4047,"text":"a szegénységi adatokat"}],"coordinates":[],"confidence":{"state":"pre-added","who":["user:TarCintia"],"prob":1},"fields":{},"normalizations":{}},{"classId":"e_14","part":"s1v1","offsets":[{"start":4070,"text":"Magyarországon"}],"coordinates":[],"confidence":{"state":"pre-added","who":["user:TarCintia"],"prob":1},"fields":{},"normalizations":{}},{"classId":"e_14","part":"s1v1","offsets":[{"start":4093,"text":"olyan munkatársak"}],"coordinates":[],"confidence":{"state":"pre-added","who":["user:TarCintia"],"prob":1},"fields":{},"normalizations":{}},{"classId":"e_14","part":"s1v1","offsets":[{"start":4111,"text":"a Központi Statisztikai Hivatalban"}],"coordinates":[],"confidence":{"state":"pre-added","who":["user:TarCintia"],"prob":1},"fields":{},"normalizations":{}},{"classId":"e_6","part":"s1v1","offsets":[{"start":4147,"text":"akik már ezt arccal nem merik vállalni, szégyellik a saját elnöküket"}],"coordinates":[],"confidence":{"state":"pre-added","who":["user:TarCintia"],"prob":1},"fields":{},"normalizations":{}},{"classId":"e_14","part":"s1v1","offsets":[{"start":4156,"text":"ezt"}],"coordinates":[],"confidence":{"state":"pre-added","who":["user:gcsenge"],"prob":1},"fields":{},"normalizations":{}},{"classId":"e_14","part":"s1v1","offsets":[{"start":4160,"text":"arccal"}],"coordinates":[],"confidence":{"state":"pre-added","who":["user:TarCintia"],"prob":1},"fields":{},"normalizations":{}},{"classId":"e_13","part":"s1v1","offsets":[{"start":4167,"text":"nem merik vállalni"}],"coordinates":[],"confidence":{"state":"pre-added","who":["user:TarCintia"],"prob":1},"fields":{},"normalizations":{}},{"classId":"e_13","part":"s1v1","offsets":[{"start":4187,"text":"szégyellik"}],"coordinates":[],"confidence":{"state":"pre-added","who":["user:TarCintia"],"prob":1},"fields":{},"normalizations":{}},{"classId":"e_14","part":"s1v1","offsets":[{"start":4198,"text":"a saját elnöküket"}],"coordinates":[],"confidence":{"state":"pre-added","who":["user:TarCintia"],"prob":1},"fields":{},"normalizations":{}},{"classId":"e_14","part":"s1v1","offsets":[{"start":4234,"text":"Politikai kampányok idején"}],"coordinates":[],"confidence":{"state":"pre-added","who":["user:TarCintia"],"prob":1},"fields":{},"normalizations":{}},{"classId":"e_14","part":"s1v1","offsets":[{"start":4261,"text":"az Orbán-kormány"}],"coordinates":[],"confidence":{"state":"pre-added","who":["user:TarCintia"],"prob":1},"fields":{},"normalizations":{}},{"classId":"e_14","part":"s1v1","offsets":[{"start":4278,"text":"az emberekre"}],"coordinates":[],"confidence":{"state":"pre-added","who":["user:TarCintia"],"prob":1},"fields":{},"normalizations":{}},{"classId":"e_14","part":"s1v1","offsets":[{"start":4294,"text":"a polgárokra"}],"coordinates":[],"confidence":{"state":"pre-added","who":["user:TarCintia"],"prob":1},"fields":{},"normalizations":{}},{"classId":"e_5","part":"s1v1","offsets":[{"start":4319,"text":"és képes azt hazudni a szemükbe"}],"coordinates":[],"confidence":{"state":"pre-added","who":["user:TarCintia"],"prob":1},"fields":{},"normalizations":{}},{"classId":"e_14","part":"s1v1","offsets":[{"start":4328,"text":"azt"}],"coordinates":[],"confidence":{"state":"pre-added","who":["user:gcsenge"],"prob":1},"fields":{},"normalizations":{}},{"classId":"e_13","part":"s1v1","offsets":[{"start":4332,"text":"hazudni"}],"coordinates":[],"confidence":{"state":"pre-added","who":["user:TarCintia"],"prob":1},"fields":{},"normalizations":{}},{"classId":"e_14","part":"s1v1","offsets":[{"start":4340,"text":"a szemükbe"}],"coordinates":[],"confidence":{"state":"pre-added","who":["user:TarCintia"],"prob":1},"fields":{},"normalizations":{}},{"classId":"e_14","part":"s1v1","offsets":[{"start":4357,"text":"nincs megszorítás"}],"coordinates":[],"confidence":{"state":"pre-added","who":["user:TarCintia"],"prob":1},"fields":{},"normalizations":{}},{"classId":"e_5","part":"s1v1","offsets":[{"start":4376,"text":"Pedig minden intézkedésük fojtogató a szegény emberek számára"}],"coordinates":[],"confidence":{"state":"pre-added","who":["user:TarCintia"],"prob":1},"fields":{},"normalizations":{}},{"classId":"e_14","part":"s1v1","offsets":[{"start":4382,"text":"minden intézkedésük"}],"coordinates":[],"confidence":{"state":"pre-added","who":["user:TarCintia"],"prob":1},"fields":{},"normalizations":{}},{"classId":"e_13","part":"s1v1","offsets":[{"start":4402,"text":"fojtogató"}],"coordinates":[],"confidence":{"state":"pre-added","who":["user:TarCintia"],"prob":1},"fields":{},"normalizations":{}},{"classId":"e_14","part":"s1v1","offsets":[{"start":4412,"text":"a szegény emberek számára"}],"coordinates":[],"confidence":{"state":"pre-added","who":["user:TarCintia"],"prob":1},"fields":{},"normalizations":{}},{"classId":"e_14","part":"s1v1","offsets":[{"start":4477,"text":"sem a kormányzati pénzekből"}],"coordinates":[],"confidence":{"state":"pre-added","who":["user:TarCintia"],"prob":1},"fields":{},"normalizations":{}},{"classId":"e_5","part":"s1v1","offsets":[{"start":4506,"text":"hanem jogsértő törvényekkel szentesített rablásból"}],"coordinates":[],"confidence":{"state":"pre-added","who":["user:TarCintia"],"prob":1},"fields":{},"normalizations":{}},{"classId":"e_13","part":"s1v1","offsets":[{"start":4512,"text":"jogsértő"}],"coordinates":[],"confidence":{"state":"pre-added","who":["user:TarCintia"],"prob":1},"fields":{},"normalizations":{}},{"classId":"e_14","part":"s1v1","offsets":[{"start":4512,"text":"jogsértő törvényekkel szentesített rablásból"}],"coordinates":[],"confidence":{"state":"pre-added","who":["user:TarCintia"],"prob":1},"fields":{},"normalizations":{}},{"classId":"e_13","part":"s1v1","offsets":[{"start":4547,"text":"rablásból"}],"coordinates":[],"confidence":{"state":"pre-added","who":["user:TarCintia"],"prob":1},"fields":{},"normalizations":{}},{"classId":"e_5","part":"s1v1","offsets":[{"start":4625,"text":"vagy a jövő feléléséből finanszírozzák, mint ahogy tették ezt a magán-nyugdíjpénztári megtakarítások einstandolásával is"}],"coordinates":[],"confidence":{"state":"pre-added","who":["user:TarCintia"],"prob":1},"fields":{},"normalizations":{}},{"classId":"e_14","part":"s1v1","offsets":[{"start":4630,"text":"a jövő feléléséből"}],"coordinates":[],"confidence":{"state":"pre-added","who":["user:TarCintia"],"prob":1},"fields":{},"normalizations":{}},{"classId":"e_13","part":"s1v1","offsets":[{"start":4649,"text":"finanszírozzák"}],"coordinates":[],"confidence":{"state":"pre-added","who":["user:TarCintia"],"prob":1},"fields":{},"normalizations":{}},{"classId":"e_14","part":"s1v1","offsets":[{"start":4687,"text":"a magán-nyugdíjpénztári megtakarítások einstandolásával"}],"coordinates":[],"confidence":{"state":"pre-added","who":["user:TarCintia"],"prob":1},"fields":{},"normalizations":{}},{"classId":"e_13","part":"s1v1","offsets":[{"start":4726,"text":"einstandolásával"}],"coordinates":[],"confidence":{"state":"pre-added","who":["user:TarCintia"],"prob":1},"fields":{},"normalizations":{}}],"relations":[{"classId":"r_16","type":"linked","directed":false,"entities":["s1v1|e_14|380,402","s1v1|e_2|375,485"],"confidence":{"state":"pre-added","who":["user:TarCintia"],"prob":1}},{"classId":"r_16","type":"linked","directed":false,"entities":["s1v1|e_14|427,444","s1v1|e_2|375,485"],"confidence":{"state":"pre-added","who":["user:TarCintia"],"prob":1}},{"classId":"r_16","type":"linked","directed":false,"entities":["s1v1|e_14|450,465","s1v1|e_2|375,485"],"confidence":{"state":"pre-added","who":["user:TarCintia"],"prob":1}},{"classId":"r_16","type":"linked","directed":false,"entities":["s1v1|e_14|640,647","s1v1|e_2|650,811"],"confidence":{"state":"pre-added","who":["user:TarCintia"],"prob":1}},{"classId":"r_16","type":"linked","directed":false,"entities":["s1v1|e_14|654,696","s1v1|e_2|650,811"],"confidence":{"state":"pre-added","who":["user:TarCintia"],"prob":1}},{"classId":"r_16","type":"linked","directed":false,"entities":["s1v1|e_14|706,709","s1v1|e_2|650,811"],"confidence":{"state":"pre-added","who":["user:TarCintia"],"prob":1}},{"classId":"r_16","type":"linked","directed":false,"entities":["s1v1|e_14|741,744","s1v1|e_2|650,811"],"confidence":{"state":"pre-added","who":["user:TarCintia"],"prob":1}},{"classId":"r_16","type":"linked","directed":false,"entities":["s1v1|e_14|758,767","s1v1|e_2|650,811"],"confidence":{"state":"pre-added","who":["user:TarCintia"],"prob":1}},{"classId":"r_16","type":"linked","directed":false,"entities":["s1v1|e_14|780,789","s1v1|e_2|650,811"],"confidence":{"state":"pre-added","who":["user:TarCintia"],"prob":1}},{"classId":"r_16","type":"linked","directed":false,"entities":["s1v1|e_14|792,811","s1v1|e_2|650,811"],"confidence":{"state":"pre-added","who":["user:TarCintia"],"prob":1}},{"classId":"r_16","type":"linked","directed":false,"entities":["s1v1|e_14|874,883","s1v1|e_2|865,967"],"confidence":{"state":"pre-added","who":["user:TarCintia"],"prob":1}},{"classId":"r_16","type":"linked","directed":false,"entities":["s1v1|e_14|896,963","s1v1|e_2|865,967"],"confidence":{"state":"pre-added","who":["user:TarCintia"],"prob":1}},{"classId":"r_16","type":"linked","directed":false,"entities":["s1v1|e_14|1270,1289","s1v1|e_2|1253,1449"],"confidence":{"state":"pre-added","who":["user:TarCintia"],"prob":1}},{"classId":"r_16","type":"linked","directed":false,"entities":["s1v1|e_14|1301,1308","s1v1|e_2|1253,1449"],"confidence":{"state":"pre-added","who":["user:TarCintia"],"prob":1}},{"classId":"r_16","type":"linked","directed":false,"entities":["s1v1|e_14|1316,1339","s1v1|e_2|1253,1449"],"confidence":{"state":"pre-added","who":["user:TarCintia"],"prob":1}},{"classId":"r_16","type":"linked","directed":false,"entities":["s1v1|e_14|1342,1369","s1v1|e_2|1253,1449"],"confidence":{"state":"pre-added","who":["user:TarCintia"],"prob":1}},{"classId":"r_16","type":"linked","directed":false,"entities":["s1v1|e_14|1371,1425","s1v1|e_2|1253,1449"],"confidence":{"state":"pre-added","who":["user:TarCintia"],"prob":1}},{"classId":"r_16","type":"linked","directed":false,"entities":["s1v1|e_14|1435,1448","s1v1|e_2|1253,1449"],"confidence":{"state":"pre-added","who":["user:TarCintia"],"prob":1}},{"classId":"r_16","type":"linked","directed":false,"entities":["s1v1|e_14|1451,1496","s1v1|e_2|1451,1647"],"confidence":{"state":"pre-added","who":["user:TarCintia"],"prob":1}},{"classId":"r_16","type":"linked","directed":false,"entities":["s1v1|e_14|1498,1516","s1v1|e_2|1451,1647"],"confidence":{"state":"pre-added","who":["user:TarCintia"],"prob":1}},{"classId":"r_16","type":"linked","directed":false,"entities":["s1v1|e_14|1518,1541","s1v1|e_2|1451,1647"],"confidence":{"state":"pre-added","who":["user:TarCintia"],"prob":1}},{"classId":"r_16","type":"linked","directed":false,"entities":["s1v1|e_14|1548,1564","s1v1|e_2|1451,1647"],"confidence":{"state":"pre-added","who":["user:TarCintia"],"prob":1}},{"classId":"r_16","type":"linked","directed":false,"entities":["s1v1|e_14|1570,1600","s1v1|e_2|1451,1647"],"confidence":{"state":"pre-added","who":["user:TarCintia"],"prob":1}},{"classId":"r_16","type":"linked","directed":false,"entities":["s1v1|e_14|1602,1623","s1v1|e_2|1451,1647"],"confidence":{"state":"pre-added","who":["user:TarCintia"],"prob":1}},{"classId":"r_16","type":"linked","directed":false,"entities":["s1v1|e_14|1630,1646","s1v1|e_2|1451,1647"],"confidence":{"state":"pre-added","who":["user:TarCintia"],"prob":1}},{"classId":"r_16","type":"linked","directed":false,"entities":["s1v1|e_14|1649,1650","s1v1|e_2|1649,1740"],"confidence":{"state":"pre-added","who":["user:TarCintia"],"prob":1}},{"classId":"r_16","type":"linked","directed":false,"entities":["s1v1|e_14|1652,1665","s1v1|e_2|1649,1740"],"confidence":{"state":"pre-added","who":["user:TarCintia"],"prob":1}},{"classId":"r_16","type":"linked","directed":false,"entities":["s1v1|e_14|1667,1689","s1v1|e_2|1649,1740"],"confidence":{"state":"pre-added","who":["user:TarCintia"],"prob":1}},{"classId":"r_16","type":"linked","directed":false,"entities":["s1v1|e_14|1694,1706","s1v1|e_2|1649,1740"],"confidence":{"state":"pre-added","who":["user:TarCintia"],"prob":1}},{"classId":"r_16","type":"linked","directed":false,"entities":["s1v1|e_14|1711,1739","s1v1|e_2|1649,1740"],"confidence":{"state":"pre-added","who":["user:TarCintia"],"prob":1}},{"classId":"r_16","type":"linked","directed":false,"entities":["s1v1|e_14|1742,1743","s1v1|e_2|1742,1906"],"confidence":{"state":"pre-added","who":["user:TarCintia"],"prob":1}},{"classId":"r_16","type":"linked","directed":false,"entities":["s1v1|e_14|1745,1758","s1v1|e_2|1742,1906"],"confidence":{"state":"pre-added","who":["user:TarCintia"],"prob":1}},{"classId":"r_16","type":"linked","directed":false,"entities":["s1v1|e_14|1760,1787","s1v1|e_2|1742,1906"],"confidence":{"state":"pre-added","who":["user:TarCintia"],"prob":1}},{"classId":"r_16","type":"linked","directed":false,"entities":["s1v1|e_14|1799,1808","s1v1|e_2|1742,1906"],"confidence":{"state":"pre-added","who":["user:TarCintia"],"prob":1}},{"classId":"r_16","type":"linked","directed":false,"entities":["s1v1|e_14|1813,1838","s1v1|e_2|1742,1906"],"confidence":{"state":"pre-added","who":["user:TarCintia"],"prob":1}},{"classId":"r_16","type":"linked","directed":false,"entities":["s1v1|e_14|1844,1865","s1v1|e_2|1742,1906"],"confidence":{"state":"pre-added","who":["user:TarCintia"],"prob":1}},{"classId":"r_16","type":"linked","directed":false,"entities":["s1v1|e_14|1867,1902","s1v1|e_2|1742,1906"],"confidence":{"state":"pre-added","who":["user:TarCintia"],"prob":1}},{"classId":"r_16","type":"linked","directed":false,"entities":["s1v1|e_14|1973,1994","s1v1|e_2|2007,2123"],"confidence":{"state":"pre-added","who":["user:TarCintia"],"prob":1}},{"classId":"r_16","type":"linked","directed":false,"entities":["s1v1|e_14|2012,2013","s1v1|e_2|2007,2123"],"confidence":{"state":"pre-added","who":["user:TarCintia"],"prob":1}},{"classId":"r_16","type":"linked","directed":false,"entities":["s1v1|e_14|2015,2028","s1v1|e_2|2007,2123"],"confidence":{"state":"pre-added","who":["user:TarCintia"],"prob":1}},{"classId":"r_16","type":"linked","directed":false,"entities":["s1v1|e_14|2030,2063","s1v1|e_2|2007,2123"],"confidence":{"state":"pre-added","who":["user:TarCintia"],"prob":1}},{"classId":"r_16","type":"linked","directed":false,"entities":["s1v1|e_14|2084,2123","s1v1|e_2|2007,2123"],"confidence":{"state":"pre-added","who":["user:TarCintia"],"prob":1}},{"classId":"r_16","type":"linked","directed":false,"entities":["s1v1|e_14|2213,2250","s1v1|e_2|2213,2397"],"confidence":{"state":"pre-added","who":["user:TarCintia"],"prob":1}},{"classId":"r_16","type":"linked","directed":false,"entities":["s1v1|e_14|2252,2322","s1v1|e_2|2213,2397"],"confidence":{"state":"pre-added","who":["user:TarCintia"],"prob":1}},{"classId":"r_16","type":"linked","directed":false,"entities":["s1v1|e_14|2324,2327","s1v1|e_2|2213,2397"],"confidence":{"state":"pre-added","who":["user:TarCintia"],"prob":1}},{"classId":"r_16","type":"linked","directed":false,"entities":["s1v1|e_14|2338,2353","s1v1|e_2|2213,2397"],"confidence":{"state":"pre-added","who":["user:TarCintia"],"prob":1}},{"classId":"r_16","type":"linked","directed":false,"entities":["s1v1|e_14|2355,2397","s1v1|e_2|2213,2397"],"confidence":{"state":"pre-added","who":["user:TarCintia"],"prob":1}},{"classId":"r_16","type":"linked","directed":false,"entities":["s1v1|e_14|2400,2403","s1v1|e_2|2400,2443"],"confidence":{"state":"pre-added","who":["user:TarCintia"],"prob":1}},{"classId":"r_16","type":"linked","directed":false,"entities":["s1v1|e_14|2420,2426","s1v1|e_2|2400,2443"],"confidence":{"state":"pre-added","who":["user:TarCintia"],"prob":1}},{"classId":"r_16","type":"linked","directed":false,"entities":["s1v1|e_14|2428,2443","s1v1|e_2|2400,2443"],"confidence":{"state":"pre-added","who":["user:TarCintia"],"prob":1}},{"classId":"r_16","type":"linked","directed":false,"entities":["s1v1|e_14|2892,2910","s1v1|e_2|2883,2988"],"confidence":{"state":"pre-added","who":["user:TarCintia"],"prob":1}},{"classId":"r_16","type":"linked","directed":false,"entities":["s1v1|e_14|2928,2945","s1v1|e_2|2883,2988"],"confidence":{"state":"pre-added","who":["user:TarCintia"],"prob":1}},{"classId":"r_16","type":"linked","directed":false,"entities":["s1v1|e_14|2953,2985","s1v1|e_2|2883,2988"],"confidence":{"state":"pre-added","who":["user:TarCintia"],"prob":1}},{"classId":"r_16","type":"linked","directed":false,"entities":["s1v1|e_14|3226,3237","s1v1|e_2|3221,3307"],"confidence":{"state":"pre-added","who":["user:TarCintia"],"prob":1}},{"classId":"r_16","type":"linked","directed":false,"entities":["s1v1|e_14|3256,3307","s1v1|e_2|3221,3307"],"confidence":{"state":"pre-added","who":["user:TarCintia"],"prob":1}},{"classId":"r_16","type":"linked","directed":false,"entities":["s1v1|e_14|3325,3337","s1v1|e_2|3310,3414"],"confidence":{"state":"pre-added","who":["user:gcsenge"],"prob":1}},{"classId":"r_16","type":"linked","directed":false,"entities":["s1v1|e_14|3367,3375","s1v1|e_2|3310,3414"],"confidence":{"state":"pre-added","who":["user:gcsenge"],"prob":1}},{"classId":"r_16","type":"linked","directed":false,"entities":["s1v1|e_14|3377,3378","s1v1|e_2|3310,3414"],"confidence":{"state":"pre-added","who":["user:gcsenge"],"prob":1}},{"classId":"r_16","type":"linked","directed":false,"entities":["s1v1|e_14|3389,3400","s1v1|e_2|3310,3414"],"confidence":{"state":"pre-added","who":["user:gcsenge"],"prob":1}},{"classId":"r_16","type":"linked","directed":false,"entities":["s1v1|e_14|3406,3414","s1v1|e_2|3310,3414"],"confidence":{"state":"pre-added","who":["user:gcsenge"],"prob":1}},{"classId":"r_16","type":"linked","directed":false,"entities":["s1v1|e_14|3543,3554","s1v1|e_2|3534,3600"],"confidence":{"state":"pre-added","who":["user:TarCintia"],"prob":1}},{"classId":"r_16","type":"linked","directed":false,"entities":["s1v1|e_14|3556,3564","s1v1|e_2|3534,3600"],"confidence":{"state":"pre-added","who":["user:TarCintia"],"prob":1}},{"classId":"r_16","type":"linked","directed":false,"entities":["s1v1|e_14|3579,3588","s1v1|e_2|3534,3600"],"confidence":{"state":"pre-added","who":["user:TarCintia"],"prob":1}},{"classId":"r_16","type":"linked","directed":false,"entities":["s1v1|e_14|3595,3600","s1v1|e_2|3534,3600"],"confidence":{"state":"pre-added","who":["user:TarCintia"],"prob":1}},{"classId":"r_16","type":"linked","directed":false,"entities":["s1v1|e_14|3603,3624","s1v1|e_2|3603,3662"],"confidence":{"state":"pre-added","who":["user:TarCintia"],"prob":1}},{"classId":"r_16","type":"linked","directed":false,"entities":["s1v1|e_14|3635,3659","s1v1|e_2|3603,3662"],"confidence":{"state":"pre-added","who":["user:TarCintia"],"prob":1}},{"classId":"r_18","type":"linked","directed":false,"entities":["s1v1|e_14|184,203","s1v1|e_4|174,203"],"confidence":{"state":"pre-added","who":["user:TarCintia"],"prob":1}},{"classId":"r_18","type":"linked","directed":false,"entities":["s1v1|e_14|292,311","s1v1|e_4|282,311"],"confidence":{"state":"pre-added","who":["user:TarCintia"],"prob":1}},{"classId":"r_18","type":"linked","directed":false,"entities":["s1v1|e_14|325,331","s1v1|e_4|282,311"],"confidence":{"state":"pre-added","who":["user:TarCintia"],"prob":1}},{"classId":"r_18","type":"linked","directed":false,"entities":["s1v1|e_14|333,335","s1v1|e_4|282,311"],"confidence":{"state":"pre-added","who":["user:gcsenge"],"prob":1}},{"classId":"r_18","type":"linked","directed":false,"entities":["s1v1|e_14|2449,2454","s1v1|e_4|2446,2535"],"confidence":{"state":"pre-added","who":["user:TarCintia"],"prob":1}},{"classId":"r_18","type":"linked","directed":false,"entities":["s1v1|e_14|2456,2471","s1v1|e_4|2446,2535"],"confidence":{"state":"pre-added","who":["user:TarCintia"],"prob":1}},{"classId":"r_18","type":"linked","directed":false,"entities":["s1v1|e_14|2478,2507","s1v1|e_4|2446,2535"],"confidence":{"state":"pre-added","who":["user:TarCintia"],"prob":1}},{"classId":"r_18","type":"linked","directed":false,"entities":["s1v1|e_14|2509,2535","s1v1|e_4|2446,2535"],"confidence":{"state":"pre-added","who":["user:TarCintia"],"prob":1}},{"classId":"r_19","type":"linked","directed":false,"entities":["s1v1|e_14|119,138","s1v1|e_5|114,171"],"confidence":{"state":"pre-added","who":["user:TarCintia"],"prob":1}},{"classId":"r_19","type":"linked","directed":false,"entities":["s1v1|e_14|147,148","s1v1|e_5|114,171"],"confidence":{"state":"pre-added","who":["user:TarCintia"],"prob":1}},{"classId":"r_19","type":"linked","directed":false,"entities":["s1v1|e_14|150,164","s1v1|e_5|114,171"],"confidence":{"state":"pre-added","who":["user:TarCintia"],"prob":1}},{"classId":"r_19","type":"linked","directed":false,"entities":["s1v1|e_14|493,533","s1v1|e_5|488,620"],"confidence":{"state":"pre-added","who":["user:TarCintia"],"prob":1}},{"classId":"r_19","type":"linked","directed":false,"entities":["s1v1|e_14|535,542","s1v1|e_5|488,620"],"confidence":{"state":"pre-added","who":["user:TarCintia"],"prob":1}},{"classId":"r_19","type":"linked","directed":false,"entities":["s1v1|e_14|544,560","s1v1|e_5|488,620"],"confidence":{"state":"pre-added","who":["user:TarCintia"],"prob":1}},{"classId":"r_19","type":"linked","directed":false,"entities":["s1v1|e_14|563,577","s1v1|e_5|488,620"],"confidence":{"state":"pre-added","who":["user:TarCintia"],"prob":1}},{"classId":"r_19","type":"linked","directed":false,"entities":["s1v1|e_14|588,611","s1v1|e_5|488,620"],"confidence":{"state":"pre-added","who":["user:TarCintia"],"prob":1}},{"classId":"r_19","type":"linked","directed":false,"entities":["s1v1|e_14|814,824","s1v1|e_5|814,862"],"confidence":{"state":"pre-added","who":["user:TarCintia"],"prob":1}},{"classId":"r_19","type":"linked","directed":false,"entities":["s1v1|e_14|826,862","s1v1|e_5|814,862"],"confidence":{"state":"pre-added","who":["user:TarCintia"],"prob":1}},{"classId":"r_19","type":"linked","directed":false,"entities":["s1v1|e_14|978,992","s1v1|e_5|995,1080"],"confidence":{"state":"pre-added","who":["user:TarCintia"],"prob":1}},{"classId":"r_19","type":"linked","directed":false,"entities":["s1v1|e_14|1014,1028","s1v1|e_5|995,1080"],"confidence":{"state":"pre-added","who":["user:TarCintia"],"prob":1}},{"classId":"r_19","type":"linked","directed":false,"entities":["s1v1|e_14|1033,1045","s1v1|e_5|995,1080"],"confidence":{"state":"pre-added","who":["user:TarCintia"],"prob":1}},{"classId":"r_19","type":"linked","directed":false,"entities":["s1v1|e_14|1065,1080","s1v1|e_5|995,1080"],"confidence":{"state":"pre-added","who":["user:TarCintia"],"prob":1}},{"classId":"r_19","type":"linked","directed":false,"entities":["s1v1|e_14|1093,1147","s1v1|e_5|995,1080"],"confidence":{"state":"pre-added","who":["user:TarCintia"],"prob":1}},{"classId":"r_19","type":"linked","directed":false,"entities":["s1v1|e_14|1189,1250","s1v1|e_5|1155,1250"],"confidence":{"state":"pre-added","who":["user:TarCintia"],"prob":1}},{"classId":"r_19","type":"linked","directed":false,"entities":["s1v1|e_14|1908,1910","s1v1|e_5|1908,1971"],"confidence":{"state":"pre-added","who":["user:gcsenge"],"prob":1}},{"classId":"r_19","type":"linked","directed":false,"entities":["s1v1|e_14|1920,1943","s1v1|e_5|1908,1971"],"confidence":{"state":"pre-added","who":["user:TarCintia"],"prob":1}},{"classId":"r_19","type":"linked","directed":false,"entities":["s1v1|e_14|1945,1970","s1v1|e_5|1908,1971"],"confidence":{"state":"pre-added","who":["user:TarCintia"],"prob":1}},{"classId":"r_19","type":"linked","directed":false,"entities":["s1v1|e_14|2129,2143","s1v1|e_5|2126,2210"],"confidence":{"state":"pre-added","who":["user:TarCintia"],"prob":1}},{"classId":"r_19","type":"linked","directed":false,"entities":["s1v1|e_14|2158,2173","s1v1|e_5|2126,2210"],"confidence":{"state":"pre-added","who":["user:TarCintia"],"prob":1}},{"classId":"r_19","type":"linked","directed":false,"entities":["s1v1|e_14|2185,2210","s1v1|e_5|2126,2210"],"confidence":{"state":"pre-added","who":["user:TarCintia"],"prob":1}},{"classId":"r_19","type":"linked","directed":false,"entities":["s1v1|e_14|2538,2553","s1v1|e_5|2538,2688"],"confidence":{"state":"pre-added","who":["user:TarCintia"],"prob":1}},{"classId":"r_19","type":"linked","directed":false,"entities":["s1v1|e_14|2555,2579","s1v1|e_5|2538,2688"],"confidence":{"state":"pre-added","who":["user:TarCintia"],"prob":1}},{"classId":"r_19","type":"linked","directed":false,"entities":["s1v1|e_14|2581,2608","s1v1|e_5|2538,2688"],"confidence":{"state":"pre-added","who":["user:TarCintia"],"prob":1}},{"classId":"r_19","type":"linked","directed":false,"entities":["s1v1|e_14|2610,2621","s1v1|e_5|2538,2688"],"confidence":{"state":"pre-added","who":["user:TarCintia"],"prob":1}},{"classId":"r_19","type":"linked","directed":false,"entities":["s1v1|e_14|2634,2652","s1v1|e_5|2538,2688"],"confidence":{"state":"pre-added","who":["user:TarCintia"],"prob":1}},{"classId":"r_19","type":"linked","directed":false,"entities":["s1v1|e_14|2674,2677","s1v1|e_5|2538,2688"],"confidence":{"state":"pre-added","who":["user:TarCintia"],"prob":1}},{"classId":"r_19","type":"linked","directed":false,"entities":["s1v1|e_14|3001,3026","s1v1|e_5|3029,3104"],"confidence":{"state":"pre-added","who":["user:TarCintia"],"prob":1}},{"classId":"r_19","type":"linked","directed":false,"entities":["s1v1|e_14|3038,3045","s1v1|e_5|3029,3104"],"confidence":{"state":"pre-added","who":["user:TarCintia"],"prob":1}},{"classId":"r_19","type":"linked","directed":false,"entities":["s1v1|e_14|3047,3069","s1v1|e_5|3029,3104"],"confidence":{"state":"pre-added","who":["user:TarCintia"],"prob":1}},{"classId":"r_19","type":"linked","directed":false,"entities":["s1v1|e_14|3089,3104","s1v1|e_5|3029,3104"],"confidence":{"state":"pre-added","who":["user:TarCintia"],"prob":1}},{"classId":"r_19","type":"linked","directed":false,"entities":["s1v1|e_14|3668,3677","s1v1|e_5|3665,3739"],"confidence":{"state":"pre-added","who":["user:TarCintia"],"prob":1}},{"classId":"r_19","type":"linked","directed":false,"entities":["s1v1|e_14|3684,3729","s1v1|e_5|3665,3739"],"confidence":{"state":"pre-added","who":["user:TarCintia"],"prob":1}},{"classId":"r_19","type":"linked","directed":false,"entities":["s1v1|e_14|3978,4027","s1v1|e_5|3973,4084"],"confidence":{"state":"pre-added","who":["user:TarCintia"],"prob":1}},{"classId":"r_19","type":"linked","directed":false,"entities":["s1v1|e_14|4047,4068","s1v1|e_5|3973,4084"],"confidence":{"state":"pre-added","who":["user:TarCintia"],"prob":1}},{"classId":"r_19","type":"linked","directed":false,"entities":["s1v1|e_14|4070,4083","s1v1|e_5|3973,4084"],"confidence":{"state":"pre-added","who":["user:TarCintia"],"prob":1}},{"classId":"r_19","type":"linked","directed":false,"entities":["s1v1|e_14|4234,4259","s1v1|e_5|4319,4349"],"confidence":{"state":"pre-added","who":["user:TarCintia"],"prob":1}},{"classId":"r_19","type":"linked","directed":false,"entities":["s1v1|e_14|4261,4276","s1v1|e_5|4319,4349"],"confidence":{"state":"pre-added","who":["user:TarCintia"],"prob":1}},{"classId":"r_19","type":"linked","directed":false,"entities":["s1v1|e_14|4278,4289","s1v1|e_5|4319,4349"],"confidence":{"state":"pre-added","who":["user:TarCintia"],"prob":1}},{"classId":"r_19","type":"linked","directed":false,"entities":["s1v1|e_14|4294,4305","s1v1|e_5|4319,4349"],"confidence":{"state":"pre-added","who":["user:TarCintia"],"prob":1}},{"classId":"r_19","type":"linked","directed":false,"entities":["s1v1|e_14|4328,4330","s1v1|e_5|4319,4349"],"confidence":{"state":"pre-added","who":["user:gcsenge"],"prob":1}},{"classId":"r_19","type":"linked","directed":false,"entities":["s1v1|e_14|4340,4349","s1v1|e_5|4319,4349"],"confidence":{"state":"pre-added","who":["user:TarCintia"],"prob":1}},{"classId":"r_19","type":"linked","directed":false,"entities":["s1v1|e_14|4357,4373","s1v1|e_5|4319,4349"],"confidence":{"state":"pre-added","who":["user:TarCintia"],"prob":1}},{"classId":"r_19","type":"linked","directed":false,"entities":["s1v1|e_14|4382,4400","s1v1|e_5|4376,4436"],"confidence":{"state":"pre-added","who":["user:TarCintia"],"prob":1}},{"classId":"r_19","type":"linked","directed":false,"entities":["s1v1|e_14|4412,4436","s1v1|e_5|4376,4436"],"confidence":{"state":"pre-added","who":["user:TarCintia"],"prob":1}},{"classId":"r_19","type":"linked","directed":false,"entities":["s1v1|e_14|4477,4503","s1v1|e_5|4506,4555"],"confidence":{"state":"pre-added","who":["user:TarCintia"],"prob":1}},{"classId":"r_19","type":"linked","directed":false,"entities":["s1v1|e_14|4512,4555","s1v1|e_5|4506,4555"],"confidence":{"state":"pre-added","who":["user:TarCintia"],"prob":1}},{"classId":"r_19","type":"linked","directed":false,"entities":["s1v1|e_14|4630,4647","s1v1|e_5|4625,4744"],"confidence":{"state":"pre-added","who":["user:TarCintia"],"prob":1}},{"classId":"r_19","type":"linked","directed":false,"entities":["s1v1|e_14|4687,4741","s1v1|e_5|4625,4744"],"confidence":{"state":"pre-added","who":["user:TarCintia"],"prob":1}},{"classId":"r_20","type":"linked","directed":false,"entities":["s1v1|e_14|2690,2697","s1v1|e_6|2690,2880"],"confidence":{"state":"pre-added","who":["user:TarCintia"],"prob":1}},{"classId":"r_20","type":"linked","directed":false,"entities":["s1v1|e_14|2702,2707","s1v1|e_6|2690,2880"],"confidence":{"state":"pre-added","who":["user:TarCintia"],"prob":1}},{"classId":"r_20","type":"linked","directed":false,"entities":["s1v1|e_14|2710,2733","s1v1|e_6|2690,2880"],"confidence":{"state":"pre-added","who":["user:TarCintia"],"prob":1}},{"classId":"r_20","type":"linked","directed":false,"entities":["s1v1|e_14|2738,2756","s1v1|e_6|2690,2880"],"confidence":{"state":"pre-added","who":["user:TarCintia"],"prob":1}},{"classId":"r_20","type":"linked","directed":false,"entities":["s1v1|e_14|2759,2776","s1v1|e_6|2690,2880"],"confidence":{"state":"pre-added","who":["user:TarCintia"],"prob":1}},{"classId":"r_20","type":"linked","directed":false,"entities":["s1v1|e_14|2781,2791","s1v1|e_6|2690,2880"],"confidence":{"state":"pre-added","who":["user:TarCintia"],"prob":1}},{"classId":"r_20","type":"linked","directed":false,"entities":["s1v1|e_14|2794,2807","s1v1|e_6|2690,2880"],"confidence":{"state":"pre-added","who":["user:TarCintia"],"prob":1}},{"classId":"r_20","type":"linked","directed":false,"entities":["s1v1|e_14|2812,2824","s1v1|e_6|2690,2880"],"confidence":{"state":"pre-added","who":["user:TarCintia"],"prob":1}},{"classId":"r_20","type":"linked","directed":false,"entities":["s1v1|e_14|2833,2880","s1v1|e_6|2690,2880"],"confidence":{"state":"pre-added","who":["user:TarCintia"],"prob":1}},{"classId":"r_20","type":"linked","directed":false,"entities":["s1v1|e_14|3417,3468","s1v1|e_6|3417,3531"],"confidence":{"state":"pre-added","who":["user:gcsenge"],"prob":1}},{"classId":"r_20","type":"linked","directed":false,"entities":["s1v1|e_14|3470,3510","s1v1|e_6|3417,3531"],"confidence":{"state":"pre-added","who":["user:gcsenge"],"prob":1}},{"classId":"r_20","type":"linked","directed":false,"entities":["s1v1|e_14|3796,3833","s1v1|e_6|3836,3924"],"confidence":{"state":"pre-added","who":["user:TarCintia"],"prob":1}},{"classId":"r_20","type":"linked","directed":false,"entities":["s1v1|e_14|3836,3853","s1v1|e_6|3836,3924"],"confidence":{"state":"pre-added","who":["user:TarCintia"],"prob":1}},{"classId":"r_20","type":"linked","directed":false,"entities":["s1v1|e_14|3855,3872","s1v1|e_6|3836,3924"],"confidence":{"state":"pre-added","who":["user:TarCintia"],"prob":1}},{"classId":"r_20","type":"linked","directed":false,"entities":["s1v1|e_14|3877,3898","s1v1|e_6|3836,3924"],"confidence":{"state":"pre-added","who":["user:TarCintia"],"prob":1}},{"classId":"r_20","type":"linked","directed":false,"entities":["s1v1|e_14|3900,3924","s1v1|e_6|3836,3924"],"confidence":{"state":"pre-added","who":["user:TarCintia"],"prob":1}},{"classId":"r_20","type":"linked","directed":false,"entities":["s1v1|e_14|4093,4109","s1v1|e_6|4147,4214"],"confidence":{"state":"pre-added","who":["user:TarCintia"],"prob":1}},{"classId":"r_20","type":"linked","directed":false,"entities":["s1v1|e_14|4111,4144","s1v1|e_6|4147,4214"],"confidence":{"state":"pre-added","who":["user:TarCintia"],"prob":1}},{"classId":"r_20","type":"linked","directed":false,"entities":["s1v1|e_14|4156,4158","s1v1|e_6|4147,4214"],"confidence":{"state":"pre-added","who":["user:gcsenge"],"prob":1}},{"classId":"r_20","type":"linked","directed":false,"entities":["s1v1|e_14|4160,4165","s1v1|e_6|4147,4214"],"confidence":{"state":"pre-added","who":["user:TarCintia"],"prob":1}},{"classId":"r_20","type":"linked","directed":false,"entities":["s1v1|e_14|4198,4214","s1v1|e_6|4147,4214"],"confidence":{"state":"pre-added","who":["user:TarCintia"],"prob":1}}]}