{"annotatable":{"parts":["s1v1"]},"anncomplete":false,"sources":[],"metas":{},"entities":[{"classId":"e_2","part":"s1v1","offsets":[{"start":66,"text":"de még mindig nincs semmilyen érdemi előrelépés a kormány részéről az oktatáspolitikában"}],"coordinates":[],"confidence":{"state":"pre-added","who":["user:TarCintia"],"prob":1},"fields":{},"normalizations":{}},{"classId":"e_14","part":"s1v1","offsets":[{"start":69,"text":"még mindig"}],"coordinates":[],"confidence":{"state":"pre-added","who":["user:TarCintia"],"prob":1},"fields":{},"normalizations":{}},{"classId":"e_13","part":"s1v1","offsets":[{"start":86,"text":"semmilyen"}],"coordinates":[],"confidence":{"state":"pre-added","who":["user:TarCintia"],"prob":1},"fields":{},"normalizations":{}},{"classId":"e_14","part":"s1v1","offsets":[{"start":86,"text":"semmilyen érdemi előrelépés"}],"coordinates":[],"confidence":{"state":"pre-added","who":["user:TarCintia"],"prob":1},"fields":{},"normalizations":{}},{"classId":"e_14","part":"s1v1","offsets":[{"start":114,"text":"a kormány részéről"}],"coordinates":[],"confidence":{"state":"pre-added","who":["user:TarCintia"],"prob":1},"fields":{},"normalizations":{}},{"classId":"e_14","part":"s1v1","offsets":[{"start":133,"text":"az oktatáspolitikában"}],"coordinates":[],"confidence":{"state":"pre-added","who":["user:TarCintia"],"prob":1},"fields":{},"normalizations":{}},{"classId":"e_5","part":"s1v1","offsets":[{"start":156,"text":"Továbbra is csupán a kommunikációs fogásokat próbálják a valódi változtatás helyett."}],"coordinates":[],"confidence":{"state":"pre-added","who":["user:TarCintia"],"prob":1},"fields":{},"normalizations":{}},{"classId":"e_14","part":"s1v1","offsets":[{"start":156,"text":"Továbbra"}],"coordinates":[],"confidence":{"state":"pre-added","who":["user:TarCintia"],"prob":1},"fields":{},"normalizations":{}},{"classId":"e_14","part":"s1v1","offsets":[{"start":175,"text":"a kommunikációs fogásokat"}],"coordinates":[],"confidence":{"state":"pre-added","who":["user:TarCintia"],"prob":1},"fields":{},"normalizations":{}},{"classId":"e_13","part":"s1v1","offsets":[{"start":177,"text":"kommunikációs fogásokat"}],"coordinates":[],"confidence":{"state":"pre-added","who":["user:TarCintia"],"prob":1},"fields":{},"normalizations":{}},{"classId":"e_14","part":"s1v1","offsets":[{"start":211,"text":"a valódi változtatás helyett"}],"coordinates":[],"confidence":{"state":"pre-added","who":["user:TarCintia"],"prob":1},"fields":{},"normalizations":{}},{"classId":"e_6","part":"s1v1","offsets":[{"start":241,"text":"Miután Orbán Viktor miniszterelnök viccnek nevezte a pedagógusok követeléseit"}],"coordinates":[],"confidence":{"state":"pre-added","who":["user:TarCintia"],"prob":1},"fields":{},"normalizations":{}},{"classId":"e_14","part":"s1v1","offsets":[{"start":248,"text":"Orbán Viktor miniszterelnök"}],"coordinates":[],"confidence":{"state":"pre-added","who":["user:TarCintia"],"prob":1},"fields":{},"normalizations":{}},{"classId":"e_13","part":"s1v1","offsets":[{"start":276,"text":"viccnek"}],"coordinates":[],"confidence":{"state":"pre-added","who":["user:TarCintia"],"prob":1},"fields":{},"normalizations":{}},{"classId":"e_14","part":"s1v1","offsets":[{"start":276,"text":"viccnek"}],"coordinates":[],"confidence":{"state":"pre-added","who":["user:TarCintia"],"prob":1},"fields":{},"normalizations":{}},{"classId":"e_14","part":"s1v1","offsets":[{"start":292,"text":"a pedagógusok követeléseit"}],"coordinates":[],"confidence":{"state":"pre-added","who":["user:TarCintia"],"prob":1},"fields":{},"normalizations":{}},{"classId":"e_5","part":"s1v1","offsets":[{"start":320,"text":"illetve Németh Szilárd, a Fidesz alelnöke kommunistázott egy hangosat"}],"coordinates":[],"confidence":{"state":"pre-added","who":["user:TarCintia"],"prob":1},"fields":{},"normalizations":{}},{"classId":"e_14","part":"s1v1","offsets":[{"start":328,"text":"Németh Szilárd, a Fidesz alelnöke"}],"coordinates":[],"confidence":{"state":"pre-added","who":["user:TarCintia"],"prob":1},"fields":{},"normalizations":{}},{"classId":"e_13","part":"s1v1","offsets":[{"start":362,"text":"kommunistázott"}],"coordinates":[],"confidence":{"state":"pre-added","who":["user:TarCintia"],"prob":1},"fields":{},"normalizations":{}},{"classId":"e_14","part":"s1v1","offsets":[{"start":377,"text":"egy hangosat"}],"coordinates":[],"confidence":{"state":"pre-added","who":["user:TarCintia"],"prob":1},"fields":{},"normalizations":{}},{"classId":"e_6","part":"s1v1","offsets":[{"start":391,"text":"a múlt héten kipróbáltak egy újabb trükköt"}],"coordinates":[],"confidence":{"state":"pre-added","who":["user:TarCintia"],"prob":1},"fields":{},"normalizations":{}},{"classId":"e_14","part":"s1v1","offsets":[{"start":391,"text":"a múlt héten"}],"coordinates":[],"confidence":{"state":"pre-added","who":["user:TarCintia"],"prob":1},"fields":{},"normalizations":{}},{"classId":"e_14","part":"s1v1","offsets":[{"start":416,"text":"egy újabb trükköt"}],"coordinates":[],"confidence":{"state":"pre-added","who":["user:TarCintia"],"prob":1},"fields":{},"normalizations":{}},{"classId":"e_13","part":"s1v1","offsets":[{"start":426,"text":"trükköt"}],"coordinates":[],"confidence":{"state":"pre-added","who":["user:TarCintia"],"prob":1},"fields":{},"normalizations":{}},{"classId":"e_14","part":"s1v1","offsets":[{"start":435,"text":"Rétvári Bence államtitkár"}],"coordinates":[],"confidence":{"state":"pre-added","who":["user:TarCintia"],"prob":1},"fields":{},"normalizations":{}},{"classId":"e_4","part":"s1v1","offsets":[{"start":475,"text":"hogy a kormány megszünteti a KLIK?et"}],"coordinates":[],"confidence":{"state":"pre-added","who":["user:TarCintia"],"prob":1},"fields":{},"normalizations":{}},{"classId":"e_14","part":"s1v1","offsets":[{"start":480,"text":"a kormány"}],"coordinates":[],"confidence":{"state":"pre-added","who":["user:TarCintia"],"prob":1},"fields":{},"normalizations":{}},{"classId":"e_13","part":"s1v1","offsets":[{"start":490,"text":"megszünteti"}],"coordinates":[],"confidence":{"state":"pre-added","who":["user:TarCintia"],"prob":1},"fields":{},"normalizations":{}},{"classId":"e_14","part":"s1v1","offsets":[{"start":502,"text":"a KLIK?et"}],"coordinates":[],"confidence":{"state":"pre-added","who":["user:TarCintia"],"prob":1},"fields":{},"normalizations":{}},{"classId":"e_14","part":"s1v1","offsets":[{"start":513,"text":"Azt a látszatot"}],"coordinates":[],"confidence":{"state":"pre-added","who":["user:TarCintia"],"prob":1},"fields":{},"normalizations":{}},{"classId":"e_6","part":"s1v1","offsets":[{"start":513,"text":"Azt a látszatot keltette, mintha a kormány által összehívott egyeztetésnek végre értelme is lenne"}],"coordinates":[],"confidence":{"state":"pre-added","who":["user:TarCintia"],"prob":1},"fields":{},"normalizations":{}},{"classId":"e_13","part":"s1v1","offsets":[{"start":519,"text":"látszatot"}],"coordinates":[],"confidence":{"state":"pre-added","who":["user:TarCintia"],"prob":1},"fields":{},"normalizations":{}},{"classId":"e_14","part":"s1v1","offsets":[{"start":546,"text":"a kormány által összehívott egyeztetésnek"}],"coordinates":[],"confidence":{"state":"pre-added","who":["user:TarCintia"],"prob":1},"fields":{},"normalizations":{}},{"classId":"e_14","part":"s1v1","offsets":[{"start":588,"text":"végre"}],"coordinates":[],"confidence":{"state":"pre-added","who":["user:TarCintia"],"prob":1},"fields":{},"normalizations":{}},{"classId":"e_14","part":"s1v1","offsets":[{"start":594,"text":"értelme"}],"coordinates":[],"confidence":{"state":"pre-added","who":["user:TarCintia"],"prob":1},"fields":{},"normalizations":{}},{"classId":"e_5","part":"s1v1","offsets":[{"start":612,"text":"holott a bejelentés a köznevelési kerekasztal ülése előtt pár órával és az aktuális kormányülés előtt egy nappal történt meg"}],"coordinates":[],"confidence":{"state":"pre-added","who":["user:TarCintia"],"prob":1},"fields":{},"normalizations":{}},{"classId":"e_14","part":"s1v1","offsets":[{"start":619,"text":"a bejelentés"}],"coordinates":[],"confidence":{"state":"pre-added","who":["user:TarCintia"],"prob":1},"fields":{},"normalizations":{}},{"classId":"e_14","part":"s1v1","offsets":[{"start":632,"text":"a köznevelési kerekasztal ülése előtt pár órával"}],"coordinates":[],"confidence":{"state":"pre-added","who":["user:TarCintia"],"prob":1},"fields":{},"normalizations":{}},{"classId":"e_14","part":"s1v1","offsets":[{"start":684,"text":"az aktuális kormányülés előtt egy nappal"}],"coordinates":[],"confidence":{"state":"pre-added","who":["user:TarCintia"],"prob":1},"fields":{},"normalizations":{}},{"classId":"e_13","part":"s1v1","offsets":[{"start":725,"text":"történt meg"}],"coordinates":[],"confidence":{"state":"pre-added","who":["user:TarCintia"],"prob":1},"fields":{},"normalizations":{}},{"classId":"e_5","part":"s1v1","offsets":[{"start":761,"text":"hogy Habony Árpád döntötte el, hogy megszűnik a KLIK"}],"coordinates":[],"confidence":{"state":"pre-added","who":["user:TarCintia"],"prob":1},"fields":{},"normalizations":{}},{"classId":"e_14","part":"s1v1","offsets":[{"start":766,"text":"Habony Árpád"}],"coordinates":[],"confidence":{"state":"pre-added","who":["user:TarCintia"],"prob":1},"fields":{},"normalizations":{}},{"classId":"e_13","part":"s1v1","offsets":[{"start":779,"text":"döntötte el"}],"coordinates":[],"confidence":{"state":"pre-added","who":["user:TarCintia"],"prob":1},"fields":{},"normalizations":{}},{"classId":"e_13","part":"s1v1","offsets":[{"start":797,"text":"megszűnik"}],"coordinates":[],"confidence":{"state":"pre-added","who":["user:TarCintia"],"prob":1},"fields":{},"normalizations":{}},{"classId":"e_14","part":"s1v1","offsets":[{"start":807,"text":"a KLIK"}],"coordinates":[],"confidence":{"state":"pre-added","who":["user:TarCintia"],"prob":1},"fields":{},"normalizations":{}},{"classId":"e_2","part":"s1v1","offsets":[{"start":865,"text":"mint egy újabb kommunikációs fogás"}],"coordinates":[],"confidence":{"state":"pre-added","who":["user:TarCintia"],"prob":1},"fields":{},"normalizations":{}},{"classId":"e_14","part":"s1v1","offsets":[{"start":870,"text":"egy újabb kommunikációs fogás"}],"coordinates":[],"confidence":{"state":"pre-added","who":["user:TarCintia"],"prob":1},"fields":{},"normalizations":{}},{"classId":"e_13","part":"s1v1","offsets":[{"start":880,"text":"kommunikációs fogás"}],"coordinates":[],"confidence":{"state":"pre-added","who":["user:TarCintia"],"prob":1},"fields":{},"normalizations":{}},{"classId":"e_5","part":"s1v1","offsets":[{"start":901,"text":"Pár hete még az ellenkezőjével próbálkoztak, pontosan az ellenkezőjével"}],"coordinates":[],"confidence":{"state":"pre-added","who":["user:TarCintia"],"prob":1},"fields":{},"normalizations":{}},{"classId":"e_14","part":"s1v1","offsets":[{"start":901,"text":"Pár hete"}],"coordinates":[],"confidence":{"state":"pre-added","who":["user:TarCintia"],"prob":1},"fields":{},"normalizations":{}},{"classId":"e_14","part":"s1v1","offsets":[{"start":914,"text":"az ellenkezőjével"}],"coordinates":[],"confidence":{"state":"pre-added","who":["user:TarCintia"],"prob":1},"fields":{},"normalizations":{}},{"classId":"e_13","part":"s1v1","offsets":[{"start":917,"text":"ellenkezőjével"}],"coordinates":[],"confidence":{"state":"pre-added","who":["user:TarCintia"],"prob":1},"fields":{},"normalizations":{}},{"classId":"e_14","part":"s1v1","offsets":[{"start":946,"text":"pontosan az ellenkezőjével"}],"coordinates":[],"confidence":{"state":"pre-added","who":["user:TarCintia"],"prob":1},"fields":{},"normalizations":{}},{"classId":"e_13","part":"s1v1","offsets":[{"start":958,"text":"ellenkezőjével"}],"coordinates":[],"confidence":{"state":"pre-added","who":["user:TarCintia"],"prob":1},"fields":{},"normalizations":{}},{"classId":"e_14","part":"s1v1","offsets":[{"start":981,"text":"a köznevelési kerekasztal ülése után"}],"coordinates":[],"confidence":{"state":"pre-added","who":["user:TarCintia"],"prob":1},"fields":{},"normalizations":{}},{"classId":"e_4","part":"s1v1","offsets":[{"start":1038,"text":"hogy szükség van a KLIK-re mint állami fenntartóra, és ebben egyetértettek a résztvevők"}],"coordinates":[],"confidence":{"state":"pre-added","who":["user:TarCintia"],"prob":1},"fields":{},"normalizations":{}},{"classId":"e_13","part":"s1v1","offsets":[{"start":1043,"text":"szükség"}],"coordinates":[],"confidence":{"state":"pre-added","who":["user:TarCintia"],"prob":1},"fields":{},"normalizations":{}},{"classId":"e_14","part":"s1v1","offsets":[{"start":1055,"text":"a KLIK-re mint állami fenntartóra"}],"coordinates":[],"confidence":{"state":"pre-added","who":["user:TarCintia"],"prob":1},"fields":{},"normalizations":{}},{"classId":"e_13","part":"s1v1","offsets":[{"start":1099,"text":"egyetértettek"}],"coordinates":[],"confidence":{"state":"pre-added","who":["user:TarCintia"],"prob":1},"fields":{},"normalizations":{}},{"classId":"e_14","part":"s1v1","offsets":[{"start":1113,"text":"a résztvevők"}],"coordinates":[],"confidence":{"state":"pre-added","who":["user:TarCintia"],"prob":1},"fields":{},"normalizations":{}},{"classId":"e_5","part":"s1v1","offsets":[{"start":1143,"text":"hogy a résztvevők mégsem értettek ebben egyet"}],"coordinates":[],"confidence":{"state":"pre-added","who":["user:TarCintia"],"prob":1},"fields":{},"normalizations":{}},{"classId":"e_14","part":"s1v1","offsets":[{"start":1148,"text":"a résztvevők"}],"coordinates":[],"confidence":{"state":"pre-added","who":["user:TarCintia"],"prob":1},"fields":{},"normalizations":{}},{"classId":"e_13","part":"s1v1","offsets":[{"start":1161,"text":"mégsem értettek ebben egyet"}],"coordinates":[],"confidence":{"state":"pre-added","who":["user:TarCintia"],"prob":1},"fields":{},"normalizations":{}},{"classId":"e_2","part":"s1v1","offsets":[{"start":1195,"text":"hogy előrelépésről most sincs szó"}],"coordinates":[],"confidence":{"state":"pre-added","who":["user:TarCintia"],"prob":1},"fields":{},"normalizations":{}},{"classId":"e_14","part":"s1v1","offsets":[{"start":1200,"text":"előrelépésről"}],"coordinates":[],"confidence":{"state":"pre-added","who":["user:TarCintia"],"prob":1},"fields":{},"normalizations":{}},{"classId":"e_14","part":"s1v1","offsets":[{"start":1214,"text":"most"}],"coordinates":[],"confidence":{"state":"pre-added","who":["user:TarCintia"],"prob":1},"fields":{},"normalizations":{}},{"classId":"e_13","part":"s1v1","offsets":[{"start":1219,"text":"sincs szó"}],"coordinates":[],"confidence":{"state":"pre-added","who":["user:TarCintia"],"prob":1},"fields":{},"normalizations":{}},{"classId":"e_14","part":"s1v1","offsets":[{"start":1250,"text":"Rétvári Bence"}],"coordinates":[],"confidence":{"state":"pre-added","who":["user:TarCintia"],"prob":1},"fields":{},"normalizations":{}},{"classId":"e_2","part":"s1v1","offsets":[{"start":1281,"text":"hogy nem szüntetik meg a központosítást, és az iskolarendszer sem számíthat több forrásra, holott a KLIK megszüntetése vajmi kevés akkor"}],"coordinates":[],"confidence":{"state":"pre-added","who":["user:TarCintia"],"prob":1},"fields":{},"normalizations":{}},{"classId":"e_13","part":"s1v1","offsets":[{"start":1286,"text":"nem szüntetik meg"}],"coordinates":[],"confidence":{"state":"pre-added","who":["user:TarCintia"],"prob":1},"fields":{},"normalizations":{}},{"classId":"e_14","part":"s1v1","offsets":[{"start":1304,"text":"a központosítást"}],"coordinates":[],"confidence":{"state":"pre-added","who":["user:TarCintia"],"prob":1},"fields":{},"normalizations":{}},{"classId":"e_14","part":"s1v1","offsets":[{"start":1325,"text":"az iskolarendszer"}],"coordinates":[],"confidence":{"state":"pre-added","who":["user:TarCintia"],"prob":1},"fields":{},"normalizations":{}},{"classId":"e_13","part":"s1v1","offsets":[{"start":1343,"text":"sem számíthat"}],"coordinates":[],"confidence":{"state":"pre-added","who":["user:TarCintia"],"prob":1},"fields":{},"normalizations":{}},{"classId":"e_14","part":"s1v1","offsets":[{"start":1357,"text":"több forrásra"}],"coordinates":[],"confidence":{"state":"pre-added","who":["user:TarCintia"],"prob":1},"fields":{},"normalizations":{}},{"classId":"e_14","part":"s1v1","offsets":[{"start":1379,"text":"a KLIK megszüntetése"}],"coordinates":[],"confidence":{"state":"pre-added","who":["user:TarCintia"],"prob":1},"fields":{},"normalizations":{}},{"classId":"e_14","part":"s1v1","offsets":[{"start":1400,"text":"vajmi kevés"}],"coordinates":[],"confidence":{"state":"pre-added","who":["user:TarCintia"],"prob":1},"fields":{},"normalizations":{}},{"classId":"e_13","part":"s1v1","offsets":[{"start":1406,"text":"kevés"}],"coordinates":[],"confidence":{"state":"pre-added","who":["user:TarCintia"],"prob":1},"fields":{},"normalizations":{}},{"classId":"e_6","part":"s1v1","offsets":[{"start":1419,"text":"ha csak átfestik vagy átnevezik az intézményt"}],"coordinates":[],"confidence":{"state":"pre-added","who":["user:TarCintia"],"prob":1},"fields":{},"normalizations":{}},{"classId":"e_13","part":"s1v1","offsets":[{"start":1427,"text":"átfestik"}],"coordinates":[],"confidence":{"state":"pre-added","who":["user:TarCintia"],"prob":1},"fields":{},"normalizations":{}},{"classId":"e_13","part":"s1v1","offsets":[{"start":1441,"text":"átnevezik"}],"coordinates":[],"confidence":{"state":"pre-added","who":["user:TarCintia"],"prob":1},"fields":{},"normalizations":{}},{"classId":"e_14","part":"s1v1","offsets":[{"start":1451,"text":"az intézményt"}],"coordinates":[],"confidence":{"state":"pre-added","who":["user:TarCintia"],"prob":1},"fields":{},"normalizations":{}},{"classId":"e_2","part":"s1v1","offsets":[{"start":1466,"text":"de a települések továbbra sem kapják vissza az iskoláikat, és az iskolarendszerbe nem pótolják vissza azt az éves szinten 200 milliárd forintot, amit 2010 óta kivontak belőle"}],"coordinates":[],"confidence":{"state":"pre-added","who":["user:TarCintia"],"prob":1},"fields":{},"normalizations":{}},{"classId":"e_14","part":"s1v1","offsets":[{"start":1469,"text":"a települések"}],"coordinates":[],"confidence":{"state":"pre-added","who":["user:TarCintia"],"prob":1},"fields":{},"normalizations":{}},{"classId":"e_14","part":"s1v1","offsets":[{"start":1483,"text":"továbbra"}],"coordinates":[],"confidence":{"state":"pre-added","who":["user:TarCintia"],"prob":1},"fields":{},"normalizations":{}},{"classId":"e_13","part":"s1v1","offsets":[{"start":1492,"text":"sem kapják vissza"}],"coordinates":[],"confidence":{"state":"pre-added","who":["user:TarCintia"],"prob":1},"fields":{},"normalizations":{}},{"classId":"e_14","part":"s1v1","offsets":[{"start":1510,"text":"az iskoláikat"}],"coordinates":[],"confidence":{"state":"pre-added","who":["user:TarCintia"],"prob":1},"fields":{},"normalizations":{}},{"classId":"e_14","part":"s1v1","offsets":[{"start":1528,"text":"az iskolarendszerbe"}],"coordinates":[],"confidence":{"state":"pre-added","who":["user:TarCintia"],"prob":1},"fields":{},"normalizations":{}},{"classId":"e_13","part":"s1v1","offsets":[{"start":1548,"text":"nem pótolják vissza"}],"coordinates":[],"confidence":{"state":"pre-added","who":["user:TarCintia"],"prob":1},"fields":{},"normalizations":{}},{"classId":"e_14","part":"s1v1","offsets":[{"start":1568,"text":"azt az éves szinten 200 milliárd forintot"}],"coordinates":[],"confidence":{"state":"pre-added","who":["user:TarCintia"],"prob":1},"fields":{},"normalizations":{}},{"classId":"e_14","part":"s1v1","offsets":[{"start":1616,"text":"2010 óta"}],"coordinates":[],"confidence":{"state":"pre-added","who":["user:TarCintia"],"prob":1},"fields":{},"normalizations":{}},{"classId":"e_13","part":"s1v1","offsets":[{"start":1625,"text":"kivontak"}],"coordinates":[],"confidence":{"state":"pre-added","who":["user:TarCintia"],"prob":1},"fields":{},"normalizations":{}},{"classId":"e_14","part":"s1v1","offsets":[{"start":1634,"text":"belőle"}],"coordinates":[],"confidence":{"state":"pre-added","who":["user:gcsenge"],"prob":1},"fields":{},"normalizations":{}},{"classId":"e_5","part":"s1v1","offsets":[{"start":1642,"text":"Kommunikációs trükközés helyett érdemi lépésekre van szükség"}],"coordinates":[],"confidence":{"state":"pre-added","who":["user:TarCintia"],"prob":1},"fields":{},"normalizations":{}},{"classId":"e_14","part":"s1v1","offsets":[{"start":1642,"text":"Kommunikációs trükközés helyett"}],"coordinates":[],"confidence":{"state":"pre-added","who":["user:TarCintia"],"prob":1},"fields":{},"normalizations":{}},{"classId":"e_13","part":"s1v1","offsets":[{"start":1642,"text":"Kommunikációs trükközés"}],"coordinates":[],"confidence":{"state":"pre-added","who":["user:gcsenge"],"prob":1},"fields":{},"normalizations":{}},{"classId":"e_14","part":"s1v1","offsets":[{"start":1674,"text":"érdemi lépésekre"}],"coordinates":[],"confidence":{"state":"pre-added","who":["user:TarCintia"],"prob":1},"fields":{},"normalizations":{}},{"classId":"e_13","part":"s1v1","offsets":[{"start":1695,"text":"szükség"}],"coordinates":[],"confidence":{"state":"pre-added","who":["user:TarCintia"],"prob":1},"fields":{},"normalizations":{}},{"classId":"e_14","part":"s1v1","offsets":[{"start":1724,"text":"az LMP"}],"coordinates":[],"confidence":{"state":"pre-added","who":["user:TarCintia"],"prob":1},"fields":{},"normalizations":{}},{"classId":"e_14","part":"s1v1","offsets":[{"start":1743,"text":"a nagyobb városokban"}],"coordinates":[],"confidence":{"state":"pre-added","who":["user:TarCintia"],"prob":1},"fields":{},"normalizations":{}},{"classId":"e_14","part":"s1v1","offsets":[{"start":1767,"text":"a fővárosi kerületekben"}],"coordinates":[],"confidence":{"state":"pre-added","who":["user:TarCintia"],"prob":1},"fields":{},"normalizations":{}},{"classId":"e_4","part":"s1v1","offsets":[{"start":1794,"text":"hogy az önkormányzatok kérjék vissza az iskoláik fenntartását"}],"coordinates":[],"confidence":{"state":"pre-added","who":["user:TarCintia"],"prob":1},"fields":{},"normalizations":{}},{"classId":"e_14","part":"s1v1","offsets":[{"start":1799,"text":"az önkormányzatok"}],"coordinates":[],"confidence":{"state":"pre-added","who":["user:TarCintia"],"prob":1},"fields":{},"normalizations":{}},{"classId":"e_13","part":"s1v1","offsets":[{"start":1817,"text":"kérjék vissza"}],"coordinates":[],"confidence":{"state":"pre-added","who":["user:TarCintia"],"prob":1},"fields":{},"normalizations":{}},{"classId":"e_14","part":"s1v1","offsets":[{"start":1831,"text":"az iskoláik fenntartását"}],"coordinates":[],"confidence":{"state":"pre-added","who":["user:TarCintia"],"prob":1},"fields":{},"normalizations":{}},{"classId":"e_4","part":"s1v1","offsets":[{"start":1857,"text":"Amelyik önkormányzat kéri és képes a fenntartásra, az igenis kaphassa vissza az oktatási intézményeit."}],"coordinates":[],"confidence":{"state":"pre-added","who":["user:TarCintia"],"prob":1},"fields":{},"normalizations":{}},{"classId":"e_14","part":"s1v1","offsets":[{"start":1865,"text":"önkormányzat"}],"coordinates":[],"confidence":{"state":"pre-added","who":["user:TarCintia"],"prob":1},"fields":{},"normalizations":{}},{"classId":"e_13","part":"s1v1","offsets":[{"start":1886,"text":"képes"}],"coordinates":[],"confidence":{"state":"pre-added","who":["user:TarCintia"],"prob":1},"fields":{},"normalizations":{}},{"classId":"e_14","part":"s1v1","offsets":[{"start":1892,"text":"a fenntartásra"}],"coordinates":[],"confidence":{"state":"pre-added","who":["user:TarCintia"],"prob":1},"fields":{},"normalizations":{}},{"classId":"e_13","part":"s1v1","offsets":[{"start":1918,"text":"kaphassa vissza"}],"coordinates":[],"confidence":{"state":"pre-added","who":["user:TarCintia"],"prob":1},"fields":{},"normalizations":{}},{"classId":"e_14","part":"s1v1","offsets":[{"start":1934,"text":"az oktatási intézményeit"}],"coordinates":[],"confidence":{"state":"pre-added","who":["user:TarCintia"],"prob":1},"fields":{},"normalizations":{}},{"classId":"e_2","part":"s1v1","offsets":[{"start":1972,"text":"hogy kisebb településeken szükség van valamilyen formában állami felelősségvállalásra"}],"coordinates":[],"confidence":{"state":"pre-added","who":["user:TarCintia"],"prob":1},"fields":{},"normalizations":{}},{"classId":"e_14","part":"s1v1","offsets":[{"start":1977,"text":"kisebb településeken"}],"coordinates":[],"confidence":{"state":"pre-added","who":["user:TarCintia"],"prob":1},"fields":{},"normalizations":{}},{"classId":"e_13","part":"s1v1","offsets":[{"start":1998,"text":"szükség"}],"coordinates":[],"confidence":{"state":"pre-added","who":["user:TarCintia"],"prob":1},"fields":{},"normalizations":{}},{"classId":"e_14","part":"s1v1","offsets":[{"start":2010,"text":"valamilyen formában"}],"coordinates":[],"confidence":{"state":"pre-added","who":["user:TarCintia"],"prob":1},"fields":{},"normalizations":{}},{"classId":"e_14","part":"s1v1","offsets":[{"start":2030,"text":"állami felelősségvállalásra"}],"coordinates":[],"confidence":{"state":"pre-added","who":["user:TarCintia"],"prob":1},"fields":{},"normalizations":{}},{"classId":"e_4","part":"s1v1","offsets":[{"start":2059,"text":"de a nagyobb létszámú települések el tudják látni a fenntartás feladatát, a lakosságuk legnagyobb megelégedésére, főleg ha megkapják hozzá a megfelelő forrást"}],"coordinates":[],"confidence":{"state":"pre-added","who":["user:TarCintia"],"prob":1},"fields":{},"normalizations":{}},{"classId":"e_14","part":"s1v1","offsets":[{"start":2062,"text":"a nagyobb létszámú települések"}],"coordinates":[],"confidence":{"state":"pre-added","who":["user:TarCintia"],"prob":1},"fields":{},"normalizations":{}},{"classId":"e_13","part":"s1v1","offsets":[{"start":2093,"text":"el tudják látni"}],"coordinates":[],"confidence":{"state":"pre-added","who":["user:TarCintia"],"prob":1},"fields":{},"normalizations":{}},{"classId":"e_14","part":"s1v1","offsets":[{"start":2109,"text":"a fenntartás feladatát"}],"coordinates":[],"confidence":{"state":"pre-added","who":["user:TarCintia"],"prob":1},"fields":{},"normalizations":{}},{"classId":"e_14","part":"s1v1","offsets":[{"start":2133,"text":"a lakosságuk legnagyobb megelégedésére"}],"coordinates":[],"confidence":{"state":"pre-added","who":["user:TarCintia"],"prob":1},"fields":{},"normalizations":{}},{"classId":"e_13","part":"s1v1","offsets":[{"start":2157,"text":"megelégedésére"}],"coordinates":[],"confidence":{"state":"pre-added","who":["user:TarCintia"],"prob":1},"fields":{},"normalizations":{}},{"classId":"e_13","part":"s1v1","offsets":[{"start":2182,"text":"megkapják"}],"coordinates":[],"confidence":{"state":"pre-added","who":["user:TarCintia"],"prob":1},"fields":{},"normalizations":{}},{"classId":"e_14","part":"s1v1","offsets":[{"start":2192,"text":"hozzá"}],"coordinates":[],"confidence":{"state":"pre-added","who":["user:gcsenge"],"prob":1},"fields":{},"normalizations":{}},{"classId":"e_14","part":"s1v1","offsets":[{"start":2198,"text":"a megfelelő forrást"}],"coordinates":[],"confidence":{"state":"pre-added","who":["user:TarCintia"],"prob":1},"fields":{},"normalizations":{}},{"classId":"e_2","part":"s1v1","offsets":[{"start":2236,"text":"hogy a pedagógusok sem értékelték előrelépésnek a múlt heti bejelentést"}],"coordinates":[],"confidence":{"state":"pre-added","who":["user:TarCintia"],"prob":1},"fields":{},"normalizations":{}},{"classId":"e_14","part":"s1v1","offsets":[{"start":2241,"text":"a pedagógusok"}],"coordinates":[],"confidence":{"state":"pre-added","who":["user:TarCintia"],"prob":1},"fields":{},"normalizations":{}},{"classId":"e_13","part":"s1v1","offsets":[{"start":2255,"text":"sem értékelték"}],"coordinates":[],"confidence":{"state":"pre-added","who":["user:TarCintia"],"prob":1},"fields":{},"normalizations":{}},{"classId":"e_14","part":"s1v1","offsets":[{"start":2270,"text":"előrelépésnek"}],"coordinates":[],"confidence":{"state":"pre-added","who":["user:TarCintia"],"prob":1},"fields":{},"normalizations":{}},{"classId":"e_14","part":"s1v1","offsets":[{"start":2284,"text":"a múlt heti bejelentést"}],"coordinates":[],"confidence":{"state":"pre-added","who":["user:TarCintia"],"prob":1},"fields":{},"normalizations":{}},{"classId":"e_6","part":"s1v1","offsets":[{"start":2335,"text":"amikor komolytalannak nevezzük ezeket a tárgyalásokat"}],"coordinates":[],"confidence":{"state":"pre-added","who":["user:TarCintia"],"prob":1},"fields":{},"normalizations":{}},{"classId":"e_13","part":"s1v1","offsets":[{"start":2342,"text":"komolytalannak"}],"coordinates":[],"confidence":{"state":"pre-added","who":["user:TarCintia"],"prob":1},"fields":{},"normalizations":{}},{"classId":"e_14","part":"s1v1","offsets":[{"start":2366,"text":"ezeket a tárgyalásokat"}],"coordinates":[],"confidence":{"state":"pre-added","who":["user:TarCintia"],"prob":1},"fields":{},"normalizations":{}},{"classId":"e_5","part":"s1v1","offsets":[{"start":2413,"text":"ebben a formában nem lehet megbízni a kormányban"}],"coordinates":[],"confidence":{"state":"pre-added","who":["user:TarCintia"],"prob":1},"fields":{},"normalizations":{}},{"classId":"e_14","part":"s1v1","offsets":[{"start":2413,"text":"ebben a formában"}],"coordinates":[],"confidence":{"state":"pre-added","who":["user:TarCintia"],"prob":1},"fields":{},"normalizations":{}},{"classId":"e_13","part":"s1v1","offsets":[{"start":2430,"text":"nem lehet megbízni"}],"coordinates":[],"confidence":{"state":"pre-added","who":["user:TarCintia"],"prob":1},"fields":{},"normalizations":{}},{"classId":"e_14","part":"s1v1","offsets":[{"start":2449,"text":"a kormányban"}],"coordinates":[],"confidence":{"state":"pre-added","who":["user:TarCintia"],"prob":1},"fields":{},"normalizations":{}},{"classId":"e_4","part":"s1v1","offsets":[{"start":2485,"text":"hogy csak a határozott érdekérvényesítésnek, a következetes kiállásnak van értelme"}],"coordinates":[],"confidence":{"state":"pre-added","who":["user:TarCintia"],"prob":1},"fields":{},"normalizations":{}},{"classId":"e_14","part":"s1v1","offsets":[{"start":2495,"text":"a határozott érdekérvényesítésnek"}],"coordinates":[],"confidence":{"state":"pre-added","who":["user:TarCintia"],"prob":1},"fields":{},"normalizations":{}},{"classId":"e_13","part":"s1v1","offsets":[{"start":2508,"text":"érdekérvényesítésnek"}],"coordinates":[],"confidence":{"state":"pre-added","who":["user:TarCintia"],"prob":1},"fields":{},"normalizations":{}},{"classId":"e_14","part":"s1v1","offsets":[{"start":2530,"text":"a következetes kiállásnak"}],"coordinates":[],"confidence":{"state":"pre-added","who":["user:TarCintia"],"prob":1},"fields":{},"normalizations":{}},{"classId":"e_13","part":"s1v1","offsets":[{"start":2545,"text":"kiállásnak"}],"coordinates":[],"confidence":{"state":"pre-added","who":["user:TarCintia"],"prob":1},"fields":{},"normalizations":{}},{"classId":"e_13","part":"s1v1","offsets":[{"start":2560,"text":"értelme"}],"coordinates":[],"confidence":{"state":"pre-added","who":["user:TarCintia"],"prob":1},"fields":{},"normalizations":{}},{"classId":"e_14","part":"s1v1","offsets":[{"start":2560,"text":"értelme"}],"coordinates":[],"confidence":{"state":"pre-added","who":["user:TarCintia"],"prob":1},"fields":{},"normalizations":{}},{"classId":"e_5","part":"s1v1","offsets":[{"start":2569,"text":"Szerdán a pedagógusok megtartják a polgári elégedetlenségi akciójukat"}],"coordinates":[],"confidence":{"state":"pre-added","who":["user:TarCintia"],"prob":1},"fields":{},"normalizations":{}},{"classId":"e_14","part":"s1v1","offsets":[{"start":2569,"text":"Szerdán"}],"coordinates":[],"confidence":{"state":"pre-added","who":["user:TarCintia"],"prob":1},"fields":{},"normalizations":{}},{"classId":"e_14","part":"s1v1","offsets":[{"start":2577,"text":"a pedagógusok"}],"coordinates":[],"confidence":{"state":"pre-added","who":["user:TarCintia"],"prob":1},"fields":{},"normalizations":{}},{"classId":"e_14","part":"s1v1","offsets":[{"start":2602,"text":"a polgári elégedetlenségi akciójukat"}],"coordinates":[],"confidence":{"state":"pre-added","who":["user:TarCintia"],"prob":1},"fields":{},"normalizations":{}},{"classId":"e_13","part":"s1v1","offsets":[{"start":2612,"text":"elégedetlenségi"}],"coordinates":[],"confidence":{"state":"pre-added","who":["user:TarCintia"],"prob":1},"fields":{},"normalizations":{}},{"classId":"e_5","part":"s1v1","offsets":[{"start":2698,"text":"a kormány kényszerítette bele őket ebbe a helyzetbe azzal, hogy 2010-ben gyakorlatilag megszüntette a sztrájkjogot Magyarországon"}],"coordinates":[],"confidence":{"state":"pre-added","who":["user:TarCintia"],"prob":1},"fields":{},"normalizations":{}},{"classId":"e_14","part":"s1v1","offsets":[{"start":2698,"text":"a kormány"}],"coordinates":[],"confidence":{"state":"pre-added","who":["user:TarCintia"],"prob":1},"fields":{},"normalizations":{}},{"classId":"e_13","part":"s1v1","offsets":[{"start":2708,"text":"kényszerítette"}],"coordinates":[],"confidence":{"state":"pre-added","who":["user:TarCintia"],"prob":1},"fields":{},"normalizations":{}},{"classId":"e_14","part":"s1v1","offsets":[{"start":2728,"text":"őket"}],"coordinates":[],"confidence":{"state":"pre-added","who":["user:gcsenge"],"prob":1},"fields":{},"normalizations":{}},{"classId":"e_14","part":"s1v1","offsets":[{"start":2733,"text":"ebbe a helyzetbe"}],"coordinates":[],"confidence":{"state":"pre-added","who":["user:TarCintia"],"prob":1},"fields":{},"normalizations":{}},{"classId":"e_14","part":"s1v1","offsets":[{"start":2762,"text":"2010-ben"}],"coordinates":[],"confidence":{"state":"pre-added","who":["user:TarCintia"],"prob":1},"fields":{},"normalizations":{}},{"classId":"e_13","part":"s1v1","offsets":[{"start":2785,"text":"megszüntette"}],"coordinates":[],"confidence":{"state":"pre-added","who":["user:TarCintia"],"prob":1},"fields":{},"normalizations":{}},{"classId":"e_14","part":"s1v1","offsets":[{"start":2798,"text":"a sztrájkjogot"}],"coordinates":[],"confidence":{"state":"pre-added","who":["user:TarCintia"],"prob":1},"fields":{},"normalizations":{}},{"classId":"e_14","part":"s1v1","offsets":[{"start":2813,"text":"Magyarországon"}],"coordinates":[],"confidence":{"state":"pre-added","who":["user:TarCintia"],"prob":1},"fields":{},"normalizations":{}},{"classId":"e_5","part":"s1v1","offsets":[{"start":2829,"text":"Ma nem sztrájktörvényünk, hanem sztrájkellenes törvényünk van."}],"coordinates":[],"confidence":{"state":"pre-added","who":["user:TarCintia"],"prob":1},"fields":{},"normalizations":{}},{"classId":"e_14","part":"s1v1","offsets":[{"start":2829,"text":"Ma"}],"coordinates":[],"confidence":{"state":"pre-added","who":["user:TarCintia"],"prob":1},"fields":{},"normalizations":{}},{"classId":"e_14","part":"s1v1","offsets":[{"start":2832,"text":"nem sztrájktörvényünk"}],"coordinates":[],"confidence":{"state":"pre-added","who":["user:TarCintia"],"prob":1},"fields":{},"normalizations":{}},{"classId":"e_13","part":"s1v1","offsets":[{"start":2861,"text":"sztrájkellenes"}],"coordinates":[],"confidence":{"state":"pre-added","who":["user:TarCintia"],"prob":1},"fields":{},"normalizations":{}},{"classId":"e_14","part":"s1v1","offsets":[{"start":2861,"text":"sztrájkellenes törvényünk"}],"coordinates":[],"confidence":{"state":"pre-added","who":["user:TarCintia"],"prob":1},"fields":{},"normalizations":{}},{"classId":"e_2","part":"s1v1","offsets":[{"start":2892,"text":"A költségvetési szférában nem adottak a jogi feltételei a sztrájk gyakorlásának."}],"coordinates":[],"confidence":{"state":"pre-added","who":["user:TarCintia"],"prob":1},"fields":{},"normalizations":{}},{"classId":"e_14","part":"s1v1","offsets":[{"start":2892,"text":"A költségvetési szférában"}],"coordinates":[],"confidence":{"state":"pre-added","who":["user:TarCintia"],"prob":1},"fields":{},"normalizations":{}},{"classId":"e_13","part":"s1v1","offsets":[{"start":2918,"text":"nem adottak"}],"coordinates":[],"confidence":{"state":"pre-added","who":["user:TarCintia"],"prob":1},"fields":{},"normalizations":{}},{"classId":"e_14","part":"s1v1","offsets":[{"start":2930,"text":"a jogi feltételei"}],"coordinates":[],"confidence":{"state":"pre-added","who":["user:TarCintia"],"prob":1},"fields":{},"normalizations":{}},{"classId":"e_14","part":"s1v1","offsets":[{"start":2948,"text":"a sztrájk gyakorlásának"}],"coordinates":[],"confidence":{"state":"pre-added","who":["user:TarCintia"],"prob":1},"fields":{},"normalizations":{}},{"classId":"e_6","part":"s1v1","offsets":[{"start":2973,"text":"Orbán Viktor munkaalapú társadalma egy munkavállalói jogok nélküli lázálom."}],"coordinates":[],"confidence":{"state":"pre-added","who":["user:TarCintia"],"prob":1},"fields":{},"normalizations":{}},{"classId":"e_14","part":"s1v1","offsets":[{"start":2973,"text":"Orbán Viktor munkaalapú társadalma"}],"coordinates":[],"confidence":{"state":"pre-added","who":["user:TarCintia"],"prob":1},"fields":{},"normalizations":{}},{"classId":"e_14","part":"s1v1","offsets":[{"start":3008,"text":"egy munkavállalói jogok nélküli lázálom"}],"coordinates":[],"confidence":{"state":"pre-added","who":["user:TarCintia"],"prob":1},"fields":{},"normalizations":{}},{"classId":"e_13","part":"s1v1","offsets":[{"start":3040,"text":"lázálom"}],"coordinates":[],"confidence":{"state":"pre-added","who":["user:TarCintia"],"prob":1},"fields":{},"normalizations":{}},{"classId":"e_4","part":"s1v1","offsets":[{"start":3049,"text":"Az LMP ezért nyújtotta be a sztrájktörvény módosítását, amely újra lehetővé tenné az alapvető munkavállalói jogok gyakorlását, a sztrájk megszervezését."}],"coordinates":[],"confidence":{"state":"pre-added","who":["user:TarCintia"],"prob":1},"fields":{},"normalizations":{}},{"classId":"e_14","part":"s1v1","offsets":[{"start":3049,"text":"Az LMP"}],"coordinates":[],"confidence":{"state":"pre-added","who":["user:TarCintia"],"prob":1},"fields":{},"normalizations":{}},{"classId":"e_14","part":"s1v1","offsets":[{"start":3056,"text":"ezért"}],"coordinates":[],"confidence":{"state":"pre-added","who":["user:gcsenge"],"prob":1},"fields":{},"normalizations":{}},{"classId":"e_13","part":"s1v1","offsets":[{"start":3062,"text":"nyújtotta be"}],"coordinates":[],"confidence":{"state":"pre-added","who":["user:TarCintia"],"prob":1},"fields":{},"normalizations":{}},{"classId":"e_14","part":"s1v1","offsets":[{"start":3075,"text":"a sztrájktörvény módosítását"}],"coordinates":[],"confidence":{"state":"pre-added","who":["user:TarCintia"],"prob":1},"fields":{},"normalizations":{}},{"classId":"e_14","part":"s1v1","offsets":[{"start":3111,"text":"újra"}],"coordinates":[],"confidence":{"state":"pre-added","who":["user:TarCintia"],"prob":1},"fields":{},"normalizations":{}},{"classId":"e_13","part":"s1v1","offsets":[{"start":3116,"text":"lehetővé tenné"}],"coordinates":[],"confidence":{"state":"pre-added","who":["user:TarCintia"],"prob":1},"fields":{},"normalizations":{}},{"classId":"e_14","part":"s1v1","offsets":[{"start":3131,"text":"az alapvető munkavállalói jogok gyakorlását"}],"coordinates":[],"confidence":{"state":"pre-added","who":["user:TarCintia"],"prob":1},"fields":{},"normalizations":{}},{"classId":"e_13","part":"s1v1","offsets":[{"start":3163,"text":"gyakorlását"}],"coordinates":[],"confidence":{"state":"pre-added","who":["user:TarCintia"],"prob":1},"fields":{},"normalizations":{}},{"classId":"e_14","part":"s1v1","offsets":[{"start":3176,"text":"a sztrájk megszervezését"}],"coordinates":[],"confidence":{"state":"pre-added","who":["user:TarCintia"],"prob":1},"fields":{},"normalizations":{}},{"classId":"e_13","part":"s1v1","offsets":[{"start":3186,"text":"megszervezését"}],"coordinates":[],"confidence":{"state":"pre-added","who":["user:TarCintia"],"prob":1},"fields":{},"normalizations":{}},{"classId":"e_14","part":"s1v1","offsets":[{"start":3202,"text":"A javaslatról"}],"coordinates":[],"confidence":{"state":"pre-added","who":["user:TarCintia"],"prob":1},"fields":{},"normalizations":{}},{"classId":"e_14","part":"s1v1","offsets":[{"start":3229,"text":"a szakszervezetekkel"}],"coordinates":[],"confidence":{"state":"pre-added","who":["user:TarCintia"],"prob":1},"fields":{},"normalizations":{}},{"classId":"e_4","part":"s1v1","offsets":[{"start":3254,"text":"akik támogatták ezt a javaslatot"}],"coordinates":[],"confidence":{"state":"pre-added","who":["user:TarCintia"],"prob":1},"fields":{},"normalizations":{}},{"classId":"e_13","part":"s1v1","offsets":[{"start":3259,"text":"támogatták"}],"coordinates":[],"confidence":{"state":"pre-added","who":["user:TarCintia"],"prob":1},"fields":{},"normalizations":{}},{"classId":"e_14","part":"s1v1","offsets":[{"start":3270,"text":"ezt a javaslatot"}],"coordinates":[],"confidence":{"state":"pre-added","who":["user:TarCintia"],"prob":1},"fields":{},"normalizations":{}},{"classId":"e_2","part":"s1v1","offsets":[{"start":3288,"text":"Ma óriási probléma, hogy jó néhány ágazatban elkeserítő a munkavállalók helyzete, akik ráadásul még tiltakozni sem tudnak a kiszolgáltatottságuk miatt."}],"coordinates":[],"confidence":{"state":"pre-added","who":["user:TarCintia"],"prob":1},"fields":{},"normalizations":{}},{"classId":"e_14","part":"s1v1","offsets":[{"start":3288,"text":"Ma"}],"coordinates":[],"confidence":{"state":"pre-added","who":["user:TarCintia"],"prob":1},"fields":{},"normalizations":{}},{"classId":"e_14","part":"s1v1","offsets":[{"start":3291,"text":"óriási probléma"}],"coordinates":[],"confidence":{"state":"pre-added","who":["user:TarCintia"],"prob":1},"fields":{},"normalizations":{}},{"classId":"e_13","part":"s1v1","offsets":[{"start":3298,"text":"probléma"}],"coordinates":[],"confidence":{"state":"pre-added","who":["user:TarCintia"],"prob":1},"fields":{},"normalizations":{}},{"classId":"e_14","part":"s1v1","offsets":[{"start":3313,"text":"jó néhány ágazatban"}],"coordinates":[],"confidence":{"state":"pre-added","who":["user:TarCintia"],"prob":1},"fields":{},"normalizations":{}},{"classId":"e_13","part":"s1v1","offsets":[{"start":3333,"text":"elkeserítő"}],"coordinates":[],"confidence":{"state":"pre-added","who":["user:TarCintia"],"prob":1},"fields":{},"normalizations":{}},{"classId":"e_14","part":"s1v1","offsets":[{"start":3344,"text":"a munkavállalók helyzete"}],"coordinates":[],"confidence":{"state":"pre-added","who":["user:TarCintia"],"prob":1},"fields":{},"normalizations":{}},{"classId":"e_13","part":"s1v1","offsets":[{"start":3388,"text":"tiltakozni sem tudnak"}],"coordinates":[],"confidence":{"state":"pre-added","who":["user:gcsenge"],"prob":1},"fields":{},"normalizations":{}},{"classId":"e_14","part":"s1v1","offsets":[{"start":3410,"text":"a kiszolgáltatottságuk miatt"}],"coordinates":[],"confidence":{"state":"pre-added","who":["user:TarCintia"],"prob":1},"fields":{},"normalizations":{}},{"classId":"e_13","part":"s1v1","offsets":[{"start":3412,"text":"kiszolgáltatottságuk"}],"coordinates":[],"confidence":{"state":"pre-added","who":["user:TarCintia"],"prob":1},"fields":{},"normalizations":{}},{"classId":"e_5","part":"s1v1","offsets":[{"start":3440,"text":"Az LMP sztrájktörvény-módo­sítását mégis lesöpörte az illetékes szakbizottság fideszes többsége."}],"coordinates":[],"confidence":{"state":"pre-added","who":["user:TarCintia"],"prob":1},"fields":{},"normalizations":{}},{"classId":"e_14","part":"s1v1","offsets":[{"start":3440,"text":"Az LMP sztrájktörvény-módo­sítását"}],"coordinates":[],"confidence":{"state":"pre-added","who":["user:TarCintia"],"prob":1},"fields":{},"normalizations":{}},{"classId":"e_13","part":"s1v1","offsets":[{"start":3481,"text":"lesöpörte"}],"coordinates":[],"confidence":{"state":"pre-added","who":["user:TarCintia"],"prob":1},"fields":{},"normalizations":{}},{"classId":"e_14","part":"s1v1","offsets":[{"start":3491,"text":"az illetékes szakbizottság fideszes többsége"}],"coordinates":[],"confidence":{"state":"pre-added","who":["user:TarCintia"],"prob":1},"fields":{},"normalizations":{}},{"classId":"e_14","part":"s1v1","offsets":[{"start":3537,"text":"A kormánypárti indoklás hazugságát"}],"coordinates":[],"confidence":{"state":"pre-added","who":["user:TarCintia"],"prob":1},"fields":{},"normalizations":{}},{"classId":"e_5","part":"s1v1","offsets":[{"start":3537,"text":"A kormánypárti indoklás hazugságát az is mutatja"}],"coordinates":[],"confidence":{"state":"pre-added","who":["user:TarCintia"],"prob":1},"fields":{},"normalizations":{}},{"classId":"e_13","part":"s1v1","offsets":[{"start":3561,"text":"hazugságát"}],"coordinates":[],"confidence":{"state":"pre-added","who":["user:TarCintia"],"prob":1},"fields":{},"normalizations":{}},{"classId":"e_2","part":"s1v1","offsets":[{"start":3622,"text":"hogy pont sztrájkhelyzetben nem lehet sztrájktörvényt alkotni"}],"coordinates":[],"confidence":{"state":"pre-added","who":["user:TarCintia"],"prob":1},"fields":{},"normalizations":{}},{"classId":"e_14","part":"s1v1","offsets":[{"start":3632,"text":"sztrájkhelyzetben"}],"coordinates":[],"confidence":{"state":"pre-added","who":["user:TarCintia"],"prob":1},"fields":{},"normalizations":{}},{"classId":"e_13","part":"s1v1","offsets":[{"start":3650,"text":"nem lehet"}],"coordinates":[],"confidence":{"state":"pre-added","who":["user:TarCintia"],"prob":1},"fields":{},"normalizations":{}},{"classId":"e_14","part":"s1v1","offsets":[{"start":3660,"text":"sztrájktörvényt"}],"coordinates":[],"confidence":{"state":"pre-added","who":["user:TarCintia"],"prob":1},"fields":{},"normalizations":{}},{"classId":"e_13","part":"s1v1","offsets":[{"start":3676,"text":"alkotni"}],"coordinates":[],"confidence":{"state":"pre-added","who":["user:TarCintia"],"prob":1},"fields":{},"normalizations":{}},{"classId":"e_5","part":"s1v1","offsets":[{"start":3697,"text":"hogy a Fidesz-KDNP-kormány nem a munkavállalók oldalán áll"}],"coordinates":[],"confidence":{"state":"pre-added","who":["user:TarCintia"],"prob":1},"fields":{},"normalizations":{}},{"classId":"e_14","part":"s1v1","offsets":[{"start":3702,"text":"a Fidesz-KDNP-kormány"}],"coordinates":[],"confidence":{"state":"pre-added","who":["user:TarCintia"],"prob":1},"fields":{},"normalizations":{}},{"classId":"e_13","part":"s1v1","offsets":[{"start":3724,"text":"nem a munkavállalók oldalán áll"}],"coordinates":[],"confidence":{"state":"pre-added","who":["user:TarCintia"],"prob":1},"fields":{},"normalizations":{}},{"classId":"e_14","part":"s1v1","offsets":[{"start":3724,"text":"nem a munkavállalók oldalán"}],"coordinates":[],"confidence":{"state":"pre-added","who":["user:TarCintia"],"prob":1},"fields":{},"normalizations":{}},{"classId":"e_5","part":"s1v1","offsets":[{"start":3757,"text":"Aki mégis felemeli a szavát"}],"coordinates":[],"confidence":{"state":"pre-added","who":["user:TarCintia"],"prob":1},"fields":{},"normalizations":{}},{"classId":"e_13","part":"s1v1","offsets":[{"start":3767,"text":"felemeli a szavát"}],"coordinates":[],"confidence":{"state":"pre-added","who":["user:TarCintia"],"prob":1},"fields":{},"normalizations":{}},{"classId":"e_14","part":"s1v1","offsets":[{"start":3776,"text":"a szavát"}],"coordinates":[],"confidence":{"state":"pre-added","who":["user:TarCintia"],"prob":1},"fields":{},"normalizations":{}},{"classId":"e_14","part":"s1v1","offsets":[{"start":3794,"text":"szakszervezeti tisztségviselők"}],"coordinates":[],"confidence":{"state":"pre-added","who":["user:TarCintia"],"prob":1},"fields":{},"normalizations":{}},{"classId":"e_5","part":"s1v1","offsets":[{"start":3826,"text":"azokat megfenyegetik"}],"coordinates":[],"confidence":{"state":"pre-added","who":["user:TarCintia"],"prob":1},"fields":{},"normalizations":{}},{"classId":"e_14","part":"s1v1","offsets":[{"start":3826,"text":"azokat"}],"coordinates":[],"confidence":{"state":"pre-added","who":["user:TarCintia"],"prob":1},"fields":{},"normalizations":{}},{"classId":"e_13","part":"s1v1","offsets":[{"start":3833,"text":"megfenyegetik"}],"coordinates":[],"confidence":{"state":"pre-added","who":["user:TarCintia"],"prob":1},"fields":{},"normalizations":{}},{"classId":"e_4","part":"s1v1","offsets":[{"start":3848,"text":"ezért szükséges az ő védelmüket is megerősíteni"}],"coordinates":[],"confidence":{"state":"pre-added","who":["user:TarCintia"],"prob":1},"fields":{},"normalizations":{}},{"classId":"e_14","part":"s1v1","offsets":[{"start":3848,"text":"ezért"}],"coordinates":[],"confidence":{"state":"pre-added","who":["user:gcsenge"],"prob":1},"fields":{},"normalizations":{}},{"classId":"e_14","part":"s1v1","offsets":[{"start":3864,"text":"az ő védelmüket"}],"coordinates":[],"confidence":{"state":"pre-added","who":["user:TarCintia"],"prob":1},"fields":{},"normalizations":{}},{"classId":"e_13","part":"s1v1","offsets":[{"start":3883,"text":"megerősíteni"}],"coordinates":[],"confidence":{"state":"pre-added","who":["user:TarCintia"],"prob":1},"fields":{},"normalizations":{}},{"classId":"e_14","part":"s1v1","offsets":[{"start":3911,"text":"Szerdán"}],"coordinates":[],"confidence":{"state":"pre-added","who":["user:TarCintia"],"prob":1},"fields":{},"normalizations":{}},{"classId":"e_5","part":"s1v1","offsets":[{"start":3911,"text":"Szerdán ? a polgári engedetlenség demokratikus eszközével élve ? iskolák százaiban fognak tiltakozni a pedagógusok, akik nem hagyják magukat"}],"coordinates":[],"confidence":{"state":"pre-added","who":["user:TarCintia"],"prob":1},"fields":{},"normalizations":{}},{"classId":"e_14","part":"s1v1","offsets":[{"start":3921,"text":"a polgári engedetlenség demokratikus eszközével élve"}],"coordinates":[],"confidence":{"state":"pre-added","who":["user:TarCintia"],"prob":1},"fields":{},"normalizations":{}},{"classId":"e_14","part":"s1v1","offsets":[{"start":3976,"text":"iskolák százaiban"}],"coordinates":[],"confidence":{"state":"pre-added","who":["user:TarCintia"],"prob":1},"fields":{},"normalizations":{}},{"classId":"e_13","part":"s1v1","offsets":[{"start":4001,"text":"tiltakozni"}],"coordinates":[],"confidence":{"state":"pre-added","who":["user:TarCintia"],"prob":1},"fields":{},"normalizations":{}},{"classId":"e_14","part":"s1v1","offsets":[{"start":4012,"text":"a pedagógusok"}],"coordinates":[],"confidence":{"state":"pre-added","who":["user:TarCintia"],"prob":1},"fields":{},"normalizations":{}},{"classId":"e_13","part":"s1v1","offsets":[{"start":4032,"text":"nem hagyják magukat"}],"coordinates":[],"confidence":{"state":"pre-added","who":["user:TarCintia"],"prob":1},"fields":{},"normalizations":{}},{"classId":"e_14","part":"s1v1","offsets":[{"start":4044,"text":"magukat"}],"coordinates":[],"confidence":{"state":"pre-added","who":["user:gcsenge"],"prob":1},"fields":{},"normalizations":{}},{"classId":"e_4","part":"s1v1","offsets":[{"start":4053,"text":"és bátran kiállnak a jogaikért; bátran kiállnak egy XXI. századi oktatási rendszerért"}],"coordinates":[],"confidence":{"state":"pre-added","who":["user:TarCintia"],"prob":1},"fields":{},"normalizations":{}},{"classId":"e_13","part":"s1v1","offsets":[{"start":4056,"text":"bátran kiállnak"}],"coordinates":[],"confidence":{"state":"pre-added","who":["user:gcsenge"],"prob":1},"fields":{},"normalizations":{}},{"classId":"e_14","part":"s1v1","offsets":[{"start":4072,"text":"a jogaikért"}],"coordinates":[],"confidence":{"state":"pre-added","who":["user:TarCintia"],"prob":1},"fields":{},"normalizations":{}},{"classId":"e_13","part":"s1v1","offsets":[{"start":4085,"text":"bátran kiállnak"}],"coordinates":[],"confidence":{"state":"pre-added","who":["user:gcsenge"],"prob":1},"fields":{},"normalizations":{}},{"classId":"e_14","part":"s1v1","offsets":[{"start":4101,"text":"egy XXI. századi oktatási rendszerért"}],"coordinates":[],"confidence":{"state":"pre-added","who":["user:TarCintia"],"prob":1},"fields":{},"normalizations":{}},{"classId":"e_4","part":"s1v1","offsets":[{"start":4140,"text":"A polgári engedetlenséget korábban a Fidesz-KDNP is támogatta, sőt volt, hogy gyakorolta is."}],"coordinates":[],"confidence":{"state":"pre-added","who":["user:TarCintia"],"prob":1},"fields":{},"normalizations":{}},{"classId":"e_14","part":"s1v1","offsets":[{"start":4140,"text":"A polgári engedetlenséget"}],"coordinates":[],"confidence":{"state":"pre-added","who":["user:TarCintia"],"prob":1},"fields":{},"normalizations":{}},{"classId":"e_14","part":"s1v1","offsets":[{"start":4166,"text":"korábban"}],"coordinates":[],"confidence":{"state":"pre-added","who":["user:TarCintia"],"prob":1},"fields":{},"normalizations":{}},{"classId":"e_14","part":"s1v1","offsets":[{"start":4175,"text":"a Fidesz-KDNP"}],"coordinates":[],"confidence":{"state":"pre-added","who":["user:TarCintia"],"prob":1},"fields":{},"normalizations":{}},{"classId":"e_13","part":"s1v1","offsets":[{"start":4192,"text":"támogatta"}],"coordinates":[],"confidence":{"state":"pre-added","who":["user:TarCintia"],"prob":1},"fields":{},"normalizations":{}},{"classId":"e_13","part":"s1v1","offsets":[{"start":4218,"text":"gyakorolta"}],"coordinates":[],"confidence":{"state":"pre-added","who":["user:TarCintia"],"prob":1},"fields":{},"normalizations":{}},{"classId":"e_14","part":"s1v1","offsets":[{"start":4258,"text":"a kormányt"}],"coordinates":[],"confidence":{"state":"pre-added","who":["user:gcsenge"],"prob":1},"fields":{},"normalizations":{}},{"classId":"e_5","part":"s1v1","offsets":[{"start":4270,"text":"hogy semmilyen retorzió ne érje azokat, akik a sztrájk jogától megfosztva a békés tiltakozás ezen formáját választják"}],"coordinates":[],"confidence":{"state":"pre-added","who":["user:TarCintia"],"prob":1},"fields":{},"normalizations":{}},{"classId":"e_14","part":"s1v1","offsets":[{"start":4275,"text":"semmilyen retorzió"}],"coordinates":[],"confidence":{"state":"pre-added","who":["user:TarCintia"],"prob":1},"fields":{},"normalizations":{}},{"classId":"e_13","part":"s1v1","offsets":[{"start":4285,"text":"retorzió"}],"coordinates":[],"confidence":{"state":"pre-added","who":["user:TarCintia"],"prob":1},"fields":{},"normalizations":{}},{"classId":"e_14","part":"s1v1","offsets":[{"start":4302,"text":"azokat"}],"coordinates":[],"confidence":{"state":"pre-added","who":["user:TarCintia"],"prob":1},"fields":{},"normalizations":{}},{"classId":"e_14","part":"s1v1","offsets":[{"start":4315,"text":"a sztrájk jogától megfosztva"}],"coordinates":[],"confidence":{"state":"pre-added","who":["user:TarCintia"],"prob":1},"fields":{},"normalizations":{}},{"classId":"e_14","part":"s1v1","offsets":[{"start":4344,"text":"a békés tiltakozás ezen formáját"}],"coordinates":[],"confidence":{"state":"pre-added","who":["user:TarCintia"],"prob":1},"fields":{},"normalizations":{}},{"classId":"e_13","part":"s1v1","offsets":[{"start":4352,"text":"tiltakozás"}],"coordinates":[],"confidence":{"state":"pre-added","who":["user:TarCintia"],"prob":1},"fields":{},"normalizations":{}},{"classId":"e_4","part":"s1v1","offsets":[{"start":4389,"text":"Az LMP pedig újra be fogja adni a javaslatát a sztrájkjog visszaállítására"}],"coordinates":[],"confidence":{"state":"pre-added","who":["user:TarCintia"],"prob":1},"fields":{},"normalizations":{}},{"classId":"e_14","part":"s1v1","offsets":[{"start":4389,"text":"Az LMP"}],"coordinates":[],"confidence":{"state":"pre-added","who":["user:TarCintia"],"prob":1},"fields":{},"normalizations":{}},{"classId":"e_13","part":"s1v1","offsets":[{"start":4402,"text":"újra be fogja adni"}],"coordinates":[],"confidence":{"state":"pre-added","who":["user:TarCintia"],"prob":1},"fields":{},"normalizations":{}},{"classId":"e_14","part":"s1v1","offsets":[{"start":4421,"text":"a javaslatát"}],"coordinates":[],"confidence":{"state":"pre-added","who":["user:TarCintia"],"prob":1},"fields":{},"normalizations":{}},{"classId":"e_14","part":"s1v1","offsets":[{"start":4434,"text":"a sztrájkjog visszaállítására"}],"coordinates":[],"confidence":{"state":"pre-added","who":["user:TarCintia"],"prob":1},"fields":{},"normalizations":{}},{"classId":"e_13","part":"s1v1","offsets":[{"start":4447,"text":"visszaállítására"}],"coordinates":[],"confidence":{"state":"pre-added","who":["user:TarCintia"],"prob":1},"fields":{},"normalizations":{}},{"classId":"e_5","part":"s1v1","offsets":[{"start":4465,"text":"újra és újra fel fogjuk szólítani a Fidesz-KDNP-t, hogy foglalkozzon a témával"}],"coordinates":[],"confidence":{"state":"pre-added","who":["user:TarCintia"],"prob":1},"fields":{},"normalizations":{}},{"classId":"e_14","part":"s1v1","offsets":[{"start":4465,"text":"újra és újra"}],"coordinates":[],"confidence":{"state":"pre-added","who":["user:TarCintia"],"prob":1},"fields":{},"normalizations":{}},{"classId":"e_13","part":"s1v1","offsets":[{"start":4478,"text":"fel fogjuk szólítani"}],"coordinates":[],"confidence":{"state":"pre-added","who":["user:TarCintia"],"prob":1},"fields":{},"normalizations":{}},{"classId":"e_14","part":"s1v1","offsets":[{"start":4499,"text":"a Fidesz-KDNP-t"}],"coordinates":[],"confidence":{"state":"pre-added","who":["user:TarCintia"],"prob":1},"fields":{},"normalizations":{}},{"classId":"e_13","part":"s1v1","offsets":[{"start":4521,"text":"foglalkozzon"}],"coordinates":[],"confidence":{"state":"pre-added","who":["user:TarCintia"],"prob":1},"fields":{},"normalizations":{}},{"classId":"e_14","part":"s1v1","offsets":[{"start":4534,"text":"a témával"}],"coordinates":[],"confidence":{"state":"pre-added","who":["user:TarCintia"],"prob":1},"fields":{},"normalizations":{}},{"classId":"e_4","part":"s1v1","offsets":[{"start":4545,"text":"Folyamatosan igyekszünk napirenden tartani"}],"coordinates":[],"confidence":{"state":"pre-added","who":["user:TarCintia"],"prob":1},"fields":{},"normalizations":{}},{"classId":"e_14","part":"s1v1","offsets":[{"start":4545,"text":"Folyamatosan"}],"coordinates":[],"confidence":{"state":"pre-added","who":["user:TarCintia"],"prob":1},"fields":{},"normalizations":{}},{"classId":"e_13","part":"s1v1","offsets":[{"start":4558,"text":"igyekszünk"}],"coordinates":[],"confidence":{"state":"pre-added","who":["user:gcsenge"],"prob":1},"fields":{},"normalizations":{}},{"classId":"e_13","part":"s1v1","offsets":[{"start":4569,"text":"napirenden tartani"}],"coordinates":[],"confidence":{"state":"pre-added","who":["user:TarCintia"],"prob":1},"fields":{},"normalizations":{}},{"classId":"e_14","part":"s1v1","offsets":[{"start":4569,"text":"napirenden"}],"coordinates":[],"confidence":{"state":"pre-added","who":["user:TarCintia"],"prob":1},"fields":{},"normalizations":{}},{"classId":"e_14","part":"s1v1","offsets":[{"start":4654,"text":"a kérdést"}],"coordinates":[],"confidence":{"state":"pre-added","who":["user:TarCintia"],"prob":1},"fields":{},"normalizations":{}},{"classId":"e_14","part":"s1v1","offsets":[{"start":4668,"text":"a parlamentben"}],"coordinates":[],"confidence":{"state":"pre-added","who":["user:TarCintia"],"prob":1},"fields":{},"normalizations":{}}],"relations":[{"classId":"r_16","type":"linked","directed":false,"entities":["s1v1|e_14|69,78","s1v1|e_2|66,153"],"confidence":{"state":"pre-added","who":["user:TarCintia"],"prob":1}},{"classId":"r_16","type":"linked","directed":false,"entities":["s1v1|e_14|86,112","s1v1|e_2|66,153"],"confidence":{"state":"pre-added","who":["user:TarCintia"],"prob":1}},{"classId":"r_16","type":"linked","directed":false,"entities":["s1v1|e_14|114,131","s1v1|e_2|66,153"],"confidence":{"state":"pre-added","who":["user:TarCintia"],"prob":1}},{"classId":"r_16","type":"linked","directed":false,"entities":["s1v1|e_14|133,153","s1v1|e_2|66,153"],"confidence":{"state":"pre-added","who":["user:TarCintia"],"prob":1}},{"classId":"r_16","type":"linked","directed":false,"entities":["s1v1|e_14|870,898","s1v1|e_2|865,898"],"confidence":{"state":"pre-added","who":["user:TarCintia"],"prob":1}},{"classId":"r_16","type":"linked","directed":false,"entities":["s1v1|e_14|1200,1212","s1v1|e_2|1195,1227"],"confidence":{"state":"pre-added","who":["user:TarCintia"],"prob":1}},{"classId":"r_16","type":"linked","directed":false,"entities":["s1v1|e_14|1214,1217","s1v1|e_2|1195,1227"],"confidence":{"state":"pre-added","who":["user:TarCintia"],"prob":1}},{"classId":"r_16","type":"linked","directed":false,"entities":["s1v1|e_14|1304,1319","s1v1|e_2|1281,1416"],"confidence":{"state":"pre-added","who":["user:TarCintia"],"prob":1}},{"classId":"r_16","type":"linked","directed":false,"entities":["s1v1|e_14|1325,1341","s1v1|e_2|1281,1416"],"confidence":{"state":"pre-added","who":["user:TarCintia"],"prob":1}},{"classId":"r_16","type":"linked","directed":false,"entities":["s1v1|e_14|1357,1369","s1v1|e_2|1281,1416"],"confidence":{"state":"pre-added","who":["user:TarCintia"],"prob":1}},{"classId":"r_16","type":"linked","directed":false,"entities":["s1v1|e_14|1379,1398","s1v1|e_2|1281,1416"],"confidence":{"state":"pre-added","who":["user:TarCintia"],"prob":1}},{"classId":"r_16","type":"linked","directed":false,"entities":["s1v1|e_14|1400,1410","s1v1|e_2|1281,1416"],"confidence":{"state":"pre-added","who":["user:TarCintia"],"prob":1}},{"classId":"r_16","type":"linked","directed":false,"entities":["s1v1|e_14|1469,1481","s1v1|e_2|1466,1639"],"confidence":{"state":"pre-added","who":["user:TarCintia"],"prob":1}},{"classId":"r_16","type":"linked","directed":false,"entities":["s1v1|e_14|1483,1490","s1v1|e_2|1466,1639"],"confidence":{"state":"pre-added","who":["user:TarCintia"],"prob":1}},{"classId":"r_16","type":"linked","directed":false,"entities":["s1v1|e_14|1510,1522","s1v1|e_2|1466,1639"],"confidence":{"state":"pre-added","who":["user:TarCintia"],"prob":1}},{"classId":"r_16","type":"linked","directed":false,"entities":["s1v1|e_14|1528,1546","s1v1|e_2|1466,1639"],"confidence":{"state":"pre-added","who":["user:TarCintia"],"prob":1}},{"classId":"r_16","type":"linked","directed":false,"entities":["s1v1|e_14|1568,1608","s1v1|e_2|1466,1639"],"confidence":{"state":"pre-added","who":["user:TarCintia"],"prob":1}},{"classId":"r_16","type":"linked","directed":false,"entities":["s1v1|e_14|1616,1623","s1v1|e_2|1466,1639"],"confidence":{"state":"pre-added","who":["user:TarCintia"],"prob":1}},{"classId":"r_16","type":"linked","directed":false,"entities":["s1v1|e_14|1634,1639","s1v1|e_2|1466,1639"],"confidence":{"state":"pre-added","who":["user:gcsenge"],"prob":1}},{"classId":"r_16","type":"linked","directed":false,"entities":["s1v1|e_14|1977,1996","s1v1|e_2|1972,2056"],"confidence":{"state":"pre-added","who":["user:TarCintia"],"prob":1}},{"classId":"r_16","type":"linked","directed":false,"entities":["s1v1|e_14|2010,2028","s1v1|e_2|1972,2056"],"confidence":{"state":"pre-added","who":["user:TarCintia"],"prob":1}},{"classId":"r_16","type":"linked","directed":false,"entities":["s1v1|e_14|2030,2056","s1v1|e_2|1972,2056"],"confidence":{"state":"pre-added","who":["user:TarCintia"],"prob":1}},{"classId":"r_16","type":"linked","directed":false,"entities":["s1v1|e_14|2241,2253","s1v1|e_2|2236,2306"],"confidence":{"state":"pre-added","who":["user:TarCintia"],"prob":1}},{"classId":"r_16","type":"linked","directed":false,"entities":["s1v1|e_14|2270,2282","s1v1|e_2|2236,2306"],"confidence":{"state":"pre-added","who":["user:TarCintia"],"prob":1}},{"classId":"r_16","type":"linked","directed":false,"entities":["s1v1|e_14|2284,2306","s1v1|e_2|2236,2306"],"confidence":{"state":"pre-added","who":["user:TarCintia"],"prob":1}},{"classId":"r_16","type":"linked","directed":false,"entities":["s1v1|e_14|2892,2916","s1v1|e_2|2892,2971"],"confidence":{"state":"pre-added","who":["user:TarCintia"],"prob":1}},{"classId":"r_16","type":"linked","directed":false,"entities":["s1v1|e_14|2930,2946","s1v1|e_2|2892,2971"],"confidence":{"state":"pre-added","who":["user:TarCintia"],"prob":1}},{"classId":"r_16","type":"linked","directed":false,"entities":["s1v1|e_14|2948,2970","s1v1|e_2|2892,2971"],"confidence":{"state":"pre-added","who":["user:TarCintia"],"prob":1}},{"classId":"r_16","type":"linked","directed":false,"entities":["s1v1|e_14|3288,3289","s1v1|e_2|3288,3438"],"confidence":{"state":"pre-added","who":["user:TarCintia"],"prob":1}},{"classId":"r_16","type":"linked","directed":false,"entities":["s1v1|e_14|3291,3305","s1v1|e_2|3288,3438"],"confidence":{"state":"pre-added","who":["user:TarCintia"],"prob":1}},{"classId":"r_16","type":"linked","directed":false,"entities":["s1v1|e_14|3313,3331","s1v1|e_2|3288,3438"],"confidence":{"state":"pre-added","who":["user:TarCintia"],"prob":1}},{"classId":"r_16","type":"linked","directed":false,"entities":["s1v1|e_14|3344,3367","s1v1|e_2|3288,3438"],"confidence":{"state":"pre-added","who":["user:TarCintia"],"prob":1}},{"classId":"r_16","type":"linked","directed":false,"entities":["s1v1|e_14|3410,3437","s1v1|e_2|3288,3438"],"confidence":{"state":"pre-added","who":["user:TarCintia"],"prob":1}},{"classId":"r_16","type":"linked","directed":false,"entities":["s1v1|e_14|3632,3648","s1v1|e_2|3622,3682"],"confidence":{"state":"pre-added","who":["user:TarCintia"],"prob":1}},{"classId":"r_16","type":"linked","directed":false,"entities":["s1v1|e_14|3660,3674","s1v1|e_2|3622,3682"],"confidence":{"state":"pre-added","who":["user:TarCintia"],"prob":1}},{"classId":"r_18","type":"linked","directed":false,"entities":["s1v1|e_14|435,459","s1v1|e_4|475,510"],"confidence":{"state":"pre-added","who":["user:TarCintia"],"prob":1}},{"classId":"r_18","type":"linked","directed":false,"entities":["s1v1|e_14|480,488","s1v1|e_4|475,510"],"confidence":{"state":"pre-added","who":["user:TarCintia"],"prob":1}},{"classId":"r_18","type":"linked","directed":false,"entities":["s1v1|e_14|502,510","s1v1|e_4|475,510"],"confidence":{"state":"pre-added","who":["user:TarCintia"],"prob":1}},{"classId":"r_18","type":"linked","directed":false,"entities":["s1v1|e_14|981,1016","s1v1|e_4|1038,1124"],"confidence":{"state":"pre-added","who":["user:TarCintia"],"prob":1}},{"classId":"r_18","type":"linked","directed":false,"entities":["s1v1|e_14|1055,1087","s1v1|e_4|1038,1124"],"confidence":{"state":"pre-added","who":["user:TarCintia"],"prob":1}},{"classId":"r_18","type":"linked","directed":false,"entities":["s1v1|e_14|1113,1124","s1v1|e_4|1038,1124"],"confidence":{"state":"pre-added","who":["user:TarCintia"],"prob":1}},{"classId":"r_18","type":"linked","directed":false,"entities":["s1v1|e_14|1724,1729","s1v1|e_4|1794,1854"],"confidence":{"state":"pre-added","who":["user:TarCintia"],"prob":1}},{"classId":"r_18","type":"linked","directed":false,"entities":["s1v1|e_14|1743,1762","s1v1|e_4|1794,1854"],"confidence":{"state":"pre-added","who":["user:TarCintia"],"prob":1}},{"classId":"r_18","type":"linked","directed":false,"entities":["s1v1|e_14|1767,1789","s1v1|e_4|1794,1854"],"confidence":{"state":"pre-added","who":["user:TarCintia"],"prob":1}},{"classId":"r_18","type":"linked","directed":false,"entities":["s1v1|e_14|1799,1815","s1v1|e_4|1794,1854"],"confidence":{"state":"pre-added","who":["user:TarCintia"],"prob":1}},{"classId":"r_18","type":"linked","directed":false,"entities":["s1v1|e_14|1831,1854","s1v1|e_4|1794,1854"],"confidence":{"state":"pre-added","who":["user:TarCintia"],"prob":1}},{"classId":"r_18","type":"linked","directed":false,"entities":["s1v1|e_14|1865,1876","s1v1|e_4|1857,1958"],"confidence":{"state":"pre-added","who":["user:TarCintia"],"prob":1}},{"classId":"r_18","type":"linked","directed":false,"entities":["s1v1|e_14|1892,1905","s1v1|e_4|1857,1958"],"confidence":{"state":"pre-added","who":["user:TarCintia"],"prob":1}},{"classId":"r_18","type":"linked","directed":false,"entities":["s1v1|e_14|1934,1957","s1v1|e_4|1857,1958"],"confidence":{"state":"pre-added","who":["user:TarCintia"],"prob":1}},{"classId":"r_18","type":"linked","directed":false,"entities":["s1v1|e_14|2062,2091","s1v1|e_4|2059,2216"],"confidence":{"state":"pre-added","who":["user:TarCintia"],"prob":1}},{"classId":"r_18","type":"linked","directed":false,"entities":["s1v1|e_14|2109,2130","s1v1|e_4|2059,2216"],"confidence":{"state":"pre-added","who":["user:TarCintia"],"prob":1}},{"classId":"r_18","type":"linked","directed":false,"entities":["s1v1|e_14|2133,2170","s1v1|e_4|2059,2216"],"confidence":{"state":"pre-added","who":["user:TarCintia"],"prob":1}},{"classId":"r_18","type":"linked","directed":false,"entities":["s1v1|e_14|2192,2196","s1v1|e_4|2059,2216"],"confidence":{"state":"pre-added","who":["user:gcsenge"],"prob":1}},{"classId":"r_18","type":"linked","directed":false,"entities":["s1v1|e_14|2198,2216","s1v1|e_4|2059,2216"],"confidence":{"state":"pre-added","who":["user:TarCintia"],"prob":1}},{"classId":"r_18","type":"linked","directed":false,"entities":["s1v1|e_14|2495,2527","s1v1|e_4|2485,2566"],"confidence":{"state":"pre-added","who":["user:TarCintia"],"prob":1}},{"classId":"r_18","type":"linked","directed":false,"entities":["s1v1|e_14|2530,2554","s1v1|e_4|2485,2566"],"confidence":{"state":"pre-added","who":["user:TarCintia"],"prob":1}},{"classId":"r_18","type":"linked","directed":false,"entities":["s1v1|e_14|2560,2566","s1v1|e_4|2485,2566"],"confidence":{"state":"pre-added","who":["user:TarCintia"],"prob":1}},{"classId":"r_18","type":"linked","directed":false,"entities":["s1v1|e_14|3049,3054","s1v1|e_4|3049,3200"],"confidence":{"state":"pre-added","who":["user:TarCintia"],"prob":1}},{"classId":"r_18","type":"linked","directed":false,"entities":["s1v1|e_14|3056,3060","s1v1|e_4|3049,3200"],"confidence":{"state":"pre-added","who":["user:gcsenge"],"prob":1}},{"classId":"r_18","type":"linked","directed":false,"entities":["s1v1|e_14|3075,3102","s1v1|e_4|3049,3200"],"confidence":{"state":"pre-added","who":["user:TarCintia"],"prob":1}},{"classId":"r_18","type":"linked","directed":false,"entities":["s1v1|e_14|3111,3114","s1v1|e_4|3049,3200"],"confidence":{"state":"pre-added","who":["user:TarCintia"],"prob":1}},{"classId":"r_18","type":"linked","directed":false,"entities":["s1v1|e_14|3131,3173","s1v1|e_4|3049,3200"],"confidence":{"state":"pre-added","who":["user:TarCintia"],"prob":1}},{"classId":"r_18","type":"linked","directed":false,"entities":["s1v1|e_14|3176,3199","s1v1|e_4|3049,3200"],"confidence":{"state":"pre-added","who":["user:TarCintia"],"prob":1}},{"classId":"r_18","type":"linked","directed":false,"entities":["s1v1|e_14|3202,3214","s1v1|e_4|3254,3285"],"confidence":{"state":"pre-added","who":["user:TarCintia"],"prob":1}},{"classId":"r_18","type":"linked","directed":false,"entities":["s1v1|e_14|3229,3248","s1v1|e_4|3254,3285"],"confidence":{"state":"pre-added","who":["user:TarCintia"],"prob":1}},{"classId":"r_18","type":"linked","directed":false,"entities":["s1v1|e_14|3270,3285","s1v1|e_4|3254,3285"],"confidence":{"state":"pre-added","who":["user:TarCintia"],"prob":1}},{"classId":"r_18","type":"linked","directed":false,"entities":["s1v1|e_14|3848,3852","s1v1|e_4|3848,3894"],"confidence":{"state":"pre-added","who":["user:gcsenge"],"prob":1}},{"classId":"r_18","type":"linked","directed":false,"entities":["s1v1|e_14|3864,3878","s1v1|e_4|3848,3894"],"confidence":{"state":"pre-added","who":["user:TarCintia"],"prob":1}},{"classId":"r_18","type":"linked","directed":false,"entities":["s1v1|e_14|4072,4082","s1v1|e_4|4053,4137"],"confidence":{"state":"pre-added","who":["user:TarCintia"],"prob":1}},{"classId":"r_18","type":"linked","directed":false,"entities":["s1v1|e_14|4101,4137","s1v1|e_4|4053,4137"],"confidence":{"state":"pre-added","who":["user:TarCintia"],"prob":1}},{"classId":"r_18","type":"linked","directed":false,"entities":["s1v1|e_14|4140,4164","s1v1|e_4|4140,4231"],"confidence":{"state":"pre-added","who":["user:TarCintia"],"prob":1}},{"classId":"r_18","type":"linked","directed":false,"entities":["s1v1|e_14|4166,4173","s1v1|e_4|4140,4231"],"confidence":{"state":"pre-added","who":["user:TarCintia"],"prob":1}},{"classId":"r_18","type":"linked","directed":false,"entities":["s1v1|e_14|4175,4187","s1v1|e_4|4140,4231"],"confidence":{"state":"pre-added","who":["user:TarCintia"],"prob":1}},{"classId":"r_18","type":"linked","directed":false,"entities":["s1v1|e_14|4389,4394","s1v1|e_4|4389,4462"],"confidence":{"state":"pre-added","who":["user:TarCintia"],"prob":1}},{"classId":"r_18","type":"linked","directed":false,"entities":["s1v1|e_14|4421,4432","s1v1|e_4|4389,4462"],"confidence":{"state":"pre-added","who":["user:TarCintia"],"prob":1}},{"classId":"r_18","type":"linked","directed":false,"entities":["s1v1|e_14|4434,4462","s1v1|e_4|4389,4462"],"confidence":{"state":"pre-added","who":["user:TarCintia"],"prob":1}},{"classId":"r_18","type":"linked","directed":false,"entities":["s1v1|e_14|4545,4556","s1v1|e_4|4545,4586"],"confidence":{"state":"pre-added","who":["user:TarCintia"],"prob":1}},{"classId":"r_18","type":"linked","directed":false,"entities":["s1v1|e_14|4569,4578","s1v1|e_4|4545,4586"],"confidence":{"state":"pre-added","who":["user:TarCintia"],"prob":1}},{"classId":"r_18","type":"linked","directed":false,"entities":["s1v1|e_14|4654,4662","s1v1|e_4|4545,4586"],"confidence":{"state":"pre-added","who":["user:TarCintia"],"prob":1}},{"classId":"r_18","type":"linked","directed":false,"entities":["s1v1|e_14|4668,4681","s1v1|e_4|4545,4586"],"confidence":{"state":"pre-added","who":["user:TarCintia"],"prob":1}},{"classId":"r_19","type":"linked","directed":false,"entities":["s1v1|e_14|156,163","s1v1|e_5|156,239"],"confidence":{"state":"pre-added","who":["user:TarCintia"],"prob":1}},{"classId":"r_19","type":"linked","directed":false,"entities":["s1v1|e_14|175,199","s1v1|e_5|156,239"],"confidence":{"state":"pre-added","who":["user:TarCintia"],"prob":1}},{"classId":"r_19","type":"linked","directed":false,"entities":["s1v1|e_14|211,238","s1v1|e_5|156,239"],"confidence":{"state":"pre-added","who":["user:TarCintia"],"prob":1}},{"classId":"r_19","type":"linked","directed":false,"entities":["s1v1|e_14|328,360","s1v1|e_5|320,388"],"confidence":{"state":"pre-added","who":["user:TarCintia"],"prob":1}},{"classId":"r_19","type":"linked","directed":false,"entities":["s1v1|e_14|377,388","s1v1|e_5|320,388"],"confidence":{"state":"pre-added","who":["user:TarCintia"],"prob":1}},{"classId":"r_19","type":"linked","directed":false,"entities":["s1v1|e_14|619,630","s1v1|e_5|612,735"],"confidence":{"state":"pre-added","who":["user:TarCintia"],"prob":1}},{"classId":"r_19","type":"linked","directed":false,"entities":["s1v1|e_14|632,679","s1v1|e_5|612,735"],"confidence":{"state":"pre-added","who":["user:TarCintia"],"prob":1}},{"classId":"r_19","type":"linked","directed":false,"entities":["s1v1|e_14|684,723","s1v1|e_5|612,735"],"confidence":{"state":"pre-added","who":["user:TarCintia"],"prob":1}},{"classId":"r_19","type":"linked","directed":false,"entities":["s1v1|e_14|766,777","s1v1|e_5|761,812"],"confidence":{"state":"pre-added","who":["user:TarCintia"],"prob":1}},{"classId":"r_19","type":"linked","directed":false,"entities":["s1v1|e_14|807,812","s1v1|e_5|761,812"],"confidence":{"state":"pre-added","who":["user:TarCintia"],"prob":1}},{"classId":"r_19","type":"linked","directed":false,"entities":["s1v1|e_14|901,908","s1v1|e_5|901,971"],"confidence":{"state":"pre-added","who":["user:TarCintia"],"prob":1}},{"classId":"r_19","type":"linked","directed":false,"entities":["s1v1|e_14|914,930","s1v1|e_5|901,971"],"confidence":{"state":"pre-added","who":["user:TarCintia"],"prob":1}},{"classId":"r_19","type":"linked","directed":false,"entities":["s1v1|e_14|946,971","s1v1|e_5|901,971"],"confidence":{"state":"pre-added","who":["user:TarCintia"],"prob":1}},{"classId":"r_19","type":"linked","directed":false,"entities":["s1v1|e_14|1148,1159","s1v1|e_5|1143,1187"],"confidence":{"state":"pre-added","who":["user:TarCintia"],"prob":1}},{"classId":"r_19","type":"linked","directed":false,"entities":["s1v1|e_14|1642,1672","s1v1|e_5|1642,1701"],"confidence":{"state":"pre-added","who":["user:TarCintia"],"prob":1}},{"classId":"r_19","type":"linked","directed":false,"entities":["s1v1|e_14|1674,1689","s1v1|e_5|1642,1701"],"confidence":{"state":"pre-added","who":["user:TarCintia"],"prob":1}},{"classId":"r_19","type":"linked","directed":false,"entities":["s1v1|e_14|2413,2428","s1v1|e_5|2413,2460"],"confidence":{"state":"pre-added","who":["user:TarCintia"],"prob":1}},{"classId":"r_19","type":"linked","directed":false,"entities":["s1v1|e_14|2449,2460","s1v1|e_5|2413,2460"],"confidence":{"state":"pre-added","who":["user:TarCintia"],"prob":1}},{"classId":"r_19","type":"linked","directed":false,"entities":["s1v1|e_14|2569,2575","s1v1|e_5|2569,2637"],"confidence":{"state":"pre-added","who":["user:TarCintia"],"prob":1}},{"classId":"r_19","type":"linked","directed":false,"entities":["s1v1|e_14|2577,2589","s1v1|e_5|2569,2637"],"confidence":{"state":"pre-added","who":["user:TarCintia"],"prob":1}},{"classId":"r_19","type":"linked","directed":false,"entities":["s1v1|e_14|2602,2637","s1v1|e_5|2569,2637"],"confidence":{"state":"pre-added","who":["user:TarCintia"],"prob":1}},{"classId":"r_19","type":"linked","directed":false,"entities":["s1v1|e_14|2698,2706","s1v1|e_5|2698,2826"],"confidence":{"state":"pre-added","who":["user:TarCintia"],"prob":1}},{"classId":"r_19","type":"linked","directed":false,"entities":["s1v1|e_14|2728,2731","s1v1|e_5|2698,2826"],"confidence":{"state":"pre-added","who":["user:gcsenge"],"prob":1}},{"classId":"r_19","type":"linked","directed":false,"entities":["s1v1|e_14|2733,2748","s1v1|e_5|2698,2826"],"confidence":{"state":"pre-added","who":["user:TarCintia"],"prob":1}},{"classId":"r_19","type":"linked","directed":false,"entities":["s1v1|e_14|2762,2769","s1v1|e_5|2698,2826"],"confidence":{"state":"pre-added","who":["user:TarCintia"],"prob":1}},{"classId":"r_19","type":"linked","directed":false,"entities":["s1v1|e_14|2798,2811","s1v1|e_5|2698,2826"],"confidence":{"state":"pre-added","who":["user:TarCintia"],"prob":1}},{"classId":"r_19","type":"linked","directed":false,"entities":["s1v1|e_14|2813,2826","s1v1|e_5|2698,2826"],"confidence":{"state":"pre-added","who":["user:TarCintia"],"prob":1}},{"classId":"r_19","type":"linked","directed":false,"entities":["s1v1|e_14|2829,2830","s1v1|e_5|2829,2890"],"confidence":{"state":"pre-added","who":["user:TarCintia"],"prob":1}},{"classId":"r_19","type":"linked","directed":false,"entities":["s1v1|e_14|2832,2852","s1v1|e_5|2829,2890"],"confidence":{"state":"pre-added","who":["user:TarCintia"],"prob":1}},{"classId":"r_19","type":"linked","directed":false,"entities":["s1v1|e_14|2861,2885","s1v1|e_5|2829,2890"],"confidence":{"state":"pre-added","who":["user:TarCintia"],"prob":1}},{"classId":"r_19","type":"linked","directed":false,"entities":["s1v1|e_14|3440,3473","s1v1|e_5|3440,3535"],"confidence":{"state":"pre-added","who":["user:TarCintia"],"prob":1}},{"classId":"r_19","type":"linked","directed":false,"entities":["s1v1|e_14|3491,3534","s1v1|e_5|3440,3535"],"confidence":{"state":"pre-added","who":["user:TarCintia"],"prob":1}},{"classId":"r_19","type":"linked","directed":false,"entities":["s1v1|e_14|3537,3570","s1v1|e_5|3537,3584"],"confidence":{"state":"pre-added","who":["user:TarCintia"],"prob":1}},{"classId":"r_19","type":"linked","directed":false,"entities":["s1v1|e_14|3702,3722","s1v1|e_5|3697,3754"],"confidence":{"state":"pre-added","who":["user:TarCintia"],"prob":1}},{"classId":"r_19","type":"linked","directed":false,"entities":["s1v1|e_14|3724,3750","s1v1|e_5|3697,3754"],"confidence":{"state":"pre-added","who":["user:TarCintia"],"prob":1}},{"classId":"r_19","type":"linked","directed":false,"entities":["s1v1|e_14|3776,3783","s1v1|e_5|3757,3783"],"confidence":{"state":"pre-added","who":["user:TarCintia"],"prob":1}},{"classId":"r_19","type":"linked","directed":false,"entities":["s1v1|e_14|3794,3823","s1v1|e_5|3757,3783"],"confidence":{"state":"pre-added","who":["user:TarCintia"],"prob":1}},{"classId":"r_19","type":"linked","directed":false,"entities":["s1v1|e_14|3826,3831","s1v1|e_5|3826,3845"],"confidence":{"state":"pre-added","who":["user:TarCintia"],"prob":1}},{"classId":"r_19","type":"linked","directed":false,"entities":["s1v1|e_14|3911,3917","s1v1|e_5|3911,4050"],"confidence":{"state":"pre-added","who":["user:TarCintia"],"prob":1}},{"classId":"r_19","type":"linked","directed":false,"entities":["s1v1|e_14|3921,3972","s1v1|e_5|3911,4050"],"confidence":{"state":"pre-added","who":["user:TarCintia"],"prob":1}},{"classId":"r_19","type":"linked","directed":false,"entities":["s1v1|e_14|3976,3992","s1v1|e_5|3911,4050"],"confidence":{"state":"pre-added","who":["user:TarCintia"],"prob":1}},{"classId":"r_19","type":"linked","directed":false,"entities":["s1v1|e_14|4012,4024","s1v1|e_5|3911,4050"],"confidence":{"state":"pre-added","who":["user:TarCintia"],"prob":1}},{"classId":"r_19","type":"linked","directed":false,"entities":["s1v1|e_14|4044,4050","s1v1|e_5|3911,4050"],"confidence":{"state":"pre-added","who":["user:gcsenge"],"prob":1}},{"classId":"r_19","type":"linked","directed":false,"entities":["s1v1|e_14|4258,4267","s1v1|e_5|4270,4386"],"confidence":{"state":"pre-added","who":["user:gcsenge"],"prob":1}},{"classId":"r_19","type":"linked","directed":false,"entities":["s1v1|e_14|4275,4292","s1v1|e_5|4270,4386"],"confidence":{"state":"pre-added","who":["user:TarCintia"],"prob":1}},{"classId":"r_19","type":"linked","directed":false,"entities":["s1v1|e_14|4302,4307","s1v1|e_5|4270,4386"],"confidence":{"state":"pre-added","who":["user:TarCintia"],"prob":1}},{"classId":"r_19","type":"linked","directed":false,"entities":["s1v1|e_14|4315,4342","s1v1|e_5|4270,4386"],"confidence":{"state":"pre-added","who":["user:TarCintia"],"prob":1}},{"classId":"r_19","type":"linked","directed":false,"entities":["s1v1|e_14|4344,4375","s1v1|e_5|4270,4386"],"confidence":{"state":"pre-added","who":["user:TarCintia"],"prob":1}},{"classId":"r_19","type":"linked","directed":false,"entities":["s1v1|e_14|4465,4476","s1v1|e_5|4465,4542"],"confidence":{"state":"pre-added","who":["user:TarCintia"],"prob":1}},{"classId":"r_19","type":"linked","directed":false,"entities":["s1v1|e_14|4499,4513","s1v1|e_5|4465,4542"],"confidence":{"state":"pre-added","who":["user:TarCintia"],"prob":1}},{"classId":"r_19","type":"linked","directed":false,"entities":["s1v1|e_14|4534,4542","s1v1|e_5|4465,4542"],"confidence":{"state":"pre-added","who":["user:TarCintia"],"prob":1}},{"classId":"r_20","type":"linked","directed":false,"entities":["s1v1|e_14|248,274","s1v1|e_6|241,317"],"confidence":{"state":"pre-added","who":["user:TarCintia"],"prob":1}},{"classId":"r_20","type":"linked","directed":false,"entities":["s1v1|e_14|276,282","s1v1|e_6|241,317"],"confidence":{"state":"pre-added","who":["user:TarCintia"],"prob":1}},{"classId":"r_20","type":"linked","directed":false,"entities":["s1v1|e_14|292,317","s1v1|e_6|241,317"],"confidence":{"state":"pre-added","who":["user:TarCintia"],"prob":1}},{"classId":"r_20","type":"linked","directed":false,"entities":["s1v1|e_14|391,402","s1v1|e_6|391,432"],"confidence":{"state":"pre-added","who":["user:TarCintia"],"prob":1}},{"classId":"r_20","type":"linked","directed":false,"entities":["s1v1|e_14|416,432","s1v1|e_6|391,432"],"confidence":{"state":"pre-added","who":["user:TarCintia"],"prob":1}},{"classId":"r_20","type":"linked","directed":false,"entities":["s1v1|e_14|513,527","s1v1|e_6|513,609"],"confidence":{"state":"pre-added","who":["user:TarCintia"],"prob":1}},{"classId":"r_20","type":"linked","directed":false,"entities":["s1v1|e_14|546,586","s1v1|e_6|513,609"],"confidence":{"state":"pre-added","who":["user:TarCintia"],"prob":1}},{"classId":"r_20","type":"linked","directed":false,"entities":["s1v1|e_14|588,592","s1v1|e_6|513,609"],"confidence":{"state":"pre-added","who":["user:TarCintia"],"prob":1}},{"classId":"r_20","type":"linked","directed":false,"entities":["s1v1|e_14|594,600","s1v1|e_6|513,609"],"confidence":{"state":"pre-added","who":["user:TarCintia"],"prob":1}},{"classId":"r_20","type":"linked","directed":false,"entities":["s1v1|e_14|1451,1463","s1v1|e_6|1419,1463"],"confidence":{"state":"pre-added","who":["user:TarCintia"],"prob":1}},{"classId":"r_20","type":"linked","directed":false,"entities":["s1v1|e_14|2366,2387","s1v1|e_6|2335,2387"],"confidence":{"state":"pre-added","who":["user:TarCintia"],"prob":1}},{"classId":"r_20","type":"linked","directed":false,"entities":["s1v1|e_14|2973,3006","s1v1|e_6|2973,3047"],"confidence":{"state":"pre-added","who":["user:TarCintia"],"prob":1}},{"classId":"r_20","type":"linked","directed":false,"entities":["s1v1|e_14|3008,3046","s1v1|e_6|2973,3047"],"confidence":{"state":"pre-added","who":["user:TarCintia"],"prob":1}}]}