{"annotatable":{"parts":["s1v1"]},"anncomplete":false,"sources":[],"metas":{},"entities":[{"classId":"e_6","part":"s1v1","offsets":[{"start":94,"text":"amikor először voltak zárva az üzletek az önök ostoba törvénye miatt"}],"coordinates":[],"confidence":{"state":"pre-added","who":["user:viragnandor"],"prob":1},"fields":{},"normalizations":{}},{"classId":"e_14","part":"s1v1","offsets":[{"start":122,"text":"az üzletek"}],"coordinates":[],"confidence":{"state":"pre-added","who":["user:viragnandor"],"prob":1},"fields":{},"normalizations":{}},{"classId":"e_13","part":"s1v1","offsets":[{"start":133,"text":"az önök ostoba törvénye"}],"coordinates":[],"confidence":{"state":"pre-added","who":["user:viragnandor"],"prob":1},"fields":{},"normalizations":{}},{"classId":"e_14","part":"s1v1","offsets":[{"start":133,"text":"az önök ostoba törvénye"}],"coordinates":[],"confidence":{"state":"pre-added","who":["user:bernidam"],"prob":1},"fields":{},"normalizations":{}},{"classId":"e_6","part":"s1v1","offsets":[{"start":179,"text":"hogy annyival vagyunk előrébb, hogy most néhány tízezer emberrel többen gyűlölik önöket, mint pénteken gyűlölték"}],"coordinates":[],"confidence":{"state":"pre-added","who":["user:viragnandor"],"prob":1},"fields":{},"normalizations":{}},{"classId":"e_13","part":"s1v1","offsets":[{"start":184,"text":"annyival vagyunk előrébb"}],"coordinates":[],"confidence":{"state":"pre-added","who":["user:bernidam"],"prob":1},"fields":{},"normalizations":{}},{"classId":"e_14","part":"s1v1","offsets":[{"start":220,"text":"néhány tízezer emberrel többen"}],"coordinates":[],"confidence":{"state":"pre-added","who":["user:viragnandor"],"prob":1},"fields":{},"normalizations":{}},{"classId":"e_13","part":"s1v1","offsets":[{"start":244,"text":"többen gyűlölik önöket"}],"coordinates":[],"confidence":{"state":"pre-added","who":["user:viragnandor"],"prob":1},"fields":{},"normalizations":{}},{"classId":"e_14","part":"s1v1","offsets":[{"start":260,"text":"önöket"}],"coordinates":[],"confidence":{"state":"pre-added","who":["user:viragnandor"],"prob":1},"fields":{},"normalizations":{}},{"classId":"e_13","part":"s1v1","offsets":[{"start":268,"text":"mint pénteken gyűlölték"}],"coordinates":[],"confidence":{"state":"pre-added","who":["user:bernidam"],"prob":1},"fields":{},"normalizations":{}},{"classId":"e_6","part":"s1v1","offsets":[{"start":390,"text":"Önök ezen mosolyognak nagyokat, de majd eljön a pillanat, amikor ez a mosoly le fog fagyni az orcájukról."}],"coordinates":[],"confidence":{"state":"pre-added","who":["user:viragnandor"],"prob":1},"fields":{},"normalizations":{}},{"classId":"e_14","part":"s1v1","offsets":[{"start":390,"text":"Önök"}],"coordinates":[],"confidence":{"state":"pre-added","who":["user:viragnandor"],"prob":1},"fields":{},"normalizations":{}},{"classId":"e_14","part":"s1v1","offsets":[{"start":395,"text":"ezen"}],"coordinates":[],"confidence":{"state":"pre-added","who":["user:viragnandor"],"prob":1},"fields":{},"normalizations":{}},{"classId":"e_13","part":"s1v1","offsets":[{"start":400,"text":"mosolyognak"}],"coordinates":[],"confidence":{"state":"pre-added","who":["user:viragnandor"],"prob":1},"fields":{},"normalizations":{}},{"classId":"e_14","part":"s1v1","offsets":[{"start":436,"text":"a pillanat"}],"coordinates":[],"confidence":{"state":"pre-added","who":["user:viragnandor"],"prob":1},"fields":{},"normalizations":{}},{"classId":"e_14","part":"s1v1","offsets":[{"start":455,"text":"ez a mosoly"}],"coordinates":[],"confidence":{"state":"pre-added","who":["user:viragnandor"],"prob":1},"fields":{},"normalizations":{}},{"classId":"e_13","part":"s1v1","offsets":[{"start":467,"text":"le fog fagyni az orcájukról"}],"coordinates":[],"confidence":{"state":"pre-added","who":["user:viragnandor"],"prob":1},"fields":{},"normalizations":{}},{"classId":"e_14","part":"s1v1","offsets":[{"start":535,"text":"önök"}],"coordinates":[],"confidence":{"state":"pre-added","who":["user:bernidam"],"prob":1},"fields":{},"normalizations":{}},{"classId":"e_14","part":"s1v1","offsets":[{"start":540,"text":"az elsők"}],"coordinates":[],"confidence":{"state":"pre-added","who":["user:bernidam"],"prob":1},"fields":{},"normalizations":{}},{"classId":"e_5","part":"s1v1","offsets":[{"start":550,"text":"akik be akarták záratni az üzleteket"}],"coordinates":[],"confidence":{"state":"pre-added","who":["user:bernidam"],"prob":1},"fields":{},"normalizations":{}},{"classId":"e_14","part":"s1v1","offsets":[{"start":550,"text":"akik"}],"coordinates":[],"confidence":{"state":"pre-added","who":["user:bernidam"],"prob":1},"fields":{},"normalizations":{}},{"classId":"e_14","part":"s1v1","offsets":[{"start":574,"text":"az üzleteket"}],"coordinates":[],"confidence":{"state":"pre-added","who":["user:bernidam"],"prob":1},"fields":{},"normalizations":{}},{"classId":"e_6","part":"s1v1","offsets":[{"start":588,"text":"hiszen 2010 novemberében a Jobbik ugyanezzel a lendülettel benyújtott egy ilyen törvénytervezetet"}],"coordinates":[],"confidence":{"state":"pre-added","who":["user:bernidam"],"prob":1},"fields":{},"normalizations":{}},{"classId":"e_14","part":"s1v1","offsets":[{"start":595,"text":"2010 novemberében"}],"coordinates":[],"confidence":{"state":"pre-added","who":["user:viragnandor"],"prob":1},"fields":{},"normalizations":{}},{"classId":"e_14","part":"s1v1","offsets":[{"start":613,"text":"a Jobbik"}],"coordinates":[],"confidence":{"state":"pre-added","who":["user:viragnandor"],"prob":1},"fields":{},"normalizations":{}},{"classId":"e_13","part":"s1v1","offsets":[{"start":622,"text":"ugyanezzel a lendülettel"}],"coordinates":[],"confidence":{"state":"pre-added","who":["user:viragnandor"],"prob":1},"fields":{},"normalizations":{}},{"classId":"e_14","part":"s1v1","offsets":[{"start":622,"text":"ugyanezzel a lendülettel"}],"coordinates":[],"confidence":{"state":"pre-added","who":["user:viragnandor"],"prob":1},"fields":{},"normalizations":{}},{"classId":"e_14","part":"s1v1","offsets":[{"start":658,"text":"egy ilyen törvénytervezetet"}],"coordinates":[],"confidence":{"state":"pre-added","who":["user:viragnandor"],"prob":1},"fields":{},"normalizations":{}},{"classId":"e_6","part":"s1v1","offsets":[{"start":755,"text":"csak a Jobbiknak volt annyi sütnivalója"}],"coordinates":[],"confidence":{"state":"pre-added","who":["user:bernidam"],"prob":1},"fields":{},"normalizations":{}},{"classId":"e_14","part":"s1v1","offsets":[{"start":760,"text":"a Jobbiknak"}],"coordinates":[],"confidence":{"state":"pre-added","who":["user:bernidam"],"prob":1},"fields":{},"normalizations":{}},{"classId":"e_14","part":"s1v1","offsets":[{"start":777,"text":"annyi sütnivalója"}],"coordinates":[],"confidence":{"state":"pre-added","who":["user:bernidam"],"prob":1},"fields":{},"normalizations":{}},{"classId":"e_13","part":"s1v1","offsets":[{"start":783,"text":"sütnivalója"}],"coordinates":[],"confidence":{"state":"pre-added","who":["user:bernidam"],"prob":1},"fields":{},"normalizations":{}},{"classId":"e_4","part":"s1v1","offsets":[{"start":867,"text":"hogy most már nem szavazta ezt meg"}],"coordinates":[],"confidence":{"state":"pre-added","who":["user:viragnandor"],"prob":1},"fields":{},"normalizations":{}},{"classId":"e_13","part":"s1v1","offsets":[{"start":881,"text":"nem szavazta ezt meg"}],"coordinates":[],"confidence":{"state":"pre-added","who":["user:viragnandor"],"prob":1},"fields":{},"normalizations":{}},{"classId":"e_14","part":"s1v1","offsets":[{"start":894,"text":"ezt"}],"coordinates":[],"confidence":{"state":"pre-added","who":["user:viragnandor"],"prob":1},"fields":{},"normalizations":{}},{"classId":"e_13","part":"s1v1","offsets":[{"start":909,"text":"nem is szavazott ellene"}],"coordinates":[],"confidence":{"state":"pre-added","who":["user:viragnandor"],"prob":1},"fields":{},"normalizations":{}},{"classId":"e_5","part":"s1v1","offsets":[{"start":909,"text":"nem is szavazott ellene, mert elegánsan tartózkodott, önök meg áterőltették ezt a társadalmon"}],"coordinates":[],"confidence":{"state":"pre-added","who":["user:bernidam"],"prob":1},"fields":{},"normalizations":{}},{"classId":"e_13","part":"s1v1","offsets":[{"start":949,"text":"tartózkodott"}],"coordinates":[],"confidence":{"state":"pre-added","who":["user:viragnandor"],"prob":1},"fields":{},"normalizations":{}},{"classId":"e_14","part":"s1v1","offsets":[{"start":963,"text":"önök"}],"coordinates":[],"confidence":{"state":"pre-added","who":["user:viragnandor"],"prob":1},"fields":{},"normalizations":{}},{"classId":"e_13","part":"s1v1","offsets":[{"start":972,"text":"áterőltették"}],"coordinates":[],"confidence":{"state":"pre-added","who":["user:viragnandor"],"prob":1},"fields":{},"normalizations":{}},{"classId":"e_14","part":"s1v1","offsets":[{"start":985,"text":"ezt"}],"coordinates":[],"confidence":{"state":"pre-added","who":["user:viragnandor"],"prob":1},"fields":{},"normalizations":{}},{"classId":"e_14","part":"s1v1","offsets":[{"start":989,"text":"a társadalmon"}],"coordinates":[],"confidence":{"state":"pre-added","who":["user:viragnandor"],"prob":1},"fields":{},"normalizations":{}},{"classId":"e_6","part":"s1v1","offsets":[{"start":1004,"text":"ezzel is kivívva az emberek legnagyobb szeretetét"}],"coordinates":[],"confidence":{"state":"pre-added","who":["user:viragnandor"],"prob":1},"fields":{},"normalizations":{}},{"classId":"e_14","part":"s1v1","offsets":[{"start":1004,"text":"ezzel"}],"coordinates":[],"confidence":{"state":"pre-added","who":["user:viragnandor"],"prob":1},"fields":{},"normalizations":{}},{"classId":"e_14","part":"s1v1","offsets":[{"start":1021,"text":"az emberek legnagyobb szeretetét"}],"coordinates":[],"confidence":{"state":"pre-added","who":["user:viragnandor"],"prob":1},"fields":{},"normalizations":{}},{"classId":"e_13","part":"s1v1","offsets":[{"start":1032,"text":"legnagyobb szeretetét"}],"coordinates":[],"confidence":{"state":"pre-added","who":["user:viragnandor"],"prob":1},"fields":{},"normalizations":{}},{"classId":"e_6","part":"s1v1","offsets":[{"start":1055,"text":"A KDNP ezzel legalább adott hírt magáról, hogy egyáltalán létezik."}],"coordinates":[],"confidence":{"state":"pre-added","who":["user:viragnandor"],"prob":1},"fields":{},"normalizations":{}},{"classId":"e_14","part":"s1v1","offsets":[{"start":1055,"text":"A KDNP"}],"coordinates":[],"confidence":{"state":"pre-added","who":["user:viragnandor"],"prob":1},"fields":{},"normalizations":{}},{"classId":"e_14","part":"s1v1","offsets":[{"start":1062,"text":"ezzel"}],"coordinates":[],"confidence":{"state":"pre-added","who":["user:viragnandor"],"prob":1},"fields":{},"normalizations":{}},{"classId":"e_13","part":"s1v1","offsets":[{"start":1077,"text":"adott hírt magáról"}],"coordinates":[],"confidence":{"state":"pre-added","who":["user:viragnandor"],"prob":1},"fields":{},"normalizations":{}},{"classId":"e_14","part":"s1v1","offsets":[{"start":1083,"text":"hírt"}],"coordinates":[],"confidence":{"state":"pre-added","who":["user:bernidam"],"prob":1},"fields":{},"normalizations":{}},{"classId":"e_14","part":"s1v1","offsets":[{"start":1088,"text":"magáról"}],"coordinates":[],"confidence":{"state":"pre-added","who":["user:viragnandor"],"prob":1},"fields":{},"normalizations":{}},{"classId":"e_13","part":"s1v1","offsets":[{"start":1102,"text":"egyáltalán létezik"}],"coordinates":[],"confidence":{"state":"pre-added","who":["user:bernidam"],"prob":1},"fields":{},"normalizations":{}},{"classId":"e_14","part":"s1v1","offsets":[{"start":1122,"text":"A KDNP-ről"}],"coordinates":[],"confidence":{"state":"pre-added","who":["user:viragnandor"],"prob":1},"fields":{},"normalizations":{}},{"classId":"e_6","part":"s1v1","offsets":[{"start":1170,"text":"az emberek ? kicsit keresetlen módon, de ? még egy dalban is megemlékeztek"}],"coordinates":[],"confidence":{"state":"pre-added","who":["user:viragnandor"],"prob":1},"fields":{},"normalizations":{}},{"classId":"e_14","part":"s1v1","offsets":[{"start":1170,"text":"az emberek"}],"coordinates":[],"confidence":{"state":"pre-added","who":["user:viragnandor"],"prob":1},"fields":{},"normalizations":{}},{"classId":"e_13","part":"s1v1","offsets":[{"start":1190,"text":"keresetlen módon"}],"coordinates":[],"confidence":{"state":"pre-added","who":["user:bernidam"],"prob":1},"fields":{},"normalizations":{}},{"classId":"e_14","part":"s1v1","offsets":[{"start":1217,"text":"egy dalban"}],"coordinates":[],"confidence":{"state":"pre-added","who":["user:viragnandor"],"prob":1},"fields":{},"normalizations":{}},{"classId":"e_13","part":"s1v1","offsets":[{"start":1217,"text":"egy dalban is megemlékeztek"}],"coordinates":[],"confidence":{"state":"pre-added","who":["user:bernidam"],"prob":1},"fields":{},"normalizations":{}},{"classId":"e_6","part":"s1v1","offsets":[{"start":1246,"text":"Ajánlom a figyelmükbe, ez egy nagyon érdekes népi alkotás, tessenek meghallgatni majd!"}],"coordinates":[],"confidence":{"state":"pre-added","who":["user:viragnandor"],"prob":1},"fields":{},"normalizations":{}},{"classId":"e_13","part":"s1v1","offsets":[{"start":1246,"text":"Ajánlom a figyelmükbe"}],"coordinates":[],"confidence":{"state":"pre-added","who":["user:bernidam"],"prob":1},"fields":{},"normalizations":{}},{"classId":"e_14","part":"s1v1","offsets":[{"start":1254,"text":"a figyelmükbe"}],"coordinates":[],"confidence":{"state":"pre-added","who":["user:viragnandor"],"prob":1},"fields":{},"normalizations":{}},{"classId":"e_14","part":"s1v1","offsets":[{"start":1269,"text":"ez"}],"coordinates":[],"confidence":{"state":"pre-added","who":["user:viragnandor"],"prob":1},"fields":{},"normalizations":{}},{"classId":"e_14","part":"s1v1","offsets":[{"start":1272,"text":"egy nagyon érdekes népi alkotás"}],"coordinates":[],"confidence":{"state":"pre-added","who":["user:bernidam"],"prob":1},"fields":{},"normalizations":{}},{"classId":"e_13","part":"s1v1","offsets":[{"start":1283,"text":"érdekes"}],"coordinates":[],"confidence":{"state":"pre-added","who":["user:viragnandor"],"prob":1},"fields":{},"normalizations":{}},{"classId":"e_13","part":"s1v1","offsets":[{"start":1305,"text":"tessenek meghallgatni"}],"coordinates":[],"confidence":{"state":"pre-added","who":["user:viragnandor"],"prob":1},"fields":{},"normalizations":{}},{"classId":"e_6","part":"s1v1","offsets":[{"start":1404,"text":"hogy önök összevissza beszéltek"}],"coordinates":[],"confidence":{"state":"pre-added","who":["user:viragnandor"],"prob":1},"fields":{},"normalizations":{}},{"classId":"e_14","part":"s1v1","offsets":[{"start":1409,"text":"önök"}],"coordinates":[],"confidence":{"state":"pre-added","who":["user:viragnandor"],"prob":1},"fields":{},"normalizations":{}},{"classId":"e_13","part":"s1v1","offsets":[{"start":1414,"text":"összevissza beszéltek"}],"coordinates":[],"confidence":{"state":"pre-added","who":["user:bernidam"],"prob":1},"fields":{},"normalizations":{}},{"classId":"e_2","part":"s1v1","offsets":[{"start":1437,"text":"nem nagyon voltak istenigazából érveik, az összes ellenérvet félremagyarázták"}],"coordinates":[],"confidence":{"state":"pre-added","who":["user:viragnandor"],"prob":1},"fields":{},"normalizations":{}},{"classId":"e_13","part":"s1v1","offsets":[{"start":1437,"text":"nem nagyon voltak"}],"coordinates":[],"confidence":{"state":"pre-added","who":["user:viragnandor"],"prob":1},"fields":{},"normalizations":{}},{"classId":"e_14","part":"s1v1","offsets":[{"start":1469,"text":"érveik"}],"coordinates":[],"confidence":{"state":"pre-added","who":["user:viragnandor"],"prob":1},"fields":{},"normalizations":{}},{"classId":"e_14","part":"s1v1","offsets":[{"start":1477,"text":"az összes ellenérvet"}],"coordinates":[],"confidence":{"state":"pre-added","who":["user:viragnandor"],"prob":1},"fields":{},"normalizations":{}},{"classId":"e_13","part":"s1v1","offsets":[{"start":1498,"text":"félremagyarázták"}],"coordinates":[],"confidence":{"state":"pre-added","who":["user:viragnandor"],"prob":1},"fields":{},"normalizations":{}},{"classId":"e_14","part":"s1v1","offsets":[{"start":1516,"text":"Mi"}],"coordinates":[],"confidence":{"state":"pre-added","who":["user:bernidam"],"prob":1},"fields":{},"normalizations":{}},{"classId":"e_2","part":"s1v1","offsets":[{"start":1516,"text":"Mi elmondtunk soktucatnyi problémát, amit fel fog vetni ez a törvény"}],"coordinates":[],"confidence":{"state":"pre-added","who":["user:bernidam"],"prob":1},"fields":{},"normalizations":{}},{"classId":"e_14","part":"s1v1","offsets":[{"start":1530,"text":"soktucatnyi problémát"}],"coordinates":[],"confidence":{"state":"pre-added","who":["user:viragnandor"],"prob":1},"fields":{},"normalizations":{}},{"classId":"e_13","part":"s1v1","offsets":[{"start":1542,"text":"problémát"}],"coordinates":[],"confidence":{"state":"pre-added","who":["user:viragnandor"],"prob":1},"fields":{},"normalizations":{}},{"classId":"e_14","part":"s1v1","offsets":[{"start":1553,"text":"amit"}],"coordinates":[],"confidence":{"state":"pre-added","who":["user:viragnandor"],"prob":1},"fields":{},"normalizations":{}},{"classId":"e_13","part":"s1v1","offsets":[{"start":1558,"text":"fel fog vetni"}],"coordinates":[],"confidence":{"state":"pre-added","who":["user:viragnandor"],"prob":1},"fields":{},"normalizations":{}},{"classId":"e_14","part":"s1v1","offsets":[{"start":1572,"text":"ez a törvény"}],"coordinates":[],"confidence":{"state":"pre-added","who":["user:viragnandor"],"prob":1},"fields":{},"normalizations":{}},{"classId":"e_14","part":"s1v1","offsets":[{"start":1586,"text":"önök"}],"coordinates":[],"confidence":{"state":"pre-added","who":["user:viragnandor"],"prob":1},"fields":{},"normalizations":{}},{"classId":"e_5","part":"s1v1","offsets":[{"start":1586,"text":"önök ezt mind-mind figyelmen kívül hagyták, és ennek ellenére vezették be"}],"coordinates":[],"confidence":{"state":"pre-added","who":["user:bernidam"],"prob":1},"fields":{},"normalizations":{}},{"classId":"e_14","part":"s1v1","offsets":[{"start":1591,"text":"ezt mind-mind"}],"coordinates":[],"confidence":{"state":"pre-added","who":["user:viragnandor"],"prob":1},"fields":{},"normalizations":{}},{"classId":"e_13","part":"s1v1","offsets":[{"start":1605,"text":"figyelmen kívül hagyták"}],"coordinates":[],"confidence":{"state":"pre-added","who":["user:viragnandor"],"prob":1},"fields":{},"normalizations":{}},{"classId":"e_13","part":"s1v1","offsets":[{"start":1633,"text":"ennek ellenére"}],"coordinates":[],"confidence":{"state":"pre-added","who":["user:viragnandor"],"prob":1},"fields":{},"normalizations":{}},{"classId":"e_2","part":"s1v1","offsets":[{"start":1689,"text":"hogy semmiféle mérést, semmiféle tanulmányt nem készítettek arról, hogy ez a vasárnapi zárva tartás hogyan fog kinézni"}],"coordinates":[],"confidence":{"state":"pre-added","who":["user:viragnandor"],"prob":1},"fields":{},"normalizations":{}},{"classId":"e_14","part":"s1v1","offsets":[{"start":1694,"text":"semmiféle mérést"}],"coordinates":[],"confidence":{"state":"pre-added","who":["user:viragnandor"],"prob":1},"fields":{},"normalizations":{}},{"classId":"e_14","part":"s1v1","offsets":[{"start":1712,"text":"semmiféle tanulmányt"}],"coordinates":[],"confidence":{"state":"pre-added","who":["user:viragnandor"],"prob":1},"fields":{},"normalizations":{}},{"classId":"e_13","part":"s1v1","offsets":[{"start":1733,"text":"nem készítettek"}],"coordinates":[],"confidence":{"state":"pre-added","who":["user:bernidam"],"prob":1},"fields":{},"normalizations":{}},{"classId":"e_14","part":"s1v1","offsets":[{"start":1749,"text":"arról"}],"coordinates":[],"confidence":{"state":"pre-added","who":["user:viragnandor"],"prob":1},"fields":{},"normalizations":{}},{"classId":"e_14","part":"s1v1","offsets":[{"start":1761,"text":"ez a vasárnapi zárva tartás"}],"coordinates":[],"confidence":{"state":"pre-added","who":["user:viragnandor"],"prob":1},"fields":{},"normalizations":{}},{"classId":"e_13","part":"s1v1","offsets":[{"start":1766,"text":"vasárnapi zárva"}],"coordinates":[],"confidence":{"state":"pre-added","who":["user:viragnandor"],"prob":1},"fields":{},"normalizations":{}},{"classId":"e_6","part":"s1v1","offsets":[{"start":1809,"text":"Nem mintha erre büszkének kellene lenniük"}],"coordinates":[],"confidence":{"state":"pre-added","who":["user:viragnandor"],"prob":1},"fields":{},"normalizations":{}},{"classId":"e_14","part":"s1v1","offsets":[{"start":1820,"text":"erre"}],"coordinates":[],"confidence":{"state":"pre-added","who":["user:viragnandor"],"prob":1},"fields":{},"normalizations":{}},{"classId":"e_13","part":"s1v1","offsets":[{"start":1825,"text":"büszkének kellene lenniük"}],"coordinates":[],"confidence":{"state":"pre-added","who":["user:viragnandor"],"prob":1},"fields":{},"normalizations":{}},{"classId":"e_2","part":"s1v1","offsets":[{"start":1882,"text":"hogy semmiféle hatástanulmányt nem készítenek"}],"coordinates":[],"confidence":{"state":"pre-added","who":["user:bernidam"],"prob":1},"fields":{},"normalizations":{}},{"classId":"e_14","part":"s1v1","offsets":[{"start":1887,"text":"semmiféle hatástanulmányt"}],"coordinates":[],"confidence":{"state":"pre-added","who":["user:viragnandor"],"prob":1},"fields":{},"normalizations":{}},{"classId":"e_13","part":"s1v1","offsets":[{"start":1913,"text":"nem készítenek"}],"coordinates":[],"confidence":{"state":"pre-added","who":["user:bernidam"],"prob":1},"fields":{},"normalizations":{}},{"classId":"e_5","part":"s1v1","offsets":[{"start":1994,"text":"aztán utána letagadta a miniszterük"}],"coordinates":[],"confidence":{"state":"pre-added","who":["user:bernidam"],"prob":1},"fields":{},"normalizations":{}},{"classId":"e_13","part":"s1v1","offsets":[{"start":2006,"text":"letagadta"}],"coordinates":[],"confidence":{"state":"pre-added","who":["user:viragnandor"],"prob":1},"fields":{},"normalizations":{}},{"classId":"e_14","part":"s1v1","offsets":[{"start":2016,"text":"a miniszterük"}],"coordinates":[],"confidence":{"state":"pre-added","who":["user:viragnandor"],"prob":1},"fields":{},"normalizations":{}},{"classId":"e_5","part":"s1v1","offsets":[{"start":2079,"text":"hogy 3,1 millióért mégis készült egy ilyen hatástanulmány"}],"coordinates":[],"confidence":{"state":"pre-added","who":["user:bernidam"],"prob":1},"fields":{},"normalizations":{}},{"classId":"e_14","part":"s1v1","offsets":[{"start":2084,"text":"3,1 millióért"}],"coordinates":[],"confidence":{"state":"pre-added","who":["user:viragnandor"],"prob":1},"fields":{},"normalizations":{}},{"classId":"e_13","part":"s1v1","offsets":[{"start":2084,"text":"3,1 millióért mégis készült"}],"coordinates":[],"confidence":{"state":"pre-added","who":["user:bernidam"],"prob":1},"fields":{},"normalizations":{}},{"classId":"e_14","part":"s1v1","offsets":[{"start":2112,"text":"egy ilyen hatástanulmány"}],"coordinates":[],"confidence":{"state":"pre-added","who":["user:viragnandor"],"prob":1},"fields":{},"normalizations":{}},{"classId":"e_2","part":"s1v1","offsets":[{"start":2163,"text":"hogy 15-20 ezer ember elveszítheti a munkahelyét, és egyébként ennek a nagy része nem is fog tudni elhelyezkedni"}],"coordinates":[],"confidence":{"state":"pre-added","who":["user:bernidam"],"prob":1},"fields":{},"normalizations":{}},{"classId":"e_14","part":"s1v1","offsets":[{"start":2168,"text":"15-20 ezer ember"}],"coordinates":[],"confidence":{"state":"pre-added","who":["user:viragnandor"],"prob":1},"fields":{},"normalizations":{}},{"classId":"e_13","part":"s1v1","offsets":[{"start":2185,"text":"elveszítheti a munkahelyét"}],"coordinates":[],"confidence":{"state":"pre-added","who":["user:viragnandor"],"prob":1},"fields":{},"normalizations":{}},{"classId":"e_14","part":"s1v1","offsets":[{"start":2198,"text":"a munkahelyét"}],"coordinates":[],"confidence":{"state":"pre-added","who":["user:viragnandor"],"prob":1},"fields":{},"normalizations":{}},{"classId":"e_14","part":"s1v1","offsets":[{"start":2226,"text":"ennek a nagy része"}],"coordinates":[],"confidence":{"state":"pre-added","who":["user:viragnandor"],"prob":1},"fields":{},"normalizations":{}},{"classId":"e_13","part":"s1v1","offsets":[{"start":2245,"text":"nem is fog tudni elhelyezkedni"}],"coordinates":[],"confidence":{"state":"pre-added","who":["user:viragnandor"],"prob":1},"fields":{},"normalizations":{}},{"classId":"e_2","part":"s1v1","offsets":[{"start":2331,"text":"hogy körülbelül 50 milliárd forintot bukik a költségvetés ezen a törvényen"}],"coordinates":[],"confidence":{"state":"pre-added","who":["user:bernidam"],"prob":1},"fields":{},"normalizations":{}},{"classId":"e_14","part":"s1v1","offsets":[{"start":2336,"text":"körülbelül 50 milliárd forintot"}],"coordinates":[],"confidence":{"state":"pre-added","who":["user:viragnandor"],"prob":1},"fields":{},"normalizations":{}},{"classId":"e_13","part":"s1v1","offsets":[{"start":2368,"text":"bukik"}],"coordinates":[],"confidence":{"state":"pre-added","who":["user:viragnandor"],"prob":1},"fields":{},"normalizations":{}},{"classId":"e_14","part":"s1v1","offsets":[{"start":2374,"text":"a költségvetés"}],"coordinates":[],"confidence":{"state":"pre-added","who":["user:viragnandor"],"prob":1},"fields":{},"normalizations":{}},{"classId":"e_14","part":"s1v1","offsets":[{"start":2389,"text":"ezen a törvényen"}],"coordinates":[],"confidence":{"state":"pre-added","who":["user:viragnandor"],"prob":1},"fields":{},"normalizations":{}},{"classId":"e_5","part":"s1v1","offsets":[{"start":2407,"text":"Amikor mi ezt a vitában elmondtuk"}],"coordinates":[],"confidence":{"state":"pre-added","who":["user:bernidam"],"prob":1},"fields":{},"normalizations":{}},{"classId":"e_14","part":"s1v1","offsets":[{"start":2414,"text":"mi"}],"coordinates":[],"confidence":{"state":"pre-added","who":["user:viragnandor"],"prob":1},"fields":{},"normalizations":{}},{"classId":"e_14","part":"s1v1","offsets":[{"start":2417,"text":"ezt"}],"coordinates":[],"confidence":{"state":"pre-added","who":["user:viragnandor"],"prob":1},"fields":{},"normalizations":{}},{"classId":"e_14","part":"s1v1","offsets":[{"start":2421,"text":"a vitában"}],"coordinates":[],"confidence":{"state":"pre-added","who":["user:viragnandor"],"prob":1},"fields":{},"normalizations":{}},{"classId":"e_13","part":"s1v1","offsets":[{"start":2423,"text":"vitában"}],"coordinates":[],"confidence":{"state":"pre-added","who":["user:viragnandor"],"prob":1},"fields":{},"normalizations":{}},{"classId":"e_6","part":"s1v1","offsets":[{"start":2442,"text":"akkor önök elmondták tízszer"}],"coordinates":[],"confidence":{"state":"pre-added","who":["user:bernidam"],"prob":1},"fields":{},"normalizations":{}},{"classId":"e_14","part":"s1v1","offsets":[{"start":2448,"text":"önök"}],"coordinates":[],"confidence":{"state":"pre-added","who":["user:viragnandor"],"prob":1},"fields":{},"normalizations":{}},{"classId":"e_13","part":"s1v1","offsets":[{"start":2453,"text":"elmondták tízszer"}],"coordinates":[],"confidence":{"state":"pre-added","who":["user:bernidam"],"prob":1},"fields":{},"normalizations":{}},{"classId":"e_14","part":"s1v1","offsets":[{"start":2494,"text":"ilyen probléma"}],"coordinates":[],"confidence":{"state":"pre-added","who":["user:viragnandor"],"prob":1},"fields":{},"normalizations":{}},{"classId":"e_4","part":"s1v1","offsets":[{"start":2494,"text":"ilyen probléma nem fog fennállni"}],"coordinates":[],"confidence":{"state":"pre-added","who":["user:bernidam"],"prob":1},"fields":{},"normalizations":{}},{"classId":"e_13","part":"s1v1","offsets":[{"start":2500,"text":"probléma nem fog fennállni"}],"coordinates":[],"confidence":{"state":"pre-added","who":["user:bernidam"],"prob":1},"fields":{},"normalizations":{}},{"classId":"e_2","part":"s1v1","offsets":[{"start":2528,"text":"aztán most már sorba rúgják ki az embereket az üzletekből, meg zárják be az áruházakat, és ez még csak az eleje a történetnek, ennél ez még sokkal súlyosabb lesz"}],"coordinates":[],"confidence":{"state":"pre-added","who":["user:viragnandor"],"prob":1},"fields":{},"normalizations":{}},{"classId":"e_13","part":"s1v1","offsets":[{"start":2549,"text":"rúgják ki"}],"coordinates":[],"confidence":{"state":"pre-added","who":["user:viragnandor"],"prob":1},"fields":{},"normalizations":{}},{"classId":"e_14","part":"s1v1","offsets":[{"start":2559,"text":"az embereket"}],"coordinates":[],"confidence":{"state":"pre-added","who":["user:viragnandor"],"prob":1},"fields":{},"normalizations":{}},{"classId":"e_14","part":"s1v1","offsets":[{"start":2572,"text":"az üzletekből"}],"coordinates":[],"confidence":{"state":"pre-added","who":["user:viragnandor"],"prob":1},"fields":{},"normalizations":{}},{"classId":"e_13","part":"s1v1","offsets":[{"start":2591,"text":"zárják be"}],"coordinates":[],"confidence":{"state":"pre-added","who":["user:viragnandor"],"prob":1},"fields":{},"normalizations":{}},{"classId":"e_14","part":"s1v1","offsets":[{"start":2601,"text":"az áruházakat"}],"coordinates":[],"confidence":{"state":"pre-added","who":["user:viragnandor"],"prob":1},"fields":{},"normalizations":{}},{"classId":"e_14","part":"s1v1","offsets":[{"start":2619,"text":"ez"}],"coordinates":[],"confidence":{"state":"pre-added","who":["user:viragnandor"],"prob":1},"fields":{},"normalizations":{}},{"classId":"e_13","part":"s1v1","offsets":[{"start":2622,"text":"még csak az eleje"}],"coordinates":[],"confidence":{"state":"pre-added","who":["user:viragnandor"],"prob":1},"fields":{},"normalizations":{}},{"classId":"e_14","part":"s1v1","offsets":[{"start":2631,"text":"az eleje"}],"coordinates":[],"confidence":{"state":"pre-added","who":["user:bernidam"],"prob":1},"fields":{},"normalizations":{}},{"classId":"e_14","part":"s1v1","offsets":[{"start":2640,"text":"a történetnek"}],"coordinates":[],"confidence":{"state":"pre-added","who":["user:bernidam"],"prob":1},"fields":{},"normalizations":{}},{"classId":"e_14","part":"s1v1","offsets":[{"start":2655,"text":"ennél"}],"coordinates":[],"confidence":{"state":"pre-added","who":["user:viragnandor"],"prob":1},"fields":{},"normalizations":{}},{"classId":"e_14","part":"s1v1","offsets":[{"start":2661,"text":"ez"}],"coordinates":[],"confidence":{"state":"pre-added","who":["user:bernidam"],"prob":1},"fields":{},"normalizations":{}},{"classId":"e_13","part":"s1v1","offsets":[{"start":2675,"text":"súlyosabb"}],"coordinates":[],"confidence":{"state":"pre-added","who":["user:viragnandor"],"prob":1},"fields":{},"normalizations":{}},{"classId":"e_4","part":"s1v1","offsets":[{"start":2710,"text":"Önök ezt a törvényt valószínűleg vissza fogják vonni"}],"coordinates":[],"confidence":{"state":"pre-added","who":["user:viragnandor"],"prob":1},"fields":{},"normalizations":{}},{"classId":"e_14","part":"s1v1","offsets":[{"start":2710,"text":"Önök"}],"coordinates":[],"confidence":{"state":"pre-added","who":["user:viragnandor"],"prob":1},"fields":{},"normalizations":{}},{"classId":"e_14","part":"s1v1","offsets":[{"start":2715,"text":"ezt a törvényt"}],"coordinates":[],"confidence":{"state":"pre-added","who":["user:viragnandor"],"prob":1},"fields":{},"normalizations":{}},{"classId":"e_13","part":"s1v1","offsets":[{"start":2743,"text":"vissza fogják vonni"}],"coordinates":[],"confidence":{"state":"pre-added","who":["user:viragnandor"],"prob":1},"fields":{},"normalizations":{}},{"classId":"e_2","part":"s1v1","offsets":[{"start":2764,"text":"mert ez a törvény nem tartható"}],"coordinates":[],"confidence":{"state":"pre-added","who":["user:bernidam"],"prob":1},"fields":{},"normalizations":{}},{"classId":"e_14","part":"s1v1","offsets":[{"start":2769,"text":"ez a törvény"}],"coordinates":[],"confidence":{"state":"pre-added","who":["user:viragnandor"],"prob":1},"fields":{},"normalizations":{}},{"classId":"e_13","part":"s1v1","offsets":[{"start":2782,"text":"nem tartható"}],"coordinates":[],"confidence":{"state":"pre-added","who":["user:viragnandor"],"prob":1},"fields":{},"normalizations":{}},{"classId":"e_12","part":"s1v1","offsets":[{"start":2807,"text":"amikor elkezdődik ennek a végrehajtása"}],"coordinates":[],"confidence":{"state":"pre-added","who":["user:bernidam"],"prob":1},"fields":{},"normalizations":{}},{"classId":"e_14","part":"s1v1","offsets":[{"start":2825,"text":"ennek a végrehajtása"}],"coordinates":[],"confidence":{"state":"pre-added","who":["user:viragnandor"],"prob":1},"fields":{},"normalizations":{}},{"classId":"e_13","part":"s1v1","offsets":[{"start":2833,"text":"végrehajtása"}],"coordinates":[],"confidence":{"state":"pre-added","who":["user:bernidam"],"prob":1},"fields":{},"normalizations":{}},{"classId":"e_5","part":"s1v1","offsets":[{"start":2863,"text":"hogy mekkora feszültségeket és mekkora bajt okoz a társadalomban"}],"coordinates":[],"confidence":{"state":"pre-added","who":["user:bernidam"],"prob":1},"fields":{},"normalizations":{}},{"classId":"e_14","part":"s1v1","offsets":[{"start":2868,"text":"mekkora feszültségeket"}],"coordinates":[],"confidence":{"state":"pre-added","who":["user:viragnandor"],"prob":1},"fields":{},"normalizations":{}},{"classId":"e_13","part":"s1v1","offsets":[{"start":2876,"text":"feszültségeket"}],"coordinates":[],"confidence":{"state":"pre-added","who":["user:viragnandor"],"prob":1},"fields":{},"normalizations":{}},{"classId":"e_14","part":"s1v1","offsets":[{"start":2894,"text":"mekkora bajt"}],"coordinates":[],"confidence":{"state":"pre-added","who":["user:viragnandor"],"prob":1},"fields":{},"normalizations":{}},{"classId":"e_13","part":"s1v1","offsets":[{"start":2902,"text":"bajt"}],"coordinates":[],"confidence":{"state":"pre-added","who":["user:viragnandor"],"prob":1},"fields":{},"normalizations":{}},{"classId":"e_14","part":"s1v1","offsets":[{"start":2912,"text":"a társadalomban"}],"coordinates":[],"confidence":{"state":"pre-added","who":["user:viragnandor"],"prob":1},"fields":{},"normalizations":{}},{"classId":"e_2","part":"s1v1","offsets":[{"start":2937,"text":"zárva vannak az üzletek, de nem az üzleteknek kellene zárva lenni, illetve valaki meg nincs zárva, akinek zárva kellene lenni"}],"coordinates":[],"confidence":{"state":"pre-added","who":["user:viragnandor"],"prob":1},"fields":{},"normalizations":{}},{"classId":"e_13","part":"s1v1","offsets":[{"start":2937,"text":"zárva vannak"}],"coordinates":[],"confidence":{"state":"pre-added","who":["user:viragnandor"],"prob":1},"fields":{},"normalizations":{}},{"classId":"e_14","part":"s1v1","offsets":[{"start":2950,"text":"az üzletek"}],"coordinates":[],"confidence":{"state":"pre-added","who":["user:viragnandor"],"prob":1},"fields":{},"normalizations":{}},{"classId":"e_14","part":"s1v1","offsets":[{"start":2969,"text":"az üzleteknek"}],"coordinates":[],"confidence":{"state":"pre-added","who":["user:bernidam"],"prob":1},"fields":{},"normalizations":{}},{"classId":"e_13","part":"s1v1","offsets":[{"start":2991,"text":"zárva lenni"}],"coordinates":[],"confidence":{"state":"pre-added","who":["user:bernidam"],"prob":1},"fields":{},"normalizations":{}},{"classId":"e_14","part":"s1v1","offsets":[{"start":3012,"text":"valaki"}],"coordinates":[],"confidence":{"state":"pre-added","who":["user:viragnandor"],"prob":1},"fields":{},"normalizations":{}},{"classId":"e_13","part":"s1v1","offsets":[{"start":3023,"text":"nincs zárva"}],"coordinates":[],"confidence":{"state":"pre-added","who":["user:viragnandor"],"prob":1},"fields":{},"normalizations":{}},{"classId":"e_14","part":"s1v1","offsets":[{"start":3036,"text":"akinek"}],"coordinates":[],"confidence":{"state":"pre-added","who":["user:viragnandor"],"prob":1},"fields":{},"normalizations":{}},{"classId":"e_13","part":"s1v1","offsets":[{"start":3043,"text":"zárva kellene lenni"}],"coordinates":[],"confidence":{"state":"pre-added","who":["user:viragnandor"],"prob":1},"fields":{},"normalizations":{}},{"classId":"e_6","part":"s1v1","offsets":[{"start":3134,"text":"aki jön-megy, focimeccsre jár, nagyon sokat jópofáskodik, és bejár állítólag a cégéhez dolgozni"}],"coordinates":[],"confidence":{"state":"pre-added","who":["user:viragnandor","user:bernidam"],"prob":1},"fields":{},"normalizations":{}},{"classId":"e_14","part":"s1v1","offsets":[{"start":3134,"text":"aki"}],"coordinates":[],"confidence":{"state":"pre-added","who":["user:viragnandor"],"prob":1},"fields":{},"normalizations":{}},{"classId":"e_13","part":"s1v1","offsets":[{"start":3138,"text":"jön-megy"}],"coordinates":[],"confidence":{"state":"pre-added","who":["user:viragnandor"],"prob":1},"fields":{},"normalizations":{}},{"classId":"e_14","part":"s1v1","offsets":[{"start":3148,"text":"focimeccsre"}],"coordinates":[],"confidence":{"state":"pre-added","who":["user:bernidam"],"prob":1},"fields":{},"normalizations":{}},{"classId":"e_13","part":"s1v1","offsets":[{"start":3148,"text":"focimeccsre jár"}],"coordinates":[],"confidence":{"state":"pre-added","who":["user:bernidam"],"prob":1},"fields":{},"normalizations":{}},{"classId":"e_14","part":"s1v1","offsets":[{"start":3165,"text":"nagyon sokat"}],"coordinates":[],"confidence":{"state":"pre-added","who":["user:viragnandor"],"prob":1},"fields":{},"normalizations":{}},{"classId":"e_13","part":"s1v1","offsets":[{"start":3178,"text":"jópofáskodik"}],"coordinates":[],"confidence":{"state":"pre-added","who":["user:viragnandor"],"prob":1},"fields":{},"normalizations":{}},{"classId":"e_13","part":"s1v1","offsets":[{"start":3195,"text":"bejár állítólag"}],"coordinates":[],"confidence":{"state":"pre-added","who":["user:bernidam"],"prob":1},"fields":{},"normalizations":{}},{"classId":"e_14","part":"s1v1","offsets":[{"start":3211,"text":"a cégéhez"}],"coordinates":[],"confidence":{"state":"pre-added","who":["user:viragnandor"],"prob":1},"fields":{},"normalizations":{}},{"classId":"e_3","part":"s1v1","offsets":[{"start":3297,"text":"hogy teherautókon menekítette ki a vagyonát a luxusvillájából"}],"coordinates":[],"confidence":{"state":"pre-added","who":["user:bernidam"],"prob":1},"fields":{},"normalizations":{}},{"classId":"e_14","part":"s1v1","offsets":[{"start":3302,"text":"teherautókon"}],"coordinates":[],"confidence":{"state":"pre-added","who":["user:viragnandor"],"prob":1},"fields":{},"normalizations":{}},{"classId":"e_13","part":"s1v1","offsets":[{"start":3315,"text":"menekítette ki"}],"coordinates":[],"confidence":{"state":"pre-added","who":["user:viragnandor"],"prob":1},"fields":{},"normalizations":{}},{"classId":"e_14","part":"s1v1","offsets":[{"start":3330,"text":"a vagyonát"}],"coordinates":[],"confidence":{"state":"pre-added","who":["user:viragnandor"],"prob":1},"fields":{},"normalizations":{}},{"classId":"e_14","part":"s1v1","offsets":[{"start":3341,"text":"a luxusvillájából"}],"coordinates":[],"confidence":{"state":"pre-added","who":["user:viragnandor"],"prob":1},"fields":{},"normalizations":{}},{"classId":"e_14","part":"s1v1","offsets":[{"start":3363,"text":"ez az ember"}],"coordinates":[],"confidence":{"state":"pre-added","who":["user:viragnandor"],"prob":1},"fields":{},"normalizations":{}},{"classId":"e_3","part":"s1v1","offsets":[{"start":3392,"text":"hogy a cégénél 150-200 milliárdos pénz tűnt el"}],"coordinates":[],"confidence":{"state":"pre-added","who":["user:bernidam"],"prob":1},"fields":{},"normalizations":{}},{"classId":"e_14","part":"s1v1","offsets":[{"start":3397,"text":"a cégénél"}],"coordinates":[],"confidence":{"state":"pre-added","who":["user:viragnandor"],"prob":1},"fields":{},"normalizations":{}},{"classId":"e_14","part":"s1v1","offsets":[{"start":3407,"text":"150-200 milliárdos pénz"}],"coordinates":[],"confidence":{"state":"pre-added","who":["user:viragnandor"],"prob":1},"fields":{},"normalizations":{}},{"classId":"e_13","part":"s1v1","offsets":[{"start":3426,"text":"pénz tűnt el"}],"coordinates":[],"confidence":{"state":"pre-added","who":["user:viragnandor"],"prob":1},"fields":{},"normalizations":{}},{"classId":"e_2","part":"s1v1","offsets":[{"start":3440,"text":"háborítatlanul jön-megy, és még dolgozni is engedik"}],"coordinates":[],"confidence":{"state":"pre-added","who":["user:bernidam"],"prob":1},"fields":{},"normalizations":{}},{"classId":"e_13","part":"s1v1","offsets":[{"start":3440,"text":"háborítatlanul jön-megy"}],"coordinates":[],"confidence":{"state":"pre-added","who":["user:bernidam"],"prob":1},"fields":{},"normalizations":{}},{"classId":"e_13","part":"s1v1","offsets":[{"start":3484,"text":"engedik"}],"coordinates":[],"confidence":{"state":"pre-added","who":["user:viragnandor"],"prob":1},"fields":{},"normalizations":{}},{"classId":"e_3","part":"s1v1","offsets":[{"start":3535,"text":"hogy esetleg a Quaestornál meglévő, önökre nézve terhelő adatokat eltüntethesse"}],"coordinates":[],"confidence":{"state":"pre-added","who":["user:viragnandor"],"prob":1},"fields":{},"normalizations":{}},{"classId":"e_14","part":"s1v1","offsets":[{"start":3548,"text":"a Quaestornál meglévő, önökre nézve terhelő adatokat"}],"coordinates":[],"confidence":{"state":"pre-added","who":["user:viragnandor"],"prob":1},"fields":{},"normalizations":{}},{"classId":"e_13","part":"s1v1","offsets":[{"start":3601,"text":"eltüntethesse"}],"coordinates":[],"confidence":{"state":"pre-added","who":["user:viragnandor"],"prob":1},"fields":{},"normalizations":{}},{"classId":"e_3","part":"s1v1","offsets":[{"start":3650,"text":"hogy egy cégnél 150-200 milliárd forint eltűnik"}],"coordinates":[],"confidence":{"state":"pre-added","who":["user:viragnandor"],"prob":1},"fields":{},"normalizations":{}},{"classId":"e_14","part":"s1v1","offsets":[{"start":3655,"text":"egy cégnél"}],"coordinates":[],"confidence":{"state":"pre-added","who":["user:viragnandor"],"prob":1},"fields":{},"normalizations":{}},{"classId":"e_14","part":"s1v1","offsets":[{"start":3666,"text":"150-200 milliárd forint"}],"coordinates":[],"confidence":{"state":"pre-added","who":["user:viragnandor"],"prob":1},"fields":{},"normalizations":{}},{"classId":"e_13","part":"s1v1","offsets":[{"start":3690,"text":"eltűnik"}],"coordinates":[],"confidence":{"state":"pre-added","who":["user:viragnandor"],"prob":1},"fields":{},"normalizations":{}},{"classId":"e_2","part":"s1v1","offsets":[{"start":3699,"text":"és a cég vezetőjét még csak meg se hallgatják, a cég vezetőjét egyáltalán nem akadályozzák meg abban"}],"coordinates":[],"confidence":{"state":"pre-added","who":["user:bernidam"],"prob":1},"fields":{},"normalizations":{}},{"classId":"e_14","part":"s1v1","offsets":[{"start":3702,"text":"a cég vezetőjét"}],"coordinates":[],"confidence":{"state":"pre-added","who":["user:viragnandor"],"prob":1},"fields":{},"normalizations":{}},{"classId":"e_13","part":"s1v1","offsets":[{"start":3727,"text":"meg se hallgatják"}],"coordinates":[],"confidence":{"state":"pre-added","who":["user:viragnandor"],"prob":1},"fields":{},"normalizations":{}},{"classId":"e_14","part":"s1v1","offsets":[{"start":3746,"text":"a cég vezetőjét"}],"coordinates":[],"confidence":{"state":"pre-added","who":["user:viragnandor"],"prob":1},"fields":{},"normalizations":{}},{"classId":"e_13","part":"s1v1","offsets":[{"start":3773,"text":"nem akadályozzák meg"}],"coordinates":[],"confidence":{"state":"pre-added","who":["user:viragnandor"],"prob":1},"fields":{},"normalizations":{}},{"classId":"e_14","part":"s1v1","offsets":[{"start":3794,"text":"abban"}],"coordinates":[],"confidence":{"state":"pre-added","who":["user:viragnandor"],"prob":1},"fields":{},"normalizations":{}},{"classId":"e_3","part":"s1v1","offsets":[{"start":3801,"text":"hogy továbbra is hozzáférjen a cég irataihoz, oda bármit betegyen, onnan bármilyen bizonyítékot eltüntessen"}],"coordinates":[],"confidence":{"state":"pre-added","who":["user:bernidam"],"prob":1},"fields":{},"normalizations":{}},{"classId":"e_13","part":"s1v1","offsets":[{"start":3818,"text":"hozzáférjen"}],"coordinates":[],"confidence":{"state":"pre-added","who":["user:viragnandor"],"prob":1},"fields":{},"normalizations":{}},{"classId":"e_14","part":"s1v1","offsets":[{"start":3830,"text":"a cég irataihoz"}],"coordinates":[],"confidence":{"state":"pre-added","who":["user:viragnandor"],"prob":1},"fields":{},"normalizations":{}},{"classId":"e_14","part":"s1v1","offsets":[{"start":3847,"text":"oda"}],"coordinates":[],"confidence":{"state":"pre-added","who":["user:viragnandor"],"prob":1},"fields":{},"normalizations":{}},{"classId":"e_14","part":"s1v1","offsets":[{"start":3851,"text":"bármit"}],"coordinates":[],"confidence":{"state":"pre-added","who":["user:viragnandor"],"prob":1},"fields":{},"normalizations":{}},{"classId":"e_13","part":"s1v1","offsets":[{"start":3858,"text":"betegyen"}],"coordinates":[],"confidence":{"state":"pre-added","who":["user:viragnandor"],"prob":1},"fields":{},"normalizations":{}},{"classId":"e_14","part":"s1v1","offsets":[{"start":3868,"text":"onnan"}],"coordinates":[],"confidence":{"state":"pre-added","who":["user:viragnandor"],"prob":1},"fields":{},"normalizations":{}},{"classId":"e_14","part":"s1v1","offsets":[{"start":3874,"text":"bármilyen bizonyítékot"}],"coordinates":[],"confidence":{"state":"pre-added","who":["user:viragnandor"],"prob":1},"fields":{},"normalizations":{}},{"classId":"e_13","part":"s1v1","offsets":[{"start":3884,"text":"bizonyítékot eltüntessen"}],"coordinates":[],"confidence":{"state":"pre-added","who":["user:bernidam"],"prob":1},"fields":{},"normalizations":{}},{"classId":"e_6","part":"s1v1","offsets":[{"start":3910,"text":"jöjjön-menjen, meccsre járjon, és úgy csináljon, mintha ehhez semmi köze nem lenne"}],"coordinates":[],"confidence":{"state":"pre-added","who":["user:bernidam"],"prob":1},"fields":{},"normalizations":{}},{"classId":"e_13","part":"s1v1","offsets":[{"start":3910,"text":"jöjjön-menjen"}],"coordinates":[],"confidence":{"state":"pre-added","who":["user:bernidam"],"prob":1},"fields":{},"normalizations":{}},{"classId":"e_13","part":"s1v1","offsets":[{"start":3925,"text":"meccsre járjon"}],"coordinates":[],"confidence":{"state":"pre-added","who":["user:bernidam"],"prob":1},"fields":{},"normalizations":{}},{"classId":"e_14","part":"s1v1","offsets":[{"start":3925,"text":"meccsre"}],"coordinates":[],"confidence":{"state":"pre-added","who":["user:bernidam"],"prob":1},"fields":{},"normalizations":{}},{"classId":"e_14","part":"s1v1","offsets":[{"start":3966,"text":"ehhez"}],"coordinates":[],"confidence":{"state":"pre-added","who":["user:viragnandor"],"prob":1},"fields":{},"normalizations":{}},{"classId":"e_13","part":"s1v1","offsets":[{"start":3972,"text":"semmi köze nem lenne"}],"coordinates":[],"confidence":{"state":"pre-added","who":["user:viragnandor"],"prob":1},"fields":{},"normalizations":{}},{"classId":"e_14","part":"s1v1","offsets":[{"start":3972,"text":"semmi köze"}],"coordinates":[],"confidence":{"state":"pre-added","who":["user:bernidam"],"prob":1},"fields":{},"normalizations":{}},{"classId":"e_14","part":"s1v1","offsets":[{"start":4046,"text":"azok az információk"}],"coordinates":[],"confidence":{"state":"pre-added","who":["user:bernidam"],"prob":1},"fields":{},"normalizations":{}},{"classId":"e_3","part":"s1v1","offsets":[{"start":4067,"text":"melyek szerint voltak kormányzati politikusok irányába bennfentes információk, ki tudták menteni a pénzüket a Quaestorból, és ennek a bizonyítékait tünteti most el Tarsoly Csaba, ezért nem tartóztatják le"}],"coordinates":[],"confidence":{"state":"pre-added","who":["user:viragnandor"],"prob":1},"fields":{},"normalizations":{}},{"classId":"e_14","part":"s1v1","offsets":[{"start":4067,"text":"melyek"}],"coordinates":[],"confidence":{"state":"pre-added","who":["user:bernidam"],"prob":1},"fields":{},"normalizations":{}},{"classId":"e_14","part":"s1v1","offsets":[{"start":4089,"text":"kormányzati politikusok irányába"}],"coordinates":[],"confidence":{"state":"pre-added","who":["user:viragnandor"],"prob":1},"fields":{},"normalizations":{}},{"classId":"e_13","part":"s1v1","offsets":[{"start":4122,"text":"bennfentes információk"}],"coordinates":[],"confidence":{"state":"pre-added","who":["user:viragnandor"],"prob":1},"fields":{},"normalizations":{}},{"classId":"e_14","part":"s1v1","offsets":[{"start":4122,"text":"bennfentes információk"}],"coordinates":[],"confidence":{"state":"pre-added","who":["user:viragnandor"],"prob":1},"fields":{},"normalizations":{}},{"classId":"e_13","part":"s1v1","offsets":[{"start":4146,"text":"ki tudták menteni"}],"coordinates":[],"confidence":{"state":"pre-added","who":["user:viragnandor"],"prob":1},"fields":{},"normalizations":{}},{"classId":"e_14","part":"s1v1","offsets":[{"start":4164,"text":"a pénzüket"}],"coordinates":[],"confidence":{"state":"pre-added","who":["user:viragnandor"],"prob":1},"fields":{},"normalizations":{}},{"classId":"e_14","part":"s1v1","offsets":[{"start":4175,"text":"a Quaestorból"}],"coordinates":[],"confidence":{"state":"pre-added","who":["user:viragnandor"],"prob":1},"fields":{},"normalizations":{}},{"classId":"e_14","part":"s1v1","offsets":[{"start":4193,"text":"ennek a bizonyítékait"}],"coordinates":[],"confidence":{"state":"pre-added","who":["user:viragnandor"],"prob":1},"fields":{},"normalizations":{}},{"classId":"e_13","part":"s1v1","offsets":[{"start":4201,"text":"bizonyítékait tünteti"}],"coordinates":[],"confidence":{"state":"pre-added","who":["user:viragnandor"],"prob":1},"fields":{},"normalizations":{}},{"classId":"e_14","part":"s1v1","offsets":[{"start":4231,"text":"Tarsoly Csaba"}],"coordinates":[],"confidence":{"state":"pre-added","who":["user:viragnandor"],"prob":1},"fields":{},"normalizations":{}},{"classId":"e_13","part":"s1v1","offsets":[{"start":4252,"text":"nem tartóztatják le"}],"coordinates":[],"confidence":{"state":"pre-added","who":["user:viragnandor"],"prob":1},"fields":{},"normalizations":{}},{"classId":"e_4","part":"s1v1","offsets":[{"start":4273,"text":"Ezért a Magyar Szocialista Párt ma azt kezdeményezte, hogy minden országgyűlési képviselő és minden kormánytag büntetőjogi felelőssége tudatában tegyen nyilvános nyilatkozatot arról, hogy nem voltak információi a brókercégből, nem vett onnan ki pénzt, és ő sem (Dr. Répássy Róbert: Szerintem a szocialisták is tegyenek ilyet!) és a családtagja sem érintett ebben az ügyben."}],"coordinates":[],"confidence":{"state":"pre-added","who":["user:viragnandor"],"prob":1},"fields":{},"normalizations":{}},{"classId":"e_14","part":"s1v1","offsets":[{"start":4279,"text":"a Magyar Szocialista Párt"}],"coordinates":[],"confidence":{"state":"pre-added","who":["user:viragnandor"],"prob":1},"fields":{},"normalizations":{}},{"classId":"e_14","part":"s1v1","offsets":[{"start":4308,"text":"azt"}],"coordinates":[],"confidence":{"state":"pre-added","who":["user:viragnandor"],"prob":1},"fields":{},"normalizations":{}},{"classId":"e_13","part":"s1v1","offsets":[{"start":4312,"text":"kezdeményezte"}],"coordinates":[],"confidence":{"state":"pre-added","who":["user:viragnandor"],"prob":1},"fields":{},"normalizations":{}},{"classId":"e_14","part":"s1v1","offsets":[{"start":4332,"text":"minden országgyűlési képviselő"}],"coordinates":[],"confidence":{"state":"pre-added","who":["user:viragnandor"],"prob":1},"fields":{},"normalizations":{}},{"classId":"e_14","part":"s1v1","offsets":[{"start":4366,"text":"minden kormánytag"}],"coordinates":[],"confidence":{"state":"pre-added","who":["user:viragnandor"],"prob":1},"fields":{},"normalizations":{}},{"classId":"e_14","part":"s1v1","offsets":[{"start":4384,"text":"büntetőjogi felelőssége tudatában"}],"coordinates":[],"confidence":{"state":"pre-added","who":["user:viragnandor"],"prob":1},"fields":{},"normalizations":{}},{"classId":"e_13","part":"s1v1","offsets":[{"start":4425,"text":"nyilvános nyilatkozatot"}],"coordinates":[],"confidence":{"state":"pre-added","who":["user:viragnandor"],"prob":1},"fields":{},"normalizations":{}},{"classId":"e_14","part":"s1v1","offsets":[{"start":4425,"text":"nyilvános nyilatkozatot"}],"coordinates":[],"confidence":{"state":"pre-added","who":["user:viragnandor"],"prob":1},"fields":{},"normalizations":{}},{"classId":"e_14","part":"s1v1","offsets":[{"start":4449,"text":"arról"}],"coordinates":[],"confidence":{"state":"pre-added","who":["user:viragnandor"],"prob":1},"fields":{},"normalizations":{}},{"classId":"e_13","part":"s1v1","offsets":[{"start":4461,"text":"nem voltak információi"}],"coordinates":[],"confidence":{"state":"pre-added","who":["user:viragnandor"],"prob":1},"fields":{},"normalizations":{}},{"classId":"e_14","part":"s1v1","offsets":[{"start":4472,"text":"információi"}],"coordinates":[],"confidence":{"state":"pre-added","who":["user:viragnandor"],"prob":1},"fields":{},"normalizations":{}},{"classId":"e_14","part":"s1v1","offsets":[{"start":4484,"text":"a brókercégből"}],"coordinates":[],"confidence":{"state":"pre-added","who":["user:viragnandor"],"prob":1},"fields":{},"normalizations":{}},{"classId":"e_13","part":"s1v1","offsets":[{"start":4500,"text":"nem vett onnan ki"}],"coordinates":[],"confidence":{"state":"pre-added","who":["user:viragnandor"],"prob":1},"fields":{},"normalizations":{}},{"classId":"e_14","part":"s1v1","offsets":[{"start":4509,"text":"onnan"}],"coordinates":[],"confidence":{"state":"pre-added","who":["user:viragnandor"],"prob":1},"fields":{},"normalizations":{}},{"classId":"e_14","part":"s1v1","offsets":[{"start":4518,"text":"pénzt"}],"coordinates":[],"confidence":{"state":"pre-added","who":["user:viragnandor"],"prob":1},"fields":{},"normalizations":{}},{"classId":"e_14","part":"s1v1","offsets":[{"start":4528,"text":"ő"}],"coordinates":[],"confidence":{"state":"pre-added","who":["user:bernidam"],"prob":1},"fields":{},"normalizations":{}},{"classId":"e_14","part":"s1v1","offsets":[{"start":4603,"text":"a családtagja"}],"coordinates":[],"confidence":{"state":"pre-added","who":["user:bernidam"],"prob":1},"fields":{},"normalizations":{}},{"classId":"e_13","part":"s1v1","offsets":[{"start":4617,"text":"sem érintett"}],"coordinates":[],"confidence":{"state":"pre-added","who":["user:viragnandor"],"prob":1},"fields":{},"normalizations":{}},{"classId":"e_14","part":"s1v1","offsets":[{"start":4630,"text":"ebben az ügyben"}],"coordinates":[],"confidence":{"state":"pre-added","who":["user:viragnandor"],"prob":1},"fields":{},"normalizations":{}},{"classId":"e_4","part":"s1v1","offsets":[{"start":4647,"text":"Mi meg fogjuk tenni ezt a nyilatkozatot, fogjuk várni, hogy önök is megteszik-e"}],"coordinates":[],"confidence":{"state":"pre-added","who":["user:viragnandor"],"prob":1},"fields":{},"normalizations":{}},{"classId":"e_14","part":"s1v1","offsets":[{"start":4647,"text":"Mi"}],"coordinates":[],"confidence":{"state":"pre-added","who":["user:viragnandor"],"prob":1},"fields":{},"normalizations":{}},{"classId":"e_13","part":"s1v1","offsets":[{"start":4650,"text":"meg fogjuk tenni"}],"coordinates":[],"confidence":{"state":"pre-added","who":["user:viragnandor"],"prob":1},"fields":{},"normalizations":{}},{"classId":"e_14","part":"s1v1","offsets":[{"start":4667,"text":"ezt a nyilatkozatot"}],"coordinates":[],"confidence":{"state":"pre-added","who":["user:viragnandor"],"prob":1},"fields":{},"normalizations":{}},{"classId":"e_13","part":"s1v1","offsets":[{"start":4688,"text":"fogjuk várni"}],"coordinates":[],"confidence":{"state":"pre-added","who":["user:viragnandor"],"prob":1},"fields":{},"normalizations":{}},{"classId":"e_14","part":"s1v1","offsets":[{"start":4707,"text":"önök"}],"coordinates":[],"confidence":{"state":"pre-added","who":["user:viragnandor"],"prob":1},"fields":{},"normalizations":{}},{"classId":"e_13","part":"s1v1","offsets":[{"start":4715,"text":"megteszik"}],"coordinates":[],"confidence":{"state":"pre-added","who":["user:viragnandor"],"prob":1},"fields":{},"normalizations":{}},{"classId":"e_2","part":"s1v1","offsets":[{"start":4728,"text":"attól tartunk, hogy nem fogják megtenni"}],"coordinates":[],"confidence":{"state":"pre-added","who":["user:viragnandor"],"prob":1},"fields":{},"normalizations":{}},{"classId":"e_14","part":"s1v1","offsets":[{"start":4728,"text":"attól"}],"coordinates":[],"confidence":{"state":"pre-added","who":["user:viragnandor"],"prob":1},"fields":{},"normalizations":{}},{"classId":"e_13","part":"s1v1","offsets":[{"start":4734,"text":"tartunk"}],"coordinates":[],"confidence":{"state":"pre-added","who":["user:viragnandor"],"prob":1},"fields":{},"normalizations":{}},{"classId":"e_13","part":"s1v1","offsets":[{"start":4748,"text":"nem fogják megtenni"}],"coordinates":[],"confidence":{"state":"pre-added","who":["user:viragnandor"],"prob":1},"fields":{},"normalizations":{}},{"classId":"e_6","part":"s1v1","offsets":[{"start":4797,"text":"Nem ártatlan embereket kell pórázon rángatni az önök ügyészségének, hanem fel kellene ébredni a főügyésznek"}],"coordinates":[],"confidence":{"state":"pre-added","who":["user:bernidam"],"prob":1},"fields":{},"normalizations":{}},{"classId":"e_14","part":"s1v1","offsets":[{"start":4801,"text":"ártatlan embereket"}],"coordinates":[],"confidence":{"state":"pre-added","who":["user:bernidam"],"prob":1},"fields":{},"normalizations":{}},{"classId":"e_13","part":"s1v1","offsets":[{"start":4825,"text":"pórázon rángatni"}],"coordinates":[],"confidence":{"state":"pre-added","who":["user:viragnandor"],"prob":1},"fields":{},"normalizations":{}},{"classId":"e_14","part":"s1v1","offsets":[{"start":4842,"text":"az önök ügyészségének"}],"coordinates":[],"confidence":{"state":"pre-added","who":["user:viragnandor"],"prob":1},"fields":{},"normalizations":{}},{"classId":"e_13","part":"s1v1","offsets":[{"start":4871,"text":"fel kellene ébredni"}],"coordinates":[],"confidence":{"state":"pre-added","who":["user:bernidam"],"prob":1},"fields":{},"normalizations":{}},{"classId":"e_14","part":"s1v1","offsets":[{"start":4891,"text":"a főügyésznek"}],"coordinates":[],"confidence":{"state":"pre-added","who":["user:viragnandor"],"prob":1},"fields":{},"normalizations":{}},{"classId":"e_12","part":"s1v1","offsets":[{"start":4906,"text":"és el kellene menni, mondjuk, Tarsoly Csabát megkérdezni"}],"coordinates":[],"confidence":{"state":"pre-added","who":["user:bernidam"],"prob":1},"fields":{},"normalizations":{}},{"classId":"e_14","part":"s1v1","offsets":[{"start":4936,"text":"Tarsoly Csabát"}],"coordinates":[],"confidence":{"state":"pre-added","who":["user:viragnandor"],"prob":1},"fields":{},"normalizations":{}},{"classId":"e_13","part":"s1v1","offsets":[{"start":4951,"text":"megkérdezni"}],"coordinates":[],"confidence":{"state":"pre-added","who":["user:viragnandor"],"prob":1},"fields":{},"normalizations":{}},{"classId":"e_3","part":"s1v1","offsets":[{"start":4964,"text":"hogy ha már eltűnt 150-200 milliárd a cégétől, amit kisemberektől lopott el"}],"coordinates":[],"confidence":{"state":"pre-added","who":["user:viragnandor"],"prob":1},"fields":{},"normalizations":{}},{"classId":"e_13","part":"s1v1","offsets":[{"start":4976,"text":"eltűnt"}],"coordinates":[],"confidence":{"state":"pre-added","who":["user:viragnandor"],"prob":1},"fields":{},"normalizations":{}},{"classId":"e_14","part":"s1v1","offsets":[{"start":4983,"text":"150-200 milliárd"}],"coordinates":[],"confidence":{"state":"pre-added","who":["user:viragnandor"],"prob":1},"fields":{},"normalizations":{}},{"classId":"e_14","part":"s1v1","offsets":[{"start":5000,"text":"a cégétől"}],"coordinates":[],"confidence":{"state":"pre-added","who":["user:viragnandor"],"prob":1},"fields":{},"normalizations":{}},{"classId":"e_14","part":"s1v1","offsets":[{"start":5011,"text":"amit"}],"coordinates":[],"confidence":{"state":"pre-added","who":["user:viragnandor"],"prob":1},"fields":{},"normalizations":{}},{"classId":"e_14","part":"s1v1","offsets":[{"start":5016,"text":"kisemberektől"}],"coordinates":[],"confidence":{"state":"pre-added","who":["user:viragnandor"],"prob":1},"fields":{},"normalizations":{}},{"classId":"e_13","part":"s1v1","offsets":[{"start":5030,"text":"lopott el"}],"coordinates":[],"confidence":{"state":"pre-added","who":["user:viragnandor"],"prob":1},"fields":{},"normalizations":{}},{"classId":"e_6","part":"s1v1","offsets":[{"start":5041,"text":"akkor nem biztos, hogy meccsre kellene járni"}],"coordinates":[],"confidence":{"state":"pre-added","who":["user:bernidam"],"prob":1},"fields":{},"normalizations":{}},{"classId":"e_13","part":"s1v1","offsets":[{"start":5047,"text":"nem biztos"}],"coordinates":[],"confidence":{"state":"pre-added","who":["user:bernidam"],"prob":1},"fields":{},"normalizations":{}},{"classId":"e_14","part":"s1v1","offsets":[{"start":5064,"text":"meccsre"}],"coordinates":[],"confidence":{"state":"pre-added","who":["user:viragnandor"],"prob":1},"fields":{},"normalizations":{}},{"classId":"e_13","part":"s1v1","offsets":[{"start":5064,"text":"meccsre kellene járni"}],"coordinates":[],"confidence":{"state":"pre-added","who":["user:bernidam"],"prob":1},"fields":{},"normalizations":{}},{"classId":"e_12","part":"s1v1","offsets":[{"start":5087,"text":"hanem inkább kihallgatásra kellene járni"}],"coordinates":[],"confidence":{"state":"pre-added","who":["user:bernidam"],"prob":1},"fields":{},"normalizations":{}},{"classId":"e_13","part":"s1v1","offsets":[{"start":5100,"text":"kihallgatásra"}],"coordinates":[],"confidence":{"state":"pre-added","who":["user:viragnandor"],"prob":1},"fields":{},"normalizations":{}},{"classId":"e_14","part":"s1v1","offsets":[{"start":5100,"text":"kihallgatásra"}],"coordinates":[],"confidence":{"state":"pre-added","who":["user:viragnandor"],"prob":1},"fields":{},"normalizations":{}}],"relations":[{"classId":"r_16","type":"linked","directed":false,"entities":["s1v1|e_14|1469,1474","s1v1|e_2|1437,1513"],"confidence":{"state":"pre-added","who":["user:viragnandor"],"prob":1}},{"classId":"r_16","type":"linked","directed":false,"entities":["s1v1|e_14|1477,1496","s1v1|e_2|1437,1513"],"confidence":{"state":"pre-added","who":["user:viragnandor"],"prob":1}},{"classId":"r_16","type":"linked","directed":false,"entities":["s1v1|e_14|1516,1517","s1v1|e_2|1516,1583"],"confidence":{"state":"pre-added","who":["user:bernidam"],"prob":1}},{"classId":"r_16","type":"linked","directed":false,"entities":["s1v1|e_14|1530,1550","s1v1|e_2|1516,1583"],"confidence":{"state":"pre-added","who":["user:bernidam"],"prob":1}},{"classId":"r_16","type":"linked","directed":false,"entities":["s1v1|e_14|1553,1556","s1v1|e_2|1516,1583"],"confidence":{"state":"pre-added","who":["user:bernidam"],"prob":1}},{"classId":"r_16","type":"linked","directed":false,"entities":["s1v1|e_14|1572,1583","s1v1|e_2|1516,1583"],"confidence":{"state":"pre-added","who":["user:bernidam"],"prob":1}},{"classId":"r_16","type":"linked","directed":false,"entities":["s1v1|e_14|1694,1709","s1v1|e_2|1689,1806"],"confidence":{"state":"pre-added","who":["user:viragnandor"],"prob":1}},{"classId":"r_16","type":"linked","directed":false,"entities":["s1v1|e_14|1712,1731","s1v1|e_2|1689,1806"],"confidence":{"state":"pre-added","who":["user:viragnandor"],"prob":1}},{"classId":"r_16","type":"linked","directed":false,"entities":["s1v1|e_14|1749,1753","s1v1|e_2|1689,1806"],"confidence":{"state":"pre-added","who":["user:viragnandor"],"prob":1}},{"classId":"r_16","type":"linked","directed":false,"entities":["s1v1|e_14|1761,1787","s1v1|e_2|1689,1806"],"confidence":{"state":"pre-added","who":["user:viragnandor"],"prob":1}},{"classId":"r_16","type":"linked","directed":false,"entities":["s1v1|e_14|1887,1911","s1v1|e_2|1882,1926"],"confidence":{"state":"pre-added","who":["user:bernidam"],"prob":1}},{"classId":"r_16","type":"linked","directed":false,"entities":["s1v1|e_14|2168,2183","s1v1|e_2|2163,2274"],"confidence":{"state":"pre-added","who":["user:bernidam"],"prob":1}},{"classId":"r_16","type":"linked","directed":false,"entities":["s1v1|e_14|2198,2210","s1v1|e_2|2163,2274"],"confidence":{"state":"pre-added","who":["user:bernidam"],"prob":1}},{"classId":"r_16","type":"linked","directed":false,"entities":["s1v1|e_14|2226,2243","s1v1|e_2|2163,2274"],"confidence":{"state":"pre-added","who":["user:bernidam"],"prob":1}},{"classId":"r_16","type":"linked","directed":false,"entities":["s1v1|e_14|2336,2366","s1v1|e_2|2331,2404"],"confidence":{"state":"pre-added","who":["user:bernidam"],"prob":1}},{"classId":"r_16","type":"linked","directed":false,"entities":["s1v1|e_14|2374,2387","s1v1|e_2|2331,2404"],"confidence":{"state":"pre-added","who":["user:bernidam"],"prob":1}},{"classId":"r_16","type":"linked","directed":false,"entities":["s1v1|e_14|2389,2404","s1v1|e_2|2331,2404"],"confidence":{"state":"pre-added","who":["user:bernidam"],"prob":1}},{"classId":"r_16","type":"linked","directed":false,"entities":["s1v1|e_14|2559,2570","s1v1|e_2|2528,2688"],"confidence":{"state":"pre-added","who":["user:viragnandor"],"prob":1}},{"classId":"r_16","type":"linked","directed":false,"entities":["s1v1|e_14|2572,2584","s1v1|e_2|2528,2688"],"confidence":{"state":"pre-added","who":["user:viragnandor"],"prob":1}},{"classId":"r_16","type":"linked","directed":false,"entities":["s1v1|e_14|2601,2613","s1v1|e_2|2528,2688"],"confidence":{"state":"pre-added","who":["user:viragnandor"],"prob":1}},{"classId":"r_16","type":"linked","directed":false,"entities":["s1v1|e_14|2619,2620","s1v1|e_2|2528,2688"],"confidence":{"state":"pre-added","who":["user:viragnandor"],"prob":1}},{"classId":"r_16","type":"linked","directed":false,"entities":["s1v1|e_14|2631,2638","s1v1|e_2|2528,2688"],"confidence":{"state":"pre-added","who":["user:bernidam"],"prob":1}},{"classId":"r_16","type":"linked","directed":false,"entities":["s1v1|e_14|2640,2652","s1v1|e_2|2528,2688"],"confidence":{"state":"pre-added","who":["user:bernidam"],"prob":1}},{"classId":"r_16","type":"linked","directed":false,"entities":["s1v1|e_14|2655,2659","s1v1|e_2|2528,2688"],"confidence":{"state":"pre-added","who":["user:viragnandor"],"prob":1}},{"classId":"r_16","type":"linked","directed":false,"entities":["s1v1|e_14|2661,2662","s1v1|e_2|2528,2688"],"confidence":{"state":"pre-added","who":["user:bernidam"],"prob":1}},{"classId":"r_16","type":"linked","directed":false,"entities":["s1v1|e_14|2769,2780","s1v1|e_2|2764,2793"],"confidence":{"state":"pre-added","who":["user:bernidam"],"prob":1}},{"classId":"r_16","type":"linked","directed":false,"entities":["s1v1|e_14|2950,2959","s1v1|e_2|2937,3061"],"confidence":{"state":"pre-added","who":["user:viragnandor"],"prob":1}},{"classId":"r_16","type":"linked","directed":false,"entities":["s1v1|e_14|2969,2981","s1v1|e_2|2937,3061"],"confidence":{"state":"pre-added","who":["user:bernidam"],"prob":1}},{"classId":"r_16","type":"linked","directed":false,"entities":["s1v1|e_14|3012,3017","s1v1|e_2|2937,3061"],"confidence":{"state":"pre-added","who":["user:viragnandor"],"prob":1}},{"classId":"r_16","type":"linked","directed":false,"entities":["s1v1|e_14|3036,3041","s1v1|e_2|2937,3061"],"confidence":{"state":"pre-added","who":["user:viragnandor"],"prob":1}},{"classId":"r_16","type":"linked","directed":false,"entities":["s1v1|e_14|3363,3373","s1v1|e_2|3440,3490"],"confidence":{"state":"pre-added","who":["user:bernidam"],"prob":1}},{"classId":"r_16","type":"linked","directed":false,"entities":["s1v1|e_14|3702,3716","s1v1|e_2|3699,3798"],"confidence":{"state":"pre-added","who":["user:bernidam"],"prob":1}},{"classId":"r_16","type":"linked","directed":false,"entities":["s1v1|e_14|3746,3760","s1v1|e_2|3699,3798"],"confidence":{"state":"pre-added","who":["user:bernidam"],"prob":1}},{"classId":"r_16","type":"linked","directed":false,"entities":["s1v1|e_14|3794,3798","s1v1|e_2|3699,3798"],"confidence":{"state":"pre-added","who":["user:bernidam"],"prob":1}},{"classId":"r_16","type":"linked","directed":false,"entities":["s1v1|e_14|4728,4732","s1v1|e_2|4728,4766"],"confidence":{"state":"pre-added","who":["user:viragnandor"],"prob":1}},{"classId":"r_17","type":"linked","directed":false,"entities":["s1v1|e_14|3302,3313","s1v1|e_3|3297,3357"],"confidence":{"state":"pre-added","who":["user:bernidam"],"prob":1}},{"classId":"r_17","type":"linked","directed":false,"entities":["s1v1|e_14|3330,3339","s1v1|e_3|3297,3357"],"confidence":{"state":"pre-added","who":["user:bernidam"],"prob":1}},{"classId":"r_17","type":"linked","directed":false,"entities":["s1v1|e_14|3341,3357","s1v1|e_3|3297,3357"],"confidence":{"state":"pre-added","who":["user:bernidam"],"prob":1}},{"classId":"r_17","type":"linked","directed":false,"entities":["s1v1|e_14|3363,3373","s1v1|e_3|3392,3437"],"confidence":{"state":"pre-added","who":["user:bernidam"],"prob":1}},{"classId":"r_17","type":"linked","directed":false,"entities":["s1v1|e_14|3363,3373","s1v1|e_3|3535,3613"],"confidence":{"state":"pre-added","who":["user:bernidam"],"prob":1}},{"classId":"r_17","type":"linked","directed":false,"entities":["s1v1|e_14|3397,3405","s1v1|e_3|3392,3437"],"confidence":{"state":"pre-added","who":["user:bernidam"],"prob":1}},{"classId":"r_17","type":"linked","directed":false,"entities":["s1v1|e_14|3407,3429","s1v1|e_3|3392,3437"],"confidence":{"state":"pre-added","who":["user:bernidam"],"prob":1}},{"classId":"r_17","type":"linked","directed":false,"entities":["s1v1|e_14|3548,3599","s1v1|e_3|3535,3613"],"confidence":{"state":"pre-added","who":["user:viragnandor"],"prob":1}},{"classId":"r_17","type":"linked","directed":false,"entities":["s1v1|e_14|3655,3664","s1v1|e_3|3650,3696"],"confidence":{"state":"pre-added","who":["user:viragnandor"],"prob":1}},{"classId":"r_17","type":"linked","directed":false,"entities":["s1v1|e_14|3666,3688","s1v1|e_3|3650,3696"],"confidence":{"state":"pre-added","who":["user:viragnandor"],"prob":1}},{"classId":"r_17","type":"linked","directed":false,"entities":["s1v1|e_14|3830,3844","s1v1|e_3|3801,3907"],"confidence":{"state":"pre-added","who":["user:bernidam"],"prob":1}},{"classId":"r_17","type":"linked","directed":false,"entities":["s1v1|e_14|3847,3849","s1v1|e_3|3801,3907"],"confidence":{"state":"pre-added","who":["user:bernidam"],"prob":1}},{"classId":"r_17","type":"linked","directed":false,"entities":["s1v1|e_14|3851,3856","s1v1|e_3|3801,3907"],"confidence":{"state":"pre-added","who":["user:bernidam"],"prob":1}},{"classId":"r_17","type":"linked","directed":false,"entities":["s1v1|e_14|3868,3872","s1v1|e_3|3801,3907"],"confidence":{"state":"pre-added","who":["user:bernidam"],"prob":1}},{"classId":"r_17","type":"linked","directed":false,"entities":["s1v1|e_14|3874,3895","s1v1|e_3|3801,3907"],"confidence":{"state":"pre-added","who":["user:bernidam"],"prob":1}},{"classId":"r_17","type":"linked","directed":false,"entities":["s1v1|e_14|4046,4064","s1v1|e_3|4067,4270"],"confidence":{"state":"pre-added","who":["user:bernidam"],"prob":1}},{"classId":"r_17","type":"linked","directed":false,"entities":["s1v1|e_14|4067,4072","s1v1|e_3|4067,4270"],"confidence":{"state":"pre-added","who":["user:bernidam"],"prob":1}},{"classId":"r_17","type":"linked","directed":false,"entities":["s1v1|e_14|4089,4120","s1v1|e_3|4067,4270"],"confidence":{"state":"pre-added","who":["user:viragnandor"],"prob":1}},{"classId":"r_17","type":"linked","directed":false,"entities":["s1v1|e_14|4122,4143","s1v1|e_3|4067,4270"],"confidence":{"state":"pre-added","who":["user:viragnandor"],"prob":1}},{"classId":"r_17","type":"linked","directed":false,"entities":["s1v1|e_14|4164,4173","s1v1|e_3|4067,4270"],"confidence":{"state":"pre-added","who":["user:viragnandor"],"prob":1}},{"classId":"r_17","type":"linked","directed":false,"entities":["s1v1|e_14|4175,4187","s1v1|e_3|4067,4270"],"confidence":{"state":"pre-added","who":["user:viragnandor"],"prob":1}},{"classId":"r_17","type":"linked","directed":false,"entities":["s1v1|e_14|4193,4213","s1v1|e_3|4067,4270"],"confidence":{"state":"pre-added","who":["user:viragnandor"],"prob":1}},{"classId":"r_17","type":"linked","directed":false,"entities":["s1v1|e_14|4231,4243","s1v1|e_3|4067,4270"],"confidence":{"state":"pre-added","who":["user:viragnandor"],"prob":1}},{"classId":"r_17","type":"linked","directed":false,"entities":["s1v1|e_14|4983,4998","s1v1|e_3|4964,5038"],"confidence":{"state":"pre-added","who":["user:viragnandor"],"prob":1}},{"classId":"r_17","type":"linked","directed":false,"entities":["s1v1|e_14|5000,5008","s1v1|e_3|4964,5038"],"confidence":{"state":"pre-added","who":["user:viragnandor"],"prob":1}},{"classId":"r_17","type":"linked","directed":false,"entities":["s1v1|e_14|5011,5014","s1v1|e_3|4964,5038"],"confidence":{"state":"pre-added","who":["user:viragnandor"],"prob":1}},{"classId":"r_17","type":"linked","directed":false,"entities":["s1v1|e_14|5016,5028","s1v1|e_3|4964,5038"],"confidence":{"state":"pre-added","who":["user:viragnandor"],"prob":1}},{"classId":"r_18","type":"linked","directed":false,"entities":["s1v1|e_14|894,896","s1v1|e_4|867,900"],"confidence":{"state":"pre-added","who":["user:viragnandor"],"prob":1}},{"classId":"r_18","type":"linked","directed":false,"entities":["s1v1|e_14|2494,2507","s1v1|e_4|2494,2525"],"confidence":{"state":"pre-added","who":["user:bernidam"],"prob":1}},{"classId":"r_18","type":"linked","directed":false,"entities":["s1v1|e_14|2710,2713","s1v1|e_4|2710,2761"],"confidence":{"state":"pre-added","who":["user:viragnandor"],"prob":1}},{"classId":"r_18","type":"linked","directed":false,"entities":["s1v1|e_14|2715,2728","s1v1|e_4|2710,2761"],"confidence":{"state":"pre-added","who":["user:viragnandor"],"prob":1}},{"classId":"r_18","type":"linked","directed":false,"entities":["s1v1|e_14|4279,4303","s1v1|e_4|4273,4645"],"confidence":{"state":"pre-added","who":["user:viragnandor"],"prob":1}},{"classId":"r_18","type":"linked","directed":false,"entities":["s1v1|e_14|4308,4310","s1v1|e_4|4273,4645"],"confidence":{"state":"pre-added","who":["user:viragnandor"],"prob":1}},{"classId":"r_18","type":"linked","directed":false,"entities":["s1v1|e_14|4332,4361","s1v1|e_4|4273,4645"],"confidence":{"state":"pre-added","who":["user:viragnandor"],"prob":1}},{"classId":"r_18","type":"linked","directed":false,"entities":["s1v1|e_14|4366,4382","s1v1|e_4|4273,4645"],"confidence":{"state":"pre-added","who":["user:viragnandor"],"prob":1}},{"classId":"r_18","type":"linked","directed":false,"entities":["s1v1|e_14|4384,4416","s1v1|e_4|4273,4645"],"confidence":{"state":"pre-added","who":["user:viragnandor"],"prob":1}},{"classId":"r_18","type":"linked","directed":false,"entities":["s1v1|e_14|4425,4447","s1v1|e_4|4273,4645"],"confidence":{"state":"pre-added","who":["user:viragnandor"],"prob":1}},{"classId":"r_18","type":"linked","directed":false,"entities":["s1v1|e_14|4449,4453","s1v1|e_4|4273,4645"],"confidence":{"state":"pre-added","who":["user:viragnandor"],"prob":1}},{"classId":"r_18","type":"linked","directed":false,"entities":["s1v1|e_14|4472,4482","s1v1|e_4|4273,4645"],"confidence":{"state":"pre-added","who":["user:viragnandor"],"prob":1}},{"classId":"r_18","type":"linked","directed":false,"entities":["s1v1|e_14|4484,4497","s1v1|e_4|4273,4645"],"confidence":{"state":"pre-added","who":["user:viragnandor"],"prob":1}},{"classId":"r_18","type":"linked","directed":false,"entities":["s1v1|e_14|4509,4513","s1v1|e_4|4273,4645"],"confidence":{"state":"pre-added","who":["user:viragnandor"],"prob":1}},{"classId":"r_18","type":"linked","directed":false,"entities":["s1v1|e_14|4518,4522","s1v1|e_4|4273,4645"],"confidence":{"state":"pre-added","who":["user:viragnandor"],"prob":1}},{"classId":"r_18","type":"linked","directed":false,"entities":["s1v1|e_14|4528,4528","s1v1|e_4|4273,4645"],"confidence":{"state":"pre-added","who":["user:bernidam"],"prob":1}},{"classId":"r_18","type":"linked","directed":false,"entities":["s1v1|e_14|4603,4615","s1v1|e_4|4273,4645"],"confidence":{"state":"pre-added","who":["user:bernidam"],"prob":1}},{"classId":"r_18","type":"linked","directed":false,"entities":["s1v1|e_14|4630,4644","s1v1|e_4|4273,4645"],"confidence":{"state":"pre-added","who":["user:viragnandor"],"prob":1}},{"classId":"r_18","type":"linked","directed":false,"entities":["s1v1|e_14|4647,4648","s1v1|e_4|4647,4725"],"confidence":{"state":"pre-added","who":["user:viragnandor"],"prob":1}},{"classId":"r_18","type":"linked","directed":false,"entities":["s1v1|e_14|4667,4685","s1v1|e_4|4647,4725"],"confidence":{"state":"pre-added","who":["user:viragnandor"],"prob":1}},{"classId":"r_18","type":"linked","directed":false,"entities":["s1v1|e_14|4707,4710","s1v1|e_4|4647,4725"],"confidence":{"state":"pre-added","who":["user:viragnandor"],"prob":1}},{"classId":"r_19","type":"linked","directed":false,"entities":["s1v1|e_14|535,538","s1v1|e_5|550,585"],"confidence":{"state":"pre-added","who":["user:bernidam"],"prob":1}},{"classId":"r_19","type":"linked","directed":false,"entities":["s1v1|e_14|540,547","s1v1|e_5|550,585"],"confidence":{"state":"pre-added","who":["user:bernidam"],"prob":1}},{"classId":"r_19","type":"linked","directed":false,"entities":["s1v1|e_14|550,553","s1v1|e_5|550,585"],"confidence":{"state":"pre-added","who":["user:bernidam"],"prob":1}},{"classId":"r_19","type":"linked","directed":false,"entities":["s1v1|e_14|574,585","s1v1|e_5|550,585"],"confidence":{"state":"pre-added","who":["user:bernidam"],"prob":1}},{"classId":"r_19","type":"linked","directed":false,"entities":["s1v1|e_14|963,966","s1v1|e_5|909,1001"],"confidence":{"state":"pre-added","who":["user:bernidam"],"prob":1}},{"classId":"r_19","type":"linked","directed":false,"entities":["s1v1|e_14|985,987","s1v1|e_5|909,1001"],"confidence":{"state":"pre-added","who":["user:bernidam"],"prob":1}},{"classId":"r_19","type":"linked","directed":false,"entities":["s1v1|e_14|989,1001","s1v1|e_5|909,1001"],"confidence":{"state":"pre-added","who":["user:bernidam"],"prob":1}},{"classId":"r_19","type":"linked","directed":false,"entities":["s1v1|e_14|1586,1589","s1v1|e_5|1586,1658"],"confidence":{"state":"pre-added","who":["user:bernidam"],"prob":1}},{"classId":"r_19","type":"linked","directed":false,"entities":["s1v1|e_14|1591,1603","s1v1|e_5|1586,1658"],"confidence":{"state":"pre-added","who":["user:bernidam"],"prob":1}},{"classId":"r_19","type":"linked","directed":false,"entities":["s1v1|e_14|2016,2028","s1v1|e_5|1994,2028"],"confidence":{"state":"pre-added","who":["user:bernidam"],"prob":1}},{"classId":"r_19","type":"linked","directed":false,"entities":["s1v1|e_14|2084,2096","s1v1|e_5|2079,2135"],"confidence":{"state":"pre-added","who":["user:bernidam"],"prob":1}},{"classId":"r_19","type":"linked","directed":false,"entities":["s1v1|e_14|2112,2135","s1v1|e_5|2079,2135"],"confidence":{"state":"pre-added","who":["user:bernidam"],"prob":1}},{"classId":"r_19","type":"linked","directed":false,"entities":["s1v1|e_14|2414,2415","s1v1|e_5|2407,2439"],"confidence":{"state":"pre-added","who":["user:bernidam"],"prob":1}},{"classId":"r_19","type":"linked","directed":false,"entities":["s1v1|e_14|2417,2419","s1v1|e_5|2407,2439"],"confidence":{"state":"pre-added","who":["user:bernidam"],"prob":1}},{"classId":"r_19","type":"linked","directed":false,"entities":["s1v1|e_14|2421,2429","s1v1|e_5|2407,2439"],"confidence":{"state":"pre-added","who":["user:bernidam"],"prob":1}},{"classId":"r_19","type":"linked","directed":false,"entities":["s1v1|e_14|2868,2889","s1v1|e_5|2863,2926"],"confidence":{"state":"pre-added","who":["user:bernidam"],"prob":1}},{"classId":"r_19","type":"linked","directed":false,"entities":["s1v1|e_14|2894,2905","s1v1|e_5|2863,2926"],"confidence":{"state":"pre-added","who":["user:bernidam"],"prob":1}},{"classId":"r_19","type":"linked","directed":false,"entities":["s1v1|e_14|2912,2926","s1v1|e_5|2863,2926"],"confidence":{"state":"pre-added","who":["user:bernidam"],"prob":1}},{"classId":"r_20","type":"linked","directed":false,"entities":["s1v1|e_14|122,131","s1v1|e_6|94,161"],"confidence":{"state":"pre-added","who":["user:viragnandor"],"prob":1}},{"classId":"r_20","type":"linked","directed":false,"entities":["s1v1|e_14|133,155","s1v1|e_6|94,161"],"confidence":{"state":"pre-added","who":["user:bernidam"],"prob":1}},{"classId":"r_20","type":"linked","directed":false,"entities":["s1v1|e_14|220,249","s1v1|e_6|179,290"],"confidence":{"state":"pre-added","who":["user:viragnandor"],"prob":1}},{"classId":"r_20","type":"linked","directed":false,"entities":["s1v1|e_14|260,265","s1v1|e_6|179,290"],"confidence":{"state":"pre-added","who":["user:viragnandor"],"prob":1}},{"classId":"r_20","type":"linked","directed":false,"entities":["s1v1|e_14|390,393","s1v1|e_6|390,494"],"confidence":{"state":"pre-added","who":["user:viragnandor"],"prob":1}},{"classId":"r_20","type":"linked","directed":false,"entities":["s1v1|e_14|595,611","s1v1|e_6|588,684"],"confidence":{"state":"pre-added","who":["user:bernidam"],"prob":1}},{"classId":"r_20","type":"linked","directed":false,"entities":["s1v1|e_14|613,620","s1v1|e_6|588,684"],"confidence":{"state":"pre-added","who":["user:bernidam"],"prob":1}},{"classId":"r_20","type":"linked","directed":false,"entities":["s1v1|e_14|622,645","s1v1|e_6|588,684"],"confidence":{"state":"pre-added","who":["user:bernidam"],"prob":1}},{"classId":"r_20","type":"linked","directed":false,"entities":["s1v1|e_14|658,684","s1v1|e_6|588,684"],"confidence":{"state":"pre-added","who":["user:bernidam"],"prob":1}},{"classId":"r_20","type":"linked","directed":false,"entities":["s1v1|e_14|760,770","s1v1|e_6|755,793"],"confidence":{"state":"pre-added","who":["user:bernidam"],"prob":1}},{"classId":"r_20","type":"linked","directed":false,"entities":["s1v1|e_14|777,793","s1v1|e_6|755,793"],"confidence":{"state":"pre-added","who":["user:bernidam"],"prob":1}},{"classId":"r_20","type":"linked","directed":false,"entities":["s1v1|e_14|1004,1008","s1v1|e_6|1004,1052"],"confidence":{"state":"pre-added","who":["user:viragnandor"],"prob":1}},{"classId":"r_20","type":"linked","directed":false,"entities":["s1v1|e_14|1021,1052","s1v1|e_6|1004,1052"],"confidence":{"state":"pre-added","who":["user:viragnandor"],"prob":1}},{"classId":"r_20","type":"linked","directed":false,"entities":["s1v1|e_14|1055,1060","s1v1|e_6|1055,1120"],"confidence":{"state":"pre-added","who":["user:viragnandor"],"prob":1}},{"classId":"r_20","type":"linked","directed":false,"entities":["s1v1|e_14|1062,1066","s1v1|e_6|1055,1120"],"confidence":{"state":"pre-added","who":["user:viragnandor"],"prob":1}},{"classId":"r_20","type":"linked","directed":false,"entities":["s1v1|e_14|1083,1086","s1v1|e_6|1055,1120"],"confidence":{"state":"pre-added","who":["user:bernidam"],"prob":1}},{"classId":"r_20","type":"linked","directed":false,"entities":["s1v1|e_14|1088,1094","s1v1|e_6|1055,1120"],"confidence":{"state":"pre-added","who":["user:viragnandor"],"prob":1}},{"classId":"r_20","type":"linked","directed":false,"entities":["s1v1|e_14|1122,1131","s1v1|e_6|1170,1243"],"confidence":{"state":"pre-added","who":["user:viragnandor"],"prob":1}},{"classId":"r_20","type":"linked","directed":false,"entities":["s1v1|e_14|1170,1179","s1v1|e_6|1170,1243"],"confidence":{"state":"pre-added","who":["user:viragnandor"],"prob":1}},{"classId":"r_20","type":"linked","directed":false,"entities":["s1v1|e_14|1217,1226","s1v1|e_6|1170,1243"],"confidence":{"state":"pre-added","who":["user:viragnandor"],"prob":1}},{"classId":"r_20","type":"linked","directed":false,"entities":["s1v1|e_14|1254,1266","s1v1|e_6|1246,1331"],"confidence":{"state":"pre-added","who":["user:viragnandor"],"prob":1}},{"classId":"r_20","type":"linked","directed":false,"entities":["s1v1|e_14|1269,1270","s1v1|e_6|1246,1331"],"confidence":{"state":"pre-added","who":["user:viragnandor"],"prob":1}},{"classId":"r_20","type":"linked","directed":false,"entities":["s1v1|e_14|1272,1302","s1v1|e_6|1246,1331"],"confidence":{"state":"pre-added","who":["user:bernidam"],"prob":1}},{"classId":"r_20","type":"linked","directed":false,"entities":["s1v1|e_14|1409,1412","s1v1|e_6|1404,1434"],"confidence":{"state":"pre-added","who":["user:viragnandor"],"prob":1}},{"classId":"r_20","type":"linked","directed":false,"entities":["s1v1|e_14|1820,1823","s1v1|e_6|1809,1849"],"confidence":{"state":"pre-added","who":["user:viragnandor"],"prob":1}},{"classId":"r_20","type":"linked","directed":false,"entities":["s1v1|e_14|2448,2451","s1v1|e_6|2442,2469"],"confidence":{"state":"pre-added","who":["user:bernidam"],"prob":1}},{"classId":"r_20","type":"linked","directed":false,"entities":["s1v1|e_14|3134,3136","s1v1|e_6|3134,3228"],"confidence":{"state":"pre-added","who":["user:bernidam"],"prob":1}},{"classId":"r_20","type":"linked","directed":false,"entities":["s1v1|e_14|3148,3158","s1v1|e_6|3134,3228"],"confidence":{"state":"pre-added","who":["user:bernidam"],"prob":1}},{"classId":"r_20","type":"linked","directed":false,"entities":["s1v1|e_14|3165,3176","s1v1|e_6|3134,3228"],"confidence":{"state":"pre-added","who":["user:bernidam"],"prob":1}},{"classId":"r_20","type":"linked","directed":false,"entities":["s1v1|e_14|3211,3219","s1v1|e_6|3134,3228"],"confidence":{"state":"pre-added","who":["user:bernidam"],"prob":1}},{"classId":"r_20","type":"linked","directed":false,"entities":["s1v1|e_14|3925,3931","s1v1|e_6|3910,3991"],"confidence":{"state":"pre-added","who":["user:bernidam"],"prob":1}},{"classId":"r_20","type":"linked","directed":false,"entities":["s1v1|e_14|3966,3970","s1v1|e_6|3910,3991"],"confidence":{"state":"pre-added","who":["user:bernidam"],"prob":1}},{"classId":"r_20","type":"linked","directed":false,"entities":["s1v1|e_14|3972,3981","s1v1|e_6|3910,3991"],"confidence":{"state":"pre-added","who":["user:bernidam"],"prob":1}},{"classId":"r_20","type":"linked","directed":false,"entities":["s1v1|e_14|4801,4818","s1v1|e_6|4797,4903"],"confidence":{"state":"pre-added","who":["user:bernidam"],"prob":1}},{"classId":"r_20","type":"linked","directed":false,"entities":["s1v1|e_14|4842,4862","s1v1|e_6|4797,4903"],"confidence":{"state":"pre-added","who":["user:bernidam"],"prob":1}},{"classId":"r_20","type":"linked","directed":false,"entities":["s1v1|e_14|4891,4903","s1v1|e_6|4797,4903"],"confidence":{"state":"pre-added","who":["user:bernidam"],"prob":1}},{"classId":"r_20","type":"linked","directed":false,"entities":["s1v1|e_14|5064,5070","s1v1|e_6|5041,5084"],"confidence":{"state":"pre-added","who":["user:bernidam"],"prob":1}},{"classId":"r_26","type":"linked","directed":false,"entities":["s1v1|e_14|2825,2844","s1v1|e_12|2807,2844"],"confidence":{"state":"pre-added","who":["user:bernidam"],"prob":1}},{"classId":"r_26","type":"linked","directed":false,"entities":["s1v1|e_14|4936,4949","s1v1|e_12|4906,4961"],"confidence":{"state":"pre-added","who":["user:bernidam"],"prob":1}},{"classId":"r_26","type":"linked","directed":false,"entities":["s1v1|e_14|5100,5112","s1v1|e_12|5087,5126"],"confidence":{"state":"pre-added","who":["user:bernidam"],"prob":1}}]}