{"annotatable":{"parts":["s1v1"]},"anncomplete":false,"sources":[],"metas":{},"entities":[{"classId":"e_2","part":"s1v1","offsets":[{"start":74,"text":"Ellenzéki adósságnak tartom, hogy a Fidesz-KDNP kormányzásának egyetlen kiemelkedő eredménye az ország védelme és az illegális bevándorlók, terroristák elleni küzdelem lenne."}],"coordinates":[],"confidence":{"state":"pre-added","who":["user:porkolabadrian"],"prob":1},"fields":{},"normalizations":{}},{"classId":"e_13","part":"s1v1","offsets":[{"start":74,"text":"Ellenzéki adósságnak tartom"}],"coordinates":[],"confidence":{"state":"pre-added","who":["user:porkolabadrian"],"prob":1},"fields":{},"normalizations":{}},{"classId":"e_14","part":"s1v1","offsets":[{"start":74,"text":"Ellenzéki adósságnak"}],"coordinates":[],"confidence":{"state":"pre-added","who":["user:porkolabadrian"],"prob":1},"fields":{},"normalizations":{}},{"classId":"e_14","part":"s1v1","offsets":[{"start":108,"text":"a Fidesz-KDNP kormányzásának egyetlen kiemelkedő eredménye"}],"coordinates":[],"confidence":{"state":"pre-added","who":["user:porkolabadrian"],"prob":1},"fields":{},"normalizations":{}},{"classId":"e_13","part":"s1v1","offsets":[{"start":137,"text":"egyetlen kiemelkedő eredménye"}],"coordinates":[],"confidence":{"state":"pre-added","who":["user:porkolabadrian"],"prob":1},"fields":{},"normalizations":{}},{"classId":"e_14","part":"s1v1","offsets":[{"start":167,"text":"az ország védelme"}],"coordinates":[],"confidence":{"state":"pre-added","who":["user:bernidam"],"prob":1},"fields":{},"normalizations":{}},{"classId":"e_14","part":"s1v1","offsets":[{"start":188,"text":"az illegális bevándorlók, terroristák elleni küzdelem"}],"coordinates":[],"confidence":{"state":"pre-added","who":["user:bernidam"],"prob":1},"fields":{},"normalizations":{}},{"classId":"e_4","part":"s1v1","offsets":[{"start":249,"text":"A határok megóvása, a biztonság szavatolása közben ugyanis a nemzeti keresztény oldal töretlenül dolgozik a legfontosabb közösség, a család megerősítéséért."}],"coordinates":[],"confidence":{"state":"pre-added","who":["user:porkolabadrian"],"prob":1},"fields":{},"normalizations":{}},{"classId":"e_14","part":"s1v1","offsets":[{"start":249,"text":"A határok megóvása"}],"coordinates":[],"confidence":{"state":"pre-added","who":["user:bernidam"],"prob":1},"fields":{},"normalizations":{}},{"classId":"e_13","part":"s1v1","offsets":[{"start":251,"text":"határok megóvása"}],"coordinates":[],"confidence":{"state":"pre-added","who":["user:bernidam"],"prob":1},"fields":{},"normalizations":{}},{"classId":"e_14","part":"s1v1","offsets":[{"start":269,"text":"a biztonság szavatolása"}],"coordinates":[],"confidence":{"state":"pre-added","who":["user:bernidam"],"prob":1},"fields":{},"normalizations":{}},{"classId":"e_13","part":"s1v1","offsets":[{"start":271,"text":"biztonság szavatolása"}],"coordinates":[],"confidence":{"state":"pre-added","who":["user:bernidam"],"prob":1},"fields":{},"normalizations":{}},{"classId":"e_14","part":"s1v1","offsets":[{"start":308,"text":"a nemzeti keresztény oldal"}],"coordinates":[],"confidence":{"state":"pre-added","who":["user:porkolabadrian"],"prob":1},"fields":{},"normalizations":{}},{"classId":"e_13","part":"s1v1","offsets":[{"start":335,"text":"töretlenül dolgozik a legfontosabb közösség, a család megerősítéséért"}],"coordinates":[],"confidence":{"state":"pre-added","who":["user:porkolabadrian"],"prob":1},"fields":{},"normalizations":{}},{"classId":"e_14","part":"s1v1","offsets":[{"start":355,"text":"a legfontosabb közösség, a család megerősítéséért"}],"coordinates":[],"confidence":{"state":"pre-added","who":["user:porkolabadrian"],"prob":1},"fields":{},"normalizations":{}},{"classId":"e_4","part":"s1v1","offsets":[{"start":406,"text":"Mi vezettük be például a családi adózást, ami egész Európában egyedülálló intézkedés"}],"coordinates":[],"confidence":{"state":"pre-added","who":["user:porkolabadrian"],"prob":1},"fields":{},"normalizations":{}},{"classId":"e_13","part":"s1v1","offsets":[{"start":406,"text":"Mi vezettük be"}],"coordinates":[],"confidence":{"state":"pre-added","who":["user:porkolabadrian"],"prob":1},"fields":{},"normalizations":{}},{"classId":"e_14","part":"s1v1","offsets":[{"start":406,"text":"Mi"}],"coordinates":[],"confidence":{"state":"pre-added","who":["user:porkolabadrian"],"prob":1},"fields":{},"normalizations":{}},{"classId":"e_14","part":"s1v1","offsets":[{"start":429,"text":"a családi adózást"}],"coordinates":[],"confidence":{"state":"pre-added","who":["user:porkolabadrian"],"prob":1},"fields":{},"normalizations":{}},{"classId":"e_14","part":"s1v1","offsets":[{"start":448,"text":"ami"}],"coordinates":[],"confidence":{"state":"pre-added","who":["user:porkolabadrian"],"prob":1},"fields":{},"normalizations":{}},{"classId":"e_14","part":"s1v1","offsets":[{"start":452,"text":"egész Európában"}],"coordinates":[],"confidence":{"state":"pre-added","who":["user:porkolabadrian"],"prob":1},"fields":{},"normalizations":{}},{"classId":"e_13","part":"s1v1","offsets":[{"start":468,"text":"egyedülálló"}],"coordinates":[],"confidence":{"state":"pre-added","who":["user:porkolabadrian"],"prob":1},"fields":{},"normalizations":{}},{"classId":"e_14","part":"s1v1","offsets":[{"start":468,"text":"egyedülálló intézkedés"}],"coordinates":[],"confidence":{"state":"pre-added","who":["user:porkolabadrian"],"prob":1},"fields":{},"normalizations":{}},{"classId":"e_11","part":"s1v1","offsets":[{"start":492,"text":"és már több mint egymillió magyar családnak nyújt segítséget"}],"coordinates":[],"confidence":{"state":"pre-added","who":["user:porkolabadrian"],"prob":1},"fields":{},"normalizations":{}},{"classId":"e_14","part":"s1v1","offsets":[{"start":499,"text":"több mint egymillió magyar családnak"}],"coordinates":[],"confidence":{"state":"pre-added","who":["user:porkolabadrian"],"prob":1},"fields":{},"normalizations":{}},{"classId":"e_13","part":"s1v1","offsets":[{"start":536,"text":"nyújt segítséget"}],"coordinates":[],"confidence":{"state":"pre-added","who":["user:porkolabadrian"],"prob":1},"fields":{},"normalizations":{}},{"classId":"e_14","part":"s1v1","offsets":[{"start":542,"text":"segítséget"}],"coordinates":[],"confidence":{"state":"pre-added","who":["user:porkolabadrian"],"prob":1},"fields":{},"normalizations":{}},{"classId":"e_4","part":"s1v1","offsets":[{"start":554,"text":"A két gyermeket nevelő családok által érvényesíthető adókedvezmény mértéke 2016-tól négy év alatt fokozatosan kétszeresére nő: tavaly havi 10 ezer forintról 12 500 forintra, idén pedig 15 ezer forintra emelkedett ez az összeg gyermekenként."}],"coordinates":[],"confidence":{"state":"pre-added","who":["user:porkolabadrian"],"prob":1},"fields":{},"normalizations":{}},{"classId":"e_14","part":"s1v1","offsets":[{"start":554,"text":"A két gyermeket nevelő családok által érvényesíthető adókedvezmény mértéke"}],"coordinates":[],"confidence":{"state":"pre-added","who":["user:porkolabadrian"],"prob":1},"fields":{},"normalizations":{}},{"classId":"e_14","part":"s1v1","offsets":[{"start":629,"text":"2016-tól"}],"coordinates":[],"confidence":{"state":"pre-added","who":["user:bernidam"],"prob":1},"fields":{},"normalizations":{}},{"classId":"e_14","part":"s1v1","offsets":[{"start":638,"text":"négy év"}],"coordinates":[],"confidence":{"state":"pre-added","who":["user:bernidam"],"prob":1},"fields":{},"normalizations":{}},{"classId":"e_13","part":"s1v1","offsets":[{"start":664,"text":"kétszeresére nő"}],"coordinates":[],"confidence":{"state":"pre-added","who":["user:porkolabadrian"],"prob":1},"fields":{},"normalizations":{}},{"classId":"e_14","part":"s1v1","offsets":[{"start":664,"text":"kétszeresére"}],"coordinates":[],"confidence":{"state":"pre-added","who":["user:bernidam"],"prob":1},"fields":{},"normalizations":{}},{"classId":"e_14","part":"s1v1","offsets":[{"start":688,"text":"havi 10 ezer forintról"}],"coordinates":[],"confidence":{"state":"pre-added","who":["user:porkolabadrian"],"prob":1},"fields":{},"normalizations":{}},{"classId":"e_14","part":"s1v1","offsets":[{"start":711,"text":"12 500 forintra"}],"coordinates":[],"confidence":{"state":"pre-added","who":["user:porkolabadrian"],"prob":1},"fields":{},"normalizations":{}},{"classId":"e_14","part":"s1v1","offsets":[{"start":739,"text":"15 ezer forintra"}],"coordinates":[],"confidence":{"state":"pre-added","who":["user:porkolabadrian"],"prob":1},"fields":{},"normalizations":{}},{"classId":"e_13","part":"s1v1","offsets":[{"start":756,"text":"emelkedett ez az összeg"}],"coordinates":[],"confidence":{"state":"pre-added","who":["user:porkolabadrian"],"prob":1},"fields":{},"normalizations":{}},{"classId":"e_14","part":"s1v1","offsets":[{"start":767,"text":"ez az összeg"}],"coordinates":[],"confidence":{"state":"pre-added","who":["user:porkolabadrian"],"prob":1},"fields":{},"normalizations":{}},{"classId":"e_14","part":"s1v1","offsets":[{"start":780,"text":"gyermekenként"}],"coordinates":[],"confidence":{"state":"pre-added","who":["user:porkolabadrian"],"prob":1},"fields":{},"normalizations":{}},{"classId":"e_4","part":"s1v1","offsets":[{"start":856,"text":"hogy 2018 a családok éve lesz"}],"coordinates":[],"confidence":{"state":"pre-added","who":["user:bernidam"],"prob":1},"fields":{},"normalizations":{}},{"classId":"e_13","part":"s1v1","offsets":[{"start":861,"text":"2018 a családok éve lesz"}],"coordinates":[],"confidence":{"state":"pre-added","who":["user:porkolabadrian"],"prob":1},"fields":{},"normalizations":{}},{"classId":"e_14","part":"s1v1","offsets":[{"start":861,"text":"2018"}],"coordinates":[],"confidence":{"state":"pre-added","who":["user:bernidam"],"prob":1},"fields":{},"normalizations":{}},{"classId":"e_14","part":"s1v1","offsets":[{"start":866,"text":"a családok éve"}],"coordinates":[],"confidence":{"state":"pre-added","who":["user:porkolabadrian"],"prob":1},"fields":{},"normalizations":{}},{"classId":"e_4","part":"s1v1","offsets":[{"start":945,"text":"Januárban 35 ezer forintra nő a kétgyermekes családok havi adókedvezménye, és hasonló, havi 5 ezer forintos mértékű adókedvezményben részesülnek az első házasok is."}],"coordinates":[],"confidence":{"state":"pre-added","who":["user:porkolabadrian"],"prob":1},"fields":{},"normalizations":{}},{"classId":"e_14","part":"s1v1","offsets":[{"start":945,"text":"Januárban"}],"coordinates":[],"confidence":{"state":"pre-added","who":["user:porkolabadrian"],"prob":1},"fields":{},"normalizations":{}},{"classId":"e_13","part":"s1v1","offsets":[{"start":955,"text":"35 ezer forintra nő"}],"coordinates":[],"confidence":{"state":"pre-added","who":["user:porkolabadrian"],"prob":1},"fields":{},"normalizations":{}},{"classId":"e_14","part":"s1v1","offsets":[{"start":955,"text":"35 ezer forintra"}],"coordinates":[],"confidence":{"state":"pre-added","who":["user:porkolabadrian"],"prob":1},"fields":{},"normalizations":{}},{"classId":"e_14","part":"s1v1","offsets":[{"start":975,"text":"a kétgyermekes családok havi adókedvezménye"}],"coordinates":[],"confidence":{"state":"pre-added","who":["user:porkolabadrian"],"prob":1},"fields":{},"normalizations":{}},{"classId":"e_14","part":"s1v1","offsets":[{"start":1023,"text":"hasonló, havi 5 ezer forintos mértékű adókedvezményben"}],"coordinates":[],"confidence":{"state":"pre-added","who":["user:porkolabadrian"],"prob":1},"fields":{},"normalizations":{}},{"classId":"e_13","part":"s1v1","offsets":[{"start":1061,"text":"adókedvezményben részesülnek"}],"coordinates":[],"confidence":{"state":"pre-added","who":["user:porkolabadrian"],"prob":1},"fields":{},"normalizations":{}},{"classId":"e_14","part":"s1v1","offsets":[{"start":1090,"text":"az első házasok"}],"coordinates":[],"confidence":{"state":"pre-added","who":["user:porkolabadrian"],"prob":1},"fields":{},"normalizations":{}},{"classId":"e_4","part":"s1v1","offsets":[{"start":1110,"text":"Az otthonteremtési programra az ideinél is több, 226 milliárd forint áll majd rendelkezésre."}],"coordinates":[],"confidence":{"state":"pre-added","who":["user:porkolabadrian"],"prob":1},"fields":{},"normalizations":{}},{"classId":"e_14","part":"s1v1","offsets":[{"start":1110,"text":"Az otthonteremtési programra"}],"coordinates":[],"confidence":{"state":"pre-added","who":["user:porkolabadrian"],"prob":1},"fields":{},"normalizations":{}},{"classId":"e_13","part":"s1v1","offsets":[{"start":1139,"text":"az ideinél is több, 226 milliárd forint áll majd rendelkezésre"}],"coordinates":[],"confidence":{"state":"pre-added","who":["user:porkolabadrian"],"prob":1},"fields":{},"normalizations":{}},{"classId":"e_14","part":"s1v1","offsets":[{"start":1139,"text":"az ideinél is több"}],"coordinates":[],"confidence":{"state":"pre-added","who":["user:bernidam"],"prob":1},"fields":{},"normalizations":{}},{"classId":"e_14","part":"s1v1","offsets":[{"start":1159,"text":"226 milliárd forint"}],"coordinates":[],"confidence":{"state":"pre-added","who":["user:bernidam"],"prob":1},"fields":{},"normalizations":{}},{"classId":"e_4","part":"s1v1","offsets":[{"start":1203,"text":"A három- és többgyermekes, új lakást építő vagy vásárló családok 3 százalékos, fix kamatozású lakáskölcsönt vehetnek igénybe."}],"coordinates":[],"confidence":{"state":"pre-added","who":["user:porkolabadrian"],"prob":1},"fields":{},"normalizations":{}},{"classId":"e_14","part":"s1v1","offsets":[{"start":1203,"text":"A három- és többgyermekes, új lakást építő vagy vásárló családok"}],"coordinates":[],"confidence":{"state":"pre-added","who":["user:porkolabadrian"],"prob":1},"fields":{},"normalizations":{}},{"classId":"e_13","part":"s1v1","offsets":[{"start":1268,"text":"3 százalékos, fix kamatozású lakáskölcsönt vehetnek igénybe"}],"coordinates":[],"confidence":{"state":"pre-added","who":["user:porkolabadrian"],"prob":1},"fields":{},"normalizations":{}},{"classId":"e_14","part":"s1v1","offsets":[{"start":1268,"text":"3 százalékos, fix kamatozású lakáskölcsönt"}],"coordinates":[],"confidence":{"state":"pre-added","who":["user:porkolabadrian"],"prob":1},"fields":{},"normalizations":{}},{"classId":"e_4","part":"s1v1","offsets":[{"start":1329,"text":"Az ingatlanvásárlás áfakulcsa 5 százalékra mérséklődik, a saját célra építkezők pedig adó-visszatérítési támogatást kapnak."}],"coordinates":[],"confidence":{"state":"pre-added","who":["user:porkolabadrian"],"prob":1},"fields":{},"normalizations":{}},{"classId":"e_14","part":"s1v1","offsets":[{"start":1329,"text":"Az ingatlanvásárlás áfakulcsa"}],"coordinates":[],"confidence":{"state":"pre-added","who":["user:porkolabadrian"],"prob":1},"fields":{},"normalizations":{}},{"classId":"e_13","part":"s1v1","offsets":[{"start":1359,"text":"5 százalékra mérséklődik"}],"coordinates":[],"confidence":{"state":"pre-added","who":["user:porkolabadrian"],"prob":1},"fields":{},"normalizations":{}},{"classId":"e_14","part":"s1v1","offsets":[{"start":1359,"text":"5 százalékra"}],"coordinates":[],"confidence":{"state":"pre-added","who":["user:porkolabadrian"],"prob":1},"fields":{},"normalizations":{}},{"classId":"e_14","part":"s1v1","offsets":[{"start":1385,"text":"a saját célra építkezők"}],"coordinates":[],"confidence":{"state":"pre-added","who":["user:porkolabadrian"],"prob":1},"fields":{},"normalizations":{}},{"classId":"e_13","part":"s1v1","offsets":[{"start":1415,"text":"adó-visszatérítési támogatást kapnak"}],"coordinates":[],"confidence":{"state":"pre-added","who":["user:porkolabadrian"],"prob":1},"fields":{},"normalizations":{}},{"classId":"e_14","part":"s1v1","offsets":[{"start":1415,"text":"adó-visszatérítési támogatást"}],"coordinates":[],"confidence":{"state":"pre-added","who":["user:porkolabadrian"],"prob":1},"fields":{},"normalizations":{}},{"classId":"e_4","part":"s1v1","offsets":[{"start":1478,"text":"hogy elindulnak a nemzeti otthonteremtési közösségek"}],"coordinates":[],"confidence":{"state":"pre-added","who":["user:bernidam"],"prob":1},"fields":{},"normalizations":{}},{"classId":"e_13","part":"s1v1","offsets":[{"start":1483,"text":"elindulnak a nemzeti otthonteremtési közösségek"}],"coordinates":[],"confidence":{"state":"pre-added","who":["user:porkolabadrian"],"prob":1},"fields":{},"normalizations":{}},{"classId":"e_14","part":"s1v1","offsets":[{"start":1494,"text":"a nemzeti otthonteremtési közösségek"}],"coordinates":[],"confidence":{"state":"pre-added","who":["user:porkolabadrian"],"prob":1},"fields":{},"normalizations":{}},{"classId":"e_14","part":"s1v1","offsets":[{"start":1532,"text":"Ez az új konstrukció"}],"coordinates":[],"confidence":{"state":"pre-added","who":["user:porkolabadrian"],"prob":1},"fields":{},"normalizations":{}},{"classId":"e_4","part":"s1v1","offsets":[{"start":1532,"text":"Ez az új konstrukció a lakás-takarékpénztárhoz hasonlóan állami támogatást nyújt a tagoknak a befizetett összegek után"}],"coordinates":[],"confidence":{"state":"pre-added","who":["user:bernidam"],"prob":1},"fields":{},"normalizations":{}},{"classId":"e_14","part":"s1v1","offsets":[{"start":1553,"text":"a lakás-takarékpénztárhoz"}],"coordinates":[],"confidence":{"state":"pre-added","who":["user:porkolabadrian"],"prob":1},"fields":{},"normalizations":{}},{"classId":"e_13","part":"s1v1","offsets":[{"start":1589,"text":"állami támogatást nyújt"}],"coordinates":[],"confidence":{"state":"pre-added","who":["user:porkolabadrian"],"prob":1},"fields":{},"normalizations":{}},{"classId":"e_14","part":"s1v1","offsets":[{"start":1589,"text":"állami támogatást"}],"coordinates":[],"confidence":{"state":"pre-added","who":["user:porkolabadrian"],"prob":1},"fields":{},"normalizations":{}},{"classId":"e_14","part":"s1v1","offsets":[{"start":1613,"text":"a tagoknak"}],"coordinates":[],"confidence":{"state":"pre-added","who":["user:porkolabadrian"],"prob":1},"fields":{},"normalizations":{}},{"classId":"e_14","part":"s1v1","offsets":[{"start":1624,"text":"a befizetett összegek"}],"coordinates":[],"confidence":{"state":"pre-added","who":["user:bernidam"],"prob":1},"fields":{},"normalizations":{}},{"classId":"e_4","part":"s1v1","offsets":[{"start":1733,"text":"A tagok tehát kötelezettséget vállalnak egy meghatározott összeg befizetésére, előre meghatározott ütemben, a közösség pedig kamatmentesen megelőlegezi az új lakás vásárlásához hiányzó pénzt a sorsolással kiválasztottaknak."}],"coordinates":[],"confidence":{"state":"pre-added","who":["user:porkolabadrian"],"prob":1},"fields":{},"normalizations":{}},{"classId":"e_14","part":"s1v1","offsets":[{"start":1733,"text":"A tagok"}],"coordinates":[],"confidence":{"state":"pre-added","who":["user:porkolabadrian"],"prob":1},"fields":{},"normalizations":{}},{"classId":"e_13","part":"s1v1","offsets":[{"start":1747,"text":"kötelezettséget vállalnak"}],"coordinates":[],"confidence":{"state":"pre-added","who":["user:porkolabadrian"],"prob":1},"fields":{},"normalizations":{}},{"classId":"e_14","part":"s1v1","offsets":[{"start":1747,"text":"kötelezettséget"}],"coordinates":[],"confidence":{"state":"pre-added","who":["user:porkolabadrian"],"prob":1},"fields":{},"normalizations":{}},{"classId":"e_14","part":"s1v1","offsets":[{"start":1773,"text":"egy meghatározott összeg befizetésére"}],"coordinates":[],"confidence":{"state":"pre-added","who":["user:porkolabadrian"],"prob":1},"fields":{},"normalizations":{}},{"classId":"e_14","part":"s1v1","offsets":[{"start":1812,"text":"előre meghatározott ütemben"}],"coordinates":[],"confidence":{"state":"pre-added","who":["user:porkolabadrian"],"prob":1},"fields":{},"normalizations":{}},{"classId":"e_14","part":"s1v1","offsets":[{"start":1841,"text":"a közösség"}],"coordinates":[],"confidence":{"state":"pre-added","who":["user:porkolabadrian"],"prob":1},"fields":{},"normalizations":{}},{"classId":"e_13","part":"s1v1","offsets":[{"start":1858,"text":"kamatmentesen megelőlegezi az új lakás vásárlásához hiányzó pénzt"}],"coordinates":[],"confidence":{"state":"pre-added","who":["user:porkolabadrian"],"prob":1},"fields":{},"normalizations":{}},{"classId":"e_14","part":"s1v1","offsets":[{"start":1885,"text":"az új lakás vásárlásához hiányzó pénzt"}],"coordinates":[],"confidence":{"state":"pre-added","who":["user:porkolabadrian"],"prob":1},"fields":{},"normalizations":{}},{"classId":"e_14","part":"s1v1","offsets":[{"start":1924,"text":"a sorsolással kiválasztottaknak"}],"coordinates":[],"confidence":{"state":"pre-added","who":["user:porkolabadrian"],"prob":1},"fields":{},"normalizations":{}},{"classId":"e_4","part":"s1v1","offsets":[{"start":1957,"text":"A jelzáloghitellel rendelkező családoknál egy-egy millió forintot elengedünk a tartozásból, ha harmadik gyereket is vállalnak."}],"coordinates":[],"confidence":{"state":"pre-added","who":["user:porkolabadrian"],"prob":1},"fields":{},"normalizations":{}},{"classId":"e_14","part":"s1v1","offsets":[{"start":1957,"text":"A jelzáloghitellel rendelkező családoknál"}],"coordinates":[],"confidence":{"state":"pre-added","who":["user:porkolabadrian"],"prob":1},"fields":{},"normalizations":{}},{"classId":"e_13","part":"s1v1","offsets":[{"start":1999,"text":"egy-egy millió forintot elengedünk a tartozásból"}],"coordinates":[],"confidence":{"state":"pre-added","who":["user:porkolabadrian"],"prob":1},"fields":{},"normalizations":{}},{"classId":"e_14","part":"s1v1","offsets":[{"start":1999,"text":"egy-egy millió forintot"}],"coordinates":[],"confidence":{"state":"pre-added","who":["user:porkolabadrian"],"prob":1},"fields":{},"normalizations":{}},{"classId":"e_14","part":"s1v1","offsets":[{"start":2034,"text":"a tartozásból"}],"coordinates":[],"confidence":{"state":"pre-added","who":["user:porkolabadrian"],"prob":1},"fields":{},"normalizations":{}},{"classId":"e_14","part":"s1v1","offsets":[{"start":2052,"text":"harmadik gyereket"}],"coordinates":[],"confidence":{"state":"pre-added","who":["user:porkolabadrian"],"prob":1},"fields":{},"normalizations":{}},{"classId":"e_4","part":"s1v1","offsets":[{"start":2084,"text":"116 ezer diákhiteles nőnél az első gyermek esetében a várandósság harmadik hónapjától kezdve három évre felfüggesztjük a törlesztést, a második gyereknél elengedjük a tartozás felét, a harmadiknál pedig az egészet."}],"coordinates":[],"confidence":{"state":"pre-added","who":["user:porkolabadrian"],"prob":1},"fields":{},"normalizations":{}},{"classId":"e_14","part":"s1v1","offsets":[{"start":2084,"text":"116 ezer diákhiteles nőnél"}],"coordinates":[],"confidence":{"state":"pre-added","who":["user:porkolabadrian"],"prob":1},"fields":{},"normalizations":{}},{"classId":"e_14","part":"s1v1","offsets":[{"start":2111,"text":"az első gyermek esetében"}],"coordinates":[],"confidence":{"state":"pre-added","who":["user:porkolabadrian"],"prob":1},"fields":{},"normalizations":{}},{"classId":"e_14","part":"s1v1","offsets":[{"start":2136,"text":"a várandósság harmadik hónapjától"}],"coordinates":[],"confidence":{"state":"pre-added","who":["user:porkolabadrian"],"prob":1},"fields":{},"normalizations":{}},{"classId":"e_14","part":"s1v1","offsets":[{"start":2177,"text":"három évre"}],"coordinates":[],"confidence":{"state":"pre-added","who":["user:porkolabadrian"],"prob":1},"fields":{},"normalizations":{}},{"classId":"e_13","part":"s1v1","offsets":[{"start":2188,"text":"felfüggesztjük a törlesztést"}],"coordinates":[],"confidence":{"state":"pre-added","who":["user:porkolabadrian"],"prob":1},"fields":{},"normalizations":{}},{"classId":"e_14","part":"s1v1","offsets":[{"start":2203,"text":"a törlesztést"}],"coordinates":[],"confidence":{"state":"pre-added","who":["user:porkolabadrian"],"prob":1},"fields":{},"normalizations":{}},{"classId":"e_14","part":"s1v1","offsets":[{"start":2218,"text":"a második gyereknél"}],"coordinates":[],"confidence":{"state":"pre-added","who":["user:porkolabadrian"],"prob":1},"fields":{},"normalizations":{}},{"classId":"e_13","part":"s1v1","offsets":[{"start":2238,"text":"elengedjük a tartozás felét"}],"coordinates":[],"confidence":{"state":"pre-added","who":["user:porkolabadrian"],"prob":1},"fields":{},"normalizations":{}},{"classId":"e_14","part":"s1v1","offsets":[{"start":2249,"text":"a tartozás felét"}],"coordinates":[],"confidence":{"state":"pre-added","who":["user:porkolabadrian"],"prob":1},"fields":{},"normalizations":{}},{"classId":"e_14","part":"s1v1","offsets":[{"start":2267,"text":"a harmadiknál"}],"coordinates":[],"confidence":{"state":"pre-added","who":["user:porkolabadrian"],"prob":1},"fields":{},"normalizations":{}},{"classId":"e_13","part":"s1v1","offsets":[{"start":2287,"text":"az egészet"}],"coordinates":[],"confidence":{"state":"pre-added","who":["user:porkolabadrian"],"prob":1},"fields":{},"normalizations":{}},{"classId":"e_14","part":"s1v1","offsets":[{"start":2287,"text":"az egészet"}],"coordinates":[],"confidence":{"state":"pre-added","who":["user:porkolabadrian"],"prob":1},"fields":{},"normalizations":{}},{"classId":"e_4","part":"s1v1","offsets":[{"start":2299,"text":"A diplomásgyed időtartamát egy évvel kitoljuk, így a gyermek kétéves koráig meghosszabbodik az egyetemisták esetében is."}],"coordinates":[],"confidence":{"state":"pre-added","who":["user:porkolabadrian"],"prob":1},"fields":{},"normalizations":{}},{"classId":"e_14","part":"s1v1","offsets":[{"start":2299,"text":"A diplomásgyed időtartamát"}],"coordinates":[],"confidence":{"state":"pre-added","who":["user:porkolabadrian"],"prob":1},"fields":{},"normalizations":{}},{"classId":"e_13","part":"s1v1","offsets":[{"start":2326,"text":"egy évvel kitoljuk"}],"coordinates":[],"confidence":{"state":"pre-added","who":["user:porkolabadrian"],"prob":1},"fields":{},"normalizations":{}},{"classId":"e_14","part":"s1v1","offsets":[{"start":2326,"text":"egy évvel"}],"coordinates":[],"confidence":{"state":"pre-added","who":["user:porkolabadrian"],"prob":1},"fields":{},"normalizations":{}},{"classId":"e_14","part":"s1v1","offsets":[{"start":2350,"text":"a gyermek kétéves koráig"}],"coordinates":[],"confidence":{"state":"pre-added","who":["user:porkolabadrian"],"prob":1},"fields":{},"normalizations":{}},{"classId":"e_13","part":"s1v1","offsets":[{"start":2375,"text":"meghosszabbodik"}],"coordinates":[],"confidence":{"state":"pre-added","who":["user:porkolabadrian"],"prob":1},"fields":{},"normalizations":{}},{"classId":"e_14","part":"s1v1","offsets":[{"start":2391,"text":"az egyetemisták esetében"}],"coordinates":[],"confidence":{"state":"pre-added","who":["user:porkolabadrian"],"prob":1},"fields":{},"normalizations":{}},{"classId":"e_4","part":"s1v1","offsets":[{"start":2420,"text":"Idén folytatódnak a bölcsődefejlesztések is."}],"coordinates":[],"confidence":{"state":"pre-added","who":["user:porkolabadrian"],"prob":1},"fields":{},"normalizations":{}},{"classId":"e_13","part":"s1v1","offsets":[{"start":2425,"text":"folytatódnak a bölcsődefejlesztések"}],"coordinates":[],"confidence":{"state":"pre-added","who":["user:porkolabadrian"],"prob":1},"fields":{},"normalizations":{}},{"classId":"e_14","part":"s1v1","offsets":[{"start":2438,"text":"a bölcsődefejlesztések"}],"coordinates":[],"confidence":{"state":"pre-added","who":["user:porkolabadrian"],"prob":1},"fields":{},"normalizations":{}},{"classId":"e_4","part":"s1v1","offsets":[{"start":2465,"text":"Erre a célra további 5 milliárd forintot költünk."}],"coordinates":[],"confidence":{"state":"pre-added","who":["user:porkolabadrian"],"prob":1},"fields":{},"normalizations":{}},{"classId":"e_14","part":"s1v1","offsets":[{"start":2465,"text":"Erre a célra"}],"coordinates":[],"confidence":{"state":"pre-added","who":["user:porkolabadrian"],"prob":1},"fields":{},"normalizations":{}},{"classId":"e_13","part":"s1v1","offsets":[{"start":2478,"text":"további 5 milliárd forintot költünk"}],"coordinates":[],"confidence":{"state":"pre-added","who":["user:porkolabadrian"],"prob":1},"fields":{},"normalizations":{}},{"classId":"e_14","part":"s1v1","offsets":[{"start":2478,"text":"további 5 milliárd forintot"}],"coordinates":[],"confidence":{"state":"pre-added","who":["user:porkolabadrian"],"prob":1},"fields":{},"normalizations":{}},{"classId":"e_4","part":"s1v1","offsets":[{"start":2515,"text":"Nagyon fontos eredmény az is, hogy soha annyi gyermek nem jutott még ingyenes tankönyvhöz és gyermekétkeztetéshez, mint ebben a tanévben, illetve 5 százalékra csökken az internetezés, az éttermi étkezés és a hal áfája."}],"coordinates":[],"confidence":{"state":"pre-added","who":["user:porkolabadrian"],"prob":1},"fields":{},"normalizations":{}},{"classId":"e_14","part":"s1v1","offsets":[{"start":2515,"text":"Nagyon fontos eredmény"}],"coordinates":[],"confidence":{"state":"pre-added","who":["user:porkolabadrian"],"prob":1},"fields":{},"normalizations":{}},{"classId":"e_14","part":"s1v1","offsets":[{"start":2538,"text":"az"}],"coordinates":[],"confidence":{"state":"pre-added","who":["user:porkolabadrian"],"prob":1},"fields":{},"normalizations":{}},{"classId":"e_13","part":"s1v1","offsets":[{"start":2550,"text":"soha annyi gyermek nem jutott még ingyenes tankönyvhöz és gyermekétkeztetéshez"}],"coordinates":[],"confidence":{"state":"pre-added","who":["user:porkolabadrian"],"prob":1},"fields":{},"normalizations":{}},{"classId":"e_14","part":"s1v1","offsets":[{"start":2555,"text":"annyi gyermek"}],"coordinates":[],"confidence":{"state":"pre-added","who":["user:porkolabadrian"],"prob":1},"fields":{},"normalizations":{}},{"classId":"e_14","part":"s1v1","offsets":[{"start":2584,"text":"ingyenes tankönyvhöz és gyermekétkeztetéshez"}],"coordinates":[],"confidence":{"state":"pre-added","who":["user:porkolabadrian"],"prob":1},"fields":{},"normalizations":{}},{"classId":"e_14","part":"s1v1","offsets":[{"start":2635,"text":"ebben a tanévben"}],"coordinates":[],"confidence":{"state":"pre-added","who":["user:porkolabadrian"],"prob":1},"fields":{},"normalizations":{}},{"classId":"e_13","part":"s1v1","offsets":[{"start":2661,"text":"5 százalékra csökken"}],"coordinates":[],"confidence":{"state":"pre-added","who":["user:porkolabadrian"],"prob":1},"fields":{},"normalizations":{}},{"classId":"e_14","part":"s1v1","offsets":[{"start":2661,"text":"5 százalékra"}],"coordinates":[],"confidence":{"state":"pre-added","who":["user:porkolabadrian"],"prob":1},"fields":{},"normalizations":{}},{"classId":"e_14","part":"s1v1","offsets":[{"start":2682,"text":"az internetezés"}],"coordinates":[],"confidence":{"state":"pre-added","who":["user:bernidam"],"prob":1},"fields":{},"normalizations":{}},{"classId":"e_14","part":"s1v1","offsets":[{"start":2699,"text":"az éttermi étkezés"}],"coordinates":[],"confidence":{"state":"pre-added","who":["user:bernidam"],"prob":1},"fields":{},"normalizations":{}},{"classId":"e_14","part":"s1v1","offsets":[{"start":2721,"text":"a hal"}],"coordinates":[],"confidence":{"state":"pre-added","who":["user:bernidam"],"prob":1},"fields":{},"normalizations":{}},{"classId":"e_4","part":"s1v1","offsets":[{"start":2761,"text":"Miért fontos az, hogy mi szó szerint a családok támogatása mellett tettük le a garast, vagyis erre fordítjuk a polgárok adóforintjait?"}],"coordinates":[],"confidence":{"state":"pre-added","who":["user:porkolabadrian"],"prob":1},"fields":{},"normalizations":{}},{"classId":"e_13","part":"s1v1","offsets":[{"start":2767,"text":"fontos"}],"coordinates":[],"confidence":{"state":"pre-added","who":["user:porkolabadrian"],"prob":1},"fields":{},"normalizations":{}},{"classId":"e_14","part":"s1v1","offsets":[{"start":2774,"text":"az"}],"coordinates":[],"confidence":{"state":"pre-added","who":["user:porkolabadrian"],"prob":1},"fields":{},"normalizations":{}},{"classId":"e_14","part":"s1v1","offsets":[{"start":2783,"text":"mi"}],"coordinates":[],"confidence":{"state":"pre-added","who":["user:porkolabadrian"],"prob":1},"fields":{},"normalizations":{}},{"classId":"e_13","part":"s1v1","offsets":[{"start":2798,"text":"a családok támogatása mellett tettük le a garast"}],"coordinates":[],"confidence":{"state":"pre-added","who":["user:porkolabadrian"],"prob":1},"fields":{},"normalizations":{}},{"classId":"e_14","part":"s1v1","offsets":[{"start":2798,"text":"a családok támogatása"}],"coordinates":[],"confidence":{"state":"pre-added","who":["user:bernidam"],"prob":1},"fields":{},"normalizations":{}},{"classId":"e_13","part":"s1v1","offsets":[{"start":2855,"text":"erre fordítjuk"}],"coordinates":[],"confidence":{"state":"pre-added","who":["user:porkolabadrian"],"prob":1},"fields":{},"normalizations":{}},{"classId":"e_14","part":"s1v1","offsets":[{"start":2855,"text":"erre"}],"coordinates":[],"confidence":{"state":"pre-added","who":["user:porkolabadrian"],"prob":1},"fields":{},"normalizations":{}},{"classId":"e_14","part":"s1v1","offsets":[{"start":2870,"text":"a polgárok adóforintjait"}],"coordinates":[],"confidence":{"state":"pre-added","who":["user:porkolabadrian"],"prob":1},"fields":{},"normalizations":{}},{"classId":"e_2","part":"s1v1","offsets":[{"start":2911,"text":"mert egy széthullóban lévő, régi értékeink válságával küzdő világban élünk"}],"coordinates":[],"confidence":{"state":"pre-added","who":["user:bernidam"],"prob":1},"fields":{},"normalizations":{}},{"classId":"e_13","part":"s1v1","offsets":[{"start":2916,"text":"egy széthullóban lévő, régi értékeink válságával küzdő világban élünk"}],"coordinates":[],"confidence":{"state":"pre-added","who":["user:porkolabadrian"],"prob":1},"fields":{},"normalizations":{}},{"classId":"e_14","part":"s1v1","offsets":[{"start":2916,"text":"egy széthullóban lévő, régi értékeink válságával küzdő világban"}],"coordinates":[],"confidence":{"state":"pre-added","who":["user:porkolabadrian"],"prob":1},"fields":{},"normalizations":{}},{"classId":"e_1","part":"s1v1","offsets":[{"start":2987,"text":"amelynek legnagyobb veszélye szerintem a cinizmus és a nihilizmus terjedése"}],"coordinates":[],"confidence":{"state":"pre-added","who":["user:porkolabadrian"],"prob":1},"fields":{},"normalizations":{}},{"classId":"e_14","part":"s1v1","offsets":[{"start":2987,"text":"amelynek legnagyobb veszélye"}],"coordinates":[],"confidence":{"state":"pre-added","who":["user:porkolabadrian"],"prob":1},"fields":{},"normalizations":{}},{"classId":"e_13","part":"s1v1","offsets":[{"start":3007,"text":"veszélye"}],"coordinates":[],"confidence":{"state":"pre-added","who":["user:porkolabadrian"],"prob":1},"fields":{},"normalizations":{}},{"classId":"e_14","part":"s1v1","offsets":[{"start":3026,"text":"a cinizmus és a nihilizmus terjedése"}],"coordinates":[],"confidence":{"state":"pre-added","who":["user:porkolabadrian"],"prob":1},"fields":{},"normalizations":{}},{"classId":"e_6","part":"s1v1","offsets":[{"start":3064,"text":"Manapság gyorsan paródia, sőt kiközösítés tárgya lesz az"}],"coordinates":[],"confidence":{"state":"pre-added","who":["user:porkolabadrian"],"prob":1},"fields":{},"normalizations":{}},{"classId":"e_13","part":"s1v1","offsets":[{"start":3073,"text":"gyorsan paródia, sőt kiközösítés tárgya lesz"}],"coordinates":[],"confidence":{"state":"pre-added","who":["user:porkolabadrian"],"prob":1},"fields":{},"normalizations":{}},{"classId":"e_14","part":"s1v1","offsets":[{"start":3081,"text":"paródia, sőt kiközösítés tárgya"}],"coordinates":[],"confidence":{"state":"pre-added","who":["user:porkolabadrian"],"prob":1},"fields":{},"normalizations":{}},{"classId":"e_14","part":"s1v1","offsets":[{"start":3118,"text":"az"}],"coordinates":[],"confidence":{"state":"pre-added","who":["user:porkolabadrian"],"prob":1},"fields":{},"normalizations":{}},{"classId":"e_4","part":"s1v1","offsets":[{"start":3122,"text":"aki elvek mentén él és hisz még valamiben, Istenen kívül erkölcsben, családban és hazában"}],"coordinates":[],"confidence":{"state":"pre-added","who":["user:porkolabadrian"],"prob":1},"fields":{},"normalizations":{}},{"classId":"e_14","part":"s1v1","offsets":[{"start":3122,"text":"aki"}],"coordinates":[],"confidence":{"state":"pre-added","who":["user:porkolabadrian"],"prob":1},"fields":{},"normalizations":{}},{"classId":"e_13","part":"s1v1","offsets":[{"start":3126,"text":"elvek mentén él"}],"coordinates":[],"confidence":{"state":"pre-added","who":["user:porkolabadrian"],"prob":1},"fields":{},"normalizations":{}},{"classId":"e_14","part":"s1v1","offsets":[{"start":3126,"text":"elvek"}],"coordinates":[],"confidence":{"state":"pre-added","who":["user:bernidam"],"prob":1},"fields":{},"normalizations":{}},{"classId":"e_13","part":"s1v1","offsets":[{"start":3145,"text":"hisz még valamiben"}],"coordinates":[],"confidence":{"state":"pre-added","who":["user:porkolabadrian"],"prob":1},"fields":{},"normalizations":{}},{"classId":"e_14","part":"s1v1","offsets":[{"start":3154,"text":"valamiben"}],"coordinates":[],"confidence":{"state":"pre-added","who":["user:porkolabadrian"],"prob":1},"fields":{},"normalizations":{}},{"classId":"e_14","part":"s1v1","offsets":[{"start":3165,"text":"Istenen"}],"coordinates":[],"confidence":{"state":"pre-added","who":["user:bernidam"],"prob":1},"fields":{},"normalizations":{}},{"classId":"e_14","part":"s1v1","offsets":[{"start":3179,"text":"erkölcsben"}],"coordinates":[],"confidence":{"state":"pre-added","who":["user:bernidam"],"prob":1},"fields":{},"normalizations":{}},{"classId":"e_14","part":"s1v1","offsets":[{"start":3191,"text":"családban"}],"coordinates":[],"confidence":{"state":"pre-added","who":["user:bernidam"],"prob":1},"fields":{},"normalizations":{}},{"classId":"e_14","part":"s1v1","offsets":[{"start":3204,"text":"hazában"}],"coordinates":[],"confidence":{"state":"pre-added","who":["user:bernidam"],"prob":1},"fields":{},"normalizations":{}},{"classId":"e_4","part":"s1v1","offsets":[{"start":3213,"text":"Ilyen időkben pedig világos beszédre és határozott kiállásra van szükség."}],"coordinates":[],"confidence":{"state":"pre-added","who":["user:porkolabadrian"],"prob":1},"fields":{},"normalizations":{}},{"classId":"e_14","part":"s1v1","offsets":[{"start":3213,"text":"Ilyen időkben"}],"coordinates":[],"confidence":{"state":"pre-added","who":["user:porkolabadrian"],"prob":1},"fields":{},"normalizations":{}},{"classId":"e_13","part":"s1v1","offsets":[{"start":3233,"text":"világos beszédre és határozott kiállásra van szükség"}],"coordinates":[],"confidence":{"state":"pre-added","who":["user:porkolabadrian"],"prob":1},"fields":{},"normalizations":{}},{"classId":"e_14","part":"s1v1","offsets":[{"start":3233,"text":"világos beszédre"}],"coordinates":[],"confidence":{"state":"pre-added","who":["user:bernidam"],"prob":1},"fields":{},"normalizations":{}},{"classId":"e_14","part":"s1v1","offsets":[{"start":3253,"text":"határozott kiállásra"}],"coordinates":[],"confidence":{"state":"pre-added","who":["user:bernidam"],"prob":1},"fields":{},"normalizations":{}},{"classId":"e_4","part":"s1v1","offsets":[{"start":3287,"text":"Mi, keresztények és demokraták, KDNP-sek és fideszesek, ellenfeleinktől eltérően nemcsak azt tudjuk elmagyarázni az embereknek, hogy mire mondunk nemet, hanem azt is, hogy mire mondunk igent."}],"coordinates":[],"confidence":{"state":"pre-added","who":["user:porkolabadrian"],"prob":1},"fields":{},"normalizations":{}},{"classId":"e_14","part":"s1v1","offsets":[{"start":3287,"text":"Mi"}],"coordinates":[],"confidence":{"state":"pre-added","who":["user:bernidam"],"prob":1},"fields":{},"normalizations":{}},{"classId":"e_14","part":"s1v1","offsets":[{"start":3291,"text":"keresztények"}],"coordinates":[],"confidence":{"state":"pre-added","who":["user:bernidam"],"prob":1},"fields":{},"normalizations":{}},{"classId":"e_14","part":"s1v1","offsets":[{"start":3307,"text":"demokraták"}],"coordinates":[],"confidence":{"state":"pre-added","who":["user:bernidam"],"prob":1},"fields":{},"normalizations":{}},{"classId":"e_14","part":"s1v1","offsets":[{"start":3319,"text":"KDNP-sek"}],"coordinates":[],"confidence":{"state":"pre-added","who":["user:bernidam"],"prob":1},"fields":{},"normalizations":{}},{"classId":"e_14","part":"s1v1","offsets":[{"start":3331,"text":"fideszesek"}],"coordinates":[],"confidence":{"state":"pre-added","who":["user:bernidam"],"prob":1},"fields":{},"normalizations":{}},{"classId":"e_14","part":"s1v1","offsets":[{"start":3343,"text":"ellenfeleinktől"}],"coordinates":[],"confidence":{"state":"pre-added","who":["user:bernidam"],"prob":1},"fields":{},"normalizations":{}},{"classId":"e_13","part":"s1v1","offsets":[{"start":3368,"text":"nemcsak azt tudjuk elmagyarázni"}],"coordinates":[],"confidence":{"state":"pre-added","who":["user:porkolabadrian"],"prob":1},"fields":{},"normalizations":{}},{"classId":"e_14","part":"s1v1","offsets":[{"start":3376,"text":"azt"}],"coordinates":[],"confidence":{"state":"pre-added","who":["user:porkolabadrian"],"prob":1},"fields":{},"normalizations":{}},{"classId":"e_14","part":"s1v1","offsets":[{"start":3400,"text":"az embereknek"}],"coordinates":[],"confidence":{"state":"pre-added","who":["user:porkolabadrian"],"prob":1},"fields":{},"normalizations":{}},{"classId":"e_14","part":"s1v1","offsets":[{"start":3420,"text":"mire"}],"coordinates":[],"confidence":{"state":"pre-added","who":["user:porkolabadrian"],"prob":1},"fields":{},"normalizations":{}},{"classId":"e_14","part":"s1v1","offsets":[{"start":3433,"text":"nemet"}],"coordinates":[],"confidence":{"state":"pre-added","who":["user:porkolabadrian"],"prob":1},"fields":{},"normalizations":{}},{"classId":"e_14","part":"s1v1","offsets":[{"start":3446,"text":"azt"}],"coordinates":[],"confidence":{"state":"pre-added","who":["ml:regex","user:porkolabadrian"],"prob":1},"fields":{},"normalizations":{}},{"classId":"e_13","part":"s1v1","offsets":[{"start":3459,"text":"mire mondunk igent"}],"coordinates":[],"confidence":{"state":"pre-added","who":["user:porkolabadrian"],"prob":1},"fields":{},"normalizations":{}},{"classId":"e_14","part":"s1v1","offsets":[{"start":3459,"text":"mire"}],"coordinates":[],"confidence":{"state":"pre-added","who":["user:porkolabadrian"],"prob":1},"fields":{},"normalizations":{}},{"classId":"e_14","part":"s1v1","offsets":[{"start":3472,"text":"igent"}],"coordinates":[],"confidence":{"state":"pre-added","who":["user:porkolabadrian"],"prob":1},"fields":{},"normalizations":{}},{"classId":"e_4","part":"s1v1","offsets":[{"start":3479,"text":"Mi hiszünk abban, hogy az ember boldogsága legnagyobb mértékben egy családban teljesedhet ki."}],"coordinates":[],"confidence":{"state":"pre-added","who":["user:porkolabadrian"],"prob":1},"fields":{},"normalizations":{}},{"classId":"e_14","part":"s1v1","offsets":[{"start":3479,"text":"Mi"}],"coordinates":[],"confidence":{"state":"pre-added","who":["user:porkolabadrian"],"prob":1},"fields":{},"normalizations":{}},{"classId":"e_13","part":"s1v1","offsets":[{"start":3482,"text":"hiszünk abban"}],"coordinates":[],"confidence":{"state":"pre-added","who":["user:porkolabadrian"],"prob":1},"fields":{},"normalizations":{}},{"classId":"e_14","part":"s1v1","offsets":[{"start":3490,"text":"abban"}],"coordinates":[],"confidence":{"state":"pre-added","who":["user:porkolabadrian"],"prob":1},"fields":{},"normalizations":{}},{"classId":"e_13","part":"s1v1","offsets":[{"start":3502,"text":"az ember boldogsága legnagyobb mértékben egy családban teljesedhet ki"}],"coordinates":[],"confidence":{"state":"pre-added","who":["user:porkolabadrian"],"prob":1},"fields":{},"normalizations":{}},{"classId":"e_14","part":"s1v1","offsets":[{"start":3502,"text":"az ember boldogsága"}],"coordinates":[],"confidence":{"state":"pre-added","who":["user:porkolabadrian"],"prob":1},"fields":{},"normalizations":{}},{"classId":"e_14","part":"s1v1","offsets":[{"start":3522,"text":"legnagyobb mértékben"}],"coordinates":[],"confidence":{"state":"pre-added","who":["user:porkolabadrian"],"prob":1},"fields":{},"normalizations":{}},{"classId":"e_14","part":"s1v1","offsets":[{"start":3543,"text":"egy családban"}],"coordinates":[],"confidence":{"state":"pre-added","who":["user:porkolabadrian"],"prob":1},"fields":{},"normalizations":{}},{"classId":"e_14","part":"s1v1","offsets":[{"start":3662,"text":"a családtámogatások rendszere"}],"coordinates":[],"confidence":{"state":"pre-added","who":["user:porkolabadrian"],"prob":1},"fields":{},"normalizations":{}},{"classId":"e_4","part":"s1v1","offsets":[{"start":3662,"text":"a családtámogatások rendszere azt bizonyítja, hogy a Fidesz-KDNP az egyetlen pártcsalád Magyarországon, amelyik minden kérdésben világosan, határozottan és egyértelműen meg tudja mondani az embereknek, hogy mit akar"}],"coordinates":[],"confidence":{"state":"pre-added","who":["user:bernidam"],"prob":1},"fields":{},"normalizations":{}},{"classId":"e_14","part":"s1v1","offsets":[{"start":3692,"text":"azt"}],"coordinates":[],"confidence":{"state":"pre-added","who":["ml:regex","user:porkolabadrian"],"prob":1},"fields":{},"normalizations":{}},{"classId":"e_13","part":"s1v1","offsets":[{"start":3696,"text":"bizonyítja"}],"coordinates":[],"confidence":{"state":"pre-added","who":["user:bernidam"],"prob":1},"fields":{},"normalizations":{}},{"classId":"e_14","part":"s1v1","offsets":[{"start":3713,"text":"a Fidesz-KDNP"}],"coordinates":[],"confidence":{"state":"pre-added","who":["user:porkolabadrian"],"prob":1},"fields":{},"normalizations":{}},{"classId":"e_13","part":"s1v1","offsets":[{"start":3727,"text":"az egyetlen"}],"coordinates":[],"confidence":{"state":"pre-added","who":["user:porkolabadrian"],"prob":1},"fields":{},"normalizations":{}},{"classId":"e_14","part":"s1v1","offsets":[{"start":3727,"text":"az egyetlen pártcsalád"}],"coordinates":[],"confidence":{"state":"pre-added","who":["user:porkolabadrian"],"prob":1},"fields":{},"normalizations":{}},{"classId":"e_14","part":"s1v1","offsets":[{"start":3750,"text":"Magyarországon"}],"coordinates":[],"confidence":{"state":"pre-added","who":["user:porkolabadrian"],"prob":1},"fields":{},"normalizations":{}},{"classId":"e_14","part":"s1v1","offsets":[{"start":3766,"text":"amelyik"}],"coordinates":[],"confidence":{"state":"pre-added","who":["user:porkolabadrian"],"prob":1},"fields":{},"normalizations":{}},{"classId":"e_13","part":"s1v1","offsets":[{"start":3774,"text":"minden kérdésben világosan, határozottan és egyértelműen meg tudja mondani"}],"coordinates":[],"confidence":{"state":"pre-added","who":["user:porkolabadrian"],"prob":1},"fields":{},"normalizations":{}},{"classId":"e_14","part":"s1v1","offsets":[{"start":3774,"text":"minden kérdésben"}],"coordinates":[],"confidence":{"state":"pre-added","who":["user:porkolabadrian"],"prob":1},"fields":{},"normalizations":{}},{"classId":"e_14","part":"s1v1","offsets":[{"start":3849,"text":"az embereknek"}],"coordinates":[],"confidence":{"state":"pre-added","who":["user:porkolabadrian"],"prob":1},"fields":{},"normalizations":{}},{"classId":"e_14","part":"s1v1","offsets":[{"start":3869,"text":"mit"}],"coordinates":[],"confidence":{"state":"pre-added","who":["user:porkolabadrian"],"prob":1},"fields":{},"normalizations":{}},{"classId":"e_13","part":"s1v1","offsets":[{"start":3869,"text":"mit akar"}],"coordinates":[],"confidence":{"state":"pre-added","who":["user:bernidam"],"prob":1},"fields":{},"normalizations":{}},{"classId":"e_4","part":"s1v1","offsets":[{"start":3879,"text":"Mi a munkából élőknek, a családoknak és a magyar vállalkozásoknak akarunk segíteni, nekik garantáljuk a gyarapodást és a biztonságot."}],"coordinates":[],"confidence":{"state":"pre-added","who":["user:porkolabadrian"],"prob":1},"fields":{},"normalizations":{}},{"classId":"e_14","part":"s1v1","offsets":[{"start":3879,"text":"Mi"}],"coordinates":[],"confidence":{"state":"pre-added","who":["user:porkolabadrian"],"prob":1},"fields":{},"normalizations":{}},{"classId":"e_14","part":"s1v1","offsets":[{"start":3882,"text":"a munkából élőknek"}],"coordinates":[],"confidence":{"state":"pre-added","who":["user:bernidam"],"prob":1},"fields":{},"normalizations":{}},{"classId":"e_14","part":"s1v1","offsets":[{"start":3902,"text":"a családoknak"}],"coordinates":[],"confidence":{"state":"pre-added","who":["user:bernidam"],"prob":1},"fields":{},"normalizations":{}},{"classId":"e_14","part":"s1v1","offsets":[{"start":3919,"text":"a magyar vállalkozásoknak"}],"coordinates":[],"confidence":{"state":"pre-added","who":["user:bernidam"],"prob":1},"fields":{},"normalizations":{}},{"classId":"e_13","part":"s1v1","offsets":[{"start":3945,"text":"akarunk segíteni"}],"coordinates":[],"confidence":{"state":"pre-added","who":["user:porkolabadrian"],"prob":1},"fields":{},"normalizations":{}},{"classId":"e_14","part":"s1v1","offsets":[{"start":3963,"text":"nekik"}],"coordinates":[],"confidence":{"state":"pre-added","who":["user:porkolabadrian"],"prob":1},"fields":{},"normalizations":{}},{"classId":"e_13","part":"s1v1","offsets":[{"start":3969,"text":"garantáljuk a gyarapodást és a biztonságot"}],"coordinates":[],"confidence":{"state":"pre-added","who":["user:porkolabadrian"],"prob":1},"fields":{},"normalizations":{}},{"classId":"e_14","part":"s1v1","offsets":[{"start":3981,"text":"a gyarapodást"}],"coordinates":[],"confidence":{"state":"pre-added","who":["user:bernidam"],"prob":1},"fields":{},"normalizations":{}},{"classId":"e_14","part":"s1v1","offsets":[{"start":3998,"text":"a biztonságot"}],"coordinates":[],"confidence":{"state":"pre-added","who":["user:bernidam"],"prob":1},"fields":{},"normalizations":{}},{"classId":"e_4","part":"s1v1","offsets":[{"start":4013,"text":"Közös erőfeszítéseinknek köszönhetően 2018-ban mindenki, minden magyar ember egyet előbbre léphet."}],"coordinates":[],"confidence":{"state":"pre-added","who":["user:porkolabadrian"],"prob":1},"fields":{},"normalizations":{}},{"classId":"e_14","part":"s1v1","offsets":[{"start":4013,"text":"Közös erőfeszítéseinknek"}],"coordinates":[],"confidence":{"state":"pre-added","who":["user:porkolabadrian"],"prob":1},"fields":{},"normalizations":{}},{"classId":"e_14","part":"s1v1","offsets":[{"start":4051,"text":"2018-ban"}],"coordinates":[],"confidence":{"state":"pre-added","who":["user:bernidam"],"prob":1},"fields":{},"normalizations":{}},{"classId":"e_14","part":"s1v1","offsets":[{"start":4060,"text":"mindenki"}],"coordinates":[],"confidence":{"state":"pre-added","who":["user:bernidam"],"prob":1},"fields":{},"normalizations":{}},{"classId":"e_14","part":"s1v1","offsets":[{"start":4070,"text":"minden magyar ember"}],"coordinates":[],"confidence":{"state":"pre-added","who":["user:bernidam"],"prob":1},"fields":{},"normalizations":{}},{"classId":"e_13","part":"s1v1","offsets":[{"start":4096,"text":"előbbre léphet"}],"coordinates":[],"confidence":{"state":"pre-added","who":["user:porkolabadrian"],"prob":1},"fields":{},"normalizations":{}}],"relations":[{"classId":"r_15","type":"linked","directed":false,"entities":["s1v1|e_14|2987,3014","s1v1|e_1|2987,3061"],"confidence":{"state":"pre-added","who":["user:porkolabadrian"],"prob":1}},{"classId":"r_15","type":"linked","directed":false,"entities":["s1v1|e_14|3026,3061","s1v1|e_1|2987,3061"],"confidence":{"state":"pre-added","who":["user:porkolabadrian"],"prob":1}},{"classId":"r_16","type":"linked","directed":false,"entities":["s1v1|e_14|74,93","s1v1|e_2|74,247"],"confidence":{"state":"pre-added","who":["user:porkolabadrian"],"prob":1}},{"classId":"r_16","type":"linked","directed":false,"entities":["s1v1|e_14|108,165","s1v1|e_2|74,247"],"confidence":{"state":"pre-added","who":["user:porkolabadrian"],"prob":1}},{"classId":"r_16","type":"linked","directed":false,"entities":["s1v1|e_14|167,183","s1v1|e_2|74,247"],"confidence":{"state":"pre-added","who":["user:bernidam"],"prob":1}},{"classId":"r_16","type":"linked","directed":false,"entities":["s1v1|e_14|188,240","s1v1|e_2|74,247"],"confidence":{"state":"pre-added","who":["user:bernidam"],"prob":1}},{"classId":"r_16","type":"linked","directed":false,"entities":["s1v1|e_14|2916,2978","s1v1|e_2|2911,2984"],"confidence":{"state":"pre-added","who":["user:bernidam"],"prob":1}},{"classId":"r_18","type":"linked","directed":false,"entities":["s1v1|e_14|249,266","s1v1|e_4|249,404"],"confidence":{"state":"pre-added","who":["user:bernidam"],"prob":1}},{"classId":"r_18","type":"linked","directed":false,"entities":["s1v1|e_14|269,291","s1v1|e_4|249,404"],"confidence":{"state":"pre-added","who":["user:bernidam"],"prob":1}},{"classId":"r_18","type":"linked","directed":false,"entities":["s1v1|e_14|308,333","s1v1|e_4|249,404"],"confidence":{"state":"pre-added","who":["user:porkolabadrian"],"prob":1}},{"classId":"r_18","type":"linked","directed":false,"entities":["s1v1|e_14|355,403","s1v1|e_4|249,404"],"confidence":{"state":"pre-added","who":["user:porkolabadrian"],"prob":1}},{"classId":"r_18","type":"linked","directed":false,"entities":["s1v1|e_14|406,407","s1v1|e_4|406,489"],"confidence":{"state":"pre-added","who":["user:porkolabadrian"],"prob":1}},{"classId":"r_18","type":"linked","directed":false,"entities":["s1v1|e_14|429,445","s1v1|e_4|406,489"],"confidence":{"state":"pre-added","who":["user:porkolabadrian"],"prob":1}},{"classId":"r_18","type":"linked","directed":false,"entities":["s1v1|e_14|448,450","s1v1|e_4|406,489"],"confidence":{"state":"pre-added","who":["user:porkolabadrian"],"prob":1}},{"classId":"r_18","type":"linked","directed":false,"entities":["s1v1|e_14|452,466","s1v1|e_4|406,489"],"confidence":{"state":"pre-added","who":["user:porkolabadrian"],"prob":1}},{"classId":"r_18","type":"linked","directed":false,"entities":["s1v1|e_14|468,489","s1v1|e_4|406,489"],"confidence":{"state":"pre-added","who":["user:porkolabadrian"],"prob":1}},{"classId":"r_18","type":"linked","directed":false,"entities":["s1v1|e_14|554,627","s1v1|e_4|554,793"],"confidence":{"state":"pre-added","who":["user:porkolabadrian"],"prob":1}},{"classId":"r_18","type":"linked","directed":false,"entities":["s1v1|e_14|629,636","s1v1|e_4|554,793"],"confidence":{"state":"pre-added","who":["user:bernidam"],"prob":1}},{"classId":"r_18","type":"linked","directed":false,"entities":["s1v1|e_14|638,644","s1v1|e_4|554,793"],"confidence":{"state":"pre-added","who":["user:bernidam"],"prob":1}},{"classId":"r_18","type":"linked","directed":false,"entities":["s1v1|e_14|664,675","s1v1|e_4|554,793"],"confidence":{"state":"pre-added","who":["user:bernidam"],"prob":1}},{"classId":"r_18","type":"linked","directed":false,"entities":["s1v1|e_14|688,709","s1v1|e_4|554,793"],"confidence":{"state":"pre-added","who":["user:porkolabadrian"],"prob":1}},{"classId":"r_18","type":"linked","directed":false,"entities":["s1v1|e_14|711,725","s1v1|e_4|554,793"],"confidence":{"state":"pre-added","who":["user:porkolabadrian"],"prob":1}},{"classId":"r_18","type":"linked","directed":false,"entities":["s1v1|e_14|739,754","s1v1|e_4|554,793"],"confidence":{"state":"pre-added","who":["user:porkolabadrian"],"prob":1}},{"classId":"r_18","type":"linked","directed":false,"entities":["s1v1|e_14|767,778","s1v1|e_4|554,793"],"confidence":{"state":"pre-added","who":["user:porkolabadrian"],"prob":1}},{"classId":"r_18","type":"linked","directed":false,"entities":["s1v1|e_14|780,792","s1v1|e_4|554,793"],"confidence":{"state":"pre-added","who":["user:porkolabadrian"],"prob":1}},{"classId":"r_18","type":"linked","directed":false,"entities":["s1v1|e_14|861,864","s1v1|e_4|856,884"],"confidence":{"state":"pre-added","who":["user:bernidam"],"prob":1}},{"classId":"r_18","type":"linked","directed":false,"entities":["s1v1|e_14|866,879","s1v1|e_4|856,884"],"confidence":{"state":"pre-added","who":["user:bernidam"],"prob":1}},{"classId":"r_18","type":"linked","directed":false,"entities":["s1v1|e_14|945,953","s1v1|e_4|945,1108"],"confidence":{"state":"pre-added","who":["user:porkolabadrian"],"prob":1}},{"classId":"r_18","type":"linked","directed":false,"entities":["s1v1|e_14|955,970","s1v1|e_4|945,1108"],"confidence":{"state":"pre-added","who":["user:porkolabadrian"],"prob":1}},{"classId":"r_18","type":"linked","directed":false,"entities":["s1v1|e_14|975,1017","s1v1|e_4|945,1108"],"confidence":{"state":"pre-added","who":["user:porkolabadrian"],"prob":1}},{"classId":"r_18","type":"linked","directed":false,"entities":["s1v1|e_14|1023,1076","s1v1|e_4|945,1108"],"confidence":{"state":"pre-added","who":["user:porkolabadrian"],"prob":1}},{"classId":"r_18","type":"linked","directed":false,"entities":["s1v1|e_14|1090,1104","s1v1|e_4|945,1108"],"confidence":{"state":"pre-added","who":["user:porkolabadrian"],"prob":1}},{"classId":"r_18","type":"linked","directed":false,"entities":["s1v1|e_14|1110,1137","s1v1|e_4|1110,1201"],"confidence":{"state":"pre-added","who":["user:porkolabadrian"],"prob":1}},{"classId":"r_18","type":"linked","directed":false,"entities":["s1v1|e_14|1139,1156","s1v1|e_4|1110,1201"],"confidence":{"state":"pre-added","who":["user:bernidam"],"prob":1}},{"classId":"r_18","type":"linked","directed":false,"entities":["s1v1|e_14|1159,1177","s1v1|e_4|1110,1201"],"confidence":{"state":"pre-added","who":["user:bernidam"],"prob":1}},{"classId":"r_18","type":"linked","directed":false,"entities":["s1v1|e_14|1203,1266","s1v1|e_4|1203,1327"],"confidence":{"state":"pre-added","who":["user:porkolabadrian"],"prob":1}},{"classId":"r_18","type":"linked","directed":false,"entities":["s1v1|e_14|1268,1309","s1v1|e_4|1203,1327"],"confidence":{"state":"pre-added","who":["user:porkolabadrian"],"prob":1}},{"classId":"r_18","type":"linked","directed":false,"entities":["s1v1|e_14|1329,1357","s1v1|e_4|1329,1451"],"confidence":{"state":"pre-added","who":["user:porkolabadrian"],"prob":1}},{"classId":"r_18","type":"linked","directed":false,"entities":["s1v1|e_14|1359,1370","s1v1|e_4|1329,1451"],"confidence":{"state":"pre-added","who":["user:porkolabadrian"],"prob":1}},{"classId":"r_18","type":"linked","directed":false,"entities":["s1v1|e_14|1385,1407","s1v1|e_4|1329,1451"],"confidence":{"state":"pre-added","who":["user:porkolabadrian"],"prob":1}},{"classId":"r_18","type":"linked","directed":false,"entities":["s1v1|e_14|1415,1443","s1v1|e_4|1329,1451"],"confidence":{"state":"pre-added","who":["user:porkolabadrian"],"prob":1}},{"classId":"r_18","type":"linked","directed":false,"entities":["s1v1|e_14|1494,1529","s1v1|e_4|1478,1529"],"confidence":{"state":"pre-added","who":["user:bernidam"],"prob":1}},{"classId":"r_18","type":"linked","directed":false,"entities":["s1v1|e_14|1532,1551","s1v1|e_4|1532,1649"],"confidence":{"state":"pre-added","who":["user:bernidam"],"prob":1}},{"classId":"r_18","type":"linked","directed":false,"entities":["s1v1|e_14|1553,1577","s1v1|e_4|1532,1649"],"confidence":{"state":"pre-added","who":["user:bernidam"],"prob":1}},{"classId":"r_18","type":"linked","directed":false,"entities":["s1v1|e_14|1589,1605","s1v1|e_4|1532,1649"],"confidence":{"state":"pre-added","who":["user:bernidam"],"prob":1}},{"classId":"r_18","type":"linked","directed":false,"entities":["s1v1|e_14|1613,1622","s1v1|e_4|1532,1649"],"confidence":{"state":"pre-added","who":["user:bernidam"],"prob":1}},{"classId":"r_18","type":"linked","directed":false,"entities":["s1v1|e_14|1624,1644","s1v1|e_4|1532,1649"],"confidence":{"state":"pre-added","who":["user:bernidam"],"prob":1}},{"classId":"r_18","type":"linked","directed":false,"entities":["s1v1|e_14|1733,1739","s1v1|e_4|1733,1955"],"confidence":{"state":"pre-added","who":["user:porkolabadrian"],"prob":1}},{"classId":"r_18","type":"linked","directed":false,"entities":["s1v1|e_14|1747,1761","s1v1|e_4|1733,1955"],"confidence":{"state":"pre-added","who":["user:porkolabadrian"],"prob":1}},{"classId":"r_18","type":"linked","directed":false,"entities":["s1v1|e_14|1773,1809","s1v1|e_4|1733,1955"],"confidence":{"state":"pre-added","who":["user:porkolabadrian"],"prob":1}},{"classId":"r_18","type":"linked","directed":false,"entities":["s1v1|e_14|1812,1838","s1v1|e_4|1733,1955"],"confidence":{"state":"pre-added","who":["user:porkolabadrian"],"prob":1}},{"classId":"r_18","type":"linked","directed":false,"entities":["s1v1|e_14|1841,1850","s1v1|e_4|1733,1955"],"confidence":{"state":"pre-added","who":["user:porkolabadrian"],"prob":1}},{"classId":"r_18","type":"linked","directed":false,"entities":["s1v1|e_14|1885,1922","s1v1|e_4|1733,1955"],"confidence":{"state":"pre-added","who":["user:porkolabadrian"],"prob":1}},{"classId":"r_18","type":"linked","directed":false,"entities":["s1v1|e_14|1924,1954","s1v1|e_4|1733,1955"],"confidence":{"state":"pre-added","who":["user:porkolabadrian"],"prob":1}},{"classId":"r_18","type":"linked","directed":false,"entities":["s1v1|e_14|1957,1997","s1v1|e_4|1957,2082"],"confidence":{"state":"pre-added","who":["user:porkolabadrian"],"prob":1}},{"classId":"r_18","type":"linked","directed":false,"entities":["s1v1|e_14|1999,2021","s1v1|e_4|1957,2082"],"confidence":{"state":"pre-added","who":["user:porkolabadrian"],"prob":1}},{"classId":"r_18","type":"linked","directed":false,"entities":["s1v1|e_14|2034,2046","s1v1|e_4|1957,2082"],"confidence":{"state":"pre-added","who":["user:porkolabadrian"],"prob":1}},{"classId":"r_18","type":"linked","directed":false,"entities":["s1v1|e_14|2052,2068","s1v1|e_4|1957,2082"],"confidence":{"state":"pre-added","who":["user:porkolabadrian"],"prob":1}},{"classId":"r_18","type":"linked","directed":false,"entities":["s1v1|e_14|2084,2109","s1v1|e_4|2084,2297"],"confidence":{"state":"pre-added","who":["user:porkolabadrian"],"prob":1}},{"classId":"r_18","type":"linked","directed":false,"entities":["s1v1|e_14|2111,2134","s1v1|e_4|2084,2297"],"confidence":{"state":"pre-added","who":["user:porkolabadrian"],"prob":1}},{"classId":"r_18","type":"linked","directed":false,"entities":["s1v1|e_14|2136,2168","s1v1|e_4|2084,2297"],"confidence":{"state":"pre-added","who":["user:bernidam"],"prob":1}},{"classId":"r_18","type":"linked","directed":false,"entities":["s1v1|e_14|2177,2186","s1v1|e_4|2084,2297"],"confidence":{"state":"pre-added","who":["user:porkolabadrian"],"prob":1}},{"classId":"r_18","type":"linked","directed":false,"entities":["s1v1|e_14|2203,2215","s1v1|e_4|2084,2297"],"confidence":{"state":"pre-added","who":["user:porkolabadrian"],"prob":1}},{"classId":"r_18","type":"linked","directed":false,"entities":["s1v1|e_14|2218,2236","s1v1|e_4|2084,2297"],"confidence":{"state":"pre-added","who":["user:porkolabadrian"],"prob":1}},{"classId":"r_18","type":"linked","directed":false,"entities":["s1v1|e_14|2249,2264","s1v1|e_4|2084,2297"],"confidence":{"state":"pre-added","who":["user:porkolabadrian"],"prob":1}},{"classId":"r_18","type":"linked","directed":false,"entities":["s1v1|e_14|2267,2279","s1v1|e_4|2084,2297"],"confidence":{"state":"pre-added","who":["user:porkolabadrian"],"prob":1}},{"classId":"r_18","type":"linked","directed":false,"entities":["s1v1|e_14|2287,2296","s1v1|e_4|2084,2297"],"confidence":{"state":"pre-added","who":["user:porkolabadrian"],"prob":1}},{"classId":"r_18","type":"linked","directed":false,"entities":["s1v1|e_14|2299,2324","s1v1|e_4|2299,2418"],"confidence":{"state":"pre-added","who":["user:porkolabadrian"],"prob":1}},{"classId":"r_18","type":"linked","directed":false,"entities":["s1v1|e_14|2326,2334","s1v1|e_4|2299,2418"],"confidence":{"state":"pre-added","who":["user:porkolabadrian"],"prob":1}},{"classId":"r_18","type":"linked","directed":false,"entities":["s1v1|e_14|2350,2373","s1v1|e_4|2299,2418"],"confidence":{"state":"pre-added","who":["user:porkolabadrian"],"prob":1}},{"classId":"r_18","type":"linked","directed":false,"entities":["s1v1|e_14|2391,2414","s1v1|e_4|2299,2418"],"confidence":{"state":"pre-added","who":["user:porkolabadrian"],"prob":1}},{"classId":"r_18","type":"linked","directed":false,"entities":["s1v1|e_14|2438,2459","s1v1|e_4|2420,2463"],"confidence":{"state":"pre-added","who":["user:porkolabadrian"],"prob":1}},{"classId":"r_18","type":"linked","directed":false,"entities":["s1v1|e_14|2465,2476","s1v1|e_4|2465,2513"],"confidence":{"state":"pre-added","who":["user:porkolabadrian"],"prob":1}},{"classId":"r_18","type":"linked","directed":false,"entities":["s1v1|e_14|2478,2504","s1v1|e_4|2465,2513"],"confidence":{"state":"pre-added","who":["user:porkolabadrian"],"prob":1}},{"classId":"r_18","type":"linked","directed":false,"entities":["s1v1|e_14|2515,2536","s1v1|e_4|2515,2732"],"confidence":{"state":"pre-added","who":["user:bernidam"],"prob":1}},{"classId":"r_18","type":"linked","directed":false,"entities":["s1v1|e_14|2538,2539","s1v1|e_4|2515,2732"],"confidence":{"state":"pre-added","who":["user:porkolabadrian"],"prob":1}},{"classId":"r_18","type":"linked","directed":false,"entities":["s1v1|e_14|2555,2567","s1v1|e_4|2515,2732"],"confidence":{"state":"pre-added","who":["user:porkolabadrian"],"prob":1}},{"classId":"r_18","type":"linked","directed":false,"entities":["s1v1|e_14|2584,2627","s1v1|e_4|2515,2732"],"confidence":{"state":"pre-added","who":["user:porkolabadrian"],"prob":1}},{"classId":"r_18","type":"linked","directed":false,"entities":["s1v1|e_14|2635,2650","s1v1|e_4|2515,2732"],"confidence":{"state":"pre-added","who":["user:porkolabadrian"],"prob":1}},{"classId":"r_18","type":"linked","directed":false,"entities":["s1v1|e_14|2661,2672","s1v1|e_4|2515,2732"],"confidence":{"state":"pre-added","who":["user:porkolabadrian"],"prob":1}},{"classId":"r_18","type":"linked","directed":false,"entities":["s1v1|e_14|2682,2696","s1v1|e_4|2515,2732"],"confidence":{"state":"pre-added","who":["user:bernidam"],"prob":1}},{"classId":"r_18","type":"linked","directed":false,"entities":["s1v1|e_14|2699,2716","s1v1|e_4|2515,2732"],"confidence":{"state":"pre-added","who":["user:bernidam"],"prob":1}},{"classId":"r_18","type":"linked","directed":false,"entities":["s1v1|e_14|2721,2725","s1v1|e_4|2515,2732"],"confidence":{"state":"pre-added","who":["user:bernidam"],"prob":1}},{"classId":"r_18","type":"linked","directed":false,"entities":["s1v1|e_14|2774,2775","s1v1|e_4|2761,2894"],"confidence":{"state":"pre-added","who":["user:porkolabadrian"],"prob":1}},{"classId":"r_18","type":"linked","directed":false,"entities":["s1v1|e_14|2783,2784","s1v1|e_4|2761,2894"],"confidence":{"state":"pre-added","who":["user:porkolabadrian"],"prob":1}},{"classId":"r_18","type":"linked","directed":false,"entities":["s1v1|e_14|2798,2818","s1v1|e_4|2761,2894"],"confidence":{"state":"pre-added","who":["user:bernidam"],"prob":1}},{"classId":"r_18","type":"linked","directed":false,"entities":["s1v1|e_14|2855,2858","s1v1|e_4|2761,2894"],"confidence":{"state":"pre-added","who":["user:porkolabadrian"],"prob":1}},{"classId":"r_18","type":"linked","directed":false,"entities":["s1v1|e_14|2870,2893","s1v1|e_4|2761,2894"],"confidence":{"state":"pre-added","who":["user:porkolabadrian"],"prob":1}},{"classId":"r_18","type":"linked","directed":false,"entities":["s1v1|e_14|3122,3124","s1v1|e_4|3122,3210"],"confidence":{"state":"pre-added","who":["user:porkolabadrian"],"prob":1}},{"classId":"r_18","type":"linked","directed":false,"entities":["s1v1|e_14|3126,3130","s1v1|e_4|3122,3210"],"confidence":{"state":"pre-added","who":["user:bernidam"],"prob":1}},{"classId":"r_18","type":"linked","directed":false,"entities":["s1v1|e_14|3154,3162","s1v1|e_4|3122,3210"],"confidence":{"state":"pre-added","who":["user:porkolabadrian"],"prob":1}},{"classId":"r_18","type":"linked","directed":false,"entities":["s1v1|e_14|3165,3171","s1v1|e_4|3122,3210"],"confidence":{"state":"pre-added","who":["user:bernidam"],"prob":1}},{"classId":"r_18","type":"linked","directed":false,"entities":["s1v1|e_14|3179,3188","s1v1|e_4|3122,3210"],"confidence":{"state":"pre-added","who":["user:bernidam"],"prob":1}},{"classId":"r_18","type":"linked","directed":false,"entities":["s1v1|e_14|3191,3199","s1v1|e_4|3122,3210"],"confidence":{"state":"pre-added","who":["user:bernidam"],"prob":1}},{"classId":"r_18","type":"linked","directed":false,"entities":["s1v1|e_14|3204,3210","s1v1|e_4|3122,3210"],"confidence":{"state":"pre-added","who":["user:bernidam"],"prob":1}},{"classId":"r_18","type":"linked","directed":false,"entities":["s1v1|e_14|3213,3225","s1v1|e_4|3213,3285"],"confidence":{"state":"pre-added","who":["user:porkolabadrian"],"prob":1}},{"classId":"r_18","type":"linked","directed":false,"entities":["s1v1|e_14|3233,3248","s1v1|e_4|3213,3285"],"confidence":{"state":"pre-added","who":["user:bernidam"],"prob":1}},{"classId":"r_18","type":"linked","directed":false,"entities":["s1v1|e_14|3253,3272","s1v1|e_4|3213,3285"],"confidence":{"state":"pre-added","who":["user:bernidam"],"prob":1}},{"classId":"r_18","type":"linked","directed":false,"entities":["s1v1|e_14|3287,3288","s1v1|e_4|3287,3477"],"confidence":{"state":"pre-added","who":["user:bernidam"],"prob":1}},{"classId":"r_18","type":"linked","directed":false,"entities":["s1v1|e_14|3291,3302","s1v1|e_4|3287,3477"],"confidence":{"state":"pre-added","who":["user:bernidam"],"prob":1}},{"classId":"r_18","type":"linked","directed":false,"entities":["s1v1|e_14|3307,3316","s1v1|e_4|3287,3477"],"confidence":{"state":"pre-added","who":["user:bernidam"],"prob":1}},{"classId":"r_18","type":"linked","directed":false,"entities":["s1v1|e_14|3319,3326","s1v1|e_4|3287,3477"],"confidence":{"state":"pre-added","who":["user:bernidam"],"prob":1}},{"classId":"r_18","type":"linked","directed":false,"entities":["s1v1|e_14|3331,3340","s1v1|e_4|3287,3477"],"confidence":{"state":"pre-added","who":["user:bernidam"],"prob":1}},{"classId":"r_18","type":"linked","directed":false,"entities":["s1v1|e_14|3343,3357","s1v1|e_4|3287,3477"],"confidence":{"state":"pre-added","who":["user:bernidam"],"prob":1}},{"classId":"r_18","type":"linked","directed":false,"entities":["s1v1|e_14|3376,3378","s1v1|e_4|3287,3477"],"confidence":{"state":"pre-added","who":["user:porkolabadrian"],"prob":1}},{"classId":"r_18","type":"linked","directed":false,"entities":["s1v1|e_14|3400,3412","s1v1|e_4|3287,3477"],"confidence":{"state":"pre-added","who":["user:porkolabadrian"],"prob":1}},{"classId":"r_18","type":"linked","directed":false,"entities":["s1v1|e_14|3420,3423","s1v1|e_4|3287,3477"],"confidence":{"state":"pre-added","who":["user:porkolabadrian"],"prob":1}},{"classId":"r_18","type":"linked","directed":false,"entities":["s1v1|e_14|3433,3437","s1v1|e_4|3287,3477"],"confidence":{"state":"pre-added","who":["user:porkolabadrian"],"prob":1}},{"classId":"r_18","type":"linked","directed":false,"entities":["s1v1|e_14|3446,3448","s1v1|e_4|3287,3477"],"confidence":{"state":"pre-added","who":["user:porkolabadrian"],"prob":1}},{"classId":"r_18","type":"linked","directed":false,"entities":["s1v1|e_14|3459,3462","s1v1|e_4|3287,3477"],"confidence":{"state":"pre-added","who":["user:porkolabadrian"],"prob":1}},{"classId":"r_18","type":"linked","directed":false,"entities":["s1v1|e_14|3472,3476","s1v1|e_4|3287,3477"],"confidence":{"state":"pre-added","who":["user:porkolabadrian"],"prob":1}},{"classId":"r_18","type":"linked","directed":false,"entities":["s1v1|e_14|3479,3480","s1v1|e_4|3479,3571"],"confidence":{"state":"pre-added","who":["user:porkolabadrian"],"prob":1}},{"classId":"r_18","type":"linked","directed":false,"entities":["s1v1|e_14|3490,3494","s1v1|e_4|3479,3571"],"confidence":{"state":"pre-added","who":["user:porkolabadrian"],"prob":1}},{"classId":"r_18","type":"linked","directed":false,"entities":["s1v1|e_14|3502,3520","s1v1|e_4|3479,3571"],"confidence":{"state":"pre-added","who":["user:porkolabadrian"],"prob":1}},{"classId":"r_18","type":"linked","directed":false,"entities":["s1v1|e_14|3522,3541","s1v1|e_4|3479,3571"],"confidence":{"state":"pre-added","who":["user:porkolabadrian"],"prob":1}},{"classId":"r_18","type":"linked","directed":false,"entities":["s1v1|e_14|3543,3555","s1v1|e_4|3479,3571"],"confidence":{"state":"pre-added","who":["user:porkolabadrian"],"prob":1}},{"classId":"r_18","type":"linked","directed":false,"entities":["s1v1|e_14|3662,3690","s1v1|e_4|3662,3876"],"confidence":{"state":"pre-added","who":["user:bernidam"],"prob":1}},{"classId":"r_18","type":"linked","directed":false,"entities":["s1v1|e_14|3692,3694","s1v1|e_4|3662,3876"],"confidence":{"state":"pre-added","who":["user:bernidam"],"prob":1}},{"classId":"r_18","type":"linked","directed":false,"entities":["s1v1|e_14|3713,3725","s1v1|e_4|3662,3876"],"confidence":{"state":"pre-added","who":["user:bernidam"],"prob":1}},{"classId":"r_18","type":"linked","directed":false,"entities":["s1v1|e_14|3727,3748","s1v1|e_4|3662,3876"],"confidence":{"state":"pre-added","who":["user:bernidam"],"prob":1}},{"classId":"r_18","type":"linked","directed":false,"entities":["s1v1|e_14|3750,3763","s1v1|e_4|3662,3876"],"confidence":{"state":"pre-added","who":["user:bernidam"],"prob":1}},{"classId":"r_18","type":"linked","directed":false,"entities":["s1v1|e_14|3766,3772","s1v1|e_4|3662,3876"],"confidence":{"state":"pre-added","who":["user:bernidam"],"prob":1}},{"classId":"r_18","type":"linked","directed":false,"entities":["s1v1|e_14|3774,3789","s1v1|e_4|3662,3876"],"confidence":{"state":"pre-added","who":["user:bernidam"],"prob":1}},{"classId":"r_18","type":"linked","directed":false,"entities":["s1v1|e_14|3849,3861","s1v1|e_4|3662,3876"],"confidence":{"state":"pre-added","who":["user:bernidam"],"prob":1}},{"classId":"r_18","type":"linked","directed":false,"entities":["s1v1|e_14|3869,3871","s1v1|e_4|3662,3876"],"confidence":{"state":"pre-added","who":["user:bernidam"],"prob":1}},{"classId":"r_18","type":"linked","directed":false,"entities":["s1v1|e_14|3879,3880","s1v1|e_4|3879,4011"],"confidence":{"state":"pre-added","who":["user:porkolabadrian"],"prob":1}},{"classId":"r_18","type":"linked","directed":false,"entities":["s1v1|e_14|3882,3899","s1v1|e_4|3879,4011"],"confidence":{"state":"pre-added","who":["user:bernidam"],"prob":1}},{"classId":"r_18","type":"linked","directed":false,"entities":["s1v1|e_14|3902,3914","s1v1|e_4|3879,4011"],"confidence":{"state":"pre-added","who":["user:bernidam"],"prob":1}},{"classId":"r_18","type":"linked","directed":false,"entities":["s1v1|e_14|3919,3943","s1v1|e_4|3879,4011"],"confidence":{"state":"pre-added","who":["user:bernidam"],"prob":1}},{"classId":"r_18","type":"linked","directed":false,"entities":["s1v1|e_14|3963,3967","s1v1|e_4|3879,4011"],"confidence":{"state":"pre-added","who":["user:porkolabadrian"],"prob":1}},{"classId":"r_18","type":"linked","directed":false,"entities":["s1v1|e_14|3981,3993","s1v1|e_4|3879,4011"],"confidence":{"state":"pre-added","who":["user:bernidam"],"prob":1}},{"classId":"r_18","type":"linked","directed":false,"entities":["s1v1|e_14|3998,4010","s1v1|e_4|3879,4011"],"confidence":{"state":"pre-added","who":["user:bernidam"],"prob":1}},{"classId":"r_18","type":"linked","directed":false,"entities":["s1v1|e_14|4013,4036","s1v1|e_4|4013,4110"],"confidence":{"state":"pre-added","who":["user:porkolabadrian"],"prob":1}},{"classId":"r_18","type":"linked","directed":false,"entities":["s1v1|e_14|4051,4058","s1v1|e_4|4013,4110"],"confidence":{"state":"pre-added","who":["user:bernidam"],"prob":1}},{"classId":"r_18","type":"linked","directed":false,"entities":["s1v1|e_14|4060,4067","s1v1|e_4|4013,4110"],"confidence":{"state":"pre-added","who":["user:bernidam"],"prob":1}},{"classId":"r_18","type":"linked","directed":false,"entities":["s1v1|e_14|4070,4088","s1v1|e_4|4013,4110"],"confidence":{"state":"pre-added","who":["user:bernidam"],"prob":1}},{"classId":"r_20","type":"linked","directed":false,"entities":["s1v1|e_14|3081,3111","s1v1|e_6|3064,3119"],"confidence":{"state":"pre-added","who":["user:porkolabadrian"],"prob":1}},{"classId":"r_20","type":"linked","directed":false,"entities":["s1v1|e_14|3118,3119","s1v1|e_6|3064,3119"],"confidence":{"state":"pre-added","who":["user:porkolabadrian"],"prob":1}},{"classId":"r_20","type":"linked","directed":false,"entities":["s1v1|e_14|3122,3124","s1v1|e_6|3064,3119"],"confidence":{"state":"pre-added","who":["user:porkolabadrian"],"prob":1}},{"classId":"r_25","type":"linked","directed":false,"entities":["s1v1|e_14|499,534","s1v1|e_11|492,551"],"confidence":{"state":"pre-added","who":["user:porkolabadrian"],"prob":1}},{"classId":"r_25","type":"linked","directed":false,"entities":["s1v1|e_14|542,551","s1v1|e_11|492,551"],"confidence":{"state":"pre-added","who":["user:porkolabadrian"],"prob":1}}]}