{"annotatable":{"parts":["s1v1"]},"anncomplete":false,"sources":[],"metas":{},"entities":[{"classId":"e_2","part":"s1v1","offsets":[{"start":52,"text":"Az Európai Unió eddigi legsúlyosabb humanitárius válságát éli meg."}],"coordinates":[],"confidence":{"state":"pre-added","who":["user:viragnandor","user:bernidam"],"prob":1},"fields":{},"normalizations":{}},{"classId":"e_14","part":"s1v1","offsets":[{"start":52,"text":"Az Európai Unió eddigi legsúlyosabb humanitárius válságát"}],"coordinates":[],"confidence":{"state":"pre-added","who":["user:viragnandor"],"prob":1},"fields":{},"normalizations":{}},{"classId":"e_13","part":"s1v1","offsets":[{"start":101,"text":"válságát"}],"coordinates":[],"confidence":{"state":"pre-added","who":["user:bernidam"],"prob":1},"fields":{},"normalizations":{}},{"classId":"e_2","part":"s1v1","offsets":[{"start":119,"text":"A háború sújtotta országokból menekülő, és az embercsempész bandák, maffiák által becsapott tömegek szinte megállíthatatlanul érkeznek Európába, Európa határaihoz."}],"coordinates":[],"confidence":{"state":"pre-added","who":["user:viragnandor"],"prob":1},"fields":{},"normalizations":{}},{"classId":"e_14","part":"s1v1","offsets":[{"start":119,"text":"A háború sújtotta országokból menekülő, és az embercsempész bandák, maffiák által becsapott tömegek"}],"coordinates":[],"confidence":{"state":"pre-added","who":["user:viragnandor"],"prob":1},"fields":{},"normalizations":{}},{"classId":"e_13","part":"s1v1","offsets":[{"start":201,"text":"becsapott tömegek"}],"coordinates":[],"confidence":{"state":"pre-added","who":["user:bernidam"],"prob":1},"fields":{},"normalizations":{}},{"classId":"e_13","part":"s1v1","offsets":[{"start":226,"text":"megállíthatatlanul érkeznek Európába"}],"coordinates":[],"confidence":{"state":"pre-added","who":["user:bernidam"],"prob":1},"fields":{},"normalizations":{}},{"classId":"e_14","part":"s1v1","offsets":[{"start":254,"text":"Európába"}],"coordinates":[],"confidence":{"state":"pre-added","who":["user:viragnandor"],"prob":1},"fields":{},"normalizations":{}},{"classId":"e_14","part":"s1v1","offsets":[{"start":264,"text":"Európa határaihoz"}],"coordinates":[],"confidence":{"state":"pre-added","who":["user:viragnandor"],"prob":1},"fields":{},"normalizations":{}},{"classId":"e_1","part":"s1v1","offsets":[{"start":376,"text":"A humanitárius válság így már súlyos gazdasági, szociális, egészségügyi és biztonságpolitikai veszélyt okoz."}],"coordinates":[],"confidence":{"state":"pre-added","who":["user:viragnandor"],"prob":1},"fields":{},"normalizations":{}},{"classId":"e_14","part":"s1v1","offsets":[{"start":376,"text":"A humanitárius válság"}],"coordinates":[],"confidence":{"state":"pre-added","who":["user:viragnandor"],"prob":1},"fields":{},"normalizations":{}},{"classId":"e_13","part":"s1v1","offsets":[{"start":378,"text":"humanitárius válság"}],"coordinates":[],"confidence":{"state":"pre-added","who":["user:viragnandor"],"prob":1},"fields":{},"normalizations":{}},{"classId":"e_14","part":"s1v1","offsets":[{"start":406,"text":"súlyos gazdasági, szociális, egészségügyi és biztonságpolitikai veszélyt"}],"coordinates":[],"confidence":{"state":"pre-added","who":["user:bernidam"],"prob":1},"fields":{},"normalizations":{}},{"classId":"e_13","part":"s1v1","offsets":[{"start":470,"text":"veszélyt"}],"coordinates":[],"confidence":{"state":"pre-added","who":["user:viragnandor"],"prob":1},"fields":{},"normalizations":{}},{"classId":"e_5","part":"s1v1","offsets":[{"start":562,"text":"Az elmúlt napokban a baloldal, ismét az emberek túlnyomó többségével szemben, a Fidesz-KDNP-kormány megoldási javaslatait támogató cselekvés ellenében politizál."}],"coordinates":[],"confidence":{"state":"pre-added","who":["user:viragnandor"],"prob":1},"fields":{},"normalizations":{}},{"classId":"e_14","part":"s1v1","offsets":[{"start":562,"text":"Az elmúlt napokban"}],"coordinates":[],"confidence":{"state":"pre-added","who":["user:bernidam"],"prob":1},"fields":{},"normalizations":{}},{"classId":"e_14","part":"s1v1","offsets":[{"start":581,"text":"a baloldal"}],"coordinates":[],"confidence":{"state":"pre-added","who":["user:viragnandor"],"prob":1},"fields":{},"normalizations":{}},{"classId":"e_14","part":"s1v1","offsets":[{"start":599,"text":"az emberek túlnyomó többségével"}],"coordinates":[],"confidence":{"state":"pre-added","who":["user:bernidam"],"prob":1},"fields":{},"normalizations":{}},{"classId":"e_13","part":"s1v1","offsets":[{"start":619,"text":"többségével szemben"}],"coordinates":[],"confidence":{"state":"pre-added","who":["user:viragnandor"],"prob":1},"fields":{},"normalizations":{}},{"classId":"e_14","part":"s1v1","offsets":[{"start":640,"text":"a Fidesz-KDNP-kormány megoldási javaslatait támogató cselekvés"}],"coordinates":[],"confidence":{"state":"pre-added","who":["user:bernidam"],"prob":1},"fields":{},"normalizations":{}},{"classId":"e_13","part":"s1v1","offsets":[{"start":693,"text":"cselekvés ellenében"}],"coordinates":[],"confidence":{"state":"pre-added","who":["user:viragnandor"],"prob":1},"fields":{},"normalizations":{}},{"classId":"e_11","part":"s1v1","offsets":[{"start":769,"text":"amikor a Kárpát-medencében élő magyarok megmaradását, életét segítő lépések történtek"}],"coordinates":[],"confidence":{"state":"pre-added","who":["user:bernidam"],"prob":1},"fields":{},"normalizations":{}},{"classId":"e_14","part":"s1v1","offsets":[{"start":776,"text":"a Kárpát-medencében élő magyarok megmaradását, életét segítő lépések"}],"coordinates":[],"confidence":{"state":"pre-added","who":["user:viragnandor"],"prob":1},"fields":{},"normalizations":{}},{"classId":"e_13","part":"s1v1","offsets":[{"start":830,"text":"segítő lépések"}],"coordinates":[],"confidence":{"state":"pre-added","who":["user:viragnandor"],"prob":1},"fields":{},"normalizations":{}},{"classId":"e_6","part":"s1v1","offsets":[{"start":930,"text":"Kár, hogy Tóbiás József pártelnök kimegy a teremből"}],"coordinates":[],"confidence":{"state":"pre-added","who":["user:viragnandor"],"prob":1},"fields":{},"normalizations":{}},{"classId":"e_13","part":"s1v1","offsets":[{"start":930,"text":"Kár"}],"coordinates":[],"confidence":{"state":"pre-added","who":["user:viragnandor"],"prob":1},"fields":{},"normalizations":{}},{"classId":"e_14","part":"s1v1","offsets":[{"start":940,"text":"Tóbiás József pártelnök"}],"coordinates":[],"confidence":{"state":"pre-added","who":["user:viragnandor"],"prob":1},"fields":{},"normalizations":{}},{"classId":"e_13","part":"s1v1","offsets":[{"start":964,"text":"kimegy"}],"coordinates":[],"confidence":{"state":"pre-added","who":["user:viragnandor"],"prob":1},"fields":{},"normalizations":{}},{"classId":"e_14","part":"s1v1","offsets":[{"start":971,"text":"a teremből"}],"coordinates":[],"confidence":{"state":"pre-added","who":["user:viragnandor"],"prob":1},"fields":{},"normalizations":{}},{"classId":"e_2","part":"s1v1","offsets":[{"start":1180,"text":"sajnálatos tény, hogy a miniszterelnökünk megalomán ötletének és külpolitikai kudarcának árát elsőként a fiatal munkavállalókkal kívánja megfizettetni"}],"coordinates":[],"confidence":{"state":"pre-added","who":["user:bernidam"],"prob":1},"fields":{},"normalizations":{}},{"classId":"e_14","part":"s1v1","offsets":[{"start":1180,"text":"sajnálatos tény"}],"coordinates":[],"confidence":{"state":"pre-added","who":["user:bernidam"],"prob":1},"fields":{},"normalizations":{}},{"classId":"e_13","part":"s1v1","offsets":[{"start":1180,"text":"sajnálatos"}],"coordinates":[],"confidence":{"state":"pre-added","who":["user:bernidam"],"prob":1},"fields":{},"normalizations":{}},{"classId":"e_14","part":"s1v1","offsets":[{"start":1202,"text":"a miniszterelnökünk"}],"coordinates":[],"confidence":{"state":"pre-added","who":["user:bernidam"],"prob":1},"fields":{},"normalizations":{}},{"classId":"e_14","part":"s1v1","offsets":[{"start":1222,"text":"megalomán ötletének és külpolitikai kudarcának árát"}],"coordinates":[],"confidence":{"state":"pre-added","who":["user:bernidam"],"prob":1},"fields":{},"normalizations":{}},{"classId":"e_13","part":"s1v1","offsets":[{"start":1258,"text":"kudarcának"}],"coordinates":[],"confidence":{"state":"pre-added","who":["user:bernidam"],"prob":1},"fields":{},"normalizations":{}},{"classId":"e_14","part":"s1v1","offsets":[{"start":1283,"text":"a fiatal munkavállalókkal"}],"coordinates":[],"confidence":{"state":"pre-added","who":["user:bernidam"],"prob":1},"fields":{},"normalizations":{}},{"classId":"e_13","part":"s1v1","offsets":[{"start":1317,"text":"megfizettetni"}],"coordinates":[],"confidence":{"state":"pre-added","who":["user:bernidam"],"prob":1},"fields":{},"normalizations":{}},{"classId":"e_5","part":"s1v1","offsets":[{"start":1333,"text":"Magyarok ellenében szólt."}],"coordinates":[],"confidence":{"state":"pre-added","who":["user:viragnandor"],"prob":1},"fields":{},"normalizations":{}},{"classId":"e_13","part":"s1v1","offsets":[{"start":1333,"text":"Magyarok ellenében"}],"coordinates":[],"confidence":{"state":"pre-added","who":["user:viragnandor"],"prob":1},"fields":{},"normalizations":{}},{"classId":"e_14","part":"s1v1","offsets":[{"start":1333,"text":"Magyarok"}],"coordinates":[],"confidence":{"state":"pre-added","who":["user:bernidam"],"prob":1},"fields":{},"normalizations":{}},{"classId":"e_14","part":"s1v1","offsets":[{"start":1374,"text":"Gyurcsány Ferenc"}],"coordinates":[],"confidence":{"state":"pre-added","who":["user:viragnandor"],"prob":1},"fields":{},"normalizations":{}},{"classId":"e_14","part":"s1v1","offsets":[{"start":1392,"text":"aki"}],"coordinates":[],"confidence":{"state":"pre-added","who":["user:viragnandor"],"prob":1},"fields":{},"normalizations":{}},{"classId":"e_1","part":"s1v1","offsets":[{"start":1392,"text":"aki azzal riogatott"}],"coordinates":[],"confidence":{"state":"pre-added","who":["user:bernidam"],"prob":1},"fields":{},"normalizations":{}},{"classId":"e_14","part":"s1v1","offsets":[{"start":1396,"text":"azzal"}],"coordinates":[],"confidence":{"state":"pre-added","who":["user:viragnandor"],"prob":1},"fields":{},"normalizations":{}},{"classId":"e_13","part":"s1v1","offsets":[{"start":1402,"text":"riogatott"}],"coordinates":[],"confidence":{"state":"pre-added","who":["user:viragnandor"],"prob":1},"fields":{},"normalizations":{}},{"classId":"e_5","part":"s1v1","offsets":[{"start":1413,"text":"hogy 770 ezren átjönnek"}],"coordinates":[],"confidence":{"state":"pre-added","who":["user:bernidam"],"prob":1},"fields":{},"normalizations":{}},{"classId":"e_14","part":"s1v1","offsets":[{"start":1418,"text":"770 ezren"}],"coordinates":[],"confidence":{"state":"pre-added","who":["user:viragnandor"],"prob":1},"fields":{},"normalizations":{}},{"classId":"e_13","part":"s1v1","offsets":[{"start":1428,"text":"átjönnek"}],"coordinates":[],"confidence":{"state":"pre-added","who":["user:bernidam"],"prob":1},"fields":{},"normalizations":{}},{"classId":"e_2","part":"s1v1","offsets":[{"start":1438,"text":"és majd 168 ezer forintba kerül ez az országnak, fejenként minden egyes állampolgárnak"}],"coordinates":[],"confidence":{"state":"pre-added","who":["user:bernidam"],"prob":1},"fields":{},"normalizations":{}},{"classId":"e_14","part":"s1v1","offsets":[{"start":1446,"text":"168 ezer forintba"}],"coordinates":[],"confidence":{"state":"pre-added","who":["user:viragnandor"],"prob":1},"fields":{},"normalizations":{}},{"classId":"e_13","part":"s1v1","offsets":[{"start":1446,"text":"168 ezer forintba kerül"}],"coordinates":[],"confidence":{"state":"pre-added","who":["user:bernidam"],"prob":1},"fields":{},"normalizations":{}},{"classId":"e_14","part":"s1v1","offsets":[{"start":1470,"text":"ez"}],"coordinates":[],"confidence":{"state":"pre-added","who":["user:viragnandor"],"prob":1},"fields":{},"normalizations":{}},{"classId":"e_14","part":"s1v1","offsets":[{"start":1473,"text":"az országnak"}],"coordinates":[],"confidence":{"state":"pre-added","who":["user:viragnandor"],"prob":1},"fields":{},"normalizations":{}},{"classId":"e_14","part":"s1v1","offsets":[{"start":1497,"text":"minden egyes állampolgárnak"}],"coordinates":[],"confidence":{"state":"pre-added","who":["user:viragnandor"],"prob":1},"fields":{},"normalizations":{}},{"classId":"e_6","part":"s1v1","offsets":[{"start":1526,"text":"Most mekkora összeget számolt a baloldal?"}],"coordinates":[],"confidence":{"state":"pre-added","who":["user:viragnandor"],"prob":1},"fields":{},"normalizations":{}},{"classId":"e_14","part":"s1v1","offsets":[{"start":1531,"text":"mekkora összeget"}],"coordinates":[],"confidence":{"state":"pre-added","who":["user:viragnandor"],"prob":1},"fields":{},"normalizations":{}},{"classId":"e_13","part":"s1v1","offsets":[{"start":1531,"text":"mekkora összeget számolt"}],"coordinates":[],"confidence":{"state":"pre-added","who":["user:bernidam"],"prob":1},"fields":{},"normalizations":{}},{"classId":"e_14","part":"s1v1","offsets":[{"start":1556,"text":"a baloldal"}],"coordinates":[],"confidence":{"state":"pre-added","who":["user:viragnandor"],"prob":1},"fields":{},"normalizations":{}},{"classId":"e_2","part":"s1v1","offsets":[{"start":1623,"text":"hogy néhány ezer fő megjelenése milliárdos nagyságrendű kiadást eredményez a szociális szférában"}],"coordinates":[],"confidence":{"state":"pre-added","who":["user:viragnandor"],"prob":1},"fields":{},"normalizations":{}},{"classId":"e_14","part":"s1v1","offsets":[{"start":1628,"text":"néhány ezer fő megjelenése"}],"coordinates":[],"confidence":{"state":"pre-added","who":["user:viragnandor"],"prob":1},"fields":{},"normalizations":{}},{"classId":"e_13","part":"s1v1","offsets":[{"start":1655,"text":"milliárdos nagyságrendű kiadást"}],"coordinates":[],"confidence":{"state":"pre-added","who":["user:viragnandor"],"prob":1},"fields":{},"normalizations":{}},{"classId":"e_14","part":"s1v1","offsets":[{"start":1655,"text":"milliárdos nagyságrendű kiadást"}],"coordinates":[],"confidence":{"state":"pre-added","who":["user:viragnandor"],"prob":1},"fields":{},"normalizations":{}},{"classId":"e_14","part":"s1v1","offsets":[{"start":1698,"text":"a szociális szférában"}],"coordinates":[],"confidence":{"state":"pre-added","who":["user:viragnandor"],"prob":1},"fields":{},"normalizations":{}},{"classId":"e_2","part":"s1v1","offsets":[{"start":1743,"text":"Majd később 161 milliárd forint pluszköltségről vizionált 2004-ben"}],"coordinates":[],"confidence":{"state":"pre-added","who":["user:bernidam"],"prob":1},"fields":{},"normalizations":{}},{"classId":"e_14","part":"s1v1","offsets":[{"start":1755,"text":"161 milliárd forint pluszköltségről"}],"coordinates":[],"confidence":{"state":"pre-added","who":["user:viragnandor"],"prob":1},"fields":{},"normalizations":{}},{"classId":"e_13","part":"s1v1","offsets":[{"start":1775,"text":"pluszköltségről"}],"coordinates":[],"confidence":{"state":"pre-added","who":["user:viragnandor"],"prob":1},"fields":{},"normalizations":{}},{"classId":"e_14","part":"s1v1","offsets":[{"start":1801,"text":"2004-ben"}],"coordinates":[],"confidence":{"state":"pre-added","who":["user:bernidam"],"prob":1},"fields":{},"normalizations":{}},{"classId":"e_4","part":"s1v1","offsets":[{"start":1811,"text":"amikor a kettős állampolgárságot kellett volna támogatni és biztosítani a határon túliaknak"}],"coordinates":[],"confidence":{"state":"pre-added","who":["user:bernidam"],"prob":1},"fields":{},"normalizations":{}},{"classId":"e_14","part":"s1v1","offsets":[{"start":1818,"text":"a kettős állampolgárságot"}],"coordinates":[],"confidence":{"state":"pre-added","who":["user:viragnandor"],"prob":1},"fields":{},"normalizations":{}},{"classId":"e_13","part":"s1v1","offsets":[{"start":1844,"text":"kellett volna támogatni"}],"coordinates":[],"confidence":{"state":"pre-added","who":["user:viragnandor"],"prob":1},"fields":{},"normalizations":{}},{"classId":"e_14","part":"s1v1","offsets":[{"start":1883,"text":"a határon túliaknak"}],"coordinates":[],"confidence":{"state":"pre-added","who":["user:viragnandor"],"prob":1},"fields":{},"normalizations":{}},{"classId":"e_5","part":"s1v1","offsets":[{"start":2263,"text":"Annak idején megtagadták önök saját nemzettársainkat."}],"coordinates":[],"confidence":{"state":"pre-added","who":["user:viragnandor","user:bernidam"],"prob":1},"fields":{},"normalizations":{}},{"classId":"e_13","part":"s1v1","offsets":[{"start":2276,"text":"megtagadták"}],"coordinates":[],"confidence":{"state":"pre-added","who":["user:viragnandor"],"prob":1},"fields":{},"normalizations":{}},{"classId":"e_14","part":"s1v1","offsets":[{"start":2288,"text":"önök"}],"coordinates":[],"confidence":{"state":"pre-added","who":["user:viragnandor"],"prob":1},"fields":{},"normalizations":{}},{"classId":"e_14","part":"s1v1","offsets":[{"start":2293,"text":"saját nemzettársainkat"}],"coordinates":[],"confidence":{"state":"pre-added","who":["user:viragnandor"],"prob":1},"fields":{},"normalizations":{}},{"classId":"e_6","part":"s1v1","offsets":[{"start":2351,"text":"A baloldal most nem is fedi fel a probléma súlyát."}],"coordinates":[],"confidence":{"state":"pre-added","who":["user:viragnandor"],"prob":1},"fields":{},"normalizations":{}},{"classId":"e_14","part":"s1v1","offsets":[{"start":2351,"text":"A baloldal"}],"coordinates":[],"confidence":{"state":"pre-added","who":["user:viragnandor"],"prob":1},"fields":{},"normalizations":{}},{"classId":"e_13","part":"s1v1","offsets":[{"start":2367,"text":"nem is fedi fel"}],"coordinates":[],"confidence":{"state":"pre-added","who":["user:viragnandor"],"prob":1},"fields":{},"normalizations":{}},{"classId":"e_14","part":"s1v1","offsets":[{"start":2383,"text":"a probléma súlyát"}],"coordinates":[],"confidence":{"state":"pre-added","who":["user:viragnandor"],"prob":1},"fields":{},"normalizations":{}},{"classId":"e_6","part":"s1v1","offsets":[{"start":2402,"text":"Irreális mondatokat ismételgetnek, tárgyalgatni akarnak, de cselekedni nem."}],"coordinates":[],"confidence":{"state":"pre-added","who":["user:viragnandor"],"prob":1},"fields":{},"normalizations":{}},{"classId":"e_14","part":"s1v1","offsets":[{"start":2402,"text":"Irreális mondatokat"}],"coordinates":[],"confidence":{"state":"pre-added","who":["user:viragnandor"],"prob":1},"fields":{},"normalizations":{}},{"classId":"e_13","part":"s1v1","offsets":[{"start":2422,"text":"ismételgetnek"}],"coordinates":[],"confidence":{"state":"pre-added","who":["user:viragnandor"],"prob":1},"fields":{},"normalizations":{}},{"classId":"e_13","part":"s1v1","offsets":[{"start":2437,"text":"tárgyalgatni"}],"coordinates":[],"confidence":{"state":"pre-added","who":["user:viragnandor"],"prob":1},"fields":{},"normalizations":{}},{"classId":"e_13","part":"s1v1","offsets":[{"start":2462,"text":"cselekedni nem"}],"coordinates":[],"confidence":{"state":"pre-added","who":["user:viragnandor"],"prob":1},"fields":{},"normalizations":{}},{"classId":"e_5","part":"s1v1","offsets":[{"start":2575,"text":"Szembemennek az ország, a magyar emberek érdekével és véleményével."}],"coordinates":[],"confidence":{"state":"pre-added","who":["user:viragnandor"],"prob":1},"fields":{},"normalizations":{}},{"classId":"e_13","part":"s1v1","offsets":[{"start":2575,"text":"Szembemennek"}],"coordinates":[],"confidence":{"state":"pre-added","who":["user:viragnandor"],"prob":1},"fields":{},"normalizations":{}},{"classId":"e_14","part":"s1v1","offsets":[{"start":2588,"text":"az ország, a magyar emberek érdekével"}],"coordinates":[],"confidence":{"state":"pre-added","who":["user:viragnandor"],"prob":1},"fields":{},"normalizations":{}},{"classId":"e_14","part":"s1v1","offsets":[{"start":2629,"text":"véleményével"}],"coordinates":[],"confidence":{"state":"pre-added","who":["user:viragnandor"],"prob":1},"fields":{},"normalizations":{}},{"classId":"e_6","part":"s1v1","offsets":[{"start":2643,"text":"Így vádaskodott egyébként előbb Harangozó Tamás is, hazudozott"}],"coordinates":[],"confidence":{"state":"pre-added","who":["user:viragnandor"],"prob":1},"fields":{},"normalizations":{}},{"classId":"e_13","part":"s1v1","offsets":[{"start":2647,"text":"vádaskodott"}],"coordinates":[],"confidence":{"state":"pre-added","who":["user:viragnandor"],"prob":1},"fields":{},"normalizations":{}},{"classId":"e_14","part":"s1v1","offsets":[{"start":2675,"text":"Harangozó Tamás"}],"coordinates":[],"confidence":{"state":"pre-added","who":["user:viragnandor"],"prob":1},"fields":{},"normalizations":{}},{"classId":"e_13","part":"s1v1","offsets":[{"start":2695,"text":"hazudozott"}],"coordinates":[],"confidence":{"state":"pre-added","who":["user:viragnandor"],"prob":1},"fields":{},"normalizations":{}},{"classId":"e_5","part":"s1v1","offsets":[{"start":2758,"text":"hogy a magyar kormány, a magyar emberek szándékosan küldték tovább a bevándorlókat"}],"coordinates":[],"confidence":{"state":"pre-added","who":["user:bernidam"],"prob":1},"fields":{},"normalizations":{}},{"classId":"e_14","part":"s1v1","offsets":[{"start":2763,"text":"a magyar kormány"}],"coordinates":[],"confidence":{"state":"pre-added","who":["user:bernidam"],"prob":1},"fields":{},"normalizations":{}},{"classId":"e_14","part":"s1v1","offsets":[{"start":2781,"text":"a magyar emberek"}],"coordinates":[],"confidence":{"state":"pre-added","who":["user:bernidam"],"prob":1},"fields":{},"normalizations":{}},{"classId":"e_13","part":"s1v1","offsets":[{"start":2798,"text":"szándékosan küldték tovább"}],"coordinates":[],"confidence":{"state":"pre-added","who":["user:bernidam"],"prob":1},"fields":{},"normalizations":{}},{"classId":"e_14","part":"s1v1","offsets":[{"start":2825,"text":"a bevándorlókat"}],"coordinates":[],"confidence":{"state":"pre-added","who":["user:bernidam"],"prob":1},"fields":{},"normalizations":{}},{"classId":"e_5","part":"s1v1","offsets":[{"start":2951,"text":"hogy önmagát zárja ki Európából, aki szigorúan lép fel a bevándorlók ellen"}],"coordinates":[],"confidence":{"state":"pre-added","who":["user:viragnandor","user:bernidam"],"prob":1},"fields":{},"normalizations":{}},{"classId":"e_13","part":"s1v1","offsets":[{"start":2956,"text":"önmagát zárja ki"}],"coordinates":[],"confidence":{"state":"pre-added","who":["user:viragnandor"],"prob":1},"fields":{},"normalizations":{}},{"classId":"e_14","part":"s1v1","offsets":[{"start":2956,"text":"önmagát"}],"coordinates":[],"confidence":{"state":"pre-added","who":["user:viragnandor"],"prob":1},"fields":{},"normalizations":{}},{"classId":"e_14","part":"s1v1","offsets":[{"start":2973,"text":"Európából"}],"coordinates":[],"confidence":{"state":"pre-added","who":["user:viragnandor"],"prob":1},"fields":{},"normalizations":{}},{"classId":"e_14","part":"s1v1","offsets":[{"start":2984,"text":"aki"}],"coordinates":[],"confidence":{"state":"pre-added","who":["user:viragnandor"],"prob":1},"fields":{},"normalizations":{}},{"classId":"e_13","part":"s1v1","offsets":[{"start":2988,"text":"szigorúan lép fel"}],"coordinates":[],"confidence":{"state":"pre-added","who":["user:viragnandor"],"prob":1},"fields":{},"normalizations":{}},{"classId":"e_14","part":"s1v1","offsets":[{"start":3006,"text":"a bevándorlók"}],"coordinates":[],"confidence":{"state":"pre-added","who":["user:bernidam"],"prob":1},"fields":{},"normalizations":{}},{"classId":"e_6","part":"s1v1","offsets":[{"start":3027,"text":"Nézzenek körül"}],"coordinates":[],"confidence":{"state":"pre-added","who":["user:viragnandor"],"prob":1},"fields":{},"normalizations":{}},{"classId":"e_13","part":"s1v1","offsets":[{"start":3027,"text":"Nézzenek körül"}],"coordinates":[],"confidence":{"state":"pre-added","who":["user:viragnandor"],"prob":1},"fields":{},"normalizations":{}},{"classId":"e_11","part":"s1v1","offsets":[{"start":3331,"text":"hogy emberiességi, keresztényi és európai uniós tagországi kötelessége Magyarországnak, hogy befogadja azt a rá jutó 700 menekültet"}],"coordinates":[],"confidence":{"state":"pre-added","who":["user:viragnandor","user:bernidam"],"prob":1},"fields":{},"normalizations":{}},{"classId":"e_14","part":"s1v1","offsets":[{"start":3336,"text":"emberiességi, keresztényi és európai uniós tagországi kötelessége Magyarországnak"}],"coordinates":[],"confidence":{"state":"pre-added","who":["user:viragnandor"],"prob":1},"fields":{},"normalizations":{}},{"classId":"e_13","part":"s1v1","offsets":[{"start":3336,"text":"emberiességi, keresztényi és európai uniós tagországi kötelessége"}],"coordinates":[],"confidence":{"state":"pre-added","who":["user:bernidam"],"prob":1},"fields":{},"normalizations":{}},{"classId":"e_13","part":"s1v1","offsets":[{"start":3424,"text":"befogadja"}],"coordinates":[],"confidence":{"state":"pre-added","who":["user:viragnandor"],"prob":1},"fields":{},"normalizations":{}},{"classId":"e_14","part":"s1v1","offsets":[{"start":3434,"text":"azt a rá jutó 700 menekültet"}],"coordinates":[],"confidence":{"state":"pre-added","who":["user:viragnandor"],"prob":1},"fields":{},"normalizations":{}},{"classId":"e_6","part":"s1v1","offsets":[{"start":3464,"text":"Érdekes megoldás!"}],"coordinates":[],"confidence":{"state":"pre-added","who":["user:viragnandor"],"prob":1},"fields":{},"normalizations":{}},{"classId":"e_13","part":"s1v1","offsets":[{"start":3464,"text":"Érdekes megoldás"}],"coordinates":[],"confidence":{"state":"pre-added","who":["user:viragnandor"],"prob":1},"fields":{},"normalizations":{}},{"classId":"e_14","part":"s1v1","offsets":[{"start":3464,"text":"Érdekes megoldás"}],"coordinates":[],"confidence":{"state":"pre-added","who":["user:bernidam"],"prob":1},"fields":{},"normalizations":{}},{"classId":"e_14","part":"s1v1","offsets":[{"start":3520,"text":"A bevándorlás"}],"coordinates":[],"confidence":{"state":"pre-added","who":["user:viragnandor"],"prob":1},"fields":{},"normalizations":{}},{"classId":"e_6","part":"s1v1","offsets":[{"start":3520,"text":"A bevándorlás egy álprobléma, amit a Fidesz kreált"}],"coordinates":[],"confidence":{"state":"pre-added","who":["user:bernidam"],"prob":1},"fields":{},"normalizations":{}},{"classId":"e_14","part":"s1v1","offsets":[{"start":3534,"text":"egy álprobléma"}],"coordinates":[],"confidence":{"state":"pre-added","who":["user:bernidam"],"prob":1},"fields":{},"normalizations":{}},{"classId":"e_13","part":"s1v1","offsets":[{"start":3538,"text":"álprobléma"}],"coordinates":[],"confidence":{"state":"pre-added","who":["user:viragnandor"],"prob":1},"fields":{},"normalizations":{}},{"classId":"e_14","part":"s1v1","offsets":[{"start":3550,"text":"amit"}],"coordinates":[],"confidence":{"state":"pre-added","who":["user:viragnandor"],"prob":1},"fields":{},"normalizations":{}},{"classId":"e_14","part":"s1v1","offsets":[{"start":3555,"text":"a Fidesz"}],"coordinates":[],"confidence":{"state":"pre-added","who":["user:viragnandor"],"prob":1},"fields":{},"normalizations":{}},{"classId":"e_13","part":"s1v1","offsets":[{"start":3564,"text":"kreált"}],"coordinates":[],"confidence":{"state":"pre-added","who":["user:viragnandor"],"prob":1},"fields":{},"normalizations":{}},{"classId":"e_14","part":"s1v1","offsets":[{"start":3572,"text":"az igazi gondot"}],"coordinates":[],"confidence":{"state":"pre-added","who":["user:viragnandor"],"prob":1},"fields":{},"normalizations":{}},{"classId":"e_2","part":"s1v1","offsets":[{"start":3572,"text":"az igazi gondot ugyanis a magyarok kivándorlása jelenti"}],"coordinates":[],"confidence":{"state":"pre-added","who":["user:bernidam"],"prob":1},"fields":{},"normalizations":{}},{"classId":"e_13","part":"s1v1","offsets":[{"start":3575,"text":"igazi gondot"}],"coordinates":[],"confidence":{"state":"pre-added","who":["user:bernidam"],"prob":1},"fields":{},"normalizations":{}},{"classId":"e_14","part":"s1v1","offsets":[{"start":3596,"text":"a magyarok kivándorlása"}],"coordinates":[],"confidence":{"state":"pre-added","who":["user:viragnandor"],"prob":1},"fields":{},"normalizations":{}},{"classId":"e_13","part":"s1v1","offsets":[{"start":3607,"text":"kivándorlása"}],"coordinates":[],"confidence":{"state":"pre-added","who":["user:bernidam"],"prob":1},"fields":{},"normalizations":{}},{"classId":"e_9","part":"s1v1","offsets":[{"start":3710,"text":"az MSZP-s európai parlamenti képviselő szerint utoljára a náci kormánytól láttak ilyen uszító, kirekesztő magatartást…"}],"coordinates":[],"confidence":{"state":"pre-added","who":["user:viragnandor","user:bernidam"],"prob":1},"fields":{},"normalizations":{}},{"classId":"e_14","part":"s1v1","offsets":[{"start":3710,"text":"az MSZP-s európai parlamenti képviselő"}],"coordinates":[],"confidence":{"state":"pre-added","who":["user:bernidam"],"prob":1},"fields":{},"normalizations":{}},{"classId":"e_14","part":"s1v1","offsets":[{"start":3766,"text":"a náci kormánytól"}],"coordinates":[],"confidence":{"state":"pre-added","who":["user:viragnandor"],"prob":1},"fields":{},"normalizations":{}},{"classId":"e_13","part":"s1v1","offsets":[{"start":3768,"text":"náci kormánytól"}],"coordinates":[],"confidence":{"state":"pre-added","who":["user:viragnandor"],"prob":1},"fields":{},"normalizations":{}},{"classId":"e_14","part":"s1v1","offsets":[{"start":3791,"text":"ilyen uszító, kirekesztő magatartást"}],"coordinates":[],"confidence":{"state":"pre-added","who":["user:viragnandor"],"prob":1},"fields":{},"normalizations":{}},{"classId":"e_13","part":"s1v1","offsets":[{"start":3797,"text":"uszító, kirekesztő"}],"coordinates":[],"confidence":{"state":"pre-added","who":["user:bernidam"],"prob":1},"fields":{},"normalizations":{}},{"classId":"e_2","part":"s1v1","offsets":[{"start":4026,"text":"ezt nem fogadja be Európa gyomra"}],"coordinates":[],"confidence":{"state":"pre-added","who":["user:bernidam"],"prob":1},"fields":{},"normalizations":{}},{"classId":"e_14","part":"s1v1","offsets":[{"start":4026,"text":"ezt"}],"coordinates":[],"confidence":{"state":"pre-added","who":["user:bernidam"],"prob":1},"fields":{},"normalizations":{}},{"classId":"e_13","part":"s1v1","offsets":[{"start":4030,"text":"nem fogadja be Európa gyomra"}],"coordinates":[],"confidence":{"state":"pre-added","who":["user:bernidam"],"prob":1},"fields":{},"normalizations":{}},{"classId":"e_14","part":"s1v1","offsets":[{"start":4045,"text":"Európa"}],"coordinates":[],"confidence":{"state":"pre-added","who":["user:bernidam"],"prob":1},"fields":{},"normalizations":{}},{"classId":"e_5","part":"s1v1","offsets":[{"start":4082,"text":"azonnal meg kell találni a jogi lehetőséget az ilyen renitens, azaz Magyarországgal szemben; ismét magyar emberek ellen, a magyar kormány ellen lépnek fel Brüsszelben, és mindenhol, ahol tudnak"}],"coordinates":[],"confidence":{"state":"pre-added","who":["user:viragnandor"],"prob":1},"fields":{},"normalizations":{}},{"classId":"e_14","part":"s1v1","offsets":[{"start":4107,"text":"a jogi lehetőséget"}],"coordinates":[],"confidence":{"state":"pre-added","who":["user:viragnandor"],"prob":1},"fields":{},"normalizations":{}},{"classId":"e_14","part":"s1v1","offsets":[{"start":4126,"text":"az ilyen renitens"}],"coordinates":[],"confidence":{"state":"pre-added","who":["user:bernidam"],"prob":1},"fields":{},"normalizations":{}},{"classId":"e_13","part":"s1v1","offsets":[{"start":4135,"text":"renitens"}],"coordinates":[],"confidence":{"state":"pre-added","who":["user:viragnandor"],"prob":1},"fields":{},"normalizations":{}},{"classId":"e_13","part":"s1v1","offsets":[{"start":4150,"text":"Magyarországgal szemben"}],"coordinates":[],"confidence":{"state":"pre-added","who":["user:viragnandor"],"prob":1},"fields":{},"normalizations":{}},{"classId":"e_14","part":"s1v1","offsets":[{"start":4150,"text":"Magyarországgal"}],"coordinates":[],"confidence":{"state":"pre-added","who":["user:bernidam"],"prob":1},"fields":{},"normalizations":{}},{"classId":"e_13","part":"s1v1","offsets":[{"start":4181,"text":"magyar emberek ellen"}],"coordinates":[],"confidence":{"state":"pre-added","who":["user:viragnandor"],"prob":1},"fields":{},"normalizations":{}},{"classId":"e_14","part":"s1v1","offsets":[{"start":4181,"text":"magyar emberek"}],"coordinates":[],"confidence":{"state":"pre-added","who":["user:bernidam"],"prob":1},"fields":{},"normalizations":{}},{"classId":"e_14","part":"s1v1","offsets":[{"start":4203,"text":"a magyar kormány"}],"coordinates":[],"confidence":{"state":"pre-added","who":["user:bernidam"],"prob":1},"fields":{},"normalizations":{}},{"classId":"e_13","part":"s1v1","offsets":[{"start":4205,"text":"magyar kormány ellen"}],"coordinates":[],"confidence":{"state":"pre-added","who":["user:viragnandor"],"prob":1},"fields":{},"normalizations":{}},{"classId":"e_14","part":"s1v1","offsets":[{"start":4237,"text":"Brüsszelben"}],"coordinates":[],"confidence":{"state":"pre-added","who":["user:viragnandor"],"prob":1},"fields":{},"normalizations":{}},{"classId":"e_14","part":"s1v1","offsets":[{"start":4253,"text":"mindenhol"}],"coordinates":[],"confidence":{"state":"pre-added","who":["user:viragnandor"],"prob":1},"fields":{},"normalizations":{}},{"classId":"e_14","part":"s1v1","offsets":[{"start":4264,"text":"ahol"}],"coordinates":[],"confidence":{"state":"pre-added","who":["user:viragnandor"],"prob":1},"fields":{},"normalizations":{}},{"classId":"e_4","part":"s1v1","offsets":[{"start":4328,"text":"hogy Magyarország és a magyar emberek eddig is megtették, amit lehetett, a múltban is, a régmúltban is, a közelmúltban is és a jelenben is"}],"coordinates":[],"confidence":{"state":"pre-added","who":["user:viragnandor"],"prob":1},"fields":{},"normalizations":{}},{"classId":"e_14","part":"s1v1","offsets":[{"start":4333,"text":"Magyarország"}],"coordinates":[],"confidence":{"state":"pre-added","who":["user:viragnandor"],"prob":1},"fields":{},"normalizations":{}},{"classId":"e_14","part":"s1v1","offsets":[{"start":4349,"text":"a magyar emberek"}],"coordinates":[],"confidence":{"state":"pre-added","who":["user:viragnandor"],"prob":1},"fields":{},"normalizations":{}},{"classId":"e_13","part":"s1v1","offsets":[{"start":4375,"text":"megtették"}],"coordinates":[],"confidence":{"state":"pre-added","who":["user:viragnandor"],"prob":1},"fields":{},"normalizations":{}},{"classId":"e_14","part":"s1v1","offsets":[{"start":4386,"text":"amit"}],"coordinates":[],"confidence":{"state":"pre-added","who":["user:viragnandor"],"prob":1},"fields":{},"normalizations":{}},{"classId":"e_14","part":"s1v1","offsets":[{"start":4401,"text":"a múltban"}],"coordinates":[],"confidence":{"state":"pre-added","who":["user:viragnandor"],"prob":1},"fields":{},"normalizations":{}},{"classId":"e_14","part":"s1v1","offsets":[{"start":4415,"text":"a régmúltban"}],"coordinates":[],"confidence":{"state":"pre-added","who":["user:viragnandor"],"prob":1},"fields":{},"normalizations":{}},{"classId":"e_14","part":"s1v1","offsets":[{"start":4432,"text":"a közelmúltban"}],"coordinates":[],"confidence":{"state":"pre-added","who":["user:viragnandor"],"prob":1},"fields":{},"normalizations":{}},{"classId":"e_14","part":"s1v1","offsets":[{"start":4453,"text":"a jelenben"}],"coordinates":[],"confidence":{"state":"pre-added","who":["user:viragnandor"],"prob":1},"fields":{},"normalizations":{}},{"classId":"e_4","part":"s1v1","offsets":[{"start":4468,"text":"A múltban megtettük Lengyelország és a lengyel emberek érdekében."}],"coordinates":[],"confidence":{"state":"pre-added","who":["user:viragnandor"],"prob":1},"fields":{},"normalizations":{}},{"classId":"e_14","part":"s1v1","offsets":[{"start":4468,"text":"A múltban"}],"coordinates":[],"confidence":{"state":"pre-added","who":["user:bernidam"],"prob":1},"fields":{},"normalizations":{}},{"classId":"e_13","part":"s1v1","offsets":[{"start":4478,"text":"megtettük"}],"coordinates":[],"confidence":{"state":"pre-added","who":["user:viragnandor"],"prob":1},"fields":{},"normalizations":{}},{"classId":"e_14","part":"s1v1","offsets":[{"start":4488,"text":"Lengyelország és a lengyel emberek érdekében"}],"coordinates":[],"confidence":{"state":"pre-added","who":["user:bernidam"],"prob":1},"fields":{},"normalizations":{}},{"classId":"e_11","part":"s1v1","offsets":[{"start":4534,"text":"Erdélyből vagy bárhol, ahonnan menekültek a magyarok, segítettük őket."}],"coordinates":[],"confidence":{"state":"pre-added","who":["user:viragnandor"],"prob":1},"fields":{},"normalizations":{}},{"classId":"e_14","part":"s1v1","offsets":[{"start":4534,"text":"Erdélyből"}],"coordinates":[],"confidence":{"state":"pre-added","who":["user:viragnandor"],"prob":1},"fields":{},"normalizations":{}},{"classId":"e_14","part":"s1v1","offsets":[{"start":4549,"text":"bárhol"}],"coordinates":[],"confidence":{"state":"pre-added","who":["user:viragnandor"],"prob":1},"fields":{},"normalizations":{}},{"classId":"e_14","part":"s1v1","offsets":[{"start":4557,"text":"ahonnan"}],"coordinates":[],"confidence":{"state":"pre-added","who":["user:bernidam"],"prob":1},"fields":{},"normalizations":{}},{"classId":"e_14","part":"s1v1","offsets":[{"start":4576,"text":"a magyarok"}],"coordinates":[],"confidence":{"state":"pre-added","who":["user:viragnandor"],"prob":1},"fields":{},"normalizations":{}},{"classId":"e_13","part":"s1v1","offsets":[{"start":4588,"text":"segítettük"}],"coordinates":[],"confidence":{"state":"pre-added","who":["user:viragnandor"],"prob":1},"fields":{},"normalizations":{}},{"classId":"e_14","part":"s1v1","offsets":[{"start":4599,"text":"őket"}],"coordinates":[],"confidence":{"state":"pre-added","who":["user:viragnandor"],"prob":1},"fields":{},"normalizations":{}},{"classId":"e_11","part":"s1v1","offsets":[{"start":4605,"text":"A délszláv háború során, amikor menekültek mindenféle délszláv országból a menekültek, segítettük őket."}],"coordinates":[],"confidence":{"state":"pre-added","who":["user:viragnandor"],"prob":1},"fields":{},"normalizations":{}},{"classId":"e_14","part":"s1v1","offsets":[{"start":4605,"text":"A délszláv háború"}],"coordinates":[],"confidence":{"state":"pre-added","who":["user:bernidam"],"prob":1},"fields":{},"normalizations":{}},{"classId":"e_14","part":"s1v1","offsets":[{"start":4648,"text":"mindenféle délszláv országból"}],"coordinates":[],"confidence":{"state":"pre-added","who":["user:viragnandor"],"prob":1},"fields":{},"normalizations":{}},{"classId":"e_14","part":"s1v1","offsets":[{"start":4678,"text":"a menekültek"}],"coordinates":[],"confidence":{"state":"pre-added","who":["user:viragnandor"],"prob":1},"fields":{},"normalizations":{}},{"classId":"e_13","part":"s1v1","offsets":[{"start":4692,"text":"segítettük"}],"coordinates":[],"confidence":{"state":"pre-added","who":["user:viragnandor"],"prob":1},"fields":{},"normalizations":{}},{"classId":"e_14","part":"s1v1","offsets":[{"start":4703,"text":"őket"}],"coordinates":[],"confidence":{"state":"pre-added","who":["user:viragnandor"],"prob":1},"fields":{},"normalizations":{}},{"classId":"e_11","part":"s1v1","offsets":[{"start":4709,"text":"Akik most az ukrajnai konfliktus elől menekülnek, segítjük őket."}],"coordinates":[],"confidence":{"state":"pre-added","who":["user:viragnandor"],"prob":1},"fields":{},"normalizations":{}},{"classId":"e_14","part":"s1v1","offsets":[{"start":4709,"text":"Akik"}],"coordinates":[],"confidence":{"state":"pre-added","who":["user:viragnandor"],"prob":1},"fields":{},"normalizations":{}},{"classId":"e_14","part":"s1v1","offsets":[{"start":4719,"text":"az ukrajnai konfliktus"}],"coordinates":[],"confidence":{"state":"pre-added","who":["user:bernidam"],"prob":1},"fields":{},"normalizations":{}},{"classId":"e_13","part":"s1v1","offsets":[{"start":4759,"text":"segítjük"}],"coordinates":[],"confidence":{"state":"pre-added","who":["user:viragnandor"],"prob":1},"fields":{},"normalizations":{}},{"classId":"e_14","part":"s1v1","offsets":[{"start":4768,"text":"őket"}],"coordinates":[],"confidence":{"state":"pre-added","who":["user:viragnandor"],"prob":1},"fields":{},"normalizations":{}},{"classId":"e_4","part":"s1v1","offsets":[{"start":4774,"text":"És szükséges a gyors cselekvés, a határzár felépítése a határ megerősítése érdekében"}],"coordinates":[],"confidence":{"state":"pre-added","who":["user:bernidam"],"prob":1},"fields":{},"normalizations":{}},{"classId":"e_14","part":"s1v1","offsets":[{"start":4787,"text":"a gyors cselekvés"}],"coordinates":[],"confidence":{"state":"pre-added","who":["user:viragnandor"],"prob":1},"fields":{},"normalizations":{}},{"classId":"e_13","part":"s1v1","offsets":[{"start":4795,"text":"cselekvés"}],"coordinates":[],"confidence":{"state":"pre-added","who":["user:viragnandor"],"prob":1},"fields":{},"normalizations":{}},{"classId":"e_14","part":"s1v1","offsets":[{"start":4806,"text":"a határzár felépítése"}],"coordinates":[],"confidence":{"state":"pre-added","who":["user:viragnandor"],"prob":1},"fields":{},"normalizations":{}},{"classId":"e_13","part":"s1v1","offsets":[{"start":4817,"text":"felépítése"}],"coordinates":[],"confidence":{"state":"pre-added","who":["user:viragnandor"],"prob":1},"fields":{},"normalizations":{}},{"classId":"e_14","part":"s1v1","offsets":[{"start":4828,"text":"a határ megerősítése érdekében"}],"coordinates":[],"confidence":{"state":"pre-added","who":["user:viragnandor"],"prob":1},"fields":{},"normalizations":{}},{"classId":"e_13","part":"s1v1","offsets":[{"start":4836,"text":"megerősítése"}],"coordinates":[],"confidence":{"state":"pre-added","who":["user:viragnandor"],"prob":1},"fields":{},"normalizations":{}},{"classId":"e_2","part":"s1v1","offsets":[{"start":4879,"text":"hogy ez egy ideiglenes megoldás"}],"coordinates":[],"confidence":{"state":"pre-added","who":["user:bernidam"],"prob":1},"fields":{},"normalizations":{}},{"classId":"e_14","part":"s1v1","offsets":[{"start":4884,"text":"ez"}],"coordinates":[],"confidence":{"state":"pre-added","who":["user:viragnandor"],"prob":1},"fields":{},"normalizations":{}},{"classId":"e_14","part":"s1v1","offsets":[{"start":4887,"text":"egy ideiglenes megoldás"}],"coordinates":[],"confidence":{"state":"pre-added","who":["user:bernidam"],"prob":1},"fields":{},"normalizations":{}},{"classId":"e_13","part":"s1v1","offsets":[{"start":4891,"text":"ideiglenes megoldás"}],"coordinates":[],"confidence":{"state":"pre-added","who":["user:bernidam"],"prob":1},"fields":{},"normalizations":{}},{"classId":"e_11","part":"s1v1","offsets":[{"start":4912,"text":"Szükséges a jómódban élő országok összefogása a szegényebbek megsegítése érdekében."}],"coordinates":[],"confidence":{"state":"pre-added","who":["user:viragnandor"],"prob":1},"fields":{},"normalizations":{}},{"classId":"e_14","part":"s1v1","offsets":[{"start":4922,"text":"a jómódban élő országok összefogása"}],"coordinates":[],"confidence":{"state":"pre-added","who":["user:viragnandor"],"prob":1},"fields":{},"normalizations":{}},{"classId":"e_14","part":"s1v1","offsets":[{"start":4958,"text":"a szegényebbek megsegítése érdekében"}],"coordinates":[],"confidence":{"state":"pre-added","who":["user:viragnandor"],"prob":1},"fields":{},"normalizations":{}},{"classId":"e_13","part":"s1v1","offsets":[{"start":4973,"text":"megsegítése"}],"coordinates":[],"confidence":{"state":"pre-added","who":["user:viragnandor"],"prob":1},"fields":{},"normalizations":{}},{"classId":"e_4","part":"s1v1","offsets":[{"start":4996,"text":"Szükséges a nemzetközi összefogás az embercsempész bandák felszámolására."}],"coordinates":[],"confidence":{"state":"pre-added","who":["user:viragnandor"],"prob":1},"fields":{},"normalizations":{}},{"classId":"e_14","part":"s1v1","offsets":[{"start":5006,"text":"a nemzetközi összefogás"}],"coordinates":[],"confidence":{"state":"pre-added","who":["user:viragnandor"],"prob":1},"fields":{},"normalizations":{}},{"classId":"e_13","part":"s1v1","offsets":[{"start":5019,"text":"összefogás"}],"coordinates":[],"confidence":{"state":"pre-added","who":["user:viragnandor"],"prob":1},"fields":{},"normalizations":{}},{"classId":"e_14","part":"s1v1","offsets":[{"start":5030,"text":"az embercsempész bandák felszámolására"}],"coordinates":[],"confidence":{"state":"pre-added","who":["user:viragnandor"],"prob":1},"fields":{},"normalizations":{}},{"classId":"e_13","part":"s1v1","offsets":[{"start":5033,"text":"embercsempész bandák felszámolására"}],"coordinates":[],"confidence":{"state":"pre-added","who":["user:bernidam"],"prob":1},"fields":{},"normalizations":{}},{"classId":"e_4","part":"s1v1","offsets":[{"start":5070,"text":"Szükséges az összefogás a valóban vallási, etnikai menekültek érdekében."}],"coordinates":[],"confidence":{"state":"pre-added","who":["user:viragnandor"],"prob":1},"fields":{},"normalizations":{}},{"classId":"e_14","part":"s1v1","offsets":[{"start":5080,"text":"az összefogás"}],"coordinates":[],"confidence":{"state":"pre-added","who":["user:viragnandor"],"prob":1},"fields":{},"normalizations":{}},{"classId":"e_13","part":"s1v1","offsets":[{"start":5083,"text":"összefogás"}],"coordinates":[],"confidence":{"state":"pre-added","who":["user:viragnandor"],"prob":1},"fields":{},"normalizations":{}},{"classId":"e_14","part":"s1v1","offsets":[{"start":5094,"text":"a valóban vallási, etnikai menekültek érdekében"}],"coordinates":[],"confidence":{"state":"pre-added","who":["user:viragnandor"],"prob":1},"fields":{},"normalizations":{}},{"classId":"e_14","part":"s1v1","offsets":[{"start":5186,"text":"a baloldali közösségnek"}],"coordinates":[],"confidence":{"state":"pre-added","who":["user:viragnandor"],"prob":1},"fields":{},"normalizations":{}},{"classId":"e_6","part":"s1v1","offsets":[{"start":5229,"text":"hogy fogadjanak be egy-egy menekültet"}],"coordinates":[],"confidence":{"state":"pre-added","who":["user:bernidam"],"prob":1},"fields":{},"normalizations":{}},{"classId":"e_13","part":"s1v1","offsets":[{"start":5234,"text":"fogadjanak be egy-egy menekültet"}],"coordinates":[],"confidence":{"state":"pre-added","who":["user:bernidam"],"prob":1},"fields":{},"normalizations":{}},{"classId":"e_14","part":"s1v1","offsets":[{"start":5248,"text":"egy-egy menekültet"}],"coordinates":[],"confidence":{"state":"pre-added","who":["user:viragnandor"],"prob":1},"fields":{},"normalizations":{}},{"classId":"e_6","part":"s1v1","offsets":[{"start":5282,"text":"hogy amilyen kevesen vannak, ez a megoldás csak részleges és álmegoldás lesz, nem lesz átfogó"}],"coordinates":[],"confidence":{"state":"pre-added","who":["user:viragnandor"],"prob":1},"fields":{},"normalizations":{}},{"classId":"e_14","part":"s1v1","offsets":[{"start":5287,"text":"amilyen kevesen"}],"coordinates":[],"confidence":{"state":"pre-added","who":["user:viragnandor"],"prob":1},"fields":{},"normalizations":{}},{"classId":"e_13","part":"s1v1","offsets":[{"start":5295,"text":"kevesen vannak"}],"coordinates":[],"confidence":{"state":"pre-added","who":["user:viragnandor"],"prob":1},"fields":{},"normalizations":{}},{"classId":"e_14","part":"s1v1","offsets":[{"start":5311,"text":"ez a megoldás"}],"coordinates":[],"confidence":{"state":"pre-added","who":["user:viragnandor"],"prob":1},"fields":{},"normalizations":{}},{"classId":"e_13","part":"s1v1","offsets":[{"start":5330,"text":"részleges"}],"coordinates":[],"confidence":{"state":"pre-added","who":["user:viragnandor"],"prob":1},"fields":{},"normalizations":{}},{"classId":"e_13","part":"s1v1","offsets":[{"start":5343,"text":"álmegoldás"}],"coordinates":[],"confidence":{"state":"pre-added","who":["user:viragnandor"],"prob":1},"fields":{},"normalizations":{}},{"classId":"e_14","part":"s1v1","offsets":[{"start":5343,"text":"álmegoldás"}],"coordinates":[],"confidence":{"state":"pre-added","who":["user:bernidam"],"prob":1},"fields":{},"normalizations":{}}],"relations":[{"classId":"r_15","type":"linked","directed":false,"entities":["s1v1|e_14|376,396","s1v1|e_1|376,483"],"confidence":{"state":"pre-added","who":["user:viragnandor"],"prob":1}},{"classId":"r_15","type":"linked","directed":false,"entities":["s1v1|e_14|406,477","s1v1|e_1|376,483"],"confidence":{"state":"pre-added","who":["user:bernidam"],"prob":1}},{"classId":"r_15","type":"linked","directed":false,"entities":["s1v1|e_14|1374,1389","s1v1|e_1|1392,1410"],"confidence":{"state":"pre-added","who":["user:bernidam"],"prob":1}},{"classId":"r_15","type":"linked","directed":false,"entities":["s1v1|e_14|1392,1394","s1v1|e_1|1392,1410"],"confidence":{"state":"pre-added","who":["user:bernidam"],"prob":1}},{"classId":"r_15","type":"linked","directed":false,"entities":["s1v1|e_14|1396,1400","s1v1|e_1|1392,1410"],"confidence":{"state":"pre-added","who":["user:bernidam"],"prob":1}},{"classId":"r_16","type":"linked","directed":false,"entities":["s1v1|e_14|52,108","s1v1|e_2|52,117"],"confidence":{"state":"pre-added","who":["user:bernidam"],"prob":1}},{"classId":"r_16","type":"linked","directed":false,"entities":["s1v1|e_14|119,217","s1v1|e_2|119,281"],"confidence":{"state":"pre-added","who":["user:viragnandor"],"prob":1}},{"classId":"r_16","type":"linked","directed":false,"entities":["s1v1|e_14|254,261","s1v1|e_2|119,281"],"confidence":{"state":"pre-added","who":["user:viragnandor"],"prob":1}},{"classId":"r_16","type":"linked","directed":false,"entities":["s1v1|e_14|264,280","s1v1|e_2|119,281"],"confidence":{"state":"pre-added","who":["user:viragnandor"],"prob":1}},{"classId":"r_16","type":"linked","directed":false,"entities":["s1v1|e_14|1180,1194","s1v1|e_2|1180,1329"],"confidence":{"state":"pre-added","who":["user:bernidam"],"prob":1}},{"classId":"r_16","type":"linked","directed":false,"entities":["s1v1|e_14|1202,1220","s1v1|e_2|1180,1329"],"confidence":{"state":"pre-added","who":["user:bernidam"],"prob":1}},{"classId":"r_16","type":"linked","directed":false,"entities":["s1v1|e_14|1222,1272","s1v1|e_2|1180,1329"],"confidence":{"state":"pre-added","who":["user:bernidam"],"prob":1}},{"classId":"r_16","type":"linked","directed":false,"entities":["s1v1|e_14|1283,1307","s1v1|e_2|1180,1329"],"confidence":{"state":"pre-added","who":["user:bernidam"],"prob":1}},{"classId":"r_16","type":"linked","directed":false,"entities":["s1v1|e_14|1446,1462","s1v1|e_2|1438,1523"],"confidence":{"state":"pre-added","who":["user:bernidam"],"prob":1}},{"classId":"r_16","type":"linked","directed":false,"entities":["s1v1|e_14|1470,1471","s1v1|e_2|1438,1523"],"confidence":{"state":"pre-added","who":["user:bernidam"],"prob":1}},{"classId":"r_16","type":"linked","directed":false,"entities":["s1v1|e_14|1473,1484","s1v1|e_2|1438,1523"],"confidence":{"state":"pre-added","who":["user:bernidam"],"prob":1}},{"classId":"r_16","type":"linked","directed":false,"entities":["s1v1|e_14|1497,1523","s1v1|e_2|1438,1523"],"confidence":{"state":"pre-added","who":["user:bernidam"],"prob":1}},{"classId":"r_16","type":"linked","directed":false,"entities":["s1v1|e_14|1628,1653","s1v1|e_2|1623,1718"],"confidence":{"state":"pre-added","who":["user:viragnandor"],"prob":1}},{"classId":"r_16","type":"linked","directed":false,"entities":["s1v1|e_14|1655,1685","s1v1|e_2|1623,1718"],"confidence":{"state":"pre-added","who":["user:viragnandor"],"prob":1}},{"classId":"r_16","type":"linked","directed":false,"entities":["s1v1|e_14|1698,1718","s1v1|e_2|1623,1718"],"confidence":{"state":"pre-added","who":["user:viragnandor"],"prob":1}},{"classId":"r_16","type":"linked","directed":false,"entities":["s1v1|e_14|1755,1789","s1v1|e_2|1743,1808"],"confidence":{"state":"pre-added","who":["user:bernidam"],"prob":1}},{"classId":"r_16","type":"linked","directed":false,"entities":["s1v1|e_14|1801,1808","s1v1|e_2|1743,1808"],"confidence":{"state":"pre-added","who":["user:bernidam"],"prob":1}},{"classId":"r_16","type":"linked","directed":false,"entities":["s1v1|e_14|3572,3586","s1v1|e_2|3572,3626"],"confidence":{"state":"pre-added","who":["user:bernidam"],"prob":1}},{"classId":"r_16","type":"linked","directed":false,"entities":["s1v1|e_14|3596,3618","s1v1|e_2|3572,3626"],"confidence":{"state":"pre-added","who":["user:bernidam"],"prob":1}},{"classId":"r_16","type":"linked","directed":false,"entities":["s1v1|e_14|4026,4028","s1v1|e_2|4026,4057"],"confidence":{"state":"pre-added","who":["user:bernidam"],"prob":1}},{"classId":"r_16","type":"linked","directed":false,"entities":["s1v1|e_14|4045,4050","s1v1|e_2|4026,4057"],"confidence":{"state":"pre-added","who":["user:bernidam"],"prob":1}},{"classId":"r_16","type":"linked","directed":false,"entities":["s1v1|e_14|4884,4885","s1v1|e_2|4879,4909"],"confidence":{"state":"pre-added","who":["user:bernidam"],"prob":1}},{"classId":"r_16","type":"linked","directed":false,"entities":["s1v1|e_14|4887,4909","s1v1|e_2|4879,4909"],"confidence":{"state":"pre-added","who":["user:bernidam"],"prob":1}},{"classId":"r_18","type":"linked","directed":false,"entities":["s1v1|e_14|1818,1842","s1v1|e_4|1811,1901"],"confidence":{"state":"pre-added","who":["user:bernidam"],"prob":1}},{"classId":"r_18","type":"linked","directed":false,"entities":["s1v1|e_14|1883,1901","s1v1|e_4|1811,1901"],"confidence":{"state":"pre-added","who":["user:bernidam"],"prob":1}},{"classId":"r_18","type":"linked","directed":false,"entities":["s1v1|e_14|4333,4344","s1v1|e_4|4328,4465"],"confidence":{"state":"pre-added","who":["user:viragnandor"],"prob":1}},{"classId":"r_18","type":"linked","directed":false,"entities":["s1v1|e_14|4349,4364","s1v1|e_4|4328,4465"],"confidence":{"state":"pre-added","who":["user:viragnandor"],"prob":1}},{"classId":"r_18","type":"linked","directed":false,"entities":["s1v1|e_14|4386,4389","s1v1|e_4|4328,4465"],"confidence":{"state":"pre-added","who":["user:viragnandor"],"prob":1}},{"classId":"r_18","type":"linked","directed":false,"entities":["s1v1|e_14|4401,4409","s1v1|e_4|4328,4465"],"confidence":{"state":"pre-added","who":["user:viragnandor"],"prob":1}},{"classId":"r_18","type":"linked","directed":false,"entities":["s1v1|e_14|4415,4426","s1v1|e_4|4328,4465"],"confidence":{"state":"pre-added","who":["user:viragnandor"],"prob":1}},{"classId":"r_18","type":"linked","directed":false,"entities":["s1v1|e_14|4432,4445","s1v1|e_4|4328,4465"],"confidence":{"state":"pre-added","who":["user:viragnandor"],"prob":1}},{"classId":"r_18","type":"linked","directed":false,"entities":["s1v1|e_14|4453,4462","s1v1|e_4|4328,4465"],"confidence":{"state":"pre-added","who":["user:viragnandor"],"prob":1}},{"classId":"r_18","type":"linked","directed":false,"entities":["s1v1|e_14|4468,4476","s1v1|e_4|4468,4532"],"confidence":{"state":"pre-added","who":["user:bernidam"],"prob":1}},{"classId":"r_18","type":"linked","directed":false,"entities":["s1v1|e_14|4488,4531","s1v1|e_4|4468,4532"],"confidence":{"state":"pre-added","who":["user:bernidam"],"prob":1}},{"classId":"r_18","type":"linked","directed":false,"entities":["s1v1|e_14|4787,4803","s1v1|e_4|4774,4857"],"confidence":{"state":"pre-added","who":["user:bernidam"],"prob":1}},{"classId":"r_18","type":"linked","directed":false,"entities":["s1v1|e_14|4806,4826","s1v1|e_4|4774,4857"],"confidence":{"state":"pre-added","who":["user:bernidam"],"prob":1}},{"classId":"r_18","type":"linked","directed":false,"entities":["s1v1|e_14|4828,4857","s1v1|e_4|4774,4857"],"confidence":{"state":"pre-added","who":["user:bernidam"],"prob":1}},{"classId":"r_18","type":"linked","directed":false,"entities":["s1v1|e_14|5006,5028","s1v1|e_4|4996,5068"],"confidence":{"state":"pre-added","who":["user:viragnandor"],"prob":1}},{"classId":"r_18","type":"linked","directed":false,"entities":["s1v1|e_14|5030,5067","s1v1|e_4|4996,5068"],"confidence":{"state":"pre-added","who":["user:viragnandor"],"prob":1}},{"classId":"r_18","type":"linked","directed":false,"entities":["s1v1|e_14|5080,5092","s1v1|e_4|5070,5141"],"confidence":{"state":"pre-added","who":["user:viragnandor"],"prob":1}},{"classId":"r_18","type":"linked","directed":false,"entities":["s1v1|e_14|5094,5140","s1v1|e_4|5070,5141"],"confidence":{"state":"pre-added","who":["user:viragnandor"],"prob":1}},{"classId":"r_19","type":"linked","directed":false,"entities":["s1v1|e_14|562,579","s1v1|e_5|562,722"],"confidence":{"state":"pre-added","who":["user:bernidam"],"prob":1}},{"classId":"r_19","type":"linked","directed":false,"entities":["s1v1|e_14|581,590","s1v1|e_5|562,722"],"confidence":{"state":"pre-added","who":["user:viragnandor"],"prob":1}},{"classId":"r_19","type":"linked","directed":false,"entities":["s1v1|e_14|599,629","s1v1|e_5|562,722"],"confidence":{"state":"pre-added","who":["user:bernidam"],"prob":1}},{"classId":"r_19","type":"linked","directed":false,"entities":["s1v1|e_14|640,701","s1v1|e_5|562,722"],"confidence":{"state":"pre-added","who":["user:bernidam"],"prob":1}},{"classId":"r_19","type":"linked","directed":false,"entities":["s1v1|e_14|1333,1340","s1v1|e_5|1333,1357"],"confidence":{"state":"pre-added","who":["user:bernidam"],"prob":1}},{"classId":"r_19","type":"linked","directed":false,"entities":["s1v1|e_14|1418,1426","s1v1|e_5|1413,1435"],"confidence":{"state":"pre-added","who":["user:bernidam"],"prob":1}},{"classId":"r_19","type":"linked","directed":false,"entities":["s1v1|e_14|2288,2291","s1v1|e_5|2263,2315"],"confidence":{"state":"pre-added","who":["user:bernidam"],"prob":1}},{"classId":"r_19","type":"linked","directed":false,"entities":["s1v1|e_14|2293,2314","s1v1|e_5|2263,2315"],"confidence":{"state":"pre-added","who":["user:bernidam"],"prob":1}},{"classId":"r_19","type":"linked","directed":false,"entities":["s1v1|e_14|2588,2624","s1v1|e_5|2575,2641"],"confidence":{"state":"pre-added","who":["user:viragnandor"],"prob":1}},{"classId":"r_19","type":"linked","directed":false,"entities":["s1v1|e_14|2629,2640","s1v1|e_5|2575,2641"],"confidence":{"state":"pre-added","who":["user:viragnandor"],"prob":1}},{"classId":"r_19","type":"linked","directed":false,"entities":["s1v1|e_14|2763,2778","s1v1|e_5|2758,2839"],"confidence":{"state":"pre-added","who":["user:bernidam"],"prob":1}},{"classId":"r_19","type":"linked","directed":false,"entities":["s1v1|e_14|2781,2796","s1v1|e_5|2758,2839"],"confidence":{"state":"pre-added","who":["user:bernidam"],"prob":1}},{"classId":"r_19","type":"linked","directed":false,"entities":["s1v1|e_14|2825,2839","s1v1|e_5|2758,2839"],"confidence":{"state":"pre-added","who":["user:bernidam"],"prob":1}},{"classId":"r_19","type":"linked","directed":false,"entities":["s1v1|e_14|2956,2962","s1v1|e_5|2951,3024"],"confidence":{"state":"pre-added","who":["user:bernidam"],"prob":1}},{"classId":"r_19","type":"linked","directed":false,"entities":["s1v1|e_14|2973,2981","s1v1|e_5|2951,3024"],"confidence":{"state":"pre-added","who":["user:bernidam"],"prob":1}},{"classId":"r_19","type":"linked","directed":false,"entities":["s1v1|e_14|2984,2986","s1v1|e_5|2951,3024"],"confidence":{"state":"pre-added","who":["user:bernidam"],"prob":1}},{"classId":"r_19","type":"linked","directed":false,"entities":["s1v1|e_14|3006,3018","s1v1|e_5|2951,3024"],"confidence":{"state":"pre-added","who":["user:bernidam"],"prob":1}},{"classId":"r_19","type":"linked","directed":false,"entities":["s1v1|e_14|4107,4124","s1v1|e_5|4082,4274"],"confidence":{"state":"pre-added","who":["user:viragnandor"],"prob":1}},{"classId":"r_19","type":"linked","directed":false,"entities":["s1v1|e_14|4126,4142","s1v1|e_5|4082,4274"],"confidence":{"state":"pre-added","who":["user:bernidam"],"prob":1}},{"classId":"r_19","type":"linked","directed":false,"entities":["s1v1|e_14|4150,4164","s1v1|e_5|4082,4274"],"confidence":{"state":"pre-added","who":["user:bernidam"],"prob":1}},{"classId":"r_19","type":"linked","directed":false,"entities":["s1v1|e_14|4181,4194","s1v1|e_5|4082,4274"],"confidence":{"state":"pre-added","who":["user:bernidam"],"prob":1}},{"classId":"r_19","type":"linked","directed":false,"entities":["s1v1|e_14|4203,4218","s1v1|e_5|4082,4274"],"confidence":{"state":"pre-added","who":["user:bernidam"],"prob":1}},{"classId":"r_19","type":"linked","directed":false,"entities":["s1v1|e_14|4237,4247","s1v1|e_5|4082,4274"],"confidence":{"state":"pre-added","who":["user:viragnandor"],"prob":1}},{"classId":"r_19","type":"linked","directed":false,"entities":["s1v1|e_14|4253,4261","s1v1|e_5|4082,4274"],"confidence":{"state":"pre-added","who":["user:viragnandor"],"prob":1}},{"classId":"r_19","type":"linked","directed":false,"entities":["s1v1|e_14|4264,4267","s1v1|e_5|4082,4274"],"confidence":{"state":"pre-added","who":["user:viragnandor"],"prob":1}},{"classId":"r_20","type":"linked","directed":false,"entities":["s1v1|e_14|940,962","s1v1|e_6|930,980"],"confidence":{"state":"pre-added","who":["user:viragnandor"],"prob":1}},{"classId":"r_20","type":"linked","directed":false,"entities":["s1v1|e_14|971,980","s1v1|e_6|930,980"],"confidence":{"state":"pre-added","who":["user:viragnandor"],"prob":1}},{"classId":"r_20","type":"linked","directed":false,"entities":["s1v1|e_14|1531,1546","s1v1|e_6|1526,1566"],"confidence":{"state":"pre-added","who":["user:viragnandor"],"prob":1}},{"classId":"r_20","type":"linked","directed":false,"entities":["s1v1|e_14|1556,1565","s1v1|e_6|1526,1566"],"confidence":{"state":"pre-added","who":["user:viragnandor"],"prob":1}},{"classId":"r_20","type":"linked","directed":false,"entities":["s1v1|e_14|2351,2360","s1v1|e_6|2351,2400"],"confidence":{"state":"pre-added","who":["user:viragnandor"],"prob":1}},{"classId":"r_20","type":"linked","directed":false,"entities":["s1v1|e_14|2383,2399","s1v1|e_6|2351,2400"],"confidence":{"state":"pre-added","who":["user:viragnandor"],"prob":1}},{"classId":"r_20","type":"linked","directed":false,"entities":["s1v1|e_14|2402,2420","s1v1|e_6|2402,2476"],"confidence":{"state":"pre-added","who":["user:bernidam"],"prob":1}},{"classId":"r_20","type":"linked","directed":false,"entities":["s1v1|e_14|2675,2689","s1v1|e_6|2643,2704"],"confidence":{"state":"pre-added","who":["user:viragnandor"],"prob":1}},{"classId":"r_20","type":"linked","directed":false,"entities":["s1v1|e_14|3464,3479","s1v1|e_6|3464,3480"],"confidence":{"state":"pre-added","who":["user:bernidam"],"prob":1}},{"classId":"r_20","type":"linked","directed":false,"entities":["s1v1|e_14|3520,3532","s1v1|e_6|3520,3569"],"confidence":{"state":"pre-added","who":["user:bernidam"],"prob":1}},{"classId":"r_20","type":"linked","directed":false,"entities":["s1v1|e_14|3534,3547","s1v1|e_6|3520,3569"],"confidence":{"state":"pre-added","who":["user:bernidam"],"prob":1}},{"classId":"r_20","type":"linked","directed":false,"entities":["s1v1|e_14|3550,3553","s1v1|e_6|3520,3569"],"confidence":{"state":"pre-added","who":["user:bernidam"],"prob":1}},{"classId":"r_20","type":"linked","directed":false,"entities":["s1v1|e_14|3555,3562","s1v1|e_6|3520,3569"],"confidence":{"state":"pre-added","who":["user:bernidam"],"prob":1}},{"classId":"r_20","type":"linked","directed":false,"entities":["s1v1|e_14|5186,5208","s1v1|e_6|5229,5265"],"confidence":{"state":"pre-added","who":["user:bernidam"],"prob":1}},{"classId":"r_20","type":"linked","directed":false,"entities":["s1v1|e_14|5248,5265","s1v1|e_6|5229,5265"],"confidence":{"state":"pre-added","who":["user:bernidam"],"prob":1}},{"classId":"r_20","type":"linked","directed":false,"entities":["s1v1|e_14|5287,5301","s1v1|e_6|5282,5374"],"confidence":{"state":"pre-added","who":["user:viragnandor"],"prob":1}},{"classId":"r_20","type":"linked","directed":false,"entities":["s1v1|e_14|5311,5323","s1v1|e_6|5282,5374"],"confidence":{"state":"pre-added","who":["user:viragnandor"],"prob":1}},{"classId":"r_20","type":"linked","directed":false,"entities":["s1v1|e_14|5343,5352","s1v1|e_6|5282,5374"],"confidence":{"state":"pre-added","who":["user:bernidam"],"prob":1}},{"classId":"r_23","type":"linked","directed":false,"entities":["s1v1|e_14|3710,3747","s1v1|e_9|3710,3827"],"confidence":{"state":"pre-added","who":["user:bernidam"],"prob":1}},{"classId":"r_23","type":"linked","directed":false,"entities":["s1v1|e_14|3766,3782","s1v1|e_9|3710,3827"],"confidence":{"state":"pre-added","who":["user:bernidam"],"prob":1}},{"classId":"r_23","type":"linked","directed":false,"entities":["s1v1|e_14|3791,3826","s1v1|e_9|3710,3827"],"confidence":{"state":"pre-added","who":["user:bernidam"],"prob":1}},{"classId":"r_25","type":"linked","directed":false,"entities":["s1v1|e_14|776,843","s1v1|e_11|769,853"],"confidence":{"state":"pre-added","who":["user:bernidam"],"prob":1}},{"classId":"r_25","type":"linked","directed":false,"entities":["s1v1|e_14|3336,3416","s1v1|e_11|3331,3461"],"confidence":{"state":"pre-added","who":["user:bernidam"],"prob":1}},{"classId":"r_25","type":"linked","directed":false,"entities":["s1v1|e_14|3434,3461","s1v1|e_11|3331,3461"],"confidence":{"state":"pre-added","who":["user:bernidam"],"prob":1}},{"classId":"r_25","type":"linked","directed":false,"entities":["s1v1|e_14|4534,4542","s1v1|e_11|4534,4603"],"confidence":{"state":"pre-added","who":["user:viragnandor"],"prob":1}},{"classId":"r_25","type":"linked","directed":false,"entities":["s1v1|e_14|4549,4554","s1v1|e_11|4534,4603"],"confidence":{"state":"pre-added","who":["user:viragnandor"],"prob":1}},{"classId":"r_25","type":"linked","directed":false,"entities":["s1v1|e_14|4557,4563","s1v1|e_11|4534,4603"],"confidence":{"state":"pre-added","who":["user:bernidam"],"prob":1}},{"classId":"r_25","type":"linked","directed":false,"entities":["s1v1|e_14|4576,4585","s1v1|e_11|4534,4603"],"confidence":{"state":"pre-added","who":["user:viragnandor"],"prob":1}},{"classId":"r_25","type":"linked","directed":false,"entities":["s1v1|e_14|4599,4602","s1v1|e_11|4534,4603"],"confidence":{"state":"pre-added","who":["user:viragnandor"],"prob":1}},{"classId":"r_25","type":"linked","directed":false,"entities":["s1v1|e_14|4605,4621","s1v1|e_11|4605,4707"],"confidence":{"state":"pre-added","who":["user:bernidam"],"prob":1}},{"classId":"r_25","type":"linked","directed":false,"entities":["s1v1|e_14|4648,4676","s1v1|e_11|4605,4707"],"confidence":{"state":"pre-added","who":["user:viragnandor"],"prob":1}},{"classId":"r_25","type":"linked","directed":false,"entities":["s1v1|e_14|4678,4689","s1v1|e_11|4605,4707"],"confidence":{"state":"pre-added","who":["user:viragnandor"],"prob":1}},{"classId":"r_25","type":"linked","directed":false,"entities":["s1v1|e_14|4703,4706","s1v1|e_11|4605,4707"],"confidence":{"state":"pre-added","who":["user:viragnandor"],"prob":1}},{"classId":"r_25","type":"linked","directed":false,"entities":["s1v1|e_14|4709,4712","s1v1|e_11|4709,4772"],"confidence":{"state":"pre-added","who":["user:viragnandor"],"prob":1}},{"classId":"r_25","type":"linked","directed":false,"entities":["s1v1|e_14|4719,4740","s1v1|e_11|4709,4772"],"confidence":{"state":"pre-added","who":["user:bernidam"],"prob":1}},{"classId":"r_25","type":"linked","directed":false,"entities":["s1v1|e_14|4768,4771","s1v1|e_11|4709,4772"],"confidence":{"state":"pre-added","who":["user:viragnandor"],"prob":1}},{"classId":"r_25","type":"linked","directed":false,"entities":["s1v1|e_14|4922,4956","s1v1|e_11|4912,4994"],"confidence":{"state":"pre-added","who":["user:viragnandor"],"prob":1}},{"classId":"r_25","type":"linked","directed":false,"entities":["s1v1|e_14|4958,4993","s1v1|e_11|4912,4994"],"confidence":{"state":"pre-added","who":["user:viragnandor"],"prob":1}}]}